id,partition,m_correct_16,mean_abs_delta,max_abs_delta,l1_diff,l2_diff,cosine,k16_positive_total_weight,k8_positive_total_weight,k16_negative_total_weight,k8_negative_total_weight,k16_nonzero,k8_nonzero,newly_nonzero_wrong,newly_nonzero_correct
kk_grpo_v1_train_000000,first8_last8,7,0.12196370424099345,0.16243395874207756,1.9514192678558953,0.5018226911514689,0.9919027162310939,7.683713367182588,7.363101839481536,7.683713367182588,7.363101839481535,16,16,0,0
kk_grpo_v1_train_000000,rand00,7,0.36589111272298036,0.5221619120253356,5.854257803567686,1.4858880716296636,0.9243864041916475,7.683713367182588,6.861814822162636,7.683713367182588,6.861814822162635,16,16,0,0
kk_grpo_v1_train_000000,rand01,7,0.12196370424099345,0.16243395874207756,1.9514192678558953,0.501822691151469,0.991902716231094,7.683713367182588,7.363101839481535,7.683713367182588,7.363101839481535,16,16,0,0
kk_grpo_v1_train_000000,rand02,7,0.12196370424099345,0.16243395874207756,1.9514192678558953,0.501822691151469,0.991902716231094,7.683713367182588,7.363101839481535,7.683713367182588,7.363101839481536,16,16,0,0
kk_grpo_v1_train_000000,rand03,7,0.36589111272298036,0.5221619120253356,5.854257803567686,1.4858880716296636,0.9243864041916474,7.683713367182588,6.861814822162636,7.683713367182588,6.861814822162636,16,16,0,0
kk_grpo_v1_train_000000,rand04,7,0.12196370424099345,0.16243395874207756,1.9514192678558953,0.501822691151469,0.991902716231094,7.683713367182588,7.363101839481535,7.683713367182588,7.363101839481535,16,16,0,0
kk_grpo_v1_train_000000,rand05,7,0.12196370424099345,0.16243395874207756,1.9514192678558953,0.501822691151469,0.9919027162310939,7.683713367182588,7.363101839481535,7.683713367182588,7.363101839481536,16,16,0,0
kk_grpo_v1_train_000000,rand06,7,0.36589111272298036,0.5221619120253356,5.854257803567686,1.4858880716296636,0.9243864041916474,7.683713367182588,6.861814822162635,7.683713367182588,6.861814822162635,16,16,0,0
kk_grpo_v1_train_000000,rand07,7,0.12196370424099345,0.16243395874207756,1.9514192678558953,0.501822691151469,0.9919027162310939,7.683713367182588,7.363101839481535,7.683713367182588,7.363101839481535,16,16,0,0
kk_grpo_v1_train_000000,rand08,7,0.36589111272298036,0.5221619120253356,5.854257803567686,1.4858880716296636,0.9243864041916474,7.683713367182588,6.861814822162635,7.683713367182588,6.861814822162635,16,16,0,0
kk_grpo_v1_train_000000,rand09,7,0.12196370424099345,0.16243395874207756,1.9514192678558953,0.501822691151469,0.9919027162310939,7.683713367182588,7.363101839481535,7.683713367182588,7.363101839481536,16,16,0,0
kk_grpo_v1_train_000000,rand10,7,0.36589111272298036,0.5221619120253356,5.854257803567686,1.4858880716296636,0.9243864041916475,7.683713367182588,6.861814822162636,7.683713367182588,6.861814822162635,16,16,0,0
kk_grpo_v1_train_000000,rand11,7,0.36589111272298036,0.5221619120253356,5.854257803567686,1.4858880716296636,0.9243864041916474,7.683713367182588,6.861814822162635,7.683713367182588,6.861814822162636,16,16,0,0
kk_grpo_v1_train_000000,rand12,7,0.12196370424099345,0.16243395874207756,1.9514192678558953,0.501822691151469,0.9919027162310939,7.683713367182588,7.363101839481535,7.683713367182588,7.363101839481536,16,16,0,0
kk_grpo_v1_train_000000,rand13,7,0.12196370424099345,0.16243395874207756,1.9514192678558953,0.501822691151469,0.9919027162310939,7.683713367182588,7.363101839481536,7.683713367182588,7.363101839481535,16,16,0,0
kk_grpo_v1_train_000000,rand14,7,0.12196370424099345,0.16243395874207756,1.9514192678558953,0.501822691151469,0.991902716231094,7.683713367182588,7.363101839481535,7.683713367182588,7.363101839481535,16,16,0,0
kk_grpo_v1_train_000000,rand15,7,0.36589111272298036,0.5221619120253356,5.854257803567686,1.4858880716296636,0.9243864041916474,7.683713367182588,6.861814822162636,7.683713367182588,6.861814822162635,16,16,0,0
kk_grpo_v1_train_000000,rand16,7,0.36589111272298036,0.5221619120253356,5.854257803567686,1.4858880716296636,0.9243864041916475,7.683713367182588,6.861814822162635,7.683713367182588,6.861814822162636,16,16,0,0
kk_grpo_v1_train_000000,rand17,7,0.36589111272298036,0.5221619120253356,5.854257803567686,1.4858880716296636,0.9243864041916475,7.683713367182588,6.861814822162636,7.683713367182588,6.861814822162636,16,16,0,0
kk_grpo_v1_train_000000,rand18,7,0.36589111272298036,0.5221619120253356,5.854257803567686,1.4858880716296636,0.9243864041916474,7.683713367182588,6.861814822162634,7.683713367182588,6.861814822162636,16,16,0,0
kk_grpo_v1_train_000000,rand19,7,0.12196370424099345,0.16243395874207756,1.9514192678558953,0.5018226911514689,0.991902716231094,7.683713367182588,7.363101839481536,7.683713367182588,7.363101839481535,16,16,0,0
kk_grpo_v1_train_000067,first8_last8,0,0.0,0.0,0.0,0.0,nan,0.0,0.0,0.0,0.0,0,0,0,0
kk_grpo_v1_train_000067,rand00,0,0.0,0.0,0.0,0.0,nan,0.0,0.0,0.0,0.0,0,0,0,0
kk_grpo_v1_train_000067,rand01,0,0.0,0.0,0.0,0.0,nan,0.0,0.0,0.0,0.0,0,0,0,0
kk_grpo_v1_train_000067,rand02,0,0.0,0.0,0.0,0.0,nan,0.0,0.0,0.0,0.0,0,0,0,0
kk_grpo_v1_train_000067,rand03,0,0.0,0.0,0.0,0.0,nan,0.0,0.0,0.0,0.0,0,0,0,0
kk_grpo_v1_train_000067,rand04,0,0.0,0.0,0.0,0.0,nan,0.0,0.0,0.0,0.0,0,0,0,0
kk_grpo_v1_train_000067,rand05,0,0.0,0.0,0.0,0.0,nan,0.0,0.0,0.0,0.0,0,0,0,0
kk_grpo_v1_train_000067,rand06,0,0.0,0.0,0.0,0.0,nan,0.0,0.0,0.0,0.0,0,0,0,0
kk_grpo_v1_train_000067,rand07,0,0.0,0.0,0.0,0.0,nan,0.0,0.0,0.0,0.0,0,0,0,0
kk_grpo_v1_train_000067,rand08,0,0.0,0.0,0.0,0.0,nan,0.0,0.0,0.0,0.0,0,0,0,0
kk_grpo_v1_train_000067,rand09,0,0.0,0.0,0.0,0.0,nan,0.0,0.0,0.0,0.0,0,0,0,0
kk_grpo_v1_train_000067,rand10,0,0.0,0.0,0.0,0.0,nan,0.0,0.0,0.0,0.0,0,0,0,0
kk_grpo_v1_train_000067,rand11,0,0.0,0.0,0.0,0.0,nan,0.0,0.0,0.0,0.0,0,0,0,0
kk_grpo_v1_train_000067,rand12,0,0.0,0.0,0.0,0.0,nan,0.0,0.0,0.0,0.0,0,0,0,0
kk_grpo_v1_train_000067,rand13,0,0.0,0.0,0.0,0.0,nan,0.0,0.0,0.0,0.0,0,0,0,0
kk_grpo_v1_train_000067,rand14,0,0.0,0.0,0.0,0.0,nan,0.0,0.0,0.0,0.0,0,0,0,0
kk_grpo_v1_train_000067,rand15,0,0.0,0.0,0.0,0.0,nan,0.0,0.0,0.0,0.0,0,0,0,0
kk_grpo_v1_train_000067,rand16,0,0.0,0.0,0.0,0.0,nan,0.0,0.0,0.0,0.0,0,0,0,0
kk_grpo_v1_train_000067,rand17,0,0.0,0.0,0.0,0.0,nan,0.0,0.0,0.0,0.0,0,0,0,0
kk_grpo_v1_train_000067,rand18,0,0.0,0.0,0.0,0.0,nan,0.0,0.0,0.0,0.0,0,0,0,0
kk_grpo_v1_train_000067,rand19,0,0.0,0.0,0.0,0.0,nan,0.0,0.0,0.0,0.0,0,0,0,0
kk_grpo_v1_train_000074,first8_last8,6,0.49990001999600076,1.2244238820968287,7.998400319936012,2.146378920801531,0.8415721228140902,7.498500299940012,6.096318253860913,7.498500299940012,6.096318253860912,16,16,0,0
kk_grpo_v1_train_000074,rand00,6,0.24995000999800038,0.3700852002042747,3.999200159968006,1.0350996674610249,0.9636123758498016,7.498500299940012,6.980628018096008,7.498500299940012,6.980628018096008,16,16,0,0
kk_grpo_v1_train_000074,rand01,6,0.24995000999800038,0.3700852002042747,3.999200159968006,1.0350996674610249,0.9636123758498016,7.498500299940012,6.980628018096008,7.498500299940012,6.980628018096008,16,16,0,0
kk_grpo_v1_train_000074,rand02,6,0.49990001999600076,1.2244238820968287,7.998400319936012,2.146378920801531,0.8415721228140902,7.498500299940012,6.096318253860913,7.498500299940012,6.096318253860911,16,16,0,0
kk_grpo_v1_train_000074,rand03,6,0.24995000999800038,0.3700852002042747,3.999200159968006,1.0350996674610249,0.9636123758498016,7.498500299940012,6.9806280180960085,7.498500299940012,6.980628018096008,16,16,0,0
kk_grpo_v1_train_000074,rand04,6,0.24995000999800038,0.3700852002042747,3.999200159968006,1.0350996674610249,0.9636123758498015,7.498500299940012,6.980628018096008,7.498500299940012,6.980628018096008,16,16,0,0
kk_grpo_v1_train_000074,rand05,6,0.031776457048981244,0.04236860939864173,0.5084233127836999,0.131274334882325,0.9999999999999999,7.498500299940012,7.244288643548162,7.498500299940012,7.244288643548163,16,16,0,0
kk_grpo_v1_train_000074,rand06,6,0.24995000999800038,0.3700852002042747,3.999200159968006,1.0350996674610249,0.9636123758498016,7.498500299940012,6.980628018096008,7.498500299940012,6.9806280180960085,16,16,0,0
kk_grpo_v1_train_000074,rand07,6,0.24995000999800038,0.3700852002042747,3.999200159968006,1.0350996674610249,0.9636123758498016,7.498500299940012,6.980628018096008,7.498500299940012,6.9806280180960085,16,16,0,0
kk_grpo_v1_train_000074,rand08,6,0.24995000999800038,0.3700852002042747,3.999200159968006,1.0350996674610249,0.9636123758498016,7.498500299940012,6.980628018096008,7.498500299940012,6.980628018096008,16,16,0,0
kk_grpo_v1_train_000074,rand09,6,0.031776457048981244,0.04236860939864173,0.5084233127836999,0.131274334882325,0.9999999999999999,7.498500299940012,7.244288643548162,7.498500299940012,7.244288643548163,16,16,0,0
kk_grpo_v1_train_000074,rand10,6,0.4999000199960008,1.2244238820968287,7.998400319936013,2.146378920801531,0.8415721228140902,7.498500299940012,6.096318253860912,7.498500299940012,6.096318253860911,16,16,0,0
kk_grpo_v1_train_000074,rand11,6,0.24995000999800038,0.3700852002042747,3.999200159968006,1.0350996674610249,0.9636123758498016,7.498500299940012,6.980628018096008,7.498500299940012,6.9806280180960085,16,16,0,0
kk_grpo_v1_train_000074,rand12,6,0.031776457048981244,0.04236860939864173,0.5084233127836999,0.131274334882325,0.9999999999999999,7.498500299940012,7.244288643548162,7.498500299940012,7.244288643548163,16,16,0,0
kk_grpo_v1_train_000074,rand13,6,0.24995000999800038,0.3700852002042747,3.999200159968006,1.0350996674610249,0.9636123758498016,7.498500299940012,6.980628018096008,7.498500299940012,6.9806280180960085,16,16,0,0
kk_grpo_v1_train_000074,rand14,6,0.031776457048981244,0.04236860939864173,0.5084233127836999,0.131274334882325,0.9999999999999999,7.498500299940012,7.244288643548162,7.498500299940012,7.244288643548163,16,16,0,0
kk_grpo_v1_train_000074,rand15,6,0.031776457048981244,0.04236860939864173,0.5084233127836999,0.131274334882325,0.9999999999999999,7.498500299940012,7.244288643548162,7.498500299940012,7.244288643548163,16,16,0,0
kk_grpo_v1_train_000074,rand16,6,0.031776457048981244,0.04236860939864173,0.5084233127836999,0.131274334882325,0.9999999999999999,7.498500299940012,7.244288643548162,7.498500299940012,7.244288643548163,16,16,0,0
kk_grpo_v1_train_000074,rand17,6,0.4999000199960008,1.2244238820968287,7.998400319936013,2.146378920801531,0.8415721228140902,7.498500299940012,6.096318253860912,7.498500299940012,6.096318253860911,16,16,0,0
kk_grpo_v1_train_000074,rand18,6,0.24995000999800038,0.3700852002042747,3.999200159968006,1.0350996674610249,0.9636123758498016,7.498500299940012,6.9806280180960085,7.498500299940012,6.9806280180960085,16,16,0,0
kk_grpo_v1_train_000074,rand19,6,0.031776457048981244,0.04236860939864173,0.5084233127836999,0.131274334882325,0.9999999999999999,7.498500299940012,7.244288643548162,7.498500299940012,7.244288643548163,16,16,0,0
kk_grpo_v1_train_000101,first8_last8,16,0.0,0.0,0.0,0.0,nan,0.0,0.0,0.0,0.0,0,0,0,0
kk_grpo_v1_train_000101,rand00,16,0.0,0.0,0.0,0.0,nan,0.0,0.0,0.0,0.0,0,0,0,0
kk_grpo_v1_train_000101,rand01,16,0.0,0.0,0.0,0.0,nan,0.0,0.0,0.0,0.0,0,0,0,0
kk_grpo_v1_train_000101,rand02,16,0.0,0.0,0.0,0.0,nan,0.0,0.0,0.0,0.0,0,0,0,0
kk_grpo_v1_train_000101,rand03,16,0.0,0.0,0.0,0.0,nan,0.0,0.0,0.0,0.0,0,0,0,0
kk_grpo_v1_train_000101,rand04,16,0.0,0.0,0.0,0.0,nan,0.0,0.0,0.0,0.0,0,0,0,0
kk_grpo_v1_train_000101,rand05,16,0.0,0.0,0.0,0.0,nan,0.0,0.0,0.0,0.0,0,0,0,0
kk_grpo_v1_train_000101,rand06,16,0.0,0.0,0.0,0.0,nan,0.0,0.0,0.0,0.0,0,0,0,0
kk_grpo_v1_train_000101,rand07,16,0.0,0.0,0.0,0.0,nan,0.0,0.0,0.0,0.0,0,0,0,0
kk_grpo_v1_train_000101,rand08,16,0.0,0.0,0.0,0.0,nan,0.0,0.0,0.0,0.0,0,0,0,0
kk_grpo_v1_train_000101,rand09,16,0.0,0.0,0.0,0.0,nan,0.0,0.0,0.0,0.0,0,0,0,0
kk_grpo_v1_train_000101,rand10,16,0.0,0.0,0.0,0.0,nan,0.0,0.0,0.0,0.0,0,0,0,0
kk_grpo_v1_train_000101,rand11,16,0.0,0.0,0.0,0.0,nan,0.0,0.0,0.0,0.0,0,0,0,0
kk_grpo_v1_train_000101,rand12,16,0.0,0.0,0.0,0.0,nan,0.0,0.0,0.0,0.0,0,0,0,0
kk_grpo_v1_train_000101,rand13,16,0.0,0.0,0.0,0.0,nan,0.0,0.0,0.0,0.0,0,0,0,0
kk_grpo_v1_train_000101,rand14,16,0.0,0.0,0.0,0.0,nan,0.0,0.0,0.0,0.0,0,0,0,0
kk_grpo_v1_train_000101,rand15,16,0.0,0.0,0.0,0.0,nan,0.0,0.0,0.0,0.0,0,0,0,0
kk_grpo_v1_train_000101,rand16,16,0.0,0.0,0.0,0.0,nan,0.0,0.0,0.0,0.0,0,0,0,0
kk_grpo_v1_train_000101,rand17,16,0.0,0.0,0.0,0.0,nan,0.0,0.0,0.0,0.0,0,0,0,0
kk_grpo_v1_train_000101,rand18,16,0.0,0.0,0.0,0.0,nan,0.0,0.0,0.0,0.0,0,0,0,0
kk_grpo_v1_train_000101,rand19,16,0.0,0.0,0.0,0.0,nan,0.0,0.0,0.0,0.0,0,0,0,0
kk_grpo_v1_train_000107,first8_last8,16,0.0,0.0,0.0,0.0,nan,0.0,0.0,0.0,0.0,0,0,0,0
kk_grpo_v1_train_000107,rand00,16,0.0,0.0,0.0,0.0,nan,0.0,0.0,0.0,0.0,0,0,0,0
kk_grpo_v1_train_000107,rand01,16,0.0,0.0,0.0,0.0,nan,0.0,0.0,0.0,0.0,0,0,0,0
kk_grpo_v1_train_000107,rand02,16,0.0,0.0,0.0,0.0,nan,0.0,0.0,0.0,0.0,0,0,0,0
kk_grpo_v1_train_000107,rand03,16,0.0,0.0,0.0,0.0,nan,0.0,0.0,0.0,0.0,0,0,0,0
kk_grpo_v1_train_000107,rand04,16,0.0,0.0,0.0,0.0,nan,0.0,0.0,0.0,0.0,0,0,0,0
kk_grpo_v1_train_000107,rand05,16,0.0,0.0,0.0,0.0,nan,0.0,0.0,0.0,0.0,0,0,0,0
kk_grpo_v1_train_000107,rand06,16,0.0,0.0,0.0,0.0,nan,0.0,0.0,0.0,0.0,0,0,0,0
kk_grpo_v1_train_000107,rand07,16,0.0,0.0,0.0,0.0,nan,0.0,0.0,0.0,0.0,0,0,0,0
kk_grpo_v1_train_000107,rand08,16,0.0,0.0,0.0,0.0,nan,0.0,0.0,0.0,0.0,0,0,0,0
kk_grpo_v1_train_000107,rand09,16,0.0,0.0,0.0,0.0,nan,0.0,0.0,0.0,0.0,0,0,0,0
kk_grpo_v1_train_000107,rand10,16,0.0,0.0,0.0,0.0,nan,0.0,0.0,0.0,0.0,0,0,0,0
kk_grpo_v1_train_000107,rand11,16,0.0,0.0,0.0,0.0,nan,0.0,0.0,0.0,0.0,0,0,0,0
kk_grpo_v1_train_000107,rand12,16,0.0,0.0,0.0,0.0,nan,0.0,0.0,0.0,0.0,0,0,0,0
kk_grpo_v1_train_000107,rand13,16,0.0,0.0,0.0,0.0,nan,0.0,0.0,0.0,0.0,0,0,0,0
kk_grpo_v1_train_000107,rand14,16,0.0,0.0,0.0,0.0,nan,0.0,0.0,0.0,0.0,0,0,0,0
kk_grpo_v1_train_000107,rand15,16,0.0,0.0,0.0,0.0,nan,0.0,0.0,0.0,0.0,0,0,0,0
kk_grpo_v1_train_000107,rand16,16,0.0,0.0,0.0,0.0,nan,0.0,0.0,0.0,0.0,0,0,0,0
kk_grpo_v1_train_000107,rand17,16,0.0,0.0,0.0,0.0,nan,0.0,0.0,0.0,0.0,0,0,0,0
kk_grpo_v1_train_000107,rand18,16,0.0,0.0,0.0,0.0,nan,0.0,0.0,0.0,0.0,0,0,0,0
kk_grpo_v1_train_000107,rand19,16,0.0,0.0,0.0,0.0,nan,0.0,0.0,0.0,0.0,0,0,0,0
kk_grpo_v1_train_000129,first8_last8,14,0.3658554158575928,0.9411526608088725,5.853686653721485,1.739017371523375,0.9258200997725513,5.1219758220062985,3.239670500388554,5.1219758220062985,3.2396705003885535,16,8,0,8
kk_grpo_v1_train_000129,rand00,14,0.3658554158575928,0.9411526608088725,5.853686653721485,1.7390173715233752,0.9258200997725513,5.1219758220062985,3.239670500388554,5.1219758220062985,3.2396705003885535,16,8,0,8
kk_grpo_v1_train_000129,rand01,14,0.3658554158575928,0.9411526608088725,5.853686653721485,1.7390173715233752,0.9258200997725513,5.1219758220062985,3.239670500388554,5.1219758220062985,3.2396705003885535,16,8,0,8
kk_grpo_v1_train_000129,rand02,14,0.021703494729079675,0.08681397891631848,0.3472559156652748,0.131250399163762,0.9999999999999998,5.1219758220062985,4.948347864173661,5.1219758220062985,4.948347864173662,16,16,0,0
kk_grpo_v1_train_000129,rand03,14,0.3658554158575928,0.9411526608088725,5.853686653721485,1.7390173715233752,0.9258200997725513,5.1219758220062985,3.239670500388554,5.1219758220062985,3.2396705003885535,16,8,0,8
kk_grpo_v1_train_000129,rand04,14,0.021703494729079675,0.08681397891631848,0.3472559156652748,0.131250399163762,0.9999999999999998,5.1219758220062985,4.948347864173661,5.1219758220062985,4.948347864173662,16,16,0,0
kk_grpo_v1_train_000129,rand05,14,0.021703494729079675,0.08681397891631848,0.3472559156652748,0.131250399163762,0.9999999999999998,5.1219758220062985,4.948347864173661,5.1219758220062985,4.948347864173662,16,16,0,0
kk_grpo_v1_train_000129,rand06,14,0.021703494729079675,0.08681397891631848,0.3472559156652748,0.131250399163762,0.9999999999999998,5.1219758220062985,4.948347864173661,5.1219758220062985,4.948347864173662,16,16,0,0
kk_grpo_v1_train_000129,rand07,14,0.021703494729079675,0.08681397891631848,0.3472559156652748,0.131250399163762,0.9999999999999998,5.1219758220062985,4.948347864173661,5.1219758220062985,4.948347864173662,16,16,0,0
kk_grpo_v1_train_000129,rand08,14,0.3658554158575928,0.9411526608088725,5.853686653721485,1.7390173715233752,0.9258200997725513,5.1219758220062985,3.239670500388554,5.1219758220062985,3.2396705003885535,16,8,0,8
kk_grpo_v1_train_000129,rand09,14,0.3658554158575928,0.9411526608088725,5.853686653721485,1.7390173715233752,0.9258200997725513,5.1219758220062985,3.239670500388554,5.1219758220062985,3.2396705003885535,16,8,0,8
kk_grpo_v1_train_000129,rand10,14,0.021703494729079675,0.08681397891631848,0.3472559156652748,0.131250399163762,0.9999999999999998,5.1219758220062985,4.948347864173661,5.1219758220062985,4.948347864173662,16,16,0,0
kk_grpo_v1_train_000129,rand11,14,0.3658554158575928,0.9411526608088725,5.853686653721485,1.7390173715233752,0.9258200997725513,5.1219758220062985,3.239670500388554,5.1219758220062985,3.2396705003885535,16,8,0,8
kk_grpo_v1_train_000129,rand12,14,0.3658554158575928,0.9411526608088725,5.853686653721485,1.7390173715233752,0.9258200997725513,5.1219758220062985,3.239670500388554,5.1219758220062985,3.2396705003885535,16,8,0,8
kk_grpo_v1_train_000129,rand13,14,0.021703494729079675,0.08681397891631848,0.3472559156652748,0.131250399163762,0.9999999999999998,5.1219758220062985,4.948347864173661,5.1219758220062985,4.948347864173662,16,16,0,0
kk_grpo_v1_train_000129,rand14,14,0.3658554158575928,0.9411526608088725,5.853686653721485,1.7390173715233752,0.9258200997725513,5.1219758220062985,3.239670500388554,5.1219758220062985,3.2396705003885535,16,8,0,8
kk_grpo_v1_train_000129,rand15,14,0.021703494729079675,0.08681397891631848,0.3472559156652748,0.131250399163762,0.9999999999999998,5.1219758220062985,4.948347864173661,5.1219758220062985,4.948347864173662,16,16,0,0
kk_grpo_v1_train_000129,rand16,14,0.021703494729079675,0.08681397891631848,0.3472559156652748,0.131250399163762,0.9999999999999998,5.1219758220062985,4.948347864173661,5.1219758220062985,4.948347864173662,16,16,0,0
kk_grpo_v1_train_000129,rand17,14,0.3658554158575928,0.9411526608088725,5.853686653721485,1.739017371523375,0.9258200997725513,5.1219758220062985,3.239670500388554,5.1219758220062985,3.2396705003885535,16,8,0,8
kk_grpo_v1_train_000129,rand18,14,0.021703494729079675,0.08681397891631848,0.3472559156652748,0.131250399163762,0.9999999999999998,5.1219758220062985,4.948347864173661,5.1219758220062985,4.948347864173662,16,16,0,0
kk_grpo_v1_train_000129,rand19,14,0.021703494729079675,0.08681397891631848,0.3472559156652748,0.131250399163762,0.9999999999999998,5.1219758220062985,4.948347864173661,5.1219758220062985,4.948347864173662,16,16,0,0
kk_grpo_v1_train_000149,first8_last8,16,0.0,0.0,0.0,0.0,nan,0.0,0.0,0.0,0.0,0,0,0,0
kk_grpo_v1_train_000149,rand00,16,0.0,0.0,0.0,0.0,nan,0.0,0.0,0.0,0.0,0,0,0,0
kk_grpo_v1_train_000149,rand01,16,0.0,0.0,0.0,0.0,nan,0.0,0.0,0.0,0.0,0,0,0,0
kk_grpo_v1_train_000149,rand02,16,0.0,0.0,0.0,0.0,nan,0.0,0.0,0.0,0.0,0,0,0,0
kk_grpo_v1_train_000149,rand03,16,0.0,0.0,0.0,0.0,nan,0.0,0.0,0.0,0.0,0,0,0,0
kk_grpo_v1_train_000149,rand04,16,0.0,0.0,0.0,0.0,nan,0.0,0.0,0.0,0.0,0,0,0,0
kk_grpo_v1_train_000149,rand05,16,0.0,0.0,0.0,0.0,nan,0.0,0.0,0.0,0.0,0,0,0,0
kk_grpo_v1_train_000149,rand06,16,0.0,0.0,0.0,0.0,nan,0.0,0.0,0.0,0.0,0,0,0,0
kk_grpo_v1_train_000149,rand07,16,0.0,0.0,0.0,0.0,nan,0.0,0.0,0.0,0.0,0,0,0,0
kk_grpo_v1_train_000149,rand08,16,0.0,0.0,0.0,0.0,nan,0.0,0.0,0.0,0.0,0,0,0,0
kk_grpo_v1_train_000149,rand09,16,0.0,0.0,0.0,0.0,nan,0.0,0.0,0.0,0.0,0,0,0,0
kk_grpo_v1_train_000149,rand10,16,0.0,0.0,0.0,0.0,nan,0.0,0.0,0.0,0.0,0,0,0,0
kk_grpo_v1_train_000149,rand11,16,0.0,0.0,0.0,0.0,nan,0.0,0.0,0.0,0.0,0,0,0,0
kk_grpo_v1_train_000149,rand12,16,0.0,0.0,0.0,0.0,nan,0.0,0.0,0.0,0.0,0,0,0,0
kk_grpo_v1_train_000149,rand13,16,0.0,0.0,0.0,0.0,nan,0.0,0.0,0.0,0.0,0,0,0,0
kk_grpo_v1_train_000149,rand14,16,0.0,0.0,0.0,0.0,nan,0.0,0.0,0.0,0.0,0,0,0,0
kk_grpo_v1_train_000149,rand15,16,0.0,0.0,0.0,0.0,nan,0.0,0.0,0.0,0.0,0,0,0,0
kk_grpo_v1_train_000149,rand16,16,0.0,0.0,0.0,0.0,nan,0.0,0.0,0.0,0.0,0,0,0,0
kk_grpo_v1_train_000149,rand17,16,0.0,0.0,0.0,0.0,nan,0.0,0.0,0.0,0.0,0,0,0,0
kk_grpo_v1_train_000149,rand18,16,0.0,0.0,0.0,0.0,nan,0.0,0.0,0.0,0.0,0,0,0,0
kk_grpo_v1_train_000149,rand19,16,0.0,0.0,0.0,0.0,nan,0.0,0.0,0.0,0.0,0,0,0,0
kk_grpo_v1_train_000158,first8_last8,16,0.0,0.0,0.0,0.0,nan,0.0,0.0,0.0,0.0,0,0,0,0
kk_grpo_v1_train_000158,rand00,16,0.0,0.0,0.0,0.0,nan,0.0,0.0,0.0,0.0,0,0,0,0
kk_grpo_v1_train_000158,rand01,16,0.0,0.0,0.0,0.0,nan,0.0,0.0,0.0,0.0,0,0,0,0
kk_grpo_v1_train_000158,rand02,16,0.0,0.0,0.0,0.0,nan,0.0,0.0,0.0,0.0,0,0,0,0
kk_grpo_v1_train_000158,rand03,16,0.0,0.0,0.0,0.0,nan,0.0,0.0,0.0,0.0,0,0,0,0
kk_grpo_v1_train_000158,rand04,16,0.0,0.0,0.0,0.0,nan,0.0,0.0,0.0,0.0,0,0,0,0
kk_grpo_v1_train_000158,rand05,16,0.0,0.0,0.0,0.0,nan,0.0,0.0,0.0,0.0,0,0,0,0
kk_grpo_v1_train_000158,rand06,16,0.0,0.0,0.0,0.0,nan,0.0,0.0,0.0,0.0,0,0,0,0
kk_grpo_v1_train_000158,rand07,16,0.0,0.0,0.0,0.0,nan,0.0,0.0,0.0,0.0,0,0,0,0
kk_grpo_v1_train_000158,rand08,16,0.0,0.0,0.0,0.0,nan,0.0,0.0,0.0,0.0,0,0,0,0
kk_grpo_v1_train_000158,rand09,16,0.0,0.0,0.0,0.0,nan,0.0,0.0,0.0,0.0,0,0,0,0
kk_grpo_v1_train_000158,rand10,16,0.0,0.0,0.0,0.0,nan,0.0,0.0,0.0,0.0,0,0,0,0
kk_grpo_v1_train_000158,rand11,16,0.0,0.0,0.0,0.0,nan,0.0,0.0,0.0,0.0,0,0,0,0
kk_grpo_v1_train_000158,rand12,16,0.0,0.0,0.0,0.0,nan,0.0,0.0,0.0,0.0,0,0,0,0
kk_grpo_v1_train_000158,rand13,16,0.0,0.0,0.0,0.0,nan,0.0,0.0,0.0,0.0,0,0,0,0
kk_grpo_v1_train_000158,rand14,16,0.0,0.0,0.0,0.0,nan,0.0,0.0,0.0,0.0,0,0,0,0
kk_grpo_v1_train_000158,rand15,16,0.0,0.0,0.0,0.0,nan,0.0,0.0,0.0,0.0,0,0,0,0
kk_grpo_v1_train_000158,rand16,16,0.0,0.0,0.0,0.0,nan,0.0,0.0,0.0,0.0,0,0,0,0
kk_grpo_v1_train_000158,rand17,16,0.0,0.0,0.0,0.0,nan,0.0,0.0,0.0,0.0,0,0,0,0
kk_grpo_v1_train_000158,rand18,16,0.0,0.0,0.0,0.0,nan,0.0,0.0,0.0,0.0,0,0,0,0
kk_grpo_v1_train_000158,rand19,16,0.0,0.0,0.0,0.0,nan,0.0,0.0,0.0,0.0,0,0,0,0
kk_grpo_v1_train_000224,first8_last8,8,0.032818993427179644,0.032818993427179644,0.5251038948348743,0.13127597370871857,1.0,7.744466982832346,7.481915035414909,7.744466982832346,7.481915035414909,16,16,0,0
kk_grpo_v1_train_000224,rand00,8,0.032818993427179644,0.032818993427179644,0.5251038948348743,0.13127597370871857,1.0,7.744466982832346,7.481915035414909,7.744466982832346,7.481915035414909,16,16,0,0
kk_grpo_v1_train_000224,rand01,8,0.032818993427179644,0.032818993427179644,0.5251038948348743,0.13127597370871857,1.0,7.744466982832346,7.481915035414909,7.744466982832346,7.481915035414909,16,16,0,0
kk_grpo_v1_train_000224,rand02,8,0.2420145932135108,0.24362950849922704,3.8722334914161727,0.9680942922169059,0.9682458365518543,7.744466982832346,7.2442886435481615,7.744466982832346,7.2442886435481615,16,16,0,0
kk_grpo_v1_train_000224,rand03,8,0.032818993427179644,0.032818993427179644,0.5251038948348743,0.13127597370871857,1.0,7.744466982832346,7.481915035414909,7.744466982832346,7.481915035414909,16,16,0,0
kk_grpo_v1_train_000224,rand04,8,0.032818993427179644,0.032818993427179644,0.5251038948348743,0.13127597370871857,1.0,7.744466982832346,7.481915035414909,7.744466982832346,7.481915035414909,16,16,0,0
kk_grpo_v1_train_000224,rand05,8,0.032818993427179644,0.032818993427179644,0.5251038948348743,0.13127597370871857,1.0,7.744466982832346,7.481915035414909,7.744466982832346,7.481915035414909,16,16,0,0
kk_grpo_v1_train_000224,rand06,8,0.032818993427179644,0.032818993427179644,0.5251038948348743,0.13127597370871857,1.0,7.744466982832346,7.481915035414909,7.744466982832346,7.481915035414909,16,16,0,0
kk_grpo_v1_train_000224,rand07,8,0.2420145932135108,0.24362950849922704,3.8722334914161727,0.9680942922169059,0.9682458365518543,7.744466982832346,7.2442886435481615,7.744466982832346,7.2442886435481615,16,16,0,0
kk_grpo_v1_train_000224,rand08,8,0.4840291864270216,0.6517768773402335,7.744466982832345,1.9744934172204984,0.8660254037844386,7.744466982832346,6.479341000777108,7.744466982832346,6.479341000777108,16,16,0,0
kk_grpo_v1_train_000224,rand09,8,0.032818993427179644,0.032818993427179644,0.5251038948348743,0.13127597370871857,1.0,7.744466982832346,7.481915035414909,7.744466982832346,7.481915035414909,16,16,0,0
kk_grpo_v1_train_000224,rand10,8,0.4840291864270216,0.6517768773402335,7.744466982832345,1.9744934172204984,0.8660254037844386,7.744466982832346,6.479341000777108,7.744466982832346,6.479341000777108,16,16,0,0
kk_grpo_v1_train_000224,rand11,8,0.4840291864270216,0.6517768773402335,7.744466982832345,1.9744934172204984,0.8660254037844386,7.744466982832346,6.479341000777108,7.744466982832346,6.479341000777108,16,16,0,0
kk_grpo_v1_train_000224,rand12,8,0.032818993427179644,0.032818993427179644,0.5251038948348743,0.13127597370871857,1.0,7.744466982832346,7.481915035414909,7.744466982832346,7.481915035414909,16,16,0,0
kk_grpo_v1_train_000224,rand13,8,0.4840291864270216,0.6517768773402335,7.744466982832345,1.9744934172204984,0.8660254037844386,7.744466982832346,6.479341000777108,7.744466982832346,6.479341000777108,16,16,0,0
kk_grpo_v1_train_000224,rand14,8,0.4840291864270216,0.6517768773402335,7.744466982832345,1.9744934172204984,0.8660254037844386,7.744466982832346,6.479341000777108,7.744466982832346,6.479341000777108,16,16,0,0
kk_grpo_v1_train_000224,rand15,8,0.2420145932135108,0.24362950849922704,3.8722334914161727,0.9680942922169059,0.9682458365518543,7.744466982832346,7.2442886435481615,7.744466982832346,7.2442886435481615,16,16,0,0
kk_grpo_v1_train_000224,rand16,8,0.032818993427179644,0.032818993427179644,0.5251038948348743,0.13127597370871857,1.0,7.744466982832346,7.481915035414909,7.744466982832346,7.481915035414909,16,16,0,0
kk_grpo_v1_train_000224,rand17,8,0.2420145932135108,0.24362950849922704,3.8722334914161727,0.9680942922169059,0.9682458365518543,7.744466982832346,7.2442886435481615,7.744466982832346,7.2442886435481615,16,16,0,0
kk_grpo_v1_train_000224,rand18,8,0.2420145932135108,0.24362950849922704,3.8722334914161727,0.9680942922169059,0.9682458365518543,7.744466982832346,7.2442886435481615,7.744466982832346,7.2442886435481615,16,16,0,0
kk_grpo_v1_train_000224,rand19,8,0.032818993427179644,0.032818993427179644,0.5251038948348743,0.13127597370871857,1.0,7.744466982832346,7.481915035414909,7.744466982832346,7.481915035414909,16,16,0,0
kk_grpo_v1_train_000230,first8_last8,16,0.0,0.0,0.0,0.0,nan,0.0,0.0,0.0,0.0,0,0,0,0
kk_grpo_v1_train_000230,rand00,16,0.0,0.0,0.0,0.0,nan,0.0,0.0,0.0,0.0,0,0,0,0
kk_grpo_v1_train_000230,rand01,16,0.0,0.0,0.0,0.0,nan,0.0,0.0,0.0,0.0,0,0,0,0
kk_grpo_v1_train_000230,rand02,16,0.0,0.0,0.0,0.0,nan,0.0,0.0,0.0,0.0,0,0,0,0
kk_grpo_v1_train_000230,rand03,16,0.0,0.0,0.0,0.0,nan,0.0,0.0,0.0,0.0,0,0,0,0
kk_grpo_v1_train_000230,rand04,16,0.0,0.0,0.0,0.0,nan,0.0,0.0,0.0,0.0,0,0,0,0
kk_grpo_v1_train_000230,rand05,16,0.0,0.0,0.0,0.0,nan,0.0,0.0,0.0,0.0,0,0,0,0
kk_grpo_v1_train_000230,rand06,16,0.0,0.0,0.0,0.0,nan,0.0,0.0,0.0,0.0,0,0,0,0
kk_grpo_v1_train_000230,rand07,16,0.0,0.0,0.0,0.0,nan,0.0,0.0,0.0,0.0,0,0,0,0
kk_grpo_v1_train_000230,rand08,16,0.0,0.0,0.0,0.0,nan,0.0,0.0,0.0,0.0,0,0,0,0
kk_grpo_v1_train_000230,rand09,16,0.0,0.0,0.0,0.0,nan,0.0,0.0,0.0,0.0,0,0,0,0
kk_grpo_v1_train_000230,rand10,16,0.0,0.0,0.0,0.0,nan,0.0,0.0,0.0,0.0,0,0,0,0
kk_grpo_v1_train_000230,rand11,16,0.0,0.0,0.0,0.0,nan,0.0,0.0,0.0,0.0,0,0,0,0
kk_grpo_v1_train_000230,rand12,16,0.0,0.0,0.0,0.0,nan,0.0,0.0,0.0,0.0,0,0,0,0
kk_grpo_v1_train_000230,rand13,16,0.0,0.0,0.0,0.0,nan,0.0,0.0,0.0,0.0,0,0,0,0
kk_grpo_v1_train_000230,rand14,16,0.0,0.0,0.0,0.0,nan,0.0,0.0,0.0,0.0,0,0,0,0
kk_grpo_v1_train_000230,rand15,16,0.0,0.0,0.0,0.0,nan,0.0,0.0,0.0,0.0,0,0,0,0
kk_grpo_v1_train_000230,rand16,16,0.0,0.0,0.0,0.0,nan,0.0,0.0,0.0,0.0,0,0,0,0
kk_grpo_v1_train_000230,rand17,16,0.0,0.0,0.0,0.0,nan,0.0,0.0,0.0,0.0,0,0,0,0
kk_grpo_v1_train_000230,rand18,16,0.0,0.0,0.0,0.0,nan,0.0,0.0,0.0,0.0,0,0,0,0
kk_grpo_v1_train_000230,rand19,16,0.0,0.0,0.0,0.0,nan,0.0,0.0,0.0,0.0,0,0,0,0
kk_grpo_v1_train_000234,first8_last8,8,0.2420145932135108,0.24362950849922704,3.8722334914161727,0.9680942922169059,0.9682458365518541,7.744466982832346,7.244288643548162,7.744466982832346,7.244288643548162,16,16,0,0
kk_grpo_v1_train_000234,rand00,8,0.032818993427179644,0.032818993427179644,0.5251038948348743,0.13127597370871857,1.0,7.744466982832346,7.481915035414909,7.744466982832346,7.481915035414909,16,16,0,0
kk_grpo_v1_train_000234,rand01,8,0.4840291864270216,0.6517768773402335,7.744466982832345,1.9744934172204984,0.8660254037844386,7.744466982832346,6.479341000777108,7.744466982832346,6.479341000777108,16,16,0,0
kk_grpo_v1_train_000234,rand02,8,0.2420145932135108,0.24362950849922704,3.8722334914161727,0.9680942922169059,0.9682458365518543,7.744466982832346,7.2442886435481615,7.744466982832346,7.244288643548162,16,16,0,0
kk_grpo_v1_train_000234,rand03,8,0.2420145932135108,0.24362950849922704,3.8722334914161727,0.9680942922169059,0.9682458365518543,7.744466982832346,7.244288643548162,7.744466982832346,7.2442886435481615,16,16,0,0
kk_grpo_v1_train_000234,rand04,8,0.4840291864270216,0.6517768773402335,7.744466982832345,1.9744934172204984,0.8660254037844386,7.744466982832346,6.479341000777108,7.744466982832346,6.479341000777108,16,16,0,0
kk_grpo_v1_train_000234,rand05,8,0.2420145932135108,0.24362950849922704,3.8722334914161727,0.9680942922169059,0.9682458365518543,7.744466982832346,7.2442886435481615,7.744466982832346,7.2442886435481615,16,16,0,0
kk_grpo_v1_train_000234,rand06,8,0.032818993427179644,0.032818993427179644,0.5251038948348743,0.13127597370871857,1.0,7.744466982832346,7.481915035414909,7.744466982832346,7.481915035414909,16,16,0,0
kk_grpo_v1_train_000234,rand07,8,0.2420145932135108,0.24362950849922704,3.8722334914161727,0.9680942922169059,0.9682458365518543,7.744466982832346,7.2442886435481615,7.744466982832346,7.2442886435481615,16,16,0,0
kk_grpo_v1_train_000234,rand08,8,0.2420145932135108,0.24362950849922704,3.8722334914161727,0.9680942922169059,0.9682458365518543,7.744466982832346,7.2442886435481615,7.744466982832346,7.2442886435481615,16,16,0,0
kk_grpo_v1_train_000234,rand09,8,0.032818993427179644,0.032818993427179644,0.5251038948348743,0.13127597370871857,1.0,7.744466982832346,7.481915035414909,7.744466982832346,7.481915035414909,16,16,0,0
kk_grpo_v1_train_000234,rand10,8,0.4840291864270216,0.6517768773402335,7.744466982832345,1.9744934172204986,0.8660254037844386,7.744466982832346,6.479341000777108,7.744466982832346,6.479341000777108,16,16,0,0
kk_grpo_v1_train_000234,rand11,8,0.2420145932135108,0.24362950849922704,3.8722334914161727,0.9680942922169059,0.9682458365518543,7.744466982832346,7.2442886435481615,7.744466982832346,7.2442886435481615,16,16,0,0
kk_grpo_v1_train_000234,rand12,8,0.2420145932135108,0.24362950849922704,3.8722334914161727,0.9680942922169059,0.9682458365518543,7.744466982832346,7.2442886435481615,7.744466982832346,7.2442886435481615,16,16,0,0
kk_grpo_v1_train_000234,rand13,8,0.2420145932135108,0.24362950849922704,3.8722334914161727,0.9680942922169059,0.9682458365518543,7.744466982832346,7.2442886435481615,7.744466982832346,7.2442886435481615,16,16,0,0
kk_grpo_v1_train_000234,rand14,8,0.032818993427179644,0.032818993427179644,0.5251038948348743,0.13127597370871857,1.0,7.744466982832346,7.481915035414909,7.744466982832346,7.481915035414909,16,16,0,0
kk_grpo_v1_train_000234,rand15,8,0.2420145932135108,0.24362950849922704,3.8722334914161727,0.9680942922169059,0.9682458365518543,7.744466982832346,7.2442886435481615,7.744466982832346,7.2442886435481615,16,16,0,0
kk_grpo_v1_train_000234,rand16,8,0.2420145932135108,0.24362950849922704,3.8722334914161727,0.9680942922169059,0.9682458365518541,7.744466982832346,7.244288643548162,7.744466982832346,7.244288643548162,16,16,0,0
kk_grpo_v1_train_000234,rand17,8,0.4840291864270216,0.6517768773402335,7.744466982832345,1.9744934172204986,0.8660254037844386,7.744466982832346,6.479341000777108,7.744466982832346,6.479341000777108,16,16,0,0
kk_grpo_v1_train_000234,rand18,8,0.2420145932135108,0.24362950849922704,3.8722334914161727,0.9680942922169059,0.9682458365518543,7.744466982832346,7.2442886435481615,7.744466982832346,7.2442886435481615,16,16,0,0
kk_grpo_v1_train_000234,rand19,8,0.032818993427179644,0.032818993427179644,0.5251038948348743,0.13127597370871857,1.0,7.744466982832346,7.481915035414909,7.744466982832346,7.481915035414909,16,16,0,0
kk_grpo_v1_train_000238,first8_last8,14,0.3658554158575928,0.9411526608088725,5.853686653721485,1.739017371523375,0.9258200997725513,5.1219758220062985,3.239670500388554,5.1219758220062985,3.2396705003885535,16,8,0,8
kk_grpo_v1_train_000238,rand00,14,0.021703494729079675,0.08681397891631848,0.3472559156652748,0.131250399163762,0.9999999999999998,5.1219758220062985,4.948347864173661,5.1219758220062985,4.948347864173662,16,16,0,0
kk_grpo_v1_train_000238,rand01,14,0.3658554158575928,0.9411526608088725,5.853686653721485,1.7390173715233752,0.9258200997725513,5.1219758220062985,3.239670500388554,5.1219758220062985,3.2396705003885535,16,8,0,8
kk_grpo_v1_train_000238,rand02,14,0.3658554158575928,0.9411526608088725,5.853686653721485,1.7390173715233752,0.9258200997725513,5.1219758220062985,3.239670500388554,5.1219758220062985,3.2396705003885535,16,8,0,8
kk_grpo_v1_train_000238,rand03,14,0.021703494729079675,0.08681397891631848,0.3472559156652748,0.131250399163762,0.9999999999999998,5.1219758220062985,4.948347864173661,5.1219758220062985,4.948347864173662,16,16,0,0
kk_grpo_v1_train_000238,rand04,14,0.021703494729079675,0.08681397891631848,0.3472559156652748,0.131250399163762,0.9999999999999998,5.1219758220062985,4.948347864173661,5.1219758220062985,4.948347864173662,16,16,0,0
kk_grpo_v1_train_000238,rand05,14,0.3658554158575928,0.9411526608088725,5.853686653721485,1.7390173715233752,0.9258200997725513,5.1219758220062985,3.239670500388554,5.1219758220062985,3.2396705003885535,16,8,0,8
kk_grpo_v1_train_000238,rand06,14,0.021703494729079675,0.08681397891631848,0.3472559156652748,0.131250399163762,0.9999999999999998,5.1219758220062985,4.948347864173661,5.1219758220062985,4.948347864173662,16,16,0,0
kk_grpo_v1_train_000238,rand07,14,0.021703494729079675,0.08681397891631848,0.3472559156652748,0.131250399163762,0.9999999999999998,5.1219758220062985,4.948347864173661,5.1219758220062985,4.948347864173662,16,16,0,0
kk_grpo_v1_train_000238,rand08,14,0.021703494729079675,0.08681397891631848,0.3472559156652748,0.131250399163762,0.9999999999999998,5.1219758220062985,4.948347864173661,5.1219758220062985,4.948347864173662,16,16,0,0
kk_grpo_v1_train_000238,rand09,14,0.021703494729079675,0.08681397891631848,0.3472559156652748,0.131250399163762,0.9999999999999998,5.1219758220062985,4.948347864173661,5.1219758220062985,4.948347864173662,16,16,0,0
kk_grpo_v1_train_000238,rand10,14,0.021703494729079675,0.08681397891631848,0.3472559156652748,0.131250399163762,0.9999999999999998,5.1219758220062985,4.948347864173661,5.1219758220062985,4.948347864173662,16,16,0,0
kk_grpo_v1_train_000238,rand11,14,0.021703494729079675,0.08681397891631848,0.3472559156652748,0.131250399163762,0.9999999999999998,5.1219758220062985,4.948347864173661,5.1219758220062985,4.948347864173662,16,16,0,0
kk_grpo_v1_train_000238,rand12,14,0.3658554158575928,0.9411526608088725,5.853686653721485,1.7390173715233752,0.9258200997725513,5.1219758220062985,3.239670500388554,5.1219758220062985,3.2396705003885535,16,8,0,8
kk_grpo_v1_train_000238,rand13,14,0.3658554158575928,0.9411526608088725,5.853686653721485,1.7390173715233752,0.9258200997725513,5.1219758220062985,3.239670500388554,5.1219758220062985,3.2396705003885535,16,8,0,8
kk_grpo_v1_train_000238,rand14,14,0.021703494729079675,0.08681397891631848,0.3472559156652748,0.131250399163762,0.9999999999999998,5.1219758220062985,4.948347864173661,5.1219758220062985,4.948347864173662,16,16,0,0
kk_grpo_v1_train_000238,rand15,14,0.021703494729079675,0.08681397891631848,0.3472559156652748,0.131250399163762,0.9999999999999998,5.1219758220062985,4.948347864173661,5.1219758220062985,4.948347864173662,16,16,0,0
kk_grpo_v1_train_000238,rand16,14,0.021703494729079675,0.08681397891631848,0.3472559156652748,0.131250399163762,0.9999999999999998,5.1219758220062985,4.948347864173661,5.1219758220062985,4.948347864173662,16,16,0,0
kk_grpo_v1_train_000238,rand17,14,0.021703494729079675,0.08681397891631848,0.3472559156652748,0.131250399163762,0.9999999999999998,5.1219758220062985,4.948347864173661,5.1219758220062985,4.948347864173662,16,16,0,0
kk_grpo_v1_train_000238,rand18,14,0.3658554158575928,0.9411526608088725,5.853686653721485,1.7390173715233752,0.9258200997725513,5.1219758220062985,3.239670500388554,5.1219758220062985,3.2396705003885535,16,8,0,8
kk_grpo_v1_train_000238,rand19,14,0.3658554158575928,0.9411526608088725,5.853686653721485,1.7390173715233752,0.9258200997725513,5.1219758220062985,3.239670500388554,5.1219758220062985,3.2396705003885535,16,8,0,8
kk_grpo_v1_train_000257,first8_last8,16,0.0,0.0,0.0,0.0,nan,0.0,0.0,0.0,0.0,0,0,0,0
kk_grpo_v1_train_000257,rand00,16,0.0,0.0,0.0,0.0,nan,0.0,0.0,0.0,0.0,0,0,0,0
kk_grpo_v1_train_000257,rand01,16,0.0,0.0,0.0,0.0,nan,0.0,0.0,0.0,0.0,0,0,0,0
kk_grpo_v1_train_000257,rand02,16,0.0,0.0,0.0,0.0,nan,0.0,0.0,0.0,0.0,0,0,0,0
kk_grpo_v1_train_000257,rand03,16,0.0,0.0,0.0,0.0,nan,0.0,0.0,0.0,0.0,0,0,0,0
kk_grpo_v1_train_000257,rand04,16,0.0,0.0,0.0,0.0,nan,0.0,0.0,0.0,0.0,0,0,0,0
kk_grpo_v1_train_000257,rand05,16,0.0,0.0,0.0,0.0,nan,0.0,0.0,0.0,0.0,0,0,0,0
kk_grpo_v1_train_000257,rand06,16,0.0,0.0,0.0,0.0,nan,0.0,0.0,0.0,0.0,0,0,0,0
kk_grpo_v1_train_000257,rand07,16,0.0,0.0,0.0,0.0,nan,0.0,0.0,0.0,0.0,0,0,0,0
kk_grpo_v1_train_000257,rand08,16,0.0,0.0,0.0,0.0,nan,0.0,0.0,0.0,0.0,0,0,0,0
kk_grpo_v1_train_000257,rand09,16,0.0,0.0,0.0,0.0,nan,0.0,0.0,0.0,0.0,0,0,0,0
kk_grpo_v1_train_000257,rand10,16,0.0,0.0,0.0,0.0,nan,0.0,0.0,0.0,0.0,0,0,0,0
kk_grpo_v1_train_000257,rand11,16,0.0,0.0,0.0,0.0,nan,0.0,0.0,0.0,0.0,0,0,0,0
kk_grpo_v1_train_000257,rand12,16,0.0,0.0,0.0,0.0,nan,0.0,0.0,0.0,0.0,0,0,0,0
kk_grpo_v1_train_000257,rand13,16,0.0,0.0,0.0,0.0,nan,0.0,0.0,0.0,0.0,0,0,0,0
kk_grpo_v1_train_000257,rand14,16,0.0,0.0,0.0,0.0,nan,0.0,0.0,0.0,0.0,0,0,0,0
kk_grpo_v1_train_000257,rand15,16,0.0,0.0,0.0,0.0,nan,0.0,0.0,0.0,0.0,0,0,0,0
kk_grpo_v1_train_000257,rand16,16,0.0,0.0,0.0,0.0,nan,0.0,0.0,0.0,0.0,0,0,0,0
kk_grpo_v1_train_000257,rand17,16,0.0,0.0,0.0,0.0,nan,0.0,0.0,0.0,0.0,0,0,0,0
kk_grpo_v1_train_000257,rand18,16,0.0,0.0,0.0,0.0,nan,0.0,0.0,0.0,0.0,0,0,0,0
kk_grpo_v1_train_000257,rand19,16,0.0,0.0,0.0,0.0,nan,0.0,0.0,0.0,0.0,0,0,0,0
kk_grpo_v1_train_000285,first8_last8,16,0.0,0.0,0.0,0.0,nan,0.0,0.0,0.0,0.0,0,0,0,0
kk_grpo_v1_train_000285,rand00,16,0.0,0.0,0.0,0.0,nan,0.0,0.0,0.0,0.0,0,0,0,0
kk_grpo_v1_train_000285,rand01,16,0.0,0.0,0.0,0.0,nan,0.0,0.0,0.0,0.0,0,0,0,0
kk_grpo_v1_train_000285,rand02,16,0.0,0.0,0.0,0.0,nan,0.0,0.0,0.0,0.0,0,0,0,0
kk_grpo_v1_train_000285,rand03,16,0.0,0.0,0.0,0.0,nan,0.0,0.0,0.0,0.0,0,0,0,0
kk_grpo_v1_train_000285,rand04,16,0.0,0.0,0.0,0.0,nan,0.0,0.0,0.0,0.0,0,0,0,0
kk_grpo_v1_train_000285,rand05,16,0.0,0.0,0.0,0.0,nan,0.0,0.0,0.0,0.0,0,0,0,0
kk_grpo_v1_train_000285,rand06,16,0.0,0.0,0.0,0.0,nan,0.0,0.0,0.0,0.0,0,0,0,0
kk_grpo_v1_train_000285,rand07,16,0.0,0.0,0.0,0.0,nan,0.0,0.0,0.0,0.0,0,0,0,0
kk_grpo_v1_train_000285,rand08,16,0.0,0.0,0.0,0.0,nan,0.0,0.0,0.0,0.0,0,0,0,0
kk_grpo_v1_train_000285,rand09,16,0.0,0.0,0.0,0.0,nan,0.0,0.0,0.0,0.0,0,0,0,0
kk_grpo_v1_train_000285,rand10,16,0.0,0.0,0.0,0.0,nan,0.0,0.0,0.0,0.0,0,0,0,0
kk_grpo_v1_train_000285,rand11,16,0.0,0.0,0.0,0.0,nan,0.0,0.0,0.0,0.0,0,0,0,0
kk_grpo_v1_train_000285,rand12,16,0.0,0.0,0.0,0.0,nan,0.0,0.0,0.0,0.0,0,0,0,0
kk_grpo_v1_train_000285,rand13,16,0.0,0.0,0.0,0.0,nan,0.0,0.0,0.0,0.0,0,0,0,0
kk_grpo_v1_train_000285,rand14,16,0.0,0.0,0.0,0.0,nan,0.0,0.0,0.0,0.0,0,0,0,0
kk_grpo_v1_train_000285,rand15,16,0.0,0.0,0.0,0.0,nan,0.0,0.0,0.0,0.0,0,0,0,0
kk_grpo_v1_train_000285,rand16,16,0.0,0.0,0.0,0.0,nan,0.0,0.0,0.0,0.0,0,0,0,0
kk_grpo_v1_train_000285,rand17,16,0.0,0.0,0.0,0.0,nan,0.0,0.0,0.0,0.0,0,0,0,0
kk_grpo_v1_train_000285,rand18,16,0.0,0.0,0.0,0.0,nan,0.0,0.0,0.0,0.0,0,0,0,0
kk_grpo_v1_train_000285,rand19,16,0.0,0.0,0.0,0.0,nan,0.0,0.0,0.0,0.0,0,0,0,0
kk_grpo_v1_train_000288,first8_last8,16,0.0,0.0,0.0,0.0,nan,0.0,0.0,0.0,0.0,0,0,0,0
kk_grpo_v1_train_000288,rand00,16,0.0,0.0,0.0,0.0,nan,0.0,0.0,0.0,0.0,0,0,0,0
kk_grpo_v1_train_000288,rand01,16,0.0,0.0,0.0,0.0,nan,0.0,0.0,0.0,0.0,0,0,0,0
kk_grpo_v1_train_000288,rand02,16,0.0,0.0,0.0,0.0,nan,0.0,0.0,0.0,0.0,0,0,0,0
kk_grpo_v1_train_000288,rand03,16,0.0,0.0,0.0,0.0,nan,0.0,0.0,0.0,0.0,0,0,0,0
kk_grpo_v1_train_000288,rand04,16,0.0,0.0,0.0,0.0,nan,0.0,0.0,0.0,0.0,0,0,0,0
kk_grpo_v1_train_000288,rand05,16,0.0,0.0,0.0,0.0,nan,0.0,0.0,0.0,0.0,0,0,0,0
kk_grpo_v1_train_000288,rand06,16,0.0,0.0,0.0,0.0,nan,0.0,0.0,0.0,0.0,0,0,0,0
kk_grpo_v1_train_000288,rand07,16,0.0,0.0,0.0,0.0,nan,0.0,0.0,0.0,0.0,0,0,0,0
kk_grpo_v1_train_000288,rand08,16,0.0,0.0,0.0,0.0,nan,0.0,0.0,0.0,0.0,0,0,0,0
kk_grpo_v1_train_000288,rand09,16,0.0,0.0,0.0,0.0,nan,0.0,0.0,0.0,0.0,0,0,0,0
kk_grpo_v1_train_000288,rand10,16,0.0,0.0,0.0,0.0,nan,0.0,0.0,0.0,0.0,0,0,0,0
kk_grpo_v1_train_000288,rand11,16,0.0,0.0,0.0,0.0,nan,0.0,0.0,0.0,0.0,0,0,0,0
kk_grpo_v1_train_000288,rand12,16,0.0,0.0,0.0,0.0,nan,0.0,0.0,0.0,0.0,0,0,0,0
kk_grpo_v1_train_000288,rand13,16,0.0,0.0,0.0,0.0,nan,0.0,0.0,0.0,0.0,0,0,0,0
kk_grpo_v1_train_000288,rand14,16,0.0,0.0,0.0,0.0,nan,0.0,0.0,0.0,0.0,0,0,0,0
kk_grpo_v1_train_000288,rand15,16,0.0,0.0,0.0,0.0,nan,0.0,0.0,0.0,0.0,0,0,0,0
kk_grpo_v1_train_000288,rand16,16,0.0,0.0,0.0,0.0,nan,0.0,0.0,0.0,0.0,0,0,0,0
kk_grpo_v1_train_000288,rand17,16,0.0,0.0,0.0,0.0,nan,0.0,0.0,0.0,0.0,0,0,0,0
kk_grpo_v1_train_000288,rand18,16,0.0,0.0,0.0,0.0,nan,0.0,0.0,0.0,0.0,0,0,0,0
kk_grpo_v1_train_000288,rand19,16,0.0,0.0,0.0,0.0,nan,0.0,0.0,0.0,0.0,0,0,0,0
kk_grpo_v1_train_000365,first8_last8,11,0.13053097493539773,0.22845928369801483,2.0884955989663636,0.5711982268193134,0.9893329628687376,7.1792036214468755,6.861814822162636,7.1792036214468755,6.861814822162635,16,16,0,0
kk_grpo_v1_train_000365,rand00,11,0.39159292480619323,1.0383332077974556,6.265486796899092,1.7397152823745468,0.8961216640983373,7.1792036214468755,6.215131449794285,7.1792036214468755,6.215131449794286,16,16,0,0
kk_grpo_v1_train_000365,rand01,11,0.13053097493539773,0.22845928369801483,2.0884955989663636,0.5711982268193134,0.9893329628687376,7.1792036214468755,6.861814822162636,7.1792036214468755,6.861814822162635,16,16,0,0
kk_grpo_v1_train_000365,rand02,11,0.13053097493539773,0.22845928369801483,2.0884955989663636,0.5711982268193134,0.9893329628687375,7.1792036214468755,6.8618148221626365,7.1792036214468755,6.861814822162635,16,16,0,0
kk_grpo_v1_train_000365,rand03,11,0.13053097493539773,0.22845928369801483,2.0884955989663636,0.5711982268193134,0.9893329628687376,7.1792036214468755,6.861814822162635,7.1792036214468755,6.861814822162635,16,16,0,0
kk_grpo_v1_train_000365,rand04,11,0.39159292480619323,1.0383332077974556,6.265486796899092,1.739715282374547,0.8961216640983373,7.1792036214468755,6.215131449794285,7.1792036214468755,6.215131449794285,16,16,0,0
kk_grpo_v1_train_000365,rand05,11,0.13053097493539773,0.22845928369801483,2.0884955989663636,0.5711982268193134,0.9893329628687376,7.1792036214468755,6.861814822162636,7.1792036214468755,6.861814822162635,16,16,0,0
kk_grpo_v1_train_000365,rand06,11,0.13053097493539773,0.22845928369801483,2.0884955989663636,0.5711982268193134,0.9893329628687376,7.1792036214468755,6.861814822162636,7.1792036214468755,6.861814822162635,16,16,0,0
kk_grpo_v1_train_000365,rand07,11,0.13053097493539773,0.22845928369801483,2.0884955989663636,0.5711982268193134,0.9893329628687377,7.1792036214468755,6.861814822162636,7.1792036214468755,6.861814822162635,16,16,0,0
kk_grpo_v1_train_000365,rand08,11,0.13053097493539773,0.22845928369801483,2.0884955989663636,0.5711982268193134,0.9893329628687377,7.1792036214468755,6.8618148221626365,7.1792036214468755,6.861814822162635,16,16,0,0
kk_grpo_v1_train_000365,rand09,11,0.3915929248061932,1.0383332077974556,6.265486796899091,1.739715282374547,0.8961216640983373,7.1792036214468755,6.215131449794285,7.1792036214468755,6.215131449794285,16,16,0,0
kk_grpo_v1_train_000365,rand10,11,0.13053097493539773,0.22845928369801483,2.0884955989663636,0.5711982268193134,0.9893329628687375,7.1792036214468755,6.861814822162636,7.1792036214468755,6.861814822162635,16,16,0,0
kk_grpo_v1_train_000365,rand11,11,0.3915929248061932,1.0383332077974556,6.265486796899091,1.739715282374547,0.8961216640983373,7.1792036214468755,6.215131449794285,7.1792036214468755,6.215131449794285,16,16,0,0
kk_grpo_v1_train_000365,rand12,11,0.39159292480619323,1.0383332077974556,6.265486796899092,1.739715282374547,0.8961216640983373,7.1792036214468755,6.215131449794285,7.1792036214468755,6.215131449794285,16,16,0,0
kk_grpo_v1_train_000365,rand13,11,0.13053097493539773,0.22845928369801483,2.0884955989663636,0.5711982268193134,0.9893329628687375,7.1792036214468755,6.861814822162635,7.1792036214468755,6.861814822162635,16,16,0,0
kk_grpo_v1_train_000365,rand14,11,0.13053097493539773,0.22845928369801483,2.0884955989663636,0.5711982268193134,0.9893329628687375,7.1792036214468755,6.861814822162635,7.1792036214468755,6.861814822162635,16,16,0,0
kk_grpo_v1_train_000365,rand15,11,0.39159292480619323,1.0383332077974556,6.265486796899092,1.739715282374547,0.8961216640983373,7.1792036214468755,6.215131449794285,7.1792036214468755,6.215131449794285,16,16,0,0
kk_grpo_v1_train_000365,rand16,11,0.13053097493539773,0.22845928369801483,2.0884955989663636,0.5711982268193134,0.9893329628687376,7.1792036214468755,6.861814822162636,7.1792036214468755,6.861814822162635,16,16,0,0
kk_grpo_v1_train_000365,rand17,11,0.13053097493539773,0.22845928369801483,2.0884955989663636,0.5711982268193134,0.9893329628687375,7.1792036214468755,6.8618148221626365,7.1792036214468755,6.861814822162635,16,16,0,0
kk_grpo_v1_train_000365,rand18,11,0.13053097493539773,0.22845928369801483,2.0884955989663636,0.5711982268193134,0.9893329628687377,7.1792036214468755,6.861814822162636,7.1792036214468755,6.861814822162635,16,16,0,0
kk_grpo_v1_train_000365,rand19,11,0.13053097493539773,0.22845928369801483,2.0884955989663636,0.5711982268193134,0.9893329628687377,7.1792036214468755,6.861814822162636,7.1792036214468755,6.861814822162635,16,16,0,0
kk_grpo_v1_train_000401,first8_last8,9,0.12196370424099345,0.16243395874207756,1.9514192678558953,0.5018226911514689,0.9919027162310939,7.683713367182588,7.363101839481535,7.683713367182588,7.363101839481534,16,16,0,0
kk_grpo_v1_train_000401,rand00,9,0.12196370424099345,0.16243395874207756,1.9514192678558953,0.501822691151469,0.991902716231094,7.683713367182588,7.363101839481535,7.683713367182588,7.363101839481535,16,16,0,0
kk_grpo_v1_train_000401,rand01,9,0.12196370424099345,0.16243395874207756,1.9514192678558953,0.501822691151469,0.9919027162310942,7.683713367182588,7.363101839481535,7.683713367182588,7.363101839481535,16,16,0,0
kk_grpo_v1_train_000401,rand02,9,0.12196370424099345,0.16243395874207756,1.9514192678558953,0.501822691151469,0.9919027162310942,7.683713367182588,7.363101839481535,7.683713367182588,7.363101839481535,16,16,0,0
kk_grpo_v1_train_000401,rand03,9,0.12196370424099345,0.16243395874207756,1.9514192678558953,0.501822691151469,0.991902716231094,7.683713367182588,7.363101839481535,7.683713367182588,7.363101839481535,16,16,0,0
kk_grpo_v1_train_000401,rand04,9,0.12196370424099345,0.16243395874207756,1.9514192678558953,0.501822691151469,0.991902716231094,7.683713367182588,7.363101839481535,7.683713367182588,7.363101839481535,16,16,0,0
kk_grpo_v1_train_000401,rand05,9,0.12196370424099345,0.16243395874207756,1.9514192678558953,0.501822691151469,0.991902716231094,7.683713367182588,7.363101839481535,7.683713367182588,7.363101839481535,16,16,0,0
kk_grpo_v1_train_000401,rand06,9,0.36589111272298036,0.5221619120253356,5.854257803567686,1.4858880716296636,0.9243864041916475,7.683713367182588,6.861814822162636,7.683713367182588,6.861814822162636,16,16,0,0
kk_grpo_v1_train_000401,rand07,9,0.36589111272298036,0.5221619120253356,5.854257803567686,1.4858880716296636,0.9243864041916475,7.683713367182588,6.861814822162635,7.683713367182588,6.861814822162636,16,16,0,0
kk_grpo_v1_train_000401,rand08,9,0.12196370424099345,0.16243395874207756,1.9514192678558953,0.501822691151469,0.991902716231094,7.683713367182588,7.363101839481536,7.683713367182588,7.363101839481535,16,16,0,0
kk_grpo_v1_train_000401,rand09,9,0.12196370424099345,0.16243395874207756,1.9514192678558953,0.501822691151469,0.991902716231094,7.683713367182588,7.363101839481535,7.683713367182588,7.363101839481535,16,16,0,0
kk_grpo_v1_train_000401,rand10,9,0.12196370424099345,0.16243395874207756,1.9514192678558953,0.501822691151469,0.9919027162310942,7.683713367182588,7.363101839481535,7.683713367182588,7.363101839481535,16,16,0,0
kk_grpo_v1_train_000401,rand11,9,0.12196370424099345,0.16243395874207756,1.9514192678558953,0.501822691151469,0.9919027162310942,7.683713367182588,7.363101839481535,7.683713367182588,7.363101839481535,16,16,0,0
kk_grpo_v1_train_000401,rand12,9,0.12196370424099345,0.16243395874207756,1.9514192678558953,0.501822691151469,0.9919027162310942,7.683713367182588,7.363101839481535,7.683713367182588,7.363101839481535,16,16,0,0
kk_grpo_v1_train_000401,rand13,9,0.6098185212049674,1.3765005939178896,9.757096339279478,2.585914265927114,0.7697725570677818,7.683713367182588,5.713844432475384,7.683713367182588,5.713844432475384,16,16,0,0
kk_grpo_v1_train_000401,rand14,9,0.36589111272298036,0.5221619120253356,5.854257803567686,1.4858880716296636,0.9243864041916475,7.683713367182588,6.861814822162635,7.683713367182588,6.861814822162636,16,16,0,0
kk_grpo_v1_train_000401,rand15,9,0.36589111272298036,0.5221619120253356,5.854257803567686,1.4858880716296636,0.9243864041916475,7.683713367182588,6.861814822162636,7.683713367182588,6.861814822162636,16,16,0,0
kk_grpo_v1_train_000401,rand16,9,0.12196370424099345,0.16243395874207756,1.9514192678558953,0.501822691151469,0.991902716231094,7.683713367182588,7.363101839481535,7.683713367182588,7.363101839481535,16,16,0,0
kk_grpo_v1_train_000401,rand17,9,0.12196370424099345,0.16243395874207756,1.9514192678558953,0.501822691151469,0.9919027162310942,7.683713367182588,7.363101839481535,7.683713367182588,7.363101839481535,16,16,0,0
kk_grpo_v1_train_000401,rand18,9,0.12196370424099345,0.16243395874207756,1.9514192678558953,0.501822691151469,0.9919027162310939,7.683713367182588,7.363101839481535,7.683713367182588,7.363101839481536,16,16,0,0
kk_grpo_v1_train_000401,rand19,9,0.12196370424099345,0.16243395874207756,1.9514192678558953,0.501822691151469,0.9919027162310942,7.683713367182588,7.363101839481536,7.683713367182588,7.363101839481535,16,16,0,0
kk_grpo_v1_train_000413,first8_last8,0,0.0,0.0,0.0,0.0,nan,0.0,0.0,0.0,0.0,0,0,0,0
kk_grpo_v1_train_000413,rand00,0,0.0,0.0,0.0,0.0,nan,0.0,0.0,0.0,0.0,0,0,0,0
kk_grpo_v1_train_000413,rand01,0,0.0,0.0,0.0,0.0,nan,0.0,0.0,0.0,0.0,0,0,0,0
kk_grpo_v1_train_000413,rand02,0,0.0,0.0,0.0,0.0,nan,0.0,0.0,0.0,0.0,0,0,0,0
kk_grpo_v1_train_000413,rand03,0,0.0,0.0,0.0,0.0,nan,0.0,0.0,0.0,0.0,0,0,0,0
kk_grpo_v1_train_000413,rand04,0,0.0,0.0,0.0,0.0,nan,0.0,0.0,0.0,0.0,0,0,0,0
kk_grpo_v1_train_000413,rand05,0,0.0,0.0,0.0,0.0,nan,0.0,0.0,0.0,0.0,0,0,0,0
kk_grpo_v1_train_000413,rand06,0,0.0,0.0,0.0,0.0,nan,0.0,0.0,0.0,0.0,0,0,0,0
kk_grpo_v1_train_000413,rand07,0,0.0,0.0,0.0,0.0,nan,0.0,0.0,0.0,0.0,0,0,0,0
kk_grpo_v1_train_000413,rand08,0,0.0,0.0,0.0,0.0,nan,0.0,0.0,0.0,0.0,0,0,0,0
kk_grpo_v1_train_000413,rand09,0,0.0,0.0,0.0,0.0,nan,0.0,0.0,0.0,0.0,0,0,0,0
kk_grpo_v1_train_000413,rand10,0,0.0,0.0,0.0,0.0,nan,0.0,0.0,0.0,0.0,0,0,0,0
kk_grpo_v1_train_000413,rand11,0,0.0,0.0,0.0,0.0,nan,0.0,0.0,0.0,0.0,0,0,0,0
kk_grpo_v1_train_000413,rand12,0,0.0,0.0,0.0,0.0,nan,0.0,0.0,0.0,0.0,0,0,0,0
kk_grpo_v1_train_000413,rand13,0,0.0,0.0,0.0,0.0,nan,0.0,0.0,0.0,0.0,0,0,0,0
kk_grpo_v1_train_000413,rand14,0,0.0,0.0,0.0,0.0,nan,0.0,0.0,0.0,0.0,0,0,0,0
kk_grpo_v1_train_000413,rand15,0,0.0,0.0,0.0,0.0,nan,0.0,0.0,0.0,0.0,0,0,0,0
kk_grpo_v1_train_000413,rand16,0,0.0,0.0,0.0,0.0,nan,0.0,0.0,0.0,0.0,0,0,0,0
kk_grpo_v1_train_000413,rand17,0,0.0,0.0,0.0,0.0,nan,0.0,0.0,0.0,0.0,0,0,0,0
kk_grpo_v1_train_000413,rand18,0,0.0,0.0,0.0,0.0,nan,0.0,0.0,0.0,0.0,0,0,0,0
kk_grpo_v1_train_000413,rand19,0,0.0,0.0,0.0,0.0,nan,0.0,0.0,0.0,0.0,0,0,0,0
kk_grpo_v1_train_000422,first8_last8,16,0.0,0.0,0.0,0.0,nan,0.0,0.0,0.0,0.0,0,0,0,0
kk_grpo_v1_train_000422,rand00,16,0.0,0.0,0.0,0.0,nan,0.0,0.0,0.0,0.0,0,0,0,0
kk_grpo_v1_train_000422,rand01,16,0.0,0.0,0.0,0.0,nan,0.0,0.0,0.0,0.0,0,0,0,0
kk_grpo_v1_train_000422,rand02,16,0.0,0.0,0.0,0.0,nan,0.0,0.0,0.0,0.0,0,0,0,0
kk_grpo_v1_train_000422,rand03,16,0.0,0.0,0.0,0.0,nan,0.0,0.0,0.0,0.0,0,0,0,0
kk_grpo_v1_train_000422,rand04,16,0.0,0.0,0.0,0.0,nan,0.0,0.0,0.0,0.0,0,0,0,0
kk_grpo_v1_train_000422,rand05,16,0.0,0.0,0.0,0.0,nan,0.0,0.0,0.0,0.0,0,0,0,0
kk_grpo_v1_train_000422,rand06,16,0.0,0.0,0.0,0.0,nan,0.0,0.0,0.0,0.0,0,0,0,0
kk_grpo_v1_train_000422,rand07,16,0.0,0.0,0.0,0.0,nan,0.0,0.0,0.0,0.0,0,0,0,0
kk_grpo_v1_train_000422,rand08,16,0.0,0.0,0.0,0.0,nan,0.0,0.0,0.0,0.0,0,0,0,0
kk_grpo_v1_train_000422,rand09,16,0.0,0.0,0.0,0.0,nan,0.0,0.0,0.0,0.0,0,0,0,0
kk_grpo_v1_train_000422,rand10,16,0.0,0.0,0.0,0.0,nan,0.0,0.0,0.0,0.0,0,0,0,0
kk_grpo_v1_train_000422,rand11,16,0.0,0.0,0.0,0.0,nan,0.0,0.0,0.0,0.0,0,0,0,0
kk_grpo_v1_train_000422,rand12,16,0.0,0.0,0.0,0.0,nan,0.0,0.0,0.0,0.0,0,0,0,0
kk_grpo_v1_train_000422,rand13,16,0.0,0.0,0.0,0.0,nan,0.0,0.0,0.0,0.0,0,0,0,0
kk_grpo_v1_train_000422,rand14,16,0.0,0.0,0.0,0.0,nan,0.0,0.0,0.0,0.0,0,0,0,0
kk_grpo_v1_train_000422,rand15,16,0.0,0.0,0.0,0.0,nan,0.0,0.0,0.0,0.0,0,0,0,0
kk_grpo_v1_train_000422,rand16,16,0.0,0.0,0.0,0.0,nan,0.0,0.0,0.0,0.0,0,0,0,0
kk_grpo_v1_train_000422,rand17,16,0.0,0.0,0.0,0.0,nan,0.0,0.0,0.0,0.0,0,0,0,0
kk_grpo_v1_train_000422,rand18,16,0.0,0.0,0.0,0.0,nan,0.0,0.0,0.0,0.0,0,0,0,0
kk_grpo_v1_train_000422,rand19,16,0.0,0.0,0.0,0.0,nan,0.0,0.0,0.0,0.0,0,0,0,0
kk_grpo_v1_train_000438,first8_last8,16,0.0,0.0,0.0,0.0,nan,0.0,0.0,0.0,0.0,0,0,0,0
kk_grpo_v1_train_000438,rand00,16,0.0,0.0,0.0,0.0,nan,0.0,0.0,0.0,0.0,0,0,0,0
kk_grpo_v1_train_000438,rand01,16,0.0,0.0,0.0,0.0,nan,0.0,0.0,0.0,0.0,0,0,0,0
kk_grpo_v1_train_000438,rand02,16,0.0,0.0,0.0,0.0,nan,0.0,0.0,0.0,0.0,0,0,0,0
kk_grpo_v1_train_000438,rand03,16,0.0,0.0,0.0,0.0,nan,0.0,0.0,0.0,0.0,0,0,0,0
kk_grpo_v1_train_000438,rand04,16,0.0,0.0,0.0,0.0,nan,0.0,0.0,0.0,0.0,0,0,0,0
kk_grpo_v1_train_000438,rand05,16,0.0,0.0,0.0,0.0,nan,0.0,0.0,0.0,0.0,0,0,0,0
kk_grpo_v1_train_000438,rand06,16,0.0,0.0,0.0,0.0,nan,0.0,0.0,0.0,0.0,0,0,0,0
kk_grpo_v1_train_000438,rand07,16,0.0,0.0,0.0,0.0,nan,0.0,0.0,0.0,0.0,0,0,0,0
kk_grpo_v1_train_000438,rand08,16,0.0,0.0,0.0,0.0,nan,0.0,0.0,0.0,0.0,0,0,0,0
kk_grpo_v1_train_000438,rand09,16,0.0,0.0,0.0,0.0,nan,0.0,0.0,0.0,0.0,0,0,0,0
kk_grpo_v1_train_000438,rand10,16,0.0,0.0,0.0,0.0,nan,0.0,0.0,0.0,0.0,0,0,0,0
kk_grpo_v1_train_000438,rand11,16,0.0,0.0,0.0,0.0,nan,0.0,0.0,0.0,0.0,0,0,0,0
kk_grpo_v1_train_000438,rand12,16,0.0,0.0,0.0,0.0,nan,0.0,0.0,0.0,0.0,0,0,0,0
kk_grpo_v1_train_000438,rand13,16,0.0,0.0,0.0,0.0,nan,0.0,0.0,0.0,0.0,0,0,0,0
kk_grpo_v1_train_000438,rand14,16,0.0,0.0,0.0,0.0,nan,0.0,0.0,0.0,0.0,0,0,0,0
kk_grpo_v1_train_000438,rand15,16,0.0,0.0,0.0,0.0,nan,0.0,0.0,0.0,0.0,0,0,0,0
kk_grpo_v1_train_000438,rand16,16,0.0,0.0,0.0,0.0,nan,0.0,0.0,0.0,0.0,0,0,0,0
kk_grpo_v1_train_000438,rand17,16,0.0,0.0,0.0,0.0,nan,0.0,0.0,0.0,0.0,0,0,0,0
kk_grpo_v1_train_000438,rand18,16,0.0,0.0,0.0,0.0,nan,0.0,0.0,0.0,0.0,0,0,0,0
kk_grpo_v1_train_000438,rand19,16,0.0,0.0,0.0,0.0,nan,0.0,0.0,0.0,0.0,0,0,0,0
kk_grpo_v1_train_000471,first8_last8,16,0.0,0.0,0.0,0.0,nan,0.0,0.0,0.0,0.0,0,0,0,0
kk_grpo_v1_train_000471,rand00,16,0.0,0.0,0.0,0.0,nan,0.0,0.0,0.0,0.0,0,0,0,0
kk_grpo_v1_train_000471,rand01,16,0.0,0.0,0.0,0.0,nan,0.0,0.0,0.0,0.0,0,0,0,0
kk_grpo_v1_train_000471,rand02,16,0.0,0.0,0.0,0.0,nan,0.0,0.0,0.0,0.0,0,0,0,0
kk_grpo_v1_train_000471,rand03,16,0.0,0.0,0.0,0.0,nan,0.0,0.0,0.0,0.0,0,0,0,0
kk_grpo_v1_train_000471,rand04,16,0.0,0.0,0.0,0.0,nan,0.0,0.0,0.0,0.0,0,0,0,0
kk_grpo_v1_train_000471,rand05,16,0.0,0.0,0.0,0.0,nan,0.0,0.0,0.0,0.0,0,0,0,0
kk_grpo_v1_train_000471,rand06,16,0.0,0.0,0.0,0.0,nan,0.0,0.0,0.0,0.0,0,0,0,0
kk_grpo_v1_train_000471,rand07,16,0.0,0.0,0.0,0.0,nan,0.0,0.0,0.0,0.0,0,0,0,0
kk_grpo_v1_train_000471,rand08,16,0.0,0.0,0.0,0.0,nan,0.0,0.0,0.0,0.0,0,0,0,0
kk_grpo_v1_train_000471,rand09,16,0.0,0.0,0.0,0.0,nan,0.0,0.0,0.0,0.0,0,0,0,0
kk_grpo_v1_train_000471,rand10,16,0.0,0.0,0.0,0.0,nan,0.0,0.0,0.0,0.0,0,0,0,0
kk_grpo_v1_train_000471,rand11,16,0.0,0.0,0.0,0.0,nan,0.0,0.0,0.0,0.0,0,0,0,0
kk_grpo_v1_train_000471,rand12,16,0.0,0.0,0.0,0.0,nan,0.0,0.0,0.0,0.0,0,0,0,0
kk_grpo_v1_train_000471,rand13,16,0.0,0.0,0.0,0.0,nan,0.0,0.0,0.0,0.0,0,0,0,0
kk_grpo_v1_train_000471,rand14,16,0.0,0.0,0.0,0.0,nan,0.0,0.0,0.0,0.0,0,0,0,0
kk_grpo_v1_train_000471,rand15,16,0.0,0.0,0.0,0.0,nan,0.0,0.0,0.0,0.0,0,0,0,0
kk_grpo_v1_train_000471,rand16,16,0.0,0.0,0.0,0.0,nan,0.0,0.0,0.0,0.0,0,0,0,0
kk_grpo_v1_train_000471,rand17,16,0.0,0.0,0.0,0.0,nan,0.0,0.0,0.0,0.0,0,0,0,0
kk_grpo_v1_train_000471,rand18,16,0.0,0.0,0.0,0.0,nan,0.0,0.0,0.0,0.0,0,0,0,0
kk_grpo_v1_train_000471,rand19,16,0.0,0.0,0.0,0.0,nan,0.0,0.0,0.0,0.0,0,0,0,0
kk_grpo_v1_train_000509,first8_last8,10,0.031776457048981244,0.04236860939864173,0.5084233127836999,0.131274334882325,1.0,7.498500299940012,7.244288643548163,7.498500299940012,7.244288643548162,16,16,0,0
kk_grpo_v1_train_000509,rand00,10,0.24995000999800038,0.3700852002042747,3.999200159968006,1.0350996674610249,0.9636123758498016,7.498500299940012,6.980628018096008,7.498500299940012,6.980628018096008,16,16,0,0
kk_grpo_v1_train_000509,rand01,10,0.031776457048981244,0.04236860939864173,0.5084233127836999,0.131274334882325,1.0,7.498500299940012,7.244288643548163,7.498500299940012,7.244288643548162,16,16,0,0
kk_grpo_v1_train_000509,rand02,10,0.031776457048981244,0.04236860939864173,0.5084233127836999,0.131274334882325,1.0,7.498500299940012,7.244288643548163,7.498500299940012,7.244288643548162,16,16,0,0
kk_grpo_v1_train_000509,rand03,10,0.24995000999800038,0.3700852002042747,3.999200159968006,1.0350996674610249,0.9636123758498016,7.498500299940012,6.980628018096008,7.498500299940012,6.980628018096008,16,16,0,0
kk_grpo_v1_train_000509,rand04,10,0.24995000999800038,0.3700852002042747,3.999200159968006,1.0350996674610249,0.9636123758498016,7.498500299940012,6.980628018096008,7.498500299940012,6.9806280180960085,16,16,0,0
kk_grpo_v1_train_000509,rand05,10,0.031776457048981244,0.04236860939864173,0.5084233127836999,0.131274334882325,1.0,7.498500299940012,7.244288643548163,7.498500299940012,7.244288643548162,16,16,0,0
kk_grpo_v1_train_000509,rand06,10,0.031776457048981244,0.04236860939864173,0.5084233127836999,0.131274334882325,1.0,7.498500299940012,7.244288643548163,7.498500299940012,7.244288643548162,16,16,0,0
kk_grpo_v1_train_000509,rand07,10,0.24995000999800038,0.3700852002042747,3.999200159968006,1.0350996674610249,0.9636123758498016,7.498500299940012,6.980628018096008,7.498500299940012,6.980628018096008,16,16,0,0
kk_grpo_v1_train_000509,rand08,10,0.24995000999800038,0.3700852002042747,3.999200159968006,1.0350996674610249,0.9636123758498017,7.498500299940012,6.9806280180960085,7.498500299940012,6.980628018096008,16,16,0,0
kk_grpo_v1_train_000509,rand09,10,0.24995000999800038,0.3700852002042747,3.999200159968006,1.0350996674610249,0.9636123758498016,7.498500299940012,6.9806280180960085,7.498500299940012,6.9806280180960085,16,16,0,0
kk_grpo_v1_train_000509,rand10,10,0.24995000999800038,0.3700852002042747,3.999200159968006,1.0350996674610249,0.9636123758498016,7.498500299940012,6.9806280180960085,7.498500299940012,6.980628018096008,16,16,0,0
kk_grpo_v1_train_000509,rand11,10,0.031776457048981244,0.04236860939864173,0.5084233127836999,0.131274334882325,1.0,7.498500299940012,7.244288643548163,7.498500299940012,7.244288643548162,16,16,0,0
kk_grpo_v1_train_000509,rand12,10,0.031776457048981244,0.04236860939864173,0.5084233127836999,0.131274334882325,1.0,7.498500299940012,7.244288643548163,7.498500299940012,7.244288643548162,16,16,0,0
kk_grpo_v1_train_000509,rand13,10,0.24995000999800038,0.3700852002042747,3.999200159968006,1.0350996674610249,0.9636123758498016,7.498500299940012,6.980628018096008,7.498500299940012,6.980628018096008,16,16,0,0
kk_grpo_v1_train_000509,rand14,10,0.031776457048981244,0.04236860939864173,0.5084233127836999,0.131274334882325,1.0,7.498500299940012,7.244288643548163,7.498500299940012,7.244288643548162,16,16,0,0
kk_grpo_v1_train_000509,rand15,10,0.031776457048981244,0.04236860939864173,0.5084233127836999,0.131274334882325,1.0,7.498500299940012,7.244288643548163,7.498500299940012,7.244288643548162,16,16,0,0
kk_grpo_v1_train_000509,rand16,10,0.24995000999800038,0.3700852002042747,3.999200159968006,1.0350996674610249,0.9636123758498016,7.498500299940012,6.980628018096008,7.498500299940012,6.980628018096008,16,16,0,0
kk_grpo_v1_train_000509,rand17,10,0.24995000999800038,0.3700852002042747,3.999200159968006,1.0350996674610249,0.9636123758498016,7.498500299940012,6.980628018096008,7.498500299940012,6.980628018096008,16,16,0,0
kk_grpo_v1_train_000509,rand18,10,0.24995000999800038,0.3700852002042747,3.999200159968006,1.0350996674610249,0.9636123758498016,7.498500299940012,6.980628018096008,7.498500299940012,6.980628018096008,16,16,0,0
kk_grpo_v1_train_000509,rand19,10,0.031776457048981244,0.04236860939864173,0.5084233127836999,0.131274334882325,1.0,7.498500299940012,7.244288643548163,7.498500299940012,7.244288643548162,16,16,0,0
kk_grpo_v1_train_000510,first8_last8,7,0.12196370424099345,0.16243395874207756,1.9514192678558953,0.5018226911514689,0.9919027162310938,7.683713367182588,7.363101839481534,7.683713367182588,7.363101839481535,16,16,0,0
kk_grpo_v1_train_000510,rand00,7,0.12196370424099345,0.16243395874207756,1.9514192678558953,0.5018226911514689,0.9919027162310939,7.683713367182588,7.363101839481535,7.683713367182588,7.363101839481535,16,16,0,0
kk_grpo_v1_train_000510,rand01,7,0.36589111272298036,0.5221619120253356,5.854257803567686,1.4858880716296636,0.9243864041916474,7.683713367182588,6.861814822162634,7.683713367182588,6.861814822162635,16,16,0,0
kk_grpo_v1_train_000510,rand02,7,0.12196370424099345,0.16243395874207756,1.9514192678558953,0.501822691151469,0.991902716231094,7.683713367182588,7.363101839481535,7.683713367182588,7.363101839481536,16,16,0,0
kk_grpo_v1_train_000510,rand03,7,0.12196370424099345,0.16243395874207756,1.9514192678558953,0.5018226911514689,0.9919027162310939,7.683713367182588,7.363101839481535,7.683713367182588,7.363101839481536,16,16,0,0
kk_grpo_v1_train_000510,rand04,7,0.36589111272298036,0.5221619120253356,5.854257803567686,1.4858880716296636,0.9243864041916474,7.683713367182588,6.861814822162636,7.683713367182588,6.861814822162635,16,16,0,0
kk_grpo_v1_train_000510,rand05,7,0.12196370424099345,0.16243395874207756,1.9514192678558953,0.501822691151469,0.9919027162310939,7.683713367182588,7.363101839481535,7.683713367182588,7.363101839481535,16,16,0,0
kk_grpo_v1_train_000510,rand06,7,0.12196370424099345,0.16243395874207756,1.9514192678558953,0.501822691151469,0.991902716231094,7.683713367182588,7.363101839481535,7.683713367182588,7.363101839481536,16,16,0,0
kk_grpo_v1_train_000510,rand07,7,0.12196370424099345,0.16243395874207756,1.9514192678558953,0.501822691151469,0.9919027162310939,7.683713367182588,7.363101839481535,7.683713367182588,7.363101839481535,16,16,0,0
kk_grpo_v1_train_000510,rand08,7,0.12196370424099345,0.16243395874207756,1.9514192678558953,0.501822691151469,0.9919027162310939,7.683713367182588,7.363101839481535,7.683713367182588,7.363101839481535,16,16,0,0
kk_grpo_v1_train_000510,rand09,7,0.12196370424099345,0.16243395874207756,1.9514192678558953,0.501822691151469,0.991902716231094,7.683713367182588,7.363101839481535,7.683713367182588,7.363101839481536,16,16,0,0
kk_grpo_v1_train_000510,rand10,7,0.36589111272298036,0.5221619120253356,5.854257803567686,1.4858880716296636,0.9243864041916474,7.683713367182588,6.861814822162636,7.683713367182588,6.861814822162635,16,16,0,0
kk_grpo_v1_train_000510,rand11,7,0.12196370424099345,0.16243395874207756,1.9514192678558953,0.501822691151469,0.991902716231094,7.683713367182588,7.363101839481535,7.683713367182588,7.363101839481535,16,16,0,0
kk_grpo_v1_train_000510,rand12,7,0.12196370424099345,0.16243395874207756,1.9514192678558953,0.501822691151469,0.9919027162310938,7.683713367182588,7.363101839481535,7.683713367182588,7.363101839481535,16,16,0,0
kk_grpo_v1_train_000510,rand13,7,0.12196370424099345,0.16243395874207756,1.9514192678558953,0.5018226911514689,0.991902716231094,7.683713367182588,7.363101839481535,7.683713367182588,7.363101839481535,16,16,0,0
kk_grpo_v1_train_000510,rand14,7,0.12196370424099345,0.16243395874207756,1.9514192678558953,0.501822691151469,0.9919027162310939,7.683713367182588,7.363101839481535,7.683713367182588,7.363101839481535,16,16,0,0
kk_grpo_v1_train_000510,rand15,7,0.12196370424099345,0.16243395874207756,1.9514192678558953,0.501822691151469,0.9919027162310938,7.683713367182588,7.363101839481535,7.683713367182588,7.363101839481535,16,16,0,0
kk_grpo_v1_train_000510,rand16,7,0.12196370424099345,0.16243395874207756,1.9514192678558953,0.501822691151469,0.9919027162310939,7.683713367182588,7.363101839481535,7.683713367182588,7.363101839481535,16,16,0,0
kk_grpo_v1_train_000510,rand17,7,0.12196370424099345,0.16243395874207756,1.9514192678558953,0.501822691151469,0.9919027162310939,7.683713367182588,7.363101839481535,7.683713367182588,7.363101839481535,16,16,0,0
kk_grpo_v1_train_000510,rand18,7,0.6098185212049674,1.3765005939178896,9.757096339279478,2.585914265927114,0.7697725570677819,7.683713367182588,5.713844432475384,7.683713367182588,5.713844432475384,16,16,0,0
kk_grpo_v1_train_000510,rand19,7,0.12196370424099345,0.16243395874207756,1.9514192678558953,0.501822691151469,0.9919027162310939,7.683713367182588,7.363101839481535,7.683713367182588,7.363101839481535,16,16,0,0
kk_grpo_v1_train_000597,first8_last8,16,0.0,0.0,0.0,0.0,nan,0.0,0.0,0.0,0.0,0,0,0,0
kk_grpo_v1_train_000597,rand00,16,0.0,0.0,0.0,0.0,nan,0.0,0.0,0.0,0.0,0,0,0,0
kk_grpo_v1_train_000597,rand01,16,0.0,0.0,0.0,0.0,nan,0.0,0.0,0.0,0.0,0,0,0,0
kk_grpo_v1_train_000597,rand02,16,0.0,0.0,0.0,0.0,nan,0.0,0.0,0.0,0.0,0,0,0,0
kk_grpo_v1_train_000597,rand03,16,0.0,0.0,0.0,0.0,nan,0.0,0.0,0.0,0.0,0,0,0,0
kk_grpo_v1_train_000597,rand04,16,0.0,0.0,0.0,0.0,nan,0.0,0.0,0.0,0.0,0,0,0,0
kk_grpo_v1_train_000597,rand05,16,0.0,0.0,0.0,0.0,nan,0.0,0.0,0.0,0.0,0,0,0,0
kk_grpo_v1_train_000597,rand06,16,0.0,0.0,0.0,0.0,nan,0.0,0.0,0.0,0.0,0,0,0,0
kk_grpo_v1_train_000597,rand07,16,0.0,0.0,0.0,0.0,nan,0.0,0.0,0.0,0.0,0,0,0,0
kk_grpo_v1_train_000597,rand08,16,0.0,0.0,0.0,0.0,nan,0.0,0.0,0.0,0.0,0,0,0,0
kk_grpo_v1_train_000597,rand09,16,0.0,0.0,0.0,0.0,nan,0.0,0.0,0.0,0.0,0,0,0,0
kk_grpo_v1_train_000597,rand10,16,0.0,0.0,0.0,0.0,nan,0.0,0.0,0.0,0.0,0,0,0,0
kk_grpo_v1_train_000597,rand11,16,0.0,0.0,0.0,0.0,nan,0.0,0.0,0.0,0.0,0,0,0,0
kk_grpo_v1_train_000597,rand12,16,0.0,0.0,0.0,0.0,nan,0.0,0.0,0.0,0.0,0,0,0,0
kk_grpo_v1_train_000597,rand13,16,0.0,0.0,0.0,0.0,nan,0.0,0.0,0.0,0.0,0,0,0,0
kk_grpo_v1_train_000597,rand14,16,0.0,0.0,0.0,0.0,nan,0.0,0.0,0.0,0.0,0,0,0,0
kk_grpo_v1_train_000597,rand15,16,0.0,0.0,0.0,0.0,nan,0.0,0.0,0.0,0.0,0,0,0,0
kk_grpo_v1_train_000597,rand16,16,0.0,0.0,0.0,0.0,nan,0.0,0.0,0.0,0.0,0,0,0,0
kk_grpo_v1_train_000597,rand17,16,0.0,0.0,0.0,0.0,nan,0.0,0.0,0.0,0.0,0,0,0,0
kk_grpo_v1_train_000597,rand18,16,0.0,0.0,0.0,0.0,nan,0.0,0.0,0.0,0.0,0,0,0,0
kk_grpo_v1_train_000597,rand19,16,0.0,0.0,0.0,0.0,nan,0.0,0.0,0.0,0.0,0,0,0,0
kk_grpo_v1_train_000614,first8_last8,0,0.0,0.0,0.0,0.0,nan,0.0,0.0,0.0,0.0,0,0,0,0
kk_grpo_v1_train_000614,rand00,0,0.0,0.0,0.0,0.0,nan,0.0,0.0,0.0,0.0,0,0,0,0
kk_grpo_v1_train_000614,rand01,0,0.0,0.0,0.0,0.0,nan,0.0,0.0,0.0,0.0,0,0,0,0
kk_grpo_v1_train_000614,rand02,0,0.0,0.0,0.0,0.0,nan,0.0,0.0,0.0,0.0,0,0,0,0
kk_grpo_v1_train_000614,rand03,0,0.0,0.0,0.0,0.0,nan,0.0,0.0,0.0,0.0,0,0,0,0
kk_grpo_v1_train_000614,rand04,0,0.0,0.0,0.0,0.0,nan,0.0,0.0,0.0,0.0,0,0,0,0
kk_grpo_v1_train_000614,rand05,0,0.0,0.0,0.0,0.0,nan,0.0,0.0,0.0,0.0,0,0,0,0
kk_grpo_v1_train_000614,rand06,0,0.0,0.0,0.0,0.0,nan,0.0,0.0,0.0,0.0,0,0,0,0
kk_grpo_v1_train_000614,rand07,0,0.0,0.0,0.0,0.0,nan,0.0,0.0,0.0,0.0,0,0,0,0
kk_grpo_v1_train_000614,rand08,0,0.0,0.0,0.0,0.0,nan,0.0,0.0,0.0,0.0,0,0,0,0
kk_grpo_v1_train_000614,rand09,0,0.0,0.0,0.0,0.0,nan,0.0,0.0,0.0,0.0,0,0,0,0
kk_grpo_v1_train_000614,rand10,0,0.0,0.0,0.0,0.0,nan,0.0,0.0,0.0,0.0,0,0,0,0
kk_grpo_v1_train_000614,rand11,0,0.0,0.0,0.0,0.0,nan,0.0,0.0,0.0,0.0,0,0,0,0
kk_grpo_v1_train_000614,rand12,0,0.0,0.0,0.0,0.0,nan,0.0,0.0,0.0,0.0,0,0,0,0
kk_grpo_v1_train_000614,rand13,0,0.0,0.0,0.0,0.0,nan,0.0,0.0,0.0,0.0,0,0,0,0
kk_grpo_v1_train_000614,rand14,0,0.0,0.0,0.0,0.0,nan,0.0,0.0,0.0,0.0,0,0,0,0
kk_grpo_v1_train_000614,rand15,0,0.0,0.0,0.0,0.0,nan,0.0,0.0,0.0,0.0,0,0,0,0
kk_grpo_v1_train_000614,rand16,0,0.0,0.0,0.0,0.0,nan,0.0,0.0,0.0,0.0,0,0,0,0
kk_grpo_v1_train_000614,rand17,0,0.0,0.0,0.0,0.0,nan,0.0,0.0,0.0,0.0,0,0,0,0
kk_grpo_v1_train_000614,rand18,0,0.0,0.0,0.0,0.0,nan,0.0,0.0,0.0,0.0,0,0,0,0
kk_grpo_v1_train_000614,rand19,0,0.0,0.0,0.0,0.0,nan,0.0,0.0,0.0,0.0,0,0,0,0
kk_grpo_v1_train_000643,first8_last8,16,0.0,0.0,0.0,0.0,nan,0.0,0.0,0.0,0.0,0,0,0,0
kk_grpo_v1_train_000643,rand00,16,0.0,0.0,0.0,0.0,nan,0.0,0.0,0.0,0.0,0,0,0,0
kk_grpo_v1_train_000643,rand01,16,0.0,0.0,0.0,0.0,nan,0.0,0.0,0.0,0.0,0,0,0,0
kk_grpo_v1_train_000643,rand02,16,0.0,0.0,0.0,0.0,nan,0.0,0.0,0.0,0.0,0,0,0,0
kk_grpo_v1_train_000643,rand03,16,0.0,0.0,0.0,0.0,nan,0.0,0.0,0.0,0.0,0,0,0,0
kk_grpo_v1_train_000643,rand04,16,0.0,0.0,0.0,0.0,nan,0.0,0.0,0.0,0.0,0,0,0,0
kk_grpo_v1_train_000643,rand05,16,0.0,0.0,0.0,0.0,nan,0.0,0.0,0.0,0.0,0,0,0,0
kk_grpo_v1_train_000643,rand06,16,0.0,0.0,0.0,0.0,nan,0.0,0.0,0.0,0.0,0,0,0,0
kk_grpo_v1_train_000643,rand07,16,0.0,0.0,0.0,0.0,nan,0.0,0.0,0.0,0.0,0,0,0,0
kk_grpo_v1_train_000643,rand08,16,0.0,0.0,0.0,0.0,nan,0.0,0.0,0.0,0.0,0,0,0,0
kk_grpo_v1_train_000643,rand09,16,0.0,0.0,0.0,0.0,nan,0.0,0.0,0.0,0.0,0,0,0,0
kk_grpo_v1_train_000643,rand10,16,0.0,0.0,0.0,0.0,nan,0.0,0.0,0.0,0.0,0,0,0,0
kk_grpo_v1_train_000643,rand11,16,0.0,0.0,0.0,0.0,nan,0.0,0.0,0.0,0.0,0,0,0,0
kk_grpo_v1_train_000643,rand12,16,0.0,0.0,0.0,0.0,nan,0.0,0.0,0.0,0.0,0,0,0,0
kk_grpo_v1_train_000643,rand13,16,0.0,0.0,0.0,0.0,nan,0.0,0.0,0.0,0.0,0,0,0,0
kk_grpo_v1_train_000643,rand14,16,0.0,0.0,0.0,0.0,nan,0.0,0.0,0.0,0.0,0,0,0,0
kk_grpo_v1_train_000643,rand15,16,0.0,0.0,0.0,0.0,nan,0.0,0.0,0.0,0.0,0,0,0,0
kk_grpo_v1_train_000643,rand16,16,0.0,0.0,0.0,0.0,nan,0.0,0.0,0.0,0.0,0,0,0,0
kk_grpo_v1_train_000643,rand17,16,0.0,0.0,0.0,0.0,nan,0.0,0.0,0.0,0.0,0,0,0,0
kk_grpo_v1_train_000643,rand18,16,0.0,0.0,0.0,0.0,nan,0.0,0.0,0.0,0.0,0,0,0,0
kk_grpo_v1_train_000643,rand19,16,0.0,0.0,0.0,0.0,nan,0.0,0.0,0.0,0.0,0,0,0,0
kk_grpo_v1_train_000648,first8_last8,8,0.032818993427179644,0.032818993427179644,0.5251038948348743,0.13127597370871857,1.0,7.744466982832346,7.481915035414909,7.744466982832346,7.481915035414909,16,16,0,0
kk_grpo_v1_train_000648,rand00,8,0.032818993427179644,0.032818993427179644,0.5251038948348743,0.13127597370871857,1.0,7.744466982832346,7.481915035414909,7.744466982832346,7.481915035414909,16,16,0,0
kk_grpo_v1_train_000648,rand01,8,0.032818993427179644,0.032818993427179644,0.5251038948348743,0.13127597370871857,1.0,7.744466982832346,7.481915035414909,7.744466982832346,7.481915035414909,16,16,0,0
kk_grpo_v1_train_000648,rand02,8,0.032818993427179644,0.032818993427179644,0.5251038948348743,0.13127597370871857,1.0,7.744466982832346,7.481915035414909,7.744466982832346,7.481915035414909,16,16,0,0
kk_grpo_v1_train_000648,rand03,8,0.032818993427179644,0.032818993427179644,0.5251038948348743,0.13127597370871857,1.0,7.744466982832346,7.481915035414909,7.744466982832346,7.481915035414909,16,16,0,0
kk_grpo_v1_train_000648,rand04,8,0.2420145932135108,0.24362950849922704,3.8722334914161727,0.9680942922169059,0.9682458365518543,7.744466982832346,7.2442886435481615,7.744466982832346,7.2442886435481615,16,16,0,0
kk_grpo_v1_train_000648,rand05,8,0.032818993427179644,0.032818993427179644,0.5251038948348743,0.13127597370871857,1.0,7.744466982832346,7.481915035414909,7.744466982832346,7.481915035414909,16,16,0,0
kk_grpo_v1_train_000648,rand06,8,0.7260437796405323,1.5061155592327875,11.616700474248518,3.1345043703906628,0.6614378277661477,7.744466982832346,4.948347864173662,7.744466982832346,4.948347864173662,16,16,0,0
kk_grpo_v1_train_000648,rand07,8,0.032818993427179644,0.032818993427179644,0.5251038948348743,0.13127597370871857,1.0,7.744466982832346,7.481915035414909,7.744466982832346,7.481915035414909,16,16,0,0
kk_grpo_v1_train_000648,rand08,8,0.032818993427179644,0.032818993427179644,0.5251038948348743,0.13127597370871857,1.0,7.744466982832346,7.481915035414909,7.744466982832346,7.481915035414909,16,16,0,0
kk_grpo_v1_train_000648,rand09,8,0.2420145932135108,0.24362950849922704,3.8722334914161727,0.9680942922169059,0.9682458365518543,7.744466982832346,7.2442886435481615,7.744466982832346,7.2442886435481615,16,16,0,0
kk_grpo_v1_train_000648,rand10,8,0.2420145932135108,0.24362950849922704,3.8722334914161727,0.9680942922169059,0.9682458365518543,7.744466982832346,7.2442886435481615,7.744466982832346,7.2442886435481615,16,16,0,0
kk_grpo_v1_train_000648,rand11,8,0.032818993427179644,0.032818993427179644,0.5251038948348743,0.13127597370871857,1.0,7.744466982832346,7.481915035414909,7.744466982832346,7.481915035414909,16,16,0,0
kk_grpo_v1_train_000648,rand12,8,0.032818993427179644,0.032818993427179644,0.5251038948348743,0.13127597370871857,1.0,7.744466982832346,7.481915035414909,7.744466982832346,7.481915035414909,16,16,0,0
kk_grpo_v1_train_000648,rand13,8,0.032818993427179644,0.032818993427179644,0.5251038948348743,0.13127597370871857,1.0,7.744466982832346,7.481915035414909,7.744466982832346,7.481915035414909,16,16,0,0
kk_grpo_v1_train_000648,rand14,8,0.032818993427179644,0.032818993427179644,0.5251038948348743,0.13127597370871857,1.0,7.744466982832346,7.481915035414909,7.744466982832346,7.481915035414909,16,16,0,0
kk_grpo_v1_train_000648,rand15,8,0.2420145932135108,0.24362950849922704,3.8722334914161727,0.9680942922169059,0.9682458365518543,7.744466982832346,7.2442886435481615,7.744466982832346,7.2442886435481615,16,16,0,0
kk_grpo_v1_train_000648,rand16,8,0.032818993427179644,0.032818993427179644,0.5251038948348743,0.13127597370871857,1.0,7.744466982832346,7.481915035414909,7.744466982832346,7.481915035414909,16,16,0,0
kk_grpo_v1_train_000648,rand17,8,0.032818993427179644,0.032818993427179644,0.5251038948348743,0.13127597370871857,1.0,7.744466982832346,7.481915035414909,7.744466982832346,7.481915035414909,16,16,0,0
kk_grpo_v1_train_000648,rand18,8,0.4840291864270216,0.6517768773402335,7.744466982832345,1.9744934172204984,0.8660254037844386,7.744466982832346,6.479341000777108,7.744466982832346,6.479341000777108,16,16,0,0
kk_grpo_v1_train_000648,rand19,8,0.2420145932135108,0.24362950849922704,3.8722334914161727,0.9680942922169059,0.9682458365518541,7.744466982832346,7.244288643548162,7.744466982832346,7.244288643548162,16,16,0,0
kk_grpo_v1_train_000668,first8_last8,16,0.0,0.0,0.0,0.0,nan,0.0,0.0,0.0,0.0,0,0,0,0
kk_grpo_v1_train_000668,rand00,16,0.0,0.0,0.0,0.0,nan,0.0,0.0,0.0,0.0,0,0,0,0
kk_grpo_v1_train_000668,rand01,16,0.0,0.0,0.0,0.0,nan,0.0,0.0,0.0,0.0,0,0,0,0
kk_grpo_v1_train_000668,rand02,16,0.0,0.0,0.0,0.0,nan,0.0,0.0,0.0,0.0,0,0,0,0
kk_grpo_v1_train_000668,rand03,16,0.0,0.0,0.0,0.0,nan,0.0,0.0,0.0,0.0,0,0,0,0
kk_grpo_v1_train_000668,rand04,16,0.0,0.0,0.0,0.0,nan,0.0,0.0,0.0,0.0,0,0,0,0
kk_grpo_v1_train_000668,rand05,16,0.0,0.0,0.0,0.0,nan,0.0,0.0,0.0,0.0,0,0,0,0
kk_grpo_v1_train_000668,rand06,16,0.0,0.0,0.0,0.0,nan,0.0,0.0,0.0,0.0,0,0,0,0
kk_grpo_v1_train_000668,rand07,16,0.0,0.0,0.0,0.0,nan,0.0,0.0,0.0,0.0,0,0,0,0
kk_grpo_v1_train_000668,rand08,16,0.0,0.0,0.0,0.0,nan,0.0,0.0,0.0,0.0,0,0,0,0
kk_grpo_v1_train_000668,rand09,16,0.0,0.0,0.0,0.0,nan,0.0,0.0,0.0,0.0,0,0,0,0
kk_grpo_v1_train_000668,rand10,16,0.0,0.0,0.0,0.0,nan,0.0,0.0,0.0,0.0,0,0,0,0
kk_grpo_v1_train_000668,rand11,16,0.0,0.0,0.0,0.0,nan,0.0,0.0,0.0,0.0,0,0,0,0
kk_grpo_v1_train_000668,rand12,16,0.0,0.0,0.0,0.0,nan,0.0,0.0,0.0,0.0,0,0,0,0
kk_grpo_v1_train_000668,rand13,16,0.0,0.0,0.0,0.0,nan,0.0,0.0,0.0,0.0,0,0,0,0
kk_grpo_v1_train_000668,rand14,16,0.0,0.0,0.0,0.0,nan,0.0,0.0,0.0,0.0,0,0,0,0
kk_grpo_v1_train_000668,rand15,16,0.0,0.0,0.0,0.0,nan,0.0,0.0,0.0,0.0,0,0,0,0
kk_grpo_v1_train_000668,rand16,16,0.0,0.0,0.0,0.0,nan,0.0,0.0,0.0,0.0,0,0,0,0
kk_grpo_v1_train_000668,rand17,16,0.0,0.0,0.0,0.0,nan,0.0,0.0,0.0,0.0,0,0,0,0
kk_grpo_v1_train_000668,rand18,16,0.0,0.0,0.0,0.0,nan,0.0,0.0,0.0,0.0,0,0,0,0
kk_grpo_v1_train_000668,rand19,16,0.0,0.0,0.0,0.0,nan,0.0,0.0,0.0,0.0,0,0,0,0
kk_grpo_v1_train_000673,first8_last8,16,0.0,0.0,0.0,0.0,nan,0.0,0.0,0.0,0.0,0,0,0,0
kk_grpo_v1_train_000673,rand00,16,0.0,0.0,0.0,0.0,nan,0.0,0.0,0.0,0.0,0,0,0,0
kk_grpo_v1_train_000673,rand01,16,0.0,0.0,0.0,0.0,nan,0.0,0.0,0.0,0.0,0,0,0,0
kk_grpo_v1_train_000673,rand02,16,0.0,0.0,0.0,0.0,nan,0.0,0.0,0.0,0.0,0,0,0,0
kk_grpo_v1_train_000673,rand03,16,0.0,0.0,0.0,0.0,nan,0.0,0.0,0.0,0.0,0,0,0,0
kk_grpo_v1_train_000673,rand04,16,0.0,0.0,0.0,0.0,nan,0.0,0.0,0.0,0.0,0,0,0,0
kk_grpo_v1_train_000673,rand05,16,0.0,0.0,0.0,0.0,nan,0.0,0.0,0.0,0.0,0,0,0,0
kk_grpo_v1_train_000673,rand06,16,0.0,0.0,0.0,0.0,nan,0.0,0.0,0.0,0.0,0,0,0,0
kk_grpo_v1_train_000673,rand07,16,0.0,0.0,0.0,0.0,nan,0.0,0.0,0.0,0.0,0,0,0,0
kk_grpo_v1_train_000673,rand08,16,0.0,0.0,0.0,0.0,nan,0.0,0.0,0.0,0.0,0,0,0,0
kk_grpo_v1_train_000673,rand09,16,0.0,0.0,0.0,0.0,nan,0.0,0.0,0.0,0.0,0,0,0,0
kk_grpo_v1_train_000673,rand10,16,0.0,0.0,0.0,0.0,nan,0.0,0.0,0.0,0.0,0,0,0,0
kk_grpo_v1_train_000673,rand11,16,0.0,0.0,0.0,0.0,nan,0.0,0.0,0.0,0.0,0,0,0,0
kk_grpo_v1_train_000673,rand12,16,0.0,0.0,0.0,0.0,nan,0.0,0.0,0.0,0.0,0,0,0,0
kk_grpo_v1_train_000673,rand13,16,0.0,0.0,0.0,0.0,nan,0.0,0.0,0.0,0.0,0,0,0,0
kk_grpo_v1_train_000673,rand14,16,0.0,0.0,0.0,0.0,nan,0.0,0.0,0.0,0.0,0,0,0,0
kk_grpo_v1_train_000673,rand15,16,0.0,0.0,0.0,0.0,nan,0.0,0.0,0.0,0.0,0,0,0,0
kk_grpo_v1_train_000673,rand16,16,0.0,0.0,0.0,0.0,nan,0.0,0.0,0.0,0.0,0,0,0,0
kk_grpo_v1_train_000673,rand17,16,0.0,0.0,0.0,0.0,nan,0.0,0.0,0.0,0.0,0,0,0,0
kk_grpo_v1_train_000673,rand18,16,0.0,0.0,0.0,0.0,nan,0.0,0.0,0.0,0.0,0,0,0,0
kk_grpo_v1_train_000673,rand19,16,0.0,0.0,0.0,0.0,nan,0.0,0.0,0.0,0.0,0,0,0,0
kk_grpo_v1_train_000684,first8_last8,11,0.39159292480619323,1.0383332077974556,6.265486796899092,1.7397152823745468,0.8961216640983372,7.1792036214468755,6.215131449794285,7.1792036214468755,6.215131449794285,16,16,0,0
kk_grpo_v1_train_000684,rand00,11,0.13053097493539773,0.22845928369801483,2.0884955989663636,0.5711982268193134,0.9893329628687376,7.1792036214468755,6.861814822162636,7.1792036214468755,6.861814822162635,16,16,0,0
kk_grpo_v1_train_000684,rand01,11,0.39159292480619323,1.0383332077974556,6.265486796899092,1.739715282374547,0.8961216640983373,7.1792036214468755,6.215131449794285,7.1792036214468755,6.215131449794286,16,16,0,0
kk_grpo_v1_train_000684,rand02,11,0.6526548746769887,0.7114118599345589,10.442477994831819,2.6194209177961993,0.7385489458759964,7.1792036214468755,3.6221443217740807,7.1792036214468755,3.622144321774081,16,8,0,8
kk_grpo_v1_train_000684,rand03,11,0.39159292480619323,1.0383332077974556,6.265486796899092,1.739715282374547,0.8961216640983373,7.1792036214468755,6.215131449794285,7.1792036214468755,6.215131449794285,16,16,0,0
kk_grpo_v1_train_000684,rand04,11,0.13053097493539773,0.22845928369801483,2.0884955989663636,0.5711982268193134,0.9893329628687375,7.1792036214468755,6.861814822162635,7.1792036214468755,6.861814822162635,16,16,0,0
kk_grpo_v1_train_000684,rand05,11,0.39159292480619323,1.0383332077974556,6.265486796899092,1.739715282374547,0.8961216640983372,7.1792036214468755,6.215131449794285,7.1792036214468755,6.215131449794286,16,16,0,0
kk_grpo_v1_train_000684,rand06,11,0.13053097493539773,0.22845928369801483,2.0884955989663636,0.5711982268193134,0.9893329628687376,7.1792036214468755,6.861814822162636,7.1792036214468755,6.861814822162635,16,16,0,0
kk_grpo_v1_train_000684,rand07,11,0.6526548746769887,0.7114118599345589,10.442477994831819,2.6194209177961993,0.7385489458759964,7.1792036214468755,3.6221443217740807,7.1792036214468755,3.622144321774081,16,8,0,8
kk_grpo_v1_train_000684,rand08,11,0.13053097493539773,0.22845928369801483,2.0884955989663636,0.5711982268193134,0.9893329628687375,7.1792036214468755,6.861814822162636,7.1792036214468755,6.861814822162635,16,16,0,0
kk_grpo_v1_train_000684,rand09,11,0.13053097493539773,0.22845928369801483,2.0884955989663636,0.5711982268193134,0.9893329628687376,7.1792036214468755,6.861814822162636,7.1792036214468755,6.861814822162635,16,16,0,0
kk_grpo_v1_train_000684,rand10,11,0.3915929248061932,1.0383332077974556,6.265486796899091,1.739715282374547,0.8961216640983373,7.1792036214468755,6.215131449794285,7.1792036214468755,6.215131449794285,16,16,0,0
kk_grpo_v1_train_000684,rand11,11,0.13053097493539773,0.22845928369801483,2.0884955989663636,0.5711982268193134,0.9893329628687376,7.1792036214468755,6.8618148221626365,7.1792036214468755,6.861814822162635,16,16,0,0
kk_grpo_v1_train_000684,rand12,11,0.39159292480619323,1.0383332077974556,6.265486796899092,1.739715282374547,0.8961216640983373,7.1792036214468755,6.215131449794285,7.1792036214468755,6.215131449794285,16,16,0,0
kk_grpo_v1_train_000684,rand13,11,0.13053097493539773,0.22845928369801483,2.0884955989663636,0.5711982268193134,0.9893329628687377,7.1792036214468755,6.861814822162636,7.1792036214468755,6.861814822162635,16,16,0,0
kk_grpo_v1_train_000684,rand14,11,0.13053097493539773,0.22845928369801483,2.0884955989663636,0.5711982268193134,0.9893329628687375,7.1792036214468755,6.861814822162635,7.1792036214468755,6.861814822162635,16,16,0,0
kk_grpo_v1_train_000684,rand15,11,0.39159292480619323,1.0383332077974556,6.265486796899092,1.739715282374547,0.8961216640983373,7.1792036214468755,6.215131449794285,7.1792036214468755,6.215131449794286,16,16,0,0
kk_grpo_v1_train_000684,rand16,11,0.13053097493539773,0.22845928369801483,2.0884955989663636,0.5711982268193134,0.9893329628687376,7.1792036214468755,6.861814822162636,7.1792036214468755,6.861814822162635,16,16,0,0
kk_grpo_v1_train_000684,rand17,11,0.13053097493539773,0.22845928369801483,2.0884955989663636,0.5711982268193134,0.9893329628687376,7.1792036214468755,6.861814822162636,7.1792036214468755,6.861814822162635,16,16,0,0
kk_grpo_v1_train_000684,rand18,11,0.39159292480619323,1.0383332077974556,6.265486796899092,1.7397152823745468,0.8961216640983373,7.1792036214468755,6.215131449794285,7.1792036214468755,6.215131449794285,16,16,0,0
kk_grpo_v1_train_000684,rand19,11,0.13053097493539773,0.22845928369801483,2.0884955989663636,0.5711982268193134,0.9893329628687375,7.1792036214468755,6.861814822162635,7.1792036214468755,6.861814822162635,16,16,0,0
kk_grpo_v1_train_000725,first8_last8,12,0.02842040838218446,0.05684081676436903,0.45472653411495134,0.13126824343946647,1.0,6.706704267834585,6.479341000777108,6.706704267834583,6.479341000777107,16,16,0,0
kk_grpo_v1_train_000725,rand00,12,0.2794460111597743,0.797497865128185,4.471136178556389,1.3149762555890876,0.9409062372905538,6.706704267834585,6.096318253860911,6.706704267834583,6.096318253860912,16,16,0,0
kk_grpo_v1_train_000725,rand01,12,0.02842040838218446,0.05684081676436903,0.45472653411495134,0.13126824343946647,1.0,6.706704267834585,6.479341000777108,6.706704267834583,6.479341000777107,16,16,0,0
kk_grpo_v1_train_000725,rand02,12,0.2794460111597743,0.797497865128185,4.471136178556389,1.3149762555890876,0.9409062372905537,6.706704267834585,6.096318253860913,6.706704267834583,6.096318253860912,16,16,0,0
kk_grpo_v1_train_000725,rand03,12,0.02842040838218446,0.05684081676436903,0.45472653411495134,0.13126824343946647,1.0,6.706704267834585,6.479341000777108,6.706704267834583,6.479341000777107,16,16,0,0
kk_grpo_v1_train_000725,rand04,12,0.02842040838218446,0.05684081676436903,0.45472653411495134,0.13126824343946647,1.0,6.706704267834585,6.479341000777108,6.706704267834583,6.479341000777107,16,16,0,0
kk_grpo_v1_train_000725,rand05,12,0.02842040838218446,0.05684081676436903,0.45472653411495134,0.13126824343946647,1.0,6.706704267834585,6.479341000777108,6.706704267834583,6.479341000777107,16,16,0,0
kk_grpo_v1_train_000725,rand06,12,0.02842040838218446,0.05684081676436903,0.45472653411495134,0.13126824343946647,1.0,6.706704267834585,6.479341000777108,6.706704267834583,6.479341000777107,16,16,0,0
kk_grpo_v1_train_000725,rand07,12,0.2794460111597743,0.797497865128185,4.471136178556389,1.3149762555890876,0.9409062372905537,6.706704267834585,6.096318253860911,6.706704267834583,6.096318253860912,16,16,0,0
kk_grpo_v1_train_000725,rand08,12,0.02842040838218446,0.05684081676436903,0.45472653411495134,0.13126824343946647,1.0,6.706704267834585,6.479341000777108,6.706704267834583,6.479341000777107,16,16,0,0
kk_grpo_v1_train_000725,rand09,12,0.02842040838218446,0.05684081676436903,0.45472653411495134,0.13126824343946647,1.0,6.706704267834585,6.479341000777108,6.706704267834583,6.479341000777107,16,16,0,0
kk_grpo_v1_train_000725,rand10,12,0.2794460111597743,0.797497865128185,4.471136178556389,1.3149762555890876,0.9409062372905537,6.706704267834585,6.096318253860913,6.706704267834583,6.096318253860911,16,16,0,0
kk_grpo_v1_train_000725,rand11,12,0.02842040838218446,0.05684081676436903,0.45472653411495134,0.13126824343946647,1.0,6.706704267834585,6.479341000777108,6.706704267834583,6.479341000777107,16,16,0,0
kk_grpo_v1_train_000725,rand12,12,0.02842040838218446,0.05684081676436903,0.45472653411495134,0.13126824343946647,1.0,6.706704267834585,6.479341000777108,6.706704267834583,6.479341000777107,16,16,0,0
kk_grpo_v1_train_000725,rand13,12,0.2794460111597743,0.797497865128185,4.471136178556389,1.3149762555890876,0.9409062372905537,6.706704267834585,6.096318253860911,6.706704267834583,6.096318253860912,16,16,0,0
kk_grpo_v1_train_000725,rand14,12,0.02842040838218446,0.05684081676436903,0.45472653411495134,0.13126824343946647,1.0,6.706704267834585,6.479341000777108,6.706704267834583,6.479341000777107,16,16,0,0
kk_grpo_v1_train_000725,rand15,12,0.02842040838218446,0.05684081676436903,0.45472653411495134,0.13126824343946647,1.0,6.706704267834585,6.479341000777108,6.706704267834583,6.479341000777107,16,16,0,0
kk_grpo_v1_train_000725,rand16,12,0.2794460111597743,0.797497865128185,4.471136178556389,1.3149762555890876,0.9409062372905537,6.706704267834585,6.096318253860911,6.706704267834583,6.096318253860912,16,16,0,0
kk_grpo_v1_train_000725,rand17,12,0.2794460111597743,0.797497865128185,4.471136178556389,1.3149762555890876,0.9409062372905537,6.706704267834585,6.096318253860911,6.706704267834583,6.096318253860912,16,16,0,0
kk_grpo_v1_train_000725,rand18,12,0.02842040838218446,0.05684081676436903,0.45472653411495134,0.13126824343946647,1.0,6.706704267834585,6.479341000777108,6.706704267834583,6.479341000777107,16,16,0,0
kk_grpo_v1_train_000725,rand19,12,0.02842040838218446,0.05684081676436903,0.45472653411495134,0.13126824343946647,1.0,6.706704267834585,6.479341000777108,6.706704267834583,6.479341000777107,16,16,0,0
kk_grpo_v1_train_000734,first8_last8,16,0.0,0.0,0.0,0.0,nan,0.0,0.0,0.0,0.0,0,0,0,0
kk_grpo_v1_train_000734,rand00,16,0.0,0.0,0.0,0.0,nan,0.0,0.0,0.0,0.0,0,0,0,0
kk_grpo_v1_train_000734,rand01,16,0.0,0.0,0.0,0.0,nan,0.0,0.0,0.0,0.0,0,0,0,0
kk_grpo_v1_train_000734,rand02,16,0.0,0.0,0.0,0.0,nan,0.0,0.0,0.0,0.0,0,0,0,0
kk_grpo_v1_train_000734,rand03,16,0.0,0.0,0.0,0.0,nan,0.0,0.0,0.0,0.0,0,0,0,0
kk_grpo_v1_train_000734,rand04,16,0.0,0.0,0.0,0.0,nan,0.0,0.0,0.0,0.0,0,0,0,0
kk_grpo_v1_train_000734,rand05,16,0.0,0.0,0.0,0.0,nan,0.0,0.0,0.0,0.0,0,0,0,0
kk_grpo_v1_train_000734,rand06,16,0.0,0.0,0.0,0.0,nan,0.0,0.0,0.0,0.0,0,0,0,0
kk_grpo_v1_train_000734,rand07,16,0.0,0.0,0.0,0.0,nan,0.0,0.0,0.0,0.0,0,0,0,0
kk_grpo_v1_train_000734,rand08,16,0.0,0.0,0.0,0.0,nan,0.0,0.0,0.0,0.0,0,0,0,0
kk_grpo_v1_train_000734,rand09,16,0.0,0.0,0.0,0.0,nan,0.0,0.0,0.0,0.0,0,0,0,0
kk_grpo_v1_train_000734,rand10,16,0.0,0.0,0.0,0.0,nan,0.0,0.0,0.0,0.0,0,0,0,0
kk_grpo_v1_train_000734,rand11,16,0.0,0.0,0.0,0.0,nan,0.0,0.0,0.0,0.0,0,0,0,0
kk_grpo_v1_train_000734,rand12,16,0.0,0.0,0.0,0.0,nan,0.0,0.0,0.0,0.0,0,0,0,0
kk_grpo_v1_train_000734,rand13,16,0.0,0.0,0.0,0.0,nan,0.0,0.0,0.0,0.0,0,0,0,0
kk_grpo_v1_train_000734,rand14,16,0.0,0.0,0.0,0.0,nan,0.0,0.0,0.0,0.0,0,0,0,0
kk_grpo_v1_train_000734,rand15,16,0.0,0.0,0.0,0.0,nan,0.0,0.0,0.0,0.0,0,0,0,0
kk_grpo_v1_train_000734,rand16,16,0.0,0.0,0.0,0.0,nan,0.0,0.0,0.0,0.0,0,0,0,0
kk_grpo_v1_train_000734,rand17,16,0.0,0.0,0.0,0.0,nan,0.0,0.0,0.0,0.0,0,0,0,0
kk_grpo_v1_train_000734,rand18,16,0.0,0.0,0.0,0.0,nan,0.0,0.0,0.0,0.0,0,0,0,0
kk_grpo_v1_train_000734,rand19,16,0.0,0.0,0.0,0.0,nan,0.0,0.0,0.0,0.0,0,0,0,0
kk_grpo_v1_train_000794,first8_last8,13,0.1550049662368162,0.45910937100822036,2.480079459789059,0.8024978335582992,0.9783638454036059,6.04519368323583,5.713844432475384,6.045193683235832,5.713844432475384,16,16,0,0
kk_grpo_v1_train_000794,rand00,13,0.15500496623681623,0.45910937100822036,2.4800794597890596,0.8024978335582992,0.978363845403606,6.04519368323583,5.713844432475384,6.045193683235832,5.713844432475384,16,16,0,0
kk_grpo_v1_train_000794,rand01,13,0.15500496623681623,0.45910937100822036,2.4800794597890596,0.8024978335582992,0.9783638454036059,6.04519368323583,5.713844432475384,6.045193683235832,5.713844432475384,16,16,0,0
kk_grpo_v1_train_000794,rand02,13,0.1550049662368162,0.45910937100822036,2.480079459789059,0.8024978335582992,0.9783638454036059,6.04519368323583,5.713844432475384,6.045193683235832,5.713844432475384,16,16,0,0
kk_grpo_v1_train_000794,rand03,13,0.15500496623681623,0.45910937100822036,2.4800794597890596,0.8024978335582992,0.9783638454036059,6.04519368323583,5.713844432475384,6.045193683235832,5.713844432475384,16,16,0,0
kk_grpo_v1_train_000794,rand04,13,0.1550049662368162,0.45910937100822036,2.480079459789059,0.8024978335582992,0.978363845403606,6.04519368323583,5.713844432475384,6.045193683235832,5.713844432475384,16,16,0,0
kk_grpo_v1_train_000794,rand05,13,0.15500496623681623,0.45910937100822036,2.4800794597890596,0.8024978335582992,0.9783638454036059,6.04519368323583,5.713844432475384,6.045193683235832,5.713844432475384,16,16,0,0
kk_grpo_v1_train_000794,rand06,13,0.46501489871044854,0.8076831204872501,7.440238379367177,2.0058526729045334,0.8770580193070292,6.04519368323583,3.622144321774081,6.045193683235832,3.6221443217740807,16,8,0,8
kk_grpo_v1_train_000794,rand07,13,0.1550049662368162,0.45910937100822036,2.480079459789059,0.8024978335582992,0.978363845403606,6.04519368323583,5.713844432475384,6.045193683235832,5.713844432475384,16,16,0,0
kk_grpo_v1_train_000794,rand08,13,0.1550049662368162,0.45910937100822036,2.480079459789059,0.8024978335582992,0.9783638454036059,6.04519368323583,5.713844432475384,6.045193683235832,5.713844432475384,16,16,0,0
kk_grpo_v1_train_000794,rand09,13,0.46501489871044854,0.8076831204872501,7.440238379367177,2.0058526729045334,0.877058019307029,6.04519368323583,3.622144321774081,6.045193683235832,3.6221443217740807,16,8,0,8
kk_grpo_v1_train_000794,rand10,13,0.46501489871044854,0.8076831204872501,7.440238379367177,2.0058526729045334,0.8770580193070292,6.04519368323583,3.622144321774081,6.045193683235832,3.6221443217740807,16,8,0,8
kk_grpo_v1_train_000794,rand11,13,0.46501489871044854,0.8076831204872501,7.440238379367177,2.0058526729045334,0.8770580193070292,6.04519368323583,3.622144321774081,6.045193683235832,3.6221443217740807,16,8,0,8
kk_grpo_v1_train_000794,rand12,13,0.46501489871044854,0.8076831204872501,7.440238379367177,2.0058526729045334,0.8770580193070293,6.04519368323583,3.622144321774081,6.045193683235832,3.6221443217740807,16,8,0,8
kk_grpo_v1_train_000794,rand13,13,0.15500496623681623,0.45910937100822036,2.4800794597890596,0.8024978335582992,0.978363845403606,6.04519368323583,5.713844432475384,6.045193683235832,5.713844432475384,16,16,0,0
kk_grpo_v1_train_000794,rand14,13,0.1550049662368162,0.45910937100822036,2.480079459789059,0.8024978335582992,0.9783638454036059,6.04519368323583,5.713844432475384,6.045193683235832,5.713844432475384,16,16,0,0
kk_grpo_v1_train_000794,rand15,13,0.15500496623681623,0.45910937100822036,2.4800794597890596,0.8024978335582992,0.978363845403606,6.04519368323583,5.713844432475384,6.045193683235832,5.713844432475384,16,16,0,0
kk_grpo_v1_train_000794,rand16,13,0.15500496623681623,0.45910937100822036,2.4800794597890596,0.8024978335582992,0.9783638454036059,6.04519368323583,5.713844432475384,6.045193683235832,5.713844432475384,16,16,0,0
kk_grpo_v1_train_000794,rand17,13,0.1550049662368162,0.45910937100822036,2.480079459789059,0.8024978335582992,0.9783638454036059,6.04519368323583,5.713844432475384,6.045193683235832,5.713844432475384,16,16,0,0
kk_grpo_v1_train_000794,rand18,13,0.46501489871044854,0.8076831204872501,7.440238379367177,2.0058526729045334,0.8770580193070292,6.04519368323583,3.622144321774081,6.045193683235832,3.6221443217740807,16,8,0,8
kk_grpo_v1_train_000794,rand19,13,0.1550049662368162,0.45910937100822036,2.480079459789059,0.8024978335582992,0.9783638454036062,6.04519368323583,5.713844432475384,6.045193683235832,5.713844432475384,16,16,0,0
kk_grpo_v1_train_000892,first8_last8,16,0.0,0.0,0.0,0.0,nan,0.0,0.0,0.0,0.0,0,0,0,0
kk_grpo_v1_train_000892,rand00,16,0.0,0.0,0.0,0.0,nan,0.0,0.0,0.0,0.0,0,0,0,0
kk_grpo_v1_train_000892,rand01,16,0.0,0.0,0.0,0.0,nan,0.0,0.0,0.0,0.0,0,0,0,0
kk_grpo_v1_train_000892,rand02,16,0.0,0.0,0.0,0.0,nan,0.0,0.0,0.0,0.0,0,0,0,0
kk_grpo_v1_train_000892,rand03,16,0.0,0.0,0.0,0.0,nan,0.0,0.0,0.0,0.0,0,0,0,0
kk_grpo_v1_train_000892,rand04,16,0.0,0.0,0.0,0.0,nan,0.0,0.0,0.0,0.0,0,0,0,0
kk_grpo_v1_train_000892,rand05,16,0.0,0.0,0.0,0.0,nan,0.0,0.0,0.0,0.0,0,0,0,0
kk_grpo_v1_train_000892,rand06,16,0.0,0.0,0.0,0.0,nan,0.0,0.0,0.0,0.0,0,0,0,0
kk_grpo_v1_train_000892,rand07,16,0.0,0.0,0.0,0.0,nan,0.0,0.0,0.0,0.0,0,0,0,0
kk_grpo_v1_train_000892,rand08,16,0.0,0.0,0.0,0.0,nan,0.0,0.0,0.0,0.0,0,0,0,0
kk_grpo_v1_train_000892,rand09,16,0.0,0.0,0.0,0.0,nan,0.0,0.0,0.0,0.0,0,0,0,0
kk_grpo_v1_train_000892,rand10,16,0.0,0.0,0.0,0.0,nan,0.0,0.0,0.0,0.0,0,0,0,0
kk_grpo_v1_train_000892,rand11,16,0.0,0.0,0.0,0.0,nan,0.0,0.0,0.0,0.0,0,0,0,0
kk_grpo_v1_train_000892,rand12,16,0.0,0.0,0.0,0.0,nan,0.0,0.0,0.0,0.0,0,0,0,0
kk_grpo_v1_train_000892,rand13,16,0.0,0.0,0.0,0.0,nan,0.0,0.0,0.0,0.0,0,0,0,0
kk_grpo_v1_train_000892,rand14,16,0.0,0.0,0.0,0.0,nan,0.0,0.0,0.0,0.0,0,0,0,0
kk_grpo_v1_train_000892,rand15,16,0.0,0.0,0.0,0.0,nan,0.0,0.0,0.0,0.0,0,0,0,0
kk_grpo_v1_train_000892,rand16,16,0.0,0.0,0.0,0.0,nan,0.0,0.0,0.0,0.0,0,0,0,0
kk_grpo_v1_train_000892,rand17,16,0.0,0.0,0.0,0.0,nan,0.0,0.0,0.0,0.0,0,0,0,0
kk_grpo_v1_train_000892,rand18,16,0.0,0.0,0.0,0.0,nan,0.0,0.0,0.0,0.0,0,0,0,0
kk_grpo_v1_train_000892,rand19,16,0.0,0.0,0.0,0.0,nan,0.0,0.0,0.0,0.0,0,0,0,0
kk_grpo_v1_train_000943,first8_last8,13,0.1550049662368162,0.45910937100822036,2.480079459789059,0.8024978335582992,0.9783638454036058,6.04519368323583,5.713844432475384,6.045193683235832,5.713844432475384,16,16,0,0
kk_grpo_v1_train_000943,rand00,13,0.1550049662368162,0.45910937100822036,2.480079459789059,0.8024978335582992,0.9783638454036059,6.04519368323583,5.713844432475384,6.045193683235832,5.713844432475384,16,16,0,0
kk_grpo_v1_train_000943,rand01,13,0.46501489871044854,0.8076831204872501,7.440238379367177,2.0058526729045334,0.8770580193070292,6.04519368323583,3.622144321774081,6.045193683235832,3.6221443217740807,16,8,0,8
kk_grpo_v1_train_000943,rand02,13,0.1550049662368162,0.45910937100822036,2.480079459789059,0.8024978335582991,0.9783638454036058,6.04519368323583,5.713844432475384,6.045193683235832,5.713844432475384,16,16,0,0
kk_grpo_v1_train_000943,rand03,13,0.1550049662368162,0.45910937100822036,2.480079459789059,0.8024978335582992,0.9783638454036059,6.04519368323583,5.713844432475384,6.045193683235832,5.713844432475384,16,16,0,0
kk_grpo_v1_train_000943,rand04,13,0.4650148987104486,0.8076831204872501,7.440238379367178,2.0058526729045334,0.8770580193070292,6.04519368323583,3.622144321774081,6.045193683235832,3.6221443217740807,16,8,0,8
kk_grpo_v1_train_000943,rand05,13,0.15500496623681623,0.45910937100822036,2.4800794597890596,0.8024978335582991,0.9783638454036058,6.04519368323583,5.713844432475384,6.045193683235832,5.713844432475384,16,16,0,0
kk_grpo_v1_train_000943,rand06,13,0.4650148987104486,0.8076831204872501,7.440238379367178,2.0058526729045334,0.8770580193070292,6.04519368323583,3.622144321774081,6.045193683235832,3.6221443217740807,16,8,0,8
kk_grpo_v1_train_000943,rand07,13,0.15500496623681623,0.45910937100822036,2.4800794597890596,0.8024978335582992,0.9783638454036058,6.04519368323583,5.713844432475384,6.045193683235832,5.713844432475384,16,16,0,0
kk_grpo_v1_train_000943,rand08,13,0.15500496623681623,0.45910937100822036,2.4800794597890596,0.8024978335582992,0.9783638454036058,6.04519368323583,5.713844432475384,6.045193683235832,5.713844432475384,16,16,0,0
kk_grpo_v1_train_000943,rand09,13,0.1550049662368162,0.45910937100822036,2.480079459789059,0.8024978335582992,0.9783638454036059,6.04519368323583,5.713844432475384,6.045193683235832,5.713844432475384,16,16,0,0
kk_grpo_v1_train_000943,rand10,13,0.1550049662368162,0.45910937100822036,2.480079459789059,0.8024978335582992,0.9783638454036058,6.04519368323583,5.713844432475384,6.045193683235832,5.713844432475384,16,16,0,0
kk_grpo_v1_train_000943,rand11,13,0.1550049662368162,0.45910937100822036,2.480079459789059,0.8024978335582992,0.9783638454036058,6.04519368323583,5.713844432475384,6.045193683235832,5.713844432475384,16,16,0,0
kk_grpo_v1_train_000943,rand12,13,0.1550049662368162,0.45910937100822036,2.480079459789059,0.8024978335582992,0.9783638454036059,6.04519368323583,5.713844432475384,6.045193683235832,5.713844432475384,16,16,0,0
kk_grpo_v1_train_000943,rand13,13,0.1550049662368162,0.45910937100822036,2.480079459789059,0.8024978335582992,0.9783638454036059,6.04519368323583,5.713844432475384,6.045193683235832,5.713844432475384,16,16,0,0
kk_grpo_v1_train_000943,rand14,13,0.1550049662368162,0.45910937100822036,2.480079459789059,0.8024978335582992,0.9783638454036058,6.04519368323583,5.713844432475384,6.045193683235832,5.713844432475384,16,16,0,0
kk_grpo_v1_train_000943,rand15,13,0.4650148987104486,0.8076831204872501,7.440238379367178,2.0058526729045334,0.877058019307029,6.04519368323583,3.622144321774081,6.045193683235832,3.6221443217740807,16,8,0,8
kk_grpo_v1_train_000943,rand16,13,0.46501489871044854,0.8076831204872501,7.440238379367177,2.0058526729045334,0.8770580193070292,6.04519368323583,3.622144321774081,6.045193683235832,3.6221443217740807,16,8,0,8
kk_grpo_v1_train_000943,rand17,13,0.1550049662368162,0.45910937100822036,2.480079459789059,0.8024978335582992,0.9783638454036058,6.04519368323583,5.713844432475384,6.045193683235832,5.713844432475384,16,16,0,0
kk_grpo_v1_train_000943,rand18,13,0.1550049662368162,0.45910937100822036,2.480079459789059,0.8024978335582992,0.9783638454036058,6.04519368323583,5.713844432475384,6.045193683235832,5.713844432475384,16,16,0,0
kk_grpo_v1_train_000943,rand19,13,0.15500496623681623,0.45910937100822036,2.4800794597890596,0.8024978335582992,0.9783638454036057,6.04519368323583,5.713844432475384,6.045193683235832,5.713844432475384,16,16,0,0
kk_grpo_v1_train_000967,first8_last8,16,0.0,0.0,0.0,0.0,nan,0.0,0.0,0.0,0.0,0,0,0,0
kk_grpo_v1_train_000967,rand00,16,0.0,0.0,0.0,0.0,nan,0.0,0.0,0.0,0.0,0,0,0,0
kk_grpo_v1_train_000967,rand01,16,0.0,0.0,0.0,0.0,nan,0.0,0.0,0.0,0.0,0,0,0,0
kk_grpo_v1_train_000967,rand02,16,0.0,0.0,0.0,0.0,nan,0.0,0.0,0.0,0.0,0,0,0,0
kk_grpo_v1_train_000967,rand03,16,0.0,0.0,0.0,0.0,nan,0.0,0.0,0.0,0.0,0,0,0,0
kk_grpo_v1_train_000967,rand04,16,0.0,0.0,0.0,0.0,nan,0.0,0.0,0.0,0.0,0,0,0,0
kk_grpo_v1_train_000967,rand05,16,0.0,0.0,0.0,0.0,nan,0.0,0.0,0.0,0.0,0,0,0,0
kk_grpo_v1_train_000967,rand06,16,0.0,0.0,0.0,0.0,nan,0.0,0.0,0.0,0.0,0,0,0,0
kk_grpo_v1_train_000967,rand07,16,0.0,0.0,0.0,0.0,nan,0.0,0.0,0.0,0.0,0,0,0,0
kk_grpo_v1_train_000967,rand08,16,0.0,0.0,0.0,0.0,nan,0.0,0.0,0.0,0.0,0,0,0,0
kk_grpo_v1_train_000967,rand09,16,0.0,0.0,0.0,0.0,nan,0.0,0.0,0.0,0.0,0,0,0,0
kk_grpo_v1_train_000967,rand10,16,0.0,0.0,0.0,0.0,nan,0.0,0.0,0.0,0.0,0,0,0,0
kk_grpo_v1_train_000967,rand11,16,0.0,0.0,0.0,0.0,nan,0.0,0.0,0.0,0.0,0,0,0,0
kk_grpo_v1_train_000967,rand12,16,0.0,0.0,0.0,0.0,nan,0.0,0.0,0.0,0.0,0,0,0,0
kk_grpo_v1_train_000967,rand13,16,0.0,0.0,0.0,0.0,nan,0.0,0.0,0.0,0.0,0,0,0,0
kk_grpo_v1_train_000967,rand14,16,0.0,0.0,0.0,0.0,nan,0.0,0.0,0.0,0.0,0,0,0,0
kk_grpo_v1_train_000967,rand15,16,0.0,0.0,0.0,0.0,nan,0.0,0.0,0.0,0.0,0,0,0,0
kk_grpo_v1_train_000967,rand16,16,0.0,0.0,0.0,0.0,nan,0.0,0.0,0.0,0.0,0,0,0,0
kk_grpo_v1_train_000967,rand17,16,0.0,0.0,0.0,0.0,nan,0.0,0.0,0.0,0.0,0,0,0,0
kk_grpo_v1_train_000967,rand18,16,0.0,0.0,0.0,0.0,nan,0.0,0.0,0.0,0.0,0,0,0,0
kk_grpo_v1_train_000967,rand19,16,0.0,0.0,0.0,0.0,nan,0.0,0.0,0.0,0.0,0,0,0,0
kk_grpo_v1_train_000976,first8_last8,14,0.3658554158575928,0.9411526608088725,5.853686653721485,1.7390173715233752,0.9258200997725513,5.1219758220062985,3.239670500388554,5.1219758220062985,3.2396705003885535,16,8,0,8
kk_grpo_v1_train_000976,rand00,14,0.021703494729079675,0.08681397891631848,0.3472559156652748,0.131250399163762,1.0,5.1219758220062985,4.948347864173661,5.1219758220062985,4.948347864173662,16,16,0,0
kk_grpo_v1_train_000976,rand01,14,0.3658554158575928,0.9411526608088725,5.853686653721485,1.7390173715233752,0.9258200997725513,5.1219758220062985,3.239670500388554,5.1219758220062985,3.2396705003885535,16,8,0,8
kk_grpo_v1_train_000976,rand02,14,0.021703494729079675,0.08681397891631848,0.3472559156652748,0.131250399163762,1.0,5.1219758220062985,4.948347864173661,5.1219758220062985,4.948347864173662,16,16,0,0
kk_grpo_v1_train_000976,rand03,14,0.3658554158575928,0.9411526608088725,5.853686653721485,1.739017371523375,0.9258200997725513,5.1219758220062985,3.239670500388554,5.1219758220062985,3.2396705003885535,16,8,0,8
kk_grpo_v1_train_000976,rand04,14,0.021703494729079675,0.08681397891631848,0.3472559156652748,0.131250399163762,1.0,5.1219758220062985,4.948347864173661,5.1219758220062985,4.948347864173662,16,16,0,0
kk_grpo_v1_train_000976,rand05,14,0.3658554158575928,0.9411526608088725,5.853686653721485,1.7390173715233752,0.9258200997725513,5.1219758220062985,3.239670500388554,5.1219758220062985,3.2396705003885535,16,8,0,8
kk_grpo_v1_train_000976,rand06,14,0.021703494729079675,0.08681397891631848,0.3472559156652748,0.131250399163762,1.0,5.1219758220062985,4.948347864173661,5.1219758220062985,4.948347864173662,16,16,0,0
kk_grpo_v1_train_000976,rand07,14,0.021703494729079675,0.08681397891631848,0.3472559156652748,0.131250399163762,1.0,5.1219758220062985,4.948347864173661,5.1219758220062985,4.948347864173662,16,16,0,0
kk_grpo_v1_train_000976,rand08,14,0.3658554158575928,0.9411526608088725,5.853686653721485,1.739017371523375,0.9258200997725513,5.1219758220062985,3.239670500388554,5.1219758220062985,3.2396705003885535,16,8,0,8
kk_grpo_v1_train_000976,rand09,14,0.021703494729079675,0.08681397891631848,0.3472559156652748,0.131250399163762,1.0,5.1219758220062985,4.948347864173661,5.1219758220062985,4.948347864173662,16,16,0,0
kk_grpo_v1_train_000976,rand10,14,0.3658554158575928,0.9411526608088725,5.853686653721485,1.7390173715233752,0.9258200997725513,5.1219758220062985,3.239670500388554,5.1219758220062985,3.2396705003885535,16,8,0,8
kk_grpo_v1_train_000976,rand11,14,0.021703494729079675,0.08681397891631848,0.3472559156652748,0.131250399163762,1.0,5.1219758220062985,4.948347864173661,5.1219758220062985,4.948347864173662,16,16,0,0
kk_grpo_v1_train_000976,rand12,14,0.021703494729079675,0.08681397891631848,0.3472559156652748,0.131250399163762,1.0,5.1219758220062985,4.948347864173661,5.1219758220062985,4.948347864173662,16,16,0,0
kk_grpo_v1_train_000976,rand13,14,0.3658554158575928,0.9411526608088725,5.853686653721485,1.739017371523375,0.9258200997725513,5.1219758220062985,3.239670500388554,5.1219758220062985,3.2396705003885535,16,8,0,8
kk_grpo_v1_train_000976,rand14,14,0.021703494729079675,0.08681397891631848,0.3472559156652748,0.131250399163762,1.0,5.1219758220062985,4.948347864173661,5.1219758220062985,4.948347864173662,16,16,0,0
kk_grpo_v1_train_000976,rand15,14,0.3658554158575928,0.9411526608088725,5.853686653721485,1.7390173715233752,0.9258200997725513,5.1219758220062985,3.239670500388554,5.1219758220062985,3.2396705003885535,16,8,0,8
kk_grpo_v1_train_000976,rand16,14,0.3658554158575928,0.9411526608088725,5.853686653721485,1.739017371523375,0.9258200997725513,5.1219758220062985,3.239670500388554,5.1219758220062985,3.2396705003885535,16,8,0,8
kk_grpo_v1_train_000976,rand17,14,0.3658554158575928,0.9411526608088725,5.853686653721485,1.7390173715233752,0.9258200997725513,5.1219758220062985,3.239670500388554,5.1219758220062985,3.2396705003885535,16,8,0,8
kk_grpo_v1_train_000976,rand18,14,0.3658554158575928,0.9411526608088725,5.853686653721485,1.7390173715233752,0.9258200997725513,5.1219758220062985,3.239670500388554,5.1219758220062985,3.2396705003885535,16,8,0,8
kk_grpo_v1_train_000976,rand19,14,0.021703494729079675,0.08681397891631848,0.3472559156652748,0.131250399163762,1.0,5.1219758220062985,4.948347864173661,5.1219758220062985,4.948347864173662,16,16,0,0
kk_grpo_v1_train_001000,first8_last8,7,0.12196370424099345,0.16243395874207756,1.9514192678558953,0.501822691151469,0.991902716231094,7.683713367182588,7.363101839481536,7.683713367182588,7.363101839481535,16,16,0,0
kk_grpo_v1_train_001000,rand00,7,0.12196370424099345,0.16243395874207756,1.9514192678558953,0.501822691151469,0.991902716231094,7.683713367182588,7.363101839481535,7.683713367182588,7.363101839481535,16,16,0,0
kk_grpo_v1_train_001000,rand01,7,0.12196370424099345,0.16243395874207756,1.9514192678558953,0.501822691151469,0.9919027162310939,7.683713367182588,7.363101839481535,7.683713367182588,7.363101839481536,16,16,0,0
kk_grpo_v1_train_001000,rand02,7,0.12196370424099345,0.16243395874207756,1.9514192678558953,0.501822691151469,0.9919027162310942,7.683713367182588,7.363101839481535,7.683713367182588,7.363101839481535,16,16,0,0
kk_grpo_v1_train_001000,rand03,7,0.12196370424099345,0.16243395874207756,1.9514192678558953,0.5018226911514689,0.9919027162310942,7.683713367182588,7.363101839481535,7.683713367182588,7.363101839481535,16,16,0,0
kk_grpo_v1_train_001000,rand04,7,0.12196370424099345,0.16243395874207756,1.9514192678558953,0.501822691151469,0.991902716231094,7.683713367182588,7.363101839481535,7.683713367182588,7.363101839481535,16,16,0,0
kk_grpo_v1_train_001000,rand05,7,0.36589111272298036,0.5221619120253356,5.854257803567686,1.4858880716296636,0.9243864041916475,7.683713367182588,6.861814822162635,7.683713367182588,6.861814822162635,16,16,0,0
kk_grpo_v1_train_001000,rand06,7,0.36589111272298036,0.5221619120253356,5.854257803567686,1.4858880716296636,0.9243864041916475,7.683713367182588,6.861814822162636,7.683713367182588,6.861814822162635,16,16,0,0
kk_grpo_v1_train_001000,rand07,7,0.6098185212049673,1.3765005939178896,9.757096339279476,2.585914265927114,0.7697725570677818,7.683713367182588,5.713844432475384,7.683713367182588,5.713844432475384,16,16,0,0
kk_grpo_v1_train_001000,rand08,7,0.12196370424099345,0.16243395874207756,1.9514192678558953,0.5018226911514689,0.9919027162310942,7.683713367182588,7.363101839481536,7.683713367182588,7.363101839481535,16,16,0,0
kk_grpo_v1_train_001000,rand09,7,0.12196370424099345,0.16243395874207756,1.9514192678558953,0.501822691151469,0.991902716231094,7.683713367182588,7.363101839481535,7.683713367182588,7.363101839481535,16,16,0,0
kk_grpo_v1_train_001000,rand10,7,0.12196370424099345,0.16243395874207756,1.9514192678558953,0.5018226911514689,0.9919027162310942,7.683713367182588,7.363101839481535,7.683713367182588,7.363101839481535,16,16,0,0
kk_grpo_v1_train_001000,rand11,7,0.12196370424099345,0.16243395874207756,1.9514192678558953,0.501822691151469,0.991902716231094,7.683713367182588,7.363101839481535,7.683713367182588,7.363101839481536,16,16,0,0
kk_grpo_v1_train_001000,rand12,7,0.12196370424099345,0.16243395874207756,1.9514192678558953,0.501822691151469,0.9919027162310942,7.683713367182588,7.363101839481535,7.683713367182588,7.363101839481535,16,16,0,0
kk_grpo_v1_train_001000,rand13,7,0.12196370424099345,0.16243395874207756,1.9514192678558953,0.501822691151469,0.991902716231094,7.683713367182588,7.363101839481535,7.683713367182588,7.363101839481536,16,16,0,0
kk_grpo_v1_train_001000,rand14,7,0.12196370424099345,0.16243395874207756,1.9514192678558953,0.501822691151469,0.9919027162310942,7.683713367182588,7.363101839481535,7.683713367182588,7.363101839481536,16,16,0,0
kk_grpo_v1_train_001000,rand15,7,0.36589111272298036,0.5221619120253356,5.854257803567686,1.4858880716296636,0.9243864041916476,7.683713367182588,6.861814822162636,7.683713367182588,6.861814822162635,16,16,0,0
kk_grpo_v1_train_001000,rand16,7,0.12196370424099345,0.16243395874207756,1.9514192678558953,0.501822691151469,0.991902716231094,7.683713367182588,7.363101839481535,7.683713367182588,7.363101839481536,16,16,0,0
kk_grpo_v1_train_001000,rand17,7,0.36589111272298036,0.5221619120253356,5.854257803567686,1.4858880716296636,0.9243864041916475,7.683713367182588,6.861814822162636,7.683713367182588,6.861814822162635,16,16,0,0
kk_grpo_v1_train_001000,rand18,7,0.12196370424099345,0.16243395874207756,1.9514192678558953,0.501822691151469,0.9919027162310942,7.683713367182588,7.363101839481535,7.683713367182588,7.363101839481536,16,16,0,0
kk_grpo_v1_train_001000,rand19,7,0.12196370424099345,0.16243395874207756,1.9514192678558953,0.501822691151469,0.9919027162310942,7.683713367182588,7.363101839481535,7.683713367182588,7.363101839481536,16,16,0,0
kk_grpo_v1_train_001002,first8_last8,7,0.6098185212049674,1.3765005939178896,9.757096339279478,2.585914265927114,0.7697725570677818,7.683713367182588,5.713844432475385,7.683713367182588,5.713844432475384,16,16,0,0
kk_grpo_v1_train_001002,rand00,7,0.36589111272298036,0.5221619120253356,5.854257803567686,1.4858880716296636,0.9243864041916476,7.683713367182588,6.861814822162635,7.683713367182588,6.861814822162636,16,16,0,0
kk_grpo_v1_train_001002,rand01,7,0.12196370424099345,0.16243395874207756,1.9514192678558953,0.501822691151469,0.9919027162310942,7.683713367182588,7.363101839481535,7.683713367182588,7.363101839481535,16,16,0,0
kk_grpo_v1_train_001002,rand02,7,0.36589111272298036,0.5221619120253356,5.854257803567686,1.4858880716296636,0.9243864041916475,7.683713367182588,6.861814822162636,7.683713367182588,6.861814822162636,16,16,0,0
kk_grpo_v1_train_001002,rand03,7,0.6098185212049673,1.3765005939178896,9.757096339279476,2.585914265927114,0.7697725570677818,7.683713367182588,5.713844432475384,7.683713367182588,5.713844432475384,16,16,0,0
kk_grpo_v1_train_001002,rand04,7,0.12196370424099345,0.16243395874207756,1.9514192678558953,0.501822691151469,0.9919027162310939,7.683713367182588,7.363101839481535,7.683713367182588,7.363101839481535,16,16,0,0
kk_grpo_v1_train_001002,rand05,7,0.36589111272298036,0.5221619120253356,5.854257803567686,1.4858880716296636,0.9243864041916475,7.683713367182588,6.861814822162636,7.683713367182588,6.861814822162635,16,16,0,0
kk_grpo_v1_train_001002,rand06,7,0.12196370424099345,0.16243395874207756,1.9514192678558953,0.501822691151469,0.9919027162310942,7.683713367182588,7.363101839481535,7.683713367182588,7.363101839481536,16,16,0,0
kk_grpo_v1_train_001002,rand07,7,0.36589111272298036,0.5221619120253356,5.854257803567686,1.4858880716296636,0.9243864041916476,7.683713367182588,6.861814822162636,7.683713367182588,6.861814822162635,16,16,0,0
kk_grpo_v1_train_001002,rand08,7,0.12196370424099345,0.16243395874207756,1.9514192678558953,0.501822691151469,0.9919027162310942,7.683713367182588,7.363101839481535,7.683713367182588,7.363101839481536,16,16,0,0
kk_grpo_v1_train_001002,rand09,7,0.12196370424099345,0.16243395874207756,1.9514192678558953,0.5018226911514689,0.9919027162310942,7.683713367182588,7.363101839481534,7.683713367182588,7.363101839481535,16,16,0,0
kk_grpo_v1_train_001002,rand10,7,0.36589111272298036,0.5221619120253356,5.854257803567686,1.4858880716296636,0.9243864041916476,7.683713367182588,6.861814822162635,7.683713367182588,6.861814822162635,16,16,0,0
kk_grpo_v1_train_001002,rand11,7,0.36589111272298036,0.5221619120253356,5.854257803567686,1.4858880716296636,0.9243864041916476,7.683713367182588,6.861814822162634,7.683713367182588,6.861814822162636,16,16,0,0
kk_grpo_v1_train_001002,rand12,7,0.12196370424099345,0.16243395874207756,1.9514192678558953,0.501822691151469,0.991902716231094,7.683713367182588,7.363101839481535,7.683713367182588,7.363101839481535,16,16,0,0
kk_grpo_v1_train_001002,rand13,7,0.12196370424099345,0.16243395874207756,1.9514192678558953,0.501822691151469,0.9919027162310942,7.683713367182588,7.363101839481535,7.683713367182588,7.363101839481535,16,16,0,0
kk_grpo_v1_train_001002,rand14,7,0.12196370424099345,0.16243395874207756,1.9514192678558953,0.501822691151469,0.9919027162310942,7.683713367182588,7.363101839481535,7.683713367182588,7.363101839481536,16,16,0,0
kk_grpo_v1_train_001002,rand15,7,0.36589111272298036,0.5221619120253356,5.854257803567686,1.4858880716296636,0.9243864041916475,7.683713367182588,6.861814822162636,7.683713367182588,6.861814822162635,16,16,0,0
kk_grpo_v1_train_001002,rand16,7,0.12196370424099345,0.16243395874207756,1.9514192678558953,0.501822691151469,0.991902716231094,7.683713367182588,7.363101839481535,7.683713367182588,7.363101839481535,16,16,0,0
kk_grpo_v1_train_001002,rand17,7,0.36589111272298036,0.5221619120253356,5.854257803567686,1.4858880716296636,0.9243864041916476,7.683713367182588,6.861814822162634,7.683713367182588,6.861814822162636,16,16,0,0
kk_grpo_v1_train_001002,rand18,7,0.12196370424099345,0.16243395874207756,1.9514192678558953,0.501822691151469,0.9919027162310939,7.683713367182588,7.363101839481535,7.683713367182588,7.363101839481536,16,16,0,0
kk_grpo_v1_train_001002,rand19,7,0.12196370424099345,0.16243395874207756,1.9514192678558953,0.501822691151469,0.9919027162310939,7.683713367182588,7.363101839481535,7.683713367182588,7.363101839481536,16,16,0,0
kk_grpo_v1_train_001003,first8_last8,4,0.2794460111597743,0.797497865128185,4.471136178556389,1.3149762555890874,0.9409062372905537,6.706704267834583,6.096318253860912,6.706704267834585,6.096318253860913,16,16,0,0
kk_grpo_v1_train_001003,rand00,4,0.02842040838218446,0.05684081676436903,0.45472653411495134,0.13126824343946647,1.0000000000000002,6.706704267834583,6.479341000777107,6.706704267834585,6.479341000777108,16,16,0,0
kk_grpo_v1_train_001003,rand01,4,0.02842040838218446,0.05684081676436903,0.45472653411495134,0.13126824343946647,1.0000000000000002,6.706704267834583,6.479341000777107,6.706704267834585,6.479341000777108,16,16,0,0
kk_grpo_v1_train_001003,rand02,4,0.02842040838218446,0.05684081676436903,0.45472653411495134,0.13126824343946647,1.0000000000000002,6.706704267834583,6.479341000777107,6.706704267834585,6.479341000777108,16,16,0,0
kk_grpo_v1_train_001003,rand03,4,0.2794460111597743,0.797497865128185,4.471136178556389,1.3149762555890876,0.9409062372905538,6.706704267834583,6.096318253860912,6.706704267834585,6.096318253860911,16,16,0,0
kk_grpo_v1_train_001003,rand04,4,0.2794460111597743,0.797497865128185,4.471136178556389,1.3149762555890876,0.9409062372905539,6.706704267834583,6.096318253860912,6.706704267834585,6.096318253860913,16,16,0,0
kk_grpo_v1_train_001003,rand05,4,0.02842040838218446,0.05684081676436903,0.45472653411495134,0.13126824343946647,1.0000000000000002,6.706704267834583,6.479341000777107,6.706704267834585,6.479341000777108,16,16,0,0
kk_grpo_v1_train_001003,rand06,4,0.02842040838218446,0.05684081676436903,0.45472653411495134,0.13126824343946647,1.0000000000000002,6.706704267834583,6.479341000777107,6.706704267834585,6.479341000777108,16,16,0,0
kk_grpo_v1_train_001003,rand07,4,0.2794460111597743,0.797497865128185,4.471136178556389,1.3149762555890874,0.9409062372905538,6.706704267834583,6.096318253860912,6.706704267834585,6.096318253860911,16,16,0,0
kk_grpo_v1_train_001003,rand08,4,0.02842040838218446,0.05684081676436903,0.45472653411495134,0.13126824343946647,1.0000000000000002,6.706704267834583,6.479341000777107,6.706704267834585,6.479341000777108,16,16,0,0
kk_grpo_v1_train_001003,rand09,4,0.2794460111597743,0.797497865128185,4.471136178556389,1.3149762555890876,0.9409062372905538,6.706704267834583,6.096318253860912,6.706704267834585,6.096318253860911,16,16,0,0
kk_grpo_v1_train_001003,rand10,4,0.02842040838218446,0.05684081676436903,0.45472653411495134,0.13126824343946647,1.0000000000000002,6.706704267834583,6.479341000777107,6.706704267834585,6.479341000777108,16,16,0,0
kk_grpo_v1_train_001003,rand11,4,0.2794460111597743,0.797497865128185,4.471136178556389,1.3149762555890876,0.9409062372905537,6.706704267834583,6.096318253860911,6.706704267834585,6.096318253860911,16,16,0,0
kk_grpo_v1_train_001003,rand12,4,0.02842040838218446,0.05684081676436903,0.45472653411495134,0.13126824343946647,1.0000000000000002,6.706704267834583,6.479341000777107,6.706704267834585,6.479341000777108,16,16,0,0
kk_grpo_v1_train_001003,rand13,4,0.02842040838218446,0.05684081676436903,0.45472653411495134,0.13126824343946647,1.0000000000000002,6.706704267834583,6.479341000777107,6.706704267834585,6.479341000777108,16,16,0,0
kk_grpo_v1_train_001003,rand14,4,0.02842040838218446,0.05684081676436903,0.45472653411495134,0.13126824343946647,1.0000000000000002,6.706704267834583,6.479341000777107,6.706704267834585,6.479341000777108,16,16,0,0
kk_grpo_v1_train_001003,rand15,4,0.2794460111597743,0.797497865128185,4.471136178556389,1.3149762555890874,0.9409062372905538,6.706704267834583,6.096318253860912,6.706704267834585,6.096318253860913,16,16,0,0
kk_grpo_v1_train_001003,rand16,4,0.2794460111597743,0.797497865128185,4.471136178556389,1.3149762555890876,0.9409062372905537,6.706704267834583,6.096318253860912,6.706704267834585,6.096318253860913,16,16,0,0
kk_grpo_v1_train_001003,rand17,4,0.02842040838218446,0.05684081676436903,0.45472653411495134,0.13126824343946647,1.0000000000000002,6.706704267834583,6.479341000777107,6.706704267834585,6.479341000777108,16,16,0,0
kk_grpo_v1_train_001003,rand18,4,0.02842040838218446,0.05684081676436903,0.45472653411495134,0.13126824343946647,1.0000000000000002,6.706704267834583,6.479341000777107,6.706704267834585,6.479341000777108,16,16,0,0
kk_grpo_v1_train_001003,rand19,4,0.02842040838218446,0.05684081676436903,0.45472653411495134,0.13126824343946647,1.0000000000000002,6.706704267834583,6.479341000777107,6.706704267834585,6.479341000777108,16,16,0,0
kk_grpo_v1_train_001008,first8_last8,15,0.2499000399840064,1.2743266676732654,3.9984006397441023,1.4827581771029286,0.9660917830792959,3.748500599760097,2.4741739320868303,3.748500599760096,2.474173932086831,16,8,0,8
kk_grpo_v1_train_001008,rand00,15,0.2499000399840064,1.2743266676732654,3.9984006397441023,1.4827581771029286,0.9660917830792959,3.748500599760097,2.4741739320868303,3.748500599760096,2.474173932086831,16,8,0,8
kk_grpo_v1_train_001008,rand01,15,0.2499000399840064,1.2743266676732654,3.9984006397441023,1.4827581771029286,0.9660917830792959,3.748500599760097,2.4741739320868303,3.748500599760096,2.474173932086831,16,8,0,8
kk_grpo_v1_train_001008,rand02,15,0.2499000399840064,1.2743266676732654,3.9984006397441023,1.4827581771029286,0.9660917830792959,3.748500599760097,2.4741739320868303,3.748500599760096,2.474173932086831,16,8,0,8
kk_grpo_v1_train_001008,rand03,15,0.2499000399840064,1.2743266676732654,3.9984006397441023,1.4827581771029286,0.9660917830792959,3.748500599760097,2.4741739320868303,3.748500599760096,2.474173932086831,16,8,0,8
kk_grpo_v1_train_001008,rand04,15,0.24990003998400642,1.2743266676732654,3.9984006397441028,1.4827581771029286,0.9660917830792959,3.748500599760097,2.4741739320868303,3.748500599760096,2.474173932086831,16,8,0,8
kk_grpo_v1_train_001008,rand05,15,0.2499000399840064,1.2743266676732654,3.9984006397441023,1.4827581771029286,0.9660917830792959,3.748500599760097,2.4741739320868303,3.748500599760096,2.474173932086831,16,8,0,8
kk_grpo_v1_train_001008,rand06,15,0.2499000399840064,1.2743266676732654,3.9984006397441023,1.4827581771029286,0.9660917830792959,3.748500599760097,2.4741739320868303,3.748500599760096,2.474173932086831,16,8,0,8
kk_grpo_v1_train_001008,rand07,15,0.24990003998400642,1.2743266676732654,3.9984006397441028,1.4827581771029286,0.9660917830792959,3.748500599760097,2.4741739320868303,3.748500599760096,2.474173932086831,16,8,0,8
kk_grpo_v1_train_001008,rand08,15,0.24990003998400642,1.2743266676732654,3.9984006397441028,1.4827581771029286,0.9660917830792959,3.748500599760097,2.4741739320868303,3.748500599760096,2.474173932086831,16,8,0,8
kk_grpo_v1_train_001008,rand09,15,0.24990003998400642,1.2743266676732654,3.9984006397441028,1.4827581771029286,0.9660917830792959,3.748500599760097,2.4741739320868303,3.748500599760096,2.474173932086831,16,8,0,8
kk_grpo_v1_train_001008,rand10,15,0.2499000399840064,1.2743266676732654,3.9984006397441023,1.4827581771029286,0.9660917830792959,3.748500599760097,2.4741739320868303,3.748500599760096,2.474173932086831,16,8,0,8
kk_grpo_v1_train_001008,rand11,15,0.2499000399840064,1.2743266676732654,3.9984006397441023,1.4827581771029286,0.9660917830792959,3.748500599760097,2.4741739320868303,3.748500599760096,2.474173932086831,16,8,0,8
kk_grpo_v1_train_001008,rand12,15,0.2499000399840064,1.2743266676732654,3.9984006397441023,1.4827581771029286,0.9660917830792959,3.748500599760097,2.4741739320868303,3.748500599760096,2.474173932086831,16,8,0,8
kk_grpo_v1_train_001008,rand13,15,0.2499000399840064,1.2743266676732654,3.9984006397441023,1.4827581771029286,0.9660917830792959,3.748500599760097,2.4741739320868303,3.748500599760096,2.474173932086831,16,8,0,8
kk_grpo_v1_train_001008,rand14,15,0.2499000399840064,1.2743266676732654,3.9984006397441023,1.4827581771029286,0.9660917830792959,3.748500599760097,2.4741739320868303,3.748500599760096,2.474173932086831,16,8,0,8
kk_grpo_v1_train_001008,rand15,15,0.2499000399840064,1.2743266676732654,3.9984006397441023,1.4827581771029286,0.9660917830792959,3.748500599760097,2.4741739320868303,3.748500599760096,2.474173932086831,16,8,0,8
kk_grpo_v1_train_001008,rand16,15,0.2499000399840064,1.2743266676732654,3.9984006397441023,1.4827581771029286,0.9660917830792959,3.748500599760097,2.4741739320868303,3.748500599760096,2.474173932086831,16,8,0,8
kk_grpo_v1_train_001008,rand17,15,0.24990003998400642,1.2743266676732654,3.9984006397441028,1.4827581771029286,0.9660917830792959,3.748500599760097,2.4741739320868303,3.748500599760096,2.474173932086831,16,8,0,8
kk_grpo_v1_train_001008,rand18,15,0.24990003998400642,1.2743266676732654,3.9984006397441028,1.4827581771029286,0.9660917830792959,3.748500599760097,2.4741739320868303,3.748500599760096,2.474173932086831,16,8,0,8
kk_grpo_v1_train_001008,rand19,15,0.2499000399840064,1.2743266676732654,3.9984006397441023,1.4827581771029286,0.9660917830792959,3.748500599760097,2.4741739320868303,3.748500599760096,2.474173932086831,16,8,0,8
kk_grpo_v1_train_001043,first8_last8,7,0.12196370424099345,0.16243395874207756,1.9514192678558953,0.501822691151469,0.991902716231094,7.683713367182588,7.363101839481536,7.683713367182588,7.363101839481535,16,16,0,0
kk_grpo_v1_train_001043,rand00,7,0.12196370424099345,0.16243395874207756,1.9514192678558953,0.501822691151469,0.991902716231094,7.683713367182588,7.363101839481535,7.683713367182588,7.363101839481536,16,16,0,0
kk_grpo_v1_train_001043,rand01,7,0.12196370424099345,0.16243395874207756,1.9514192678558953,0.501822691151469,0.9919027162310942,7.683713367182588,7.363101839481535,7.683713367182588,7.363101839481536,16,16,0,0
kk_grpo_v1_train_001043,rand02,7,0.36589111272298036,0.5221619120253356,5.854257803567686,1.4858880716296636,0.9243864041916475,7.683713367182588,6.861814822162636,7.683713367182588,6.861814822162635,16,16,0,0
kk_grpo_v1_train_001043,rand03,7,0.36589111272298036,0.5221619120253356,5.854257803567686,1.4858880716296636,0.9243864041916475,7.683713367182588,6.861814822162636,7.683713367182588,6.861814822162635,16,16,0,0
kk_grpo_v1_train_001043,rand04,7,0.12196370424099345,0.16243395874207756,1.9514192678558953,0.501822691151469,0.9919027162310939,7.683713367182588,7.363101839481535,7.683713367182588,7.363101839481536,16,16,0,0
kk_grpo_v1_train_001043,rand05,7,0.6098185212049673,1.3765005939178896,9.757096339279476,2.585914265927114,0.7697725570677819,7.683713367182588,5.713844432475385,7.683713367182588,5.713844432475384,16,16,0,0
kk_grpo_v1_train_001043,rand06,7,0.12196370424099345,0.16243395874207756,1.9514192678558953,0.501822691151469,0.991902716231094,7.683713367182588,7.363101839481535,7.683713367182588,7.363101839481535,16,16,0,0
kk_grpo_v1_train_001043,rand07,7,0.12196370424099345,0.16243395874207756,1.9514192678558953,0.5018226911514689,0.9919027162310942,7.683713367182588,7.363101839481535,7.683713367182588,7.363101839481535,16,16,0,0
kk_grpo_v1_train_001043,rand08,7,0.12196370424099345,0.16243395874207756,1.9514192678558953,0.501822691151469,0.9919027162310942,7.683713367182588,7.363101839481535,7.683713367182588,7.363101839481535,16,16,0,0
kk_grpo_v1_train_001043,rand09,7,0.36589111272298036,0.5221619120253356,5.854257803567686,1.4858880716296636,0.9243864041916475,7.683713367182588,6.861814822162636,7.683713367182588,6.861814822162635,16,16,0,0
kk_grpo_v1_train_001043,rand10,7,0.12196370424099345,0.16243395874207756,1.9514192678558953,0.501822691151469,0.9919027162310942,7.683713367182588,7.363101839481535,7.683713367182588,7.363101839481536,16,16,0,0
kk_grpo_v1_train_001043,rand11,7,0.12196370424099345,0.16243395874207756,1.9514192678558953,0.501822691151469,0.9919027162310942,7.683713367182588,7.363101839481536,7.683713367182588,7.363101839481535,16,16,0,0
kk_grpo_v1_train_001043,rand12,7,0.12196370424099345,0.16243395874207756,1.9514192678558953,0.501822691151469,0.9919027162310939,7.683713367182588,7.363101839481535,7.683713367182588,7.363101839481535,16,16,0,0
kk_grpo_v1_train_001043,rand13,7,0.12196370424099345,0.16243395874207756,1.9514192678558953,0.501822691151469,0.991902716231094,7.683713367182588,7.363101839481535,7.683713367182588,7.363101839481535,16,16,0,0
kk_grpo_v1_train_001043,rand14,7,0.12196370424099345,0.16243395874207756,1.9514192678558953,0.501822691151469,0.991902716231094,7.683713367182588,7.363101839481535,7.683713367182588,7.363101839481535,16,16,0,0
kk_grpo_v1_train_001043,rand15,7,0.36589111272298036,0.5221619120253356,5.854257803567686,1.4858880716296636,0.9243864041916475,7.683713367182588,6.861814822162634,7.683713367182588,6.861814822162635,16,16,0,0
kk_grpo_v1_train_001043,rand16,7,0.12196370424099345,0.16243395874207756,1.9514192678558953,0.501822691151469,0.991902716231094,7.683713367182588,7.363101839481535,7.683713367182588,7.363101839481535,16,16,0,0
kk_grpo_v1_train_001043,rand17,7,0.12196370424099345,0.16243395874207756,1.9514192678558953,0.501822691151469,0.991902716231094,7.683713367182588,7.363101839481535,7.683713367182588,7.363101839481536,16,16,0,0
kk_grpo_v1_train_001043,rand18,7,0.12196370424099345,0.16243395874207756,1.9514192678558953,0.501822691151469,0.991902716231094,7.683713367182588,7.363101839481536,7.683713367182588,7.363101839481535,16,16,0,0
kk_grpo_v1_train_001043,rand19,7,0.12196370424099345,0.16243395874207756,1.9514192678558953,0.501822691151469,0.9919027162310942,7.683713367182588,7.363101839481535,7.683713367182588,7.363101839481536,16,16,0,0
kk_grpo_v1_train_001056,first8_last8,6,0.4999000199960008,1.2244238820968287,7.998400319936013,2.146378920801531,0.8415721228140902,7.498500299940012,6.096318253860913,7.498500299940012,6.096318253860912,16,16,0,0
kk_grpo_v1_train_001056,rand00,6,0.4999000199960008,1.2244238820968287,7.998400319936013,2.146378920801531,0.8415721228140902,7.498500299940012,6.096318253860913,7.498500299940012,6.096318253860911,16,16,0,0
kk_grpo_v1_train_001056,rand01,6,0.24995000999800038,0.3700852002042747,3.999200159968006,1.0350996674610249,0.9636123758498016,7.498500299940012,6.980628018096008,7.498500299940012,6.980628018096008,16,16,0,0
kk_grpo_v1_train_001056,rand02,6,0.031776457048981244,0.04236860939864173,0.5084233127836999,0.131274334882325,1.0,7.498500299940012,7.244288643548162,7.498500299940012,7.244288643548163,16,16,0,0
kk_grpo_v1_train_001056,rand03,6,0.24995000999800038,0.3700852002042747,3.999200159968006,1.0350996674610249,0.9636123758498016,7.498500299940012,6.980628018096008,7.498500299940012,6.980628018096008,16,16,0,0
kk_grpo_v1_train_001056,rand04,6,0.031776457048981244,0.04236860939864173,0.5084233127836999,0.131274334882325,1.0,7.498500299940012,7.244288643548162,7.498500299940012,7.244288643548163,16,16,0,0
kk_grpo_v1_train_001056,rand05,6,0.031776457048981244,0.04236860939864173,0.5084233127836999,0.131274334882325,1.0,7.498500299940012,7.244288643548162,7.498500299940012,7.244288643548163,16,16,0,0
kk_grpo_v1_train_001056,rand06,6,0.24995000999800038,0.3700852002042747,3.999200159968006,1.0350996674610249,0.9636123758498016,7.498500299940012,6.980628018096008,7.498500299940012,6.9806280180960085,16,16,0,0
kk_grpo_v1_train_001056,rand07,6,0.24995000999800038,0.3700852002042747,3.999200159968006,1.0350996674610249,0.9636123758498015,7.498500299940012,6.980628018096008,7.498500299940012,6.980628018096008,16,16,0,0
kk_grpo_v1_train_001056,rand08,6,0.24995000999800038,0.3700852002042747,3.999200159968006,1.0350996674610249,0.9636123758498015,7.498500299940012,6.980628018096008,7.498500299940012,6.980628018096008,16,16,0,0
kk_grpo_v1_train_001056,rand09,6,0.031776457048981244,0.04236860939864173,0.5084233127836999,0.131274334882325,1.0,7.498500299940012,7.244288643548162,7.498500299940012,7.244288643548163,16,16,0,0
kk_grpo_v1_train_001056,rand10,6,0.031776457048981244,0.04236860939864173,0.5084233127836999,0.131274334882325,1.0,7.498500299940012,7.244288643548162,7.498500299940012,7.244288643548163,16,16,0,0
kk_grpo_v1_train_001056,rand11,6,0.24995000999800038,0.3700852002042747,3.999200159968006,1.0350996674610249,0.9636123758498016,7.498500299940012,6.980628018096008,7.498500299940012,6.9806280180960085,16,16,0,0
kk_grpo_v1_train_001056,rand12,6,0.24995000999800038,0.3700852002042747,3.999200159968006,1.0350996674610249,0.9636123758498016,7.498500299940012,6.980628018096008,7.498500299940012,6.9806280180960085,16,16,0,0
kk_grpo_v1_train_001056,rand13,6,0.49990001999600076,1.2244238820968287,7.998400319936012,2.146378920801531,0.8415721228140902,7.498500299940012,6.096318253860913,7.498500299940012,6.096318253860911,16,16,0,0
kk_grpo_v1_train_001056,rand14,6,0.031776457048981244,0.04236860939864173,0.5084233127836999,0.131274334882325,1.0,7.498500299940012,7.244288643548162,7.498500299940012,7.244288643548163,16,16,0,0
kk_grpo_v1_train_001056,rand15,6,0.24995000999800038,0.3700852002042747,3.999200159968006,1.0350996674610249,0.9636123758498016,7.498500299940012,6.9806280180960085,7.498500299940012,6.980628018096008,16,16,0,0
kk_grpo_v1_train_001056,rand16,6,0.49990001999600076,1.2244238820968287,7.998400319936012,2.146378920801531,0.8415721228140902,7.498500299940012,6.096318253860913,7.498500299940012,6.096318253860911,16,16,0,0
kk_grpo_v1_train_001056,rand17,6,0.031776457048981244,0.04236860939864173,0.5084233127836999,0.131274334882325,1.0,7.498500299940012,7.244288643548162,7.498500299940012,7.244288643548163,16,16,0,0
kk_grpo_v1_train_001056,rand18,6,0.24995000999800038,0.3700852002042747,3.999200159968006,1.0350996674610249,0.9636123758498015,7.498500299940012,6.980628018096008,7.498500299940012,6.980628018096008,16,16,0,0
kk_grpo_v1_train_001056,rand19,6,0.031776457048981244,0.04236860939864173,0.5084233127836999,0.131274334882325,1.0,7.498500299940012,7.244288643548162,7.498500299940012,7.244288643548163,16,16,0,0
kk_grpo_v1_train_001081,first8_last8,16,0.0,0.0,0.0,0.0,nan,0.0,0.0,0.0,0.0,0,0,0,0
kk_grpo_v1_train_001081,rand00,16,0.0,0.0,0.0,0.0,nan,0.0,0.0,0.0,0.0,0,0,0,0
kk_grpo_v1_train_001081,rand01,16,0.0,0.0,0.0,0.0,nan,0.0,0.0,0.0,0.0,0,0,0,0
kk_grpo_v1_train_001081,rand02,16,0.0,0.0,0.0,0.0,nan,0.0,0.0,0.0,0.0,0,0,0,0
kk_grpo_v1_train_001081,rand03,16,0.0,0.0,0.0,0.0,nan,0.0,0.0,0.0,0.0,0,0,0,0
kk_grpo_v1_train_001081,rand04,16,0.0,0.0,0.0,0.0,nan,0.0,0.0,0.0,0.0,0,0,0,0
kk_grpo_v1_train_001081,rand05,16,0.0,0.0,0.0,0.0,nan,0.0,0.0,0.0,0.0,0,0,0,0
kk_grpo_v1_train_001081,rand06,16,0.0,0.0,0.0,0.0,nan,0.0,0.0,0.0,0.0,0,0,0,0
kk_grpo_v1_train_001081,rand07,16,0.0,0.0,0.0,0.0,nan,0.0,0.0,0.0,0.0,0,0,0,0
kk_grpo_v1_train_001081,rand08,16,0.0,0.0,0.0,0.0,nan,0.0,0.0,0.0,0.0,0,0,0,0
kk_grpo_v1_train_001081,rand09,16,0.0,0.0,0.0,0.0,nan,0.0,0.0,0.0,0.0,0,0,0,0
kk_grpo_v1_train_001081,rand10,16,0.0,0.0,0.0,0.0,nan,0.0,0.0,0.0,0.0,0,0,0,0
kk_grpo_v1_train_001081,rand11,16,0.0,0.0,0.0,0.0,nan,0.0,0.0,0.0,0.0,0,0,0,0
kk_grpo_v1_train_001081,rand12,16,0.0,0.0,0.0,0.0,nan,0.0,0.0,0.0,0.0,0,0,0,0
kk_grpo_v1_train_001081,rand13,16,0.0,0.0,0.0,0.0,nan,0.0,0.0,0.0,0.0,0,0,0,0
kk_grpo_v1_train_001081,rand14,16,0.0,0.0,0.0,0.0,nan,0.0,0.0,0.0,0.0,0,0,0,0
kk_grpo_v1_train_001081,rand15,16,0.0,0.0,0.0,0.0,nan,0.0,0.0,0.0,0.0,0,0,0,0
kk_grpo_v1_train_001081,rand16,16,0.0,0.0,0.0,0.0,nan,0.0,0.0,0.0,0.0,0,0,0,0
kk_grpo_v1_train_001081,rand17,16,0.0,0.0,0.0,0.0,nan,0.0,0.0,0.0,0.0,0,0,0,0
kk_grpo_v1_train_001081,rand18,16,0.0,0.0,0.0,0.0,nan,0.0,0.0,0.0,0.0,0,0,0,0
kk_grpo_v1_train_001081,rand19,16,0.0,0.0,0.0,0.0,nan,0.0,0.0,0.0,0.0,0,0,0,0
kk_grpo_v1_train_001083,first8_last8,16,0.0,0.0,0.0,0.0,nan,0.0,0.0,0.0,0.0,0,0,0,0
kk_grpo_v1_train_001083,rand00,16,0.0,0.0,0.0,0.0,nan,0.0,0.0,0.0,0.0,0,0,0,0
kk_grpo_v1_train_001083,rand01,16,0.0,0.0,0.0,0.0,nan,0.0,0.0,0.0,0.0,0,0,0,0
kk_grpo_v1_train_001083,rand02,16,0.0,0.0,0.0,0.0,nan,0.0,0.0,0.0,0.0,0,0,0,0
kk_grpo_v1_train_001083,rand03,16,0.0,0.0,0.0,0.0,nan,0.0,0.0,0.0,0.0,0,0,0,0
kk_grpo_v1_train_001083,rand04,16,0.0,0.0,0.0,0.0,nan,0.0,0.0,0.0,0.0,0,0,0,0
kk_grpo_v1_train_001083,rand05,16,0.0,0.0,0.0,0.0,nan,0.0,0.0,0.0,0.0,0,0,0,0
kk_grpo_v1_train_001083,rand06,16,0.0,0.0,0.0,0.0,nan,0.0,0.0,0.0,0.0,0,0,0,0
kk_grpo_v1_train_001083,rand07,16,0.0,0.0,0.0,0.0,nan,0.0,0.0,0.0,0.0,0,0,0,0
kk_grpo_v1_train_001083,rand08,16,0.0,0.0,0.0,0.0,nan,0.0,0.0,0.0,0.0,0,0,0,0
kk_grpo_v1_train_001083,rand09,16,0.0,0.0,0.0,0.0,nan,0.0,0.0,0.0,0.0,0,0,0,0
kk_grpo_v1_train_001083,rand10,16,0.0,0.0,0.0,0.0,nan,0.0,0.0,0.0,0.0,0,0,0,0
kk_grpo_v1_train_001083,rand11,16,0.0,0.0,0.0,0.0,nan,0.0,0.0,0.0,0.0,0,0,0,0
kk_grpo_v1_train_001083,rand12,16,0.0,0.0,0.0,0.0,nan,0.0,0.0,0.0,0.0,0,0,0,0
kk_grpo_v1_train_001083,rand13,16,0.0,0.0,0.0,0.0,nan,0.0,0.0,0.0,0.0,0,0,0,0
kk_grpo_v1_train_001083,rand14,16,0.0,0.0,0.0,0.0,nan,0.0,0.0,0.0,0.0,0,0,0,0
kk_grpo_v1_train_001083,rand15,16,0.0,0.0,0.0,0.0,nan,0.0,0.0,0.0,0.0,0,0,0,0
kk_grpo_v1_train_001083,rand16,16,0.0,0.0,0.0,0.0,nan,0.0,0.0,0.0,0.0,0,0,0,0
kk_grpo_v1_train_001083,rand17,16,0.0,0.0,0.0,0.0,nan,0.0,0.0,0.0,0.0,0,0,0,0
kk_grpo_v1_train_001083,rand18,16,0.0,0.0,0.0,0.0,nan,0.0,0.0,0.0,0.0,0,0,0,0
kk_grpo_v1_train_001083,rand19,16,0.0,0.0,0.0,0.0,nan,0.0,0.0,0.0,0.0,0,0,0,0
kk_grpo_v1_train_001087,first8_last8,16,0.0,0.0,0.0,0.0,nan,0.0,0.0,0.0,0.0,0,0,0,0
kk_grpo_v1_train_001087,rand00,16,0.0,0.0,0.0,0.0,nan,0.0,0.0,0.0,0.0,0,0,0,0
kk_grpo_v1_train_001087,rand01,16,0.0,0.0,0.0,0.0,nan,0.0,0.0,0.0,0.0,0,0,0,0
kk_grpo_v1_train_001087,rand02,16,0.0,0.0,0.0,0.0,nan,0.0,0.0,0.0,0.0,0,0,0,0
kk_grpo_v1_train_001087,rand03,16,0.0,0.0,0.0,0.0,nan,0.0,0.0,0.0,0.0,0,0,0,0
kk_grpo_v1_train_001087,rand04,16,0.0,0.0,0.0,0.0,nan,0.0,0.0,0.0,0.0,0,0,0,0
kk_grpo_v1_train_001087,rand05,16,0.0,0.0,0.0,0.0,nan,0.0,0.0,0.0,0.0,0,0,0,0
kk_grpo_v1_train_001087,rand06,16,0.0,0.0,0.0,0.0,nan,0.0,0.0,0.0,0.0,0,0,0,0
kk_grpo_v1_train_001087,rand07,16,0.0,0.0,0.0,0.0,nan,0.0,0.0,0.0,0.0,0,0,0,0
kk_grpo_v1_train_001087,rand08,16,0.0,0.0,0.0,0.0,nan,0.0,0.0,0.0,0.0,0,0,0,0
kk_grpo_v1_train_001087,rand09,16,0.0,0.0,0.0,0.0,nan,0.0,0.0,0.0,0.0,0,0,0,0
kk_grpo_v1_train_001087,rand10,16,0.0,0.0,0.0,0.0,nan,0.0,0.0,0.0,0.0,0,0,0,0
kk_grpo_v1_train_001087,rand11,16,0.0,0.0,0.0,0.0,nan,0.0,0.0,0.0,0.0,0,0,0,0
kk_grpo_v1_train_001087,rand12,16,0.0,0.0,0.0,0.0,nan,0.0,0.0,0.0,0.0,0,0,0,0
kk_grpo_v1_train_001087,rand13,16,0.0,0.0,0.0,0.0,nan,0.0,0.0,0.0,0.0,0,0,0,0
kk_grpo_v1_train_001087,rand14,16,0.0,0.0,0.0,0.0,nan,0.0,0.0,0.0,0.0,0,0,0,0
kk_grpo_v1_train_001087,rand15,16,0.0,0.0,0.0,0.0,nan,0.0,0.0,0.0,0.0,0,0,0,0
kk_grpo_v1_train_001087,rand16,16,0.0,0.0,0.0,0.0,nan,0.0,0.0,0.0,0.0,0,0,0,0
kk_grpo_v1_train_001087,rand17,16,0.0,0.0,0.0,0.0,nan,0.0,0.0,0.0,0.0,0,0,0,0
kk_grpo_v1_train_001087,rand18,16,0.0,0.0,0.0,0.0,nan,0.0,0.0,0.0,0.0,0,0,0,0
kk_grpo_v1_train_001087,rand19,16,0.0,0.0,0.0,0.0,nan,0.0,0.0,0.0,0.0,0,0,0,0
kk_grpo_v1_train_001088,first8_last8,16,0.0,0.0,0.0,0.0,nan,0.0,0.0,0.0,0.0,0,0,0,0
kk_grpo_v1_train_001088,rand00,16,0.0,0.0,0.0,0.0,nan,0.0,0.0,0.0,0.0,0,0,0,0
kk_grpo_v1_train_001088,rand01,16,0.0,0.0,0.0,0.0,nan,0.0,0.0,0.0,0.0,0,0,0,0
kk_grpo_v1_train_001088,rand02,16,0.0,0.0,0.0,0.0,nan,0.0,0.0,0.0,0.0,0,0,0,0
kk_grpo_v1_train_001088,rand03,16,0.0,0.0,0.0,0.0,nan,0.0,0.0,0.0,0.0,0,0,0,0
kk_grpo_v1_train_001088,rand04,16,0.0,0.0,0.0,0.0,nan,0.0,0.0,0.0,0.0,0,0,0,0
kk_grpo_v1_train_001088,rand05,16,0.0,0.0,0.0,0.0,nan,0.0,0.0,0.0,0.0,0,0,0,0
kk_grpo_v1_train_001088,rand06,16,0.0,0.0,0.0,0.0,nan,0.0,0.0,0.0,0.0,0,0,0,0
kk_grpo_v1_train_001088,rand07,16,0.0,0.0,0.0,0.0,nan,0.0,0.0,0.0,0.0,0,0,0,0
kk_grpo_v1_train_001088,rand08,16,0.0,0.0,0.0,0.0,nan,0.0,0.0,0.0,0.0,0,0,0,0
kk_grpo_v1_train_001088,rand09,16,0.0,0.0,0.0,0.0,nan,0.0,0.0,0.0,0.0,0,0,0,0
kk_grpo_v1_train_001088,rand10,16,0.0,0.0,0.0,0.0,nan,0.0,0.0,0.0,0.0,0,0,0,0
kk_grpo_v1_train_001088,rand11,16,0.0,0.0,0.0,0.0,nan,0.0,0.0,0.0,0.0,0,0,0,0
kk_grpo_v1_train_001088,rand12,16,0.0,0.0,0.0,0.0,nan,0.0,0.0,0.0,0.0,0,0,0,0
kk_grpo_v1_train_001088,rand13,16,0.0,0.0,0.0,0.0,nan,0.0,0.0,0.0,0.0,0,0,0,0
kk_grpo_v1_train_001088,rand14,16,0.0,0.0,0.0,0.0,nan,0.0,0.0,0.0,0.0,0,0,0,0
kk_grpo_v1_train_001088,rand15,16,0.0,0.0,0.0,0.0,nan,0.0,0.0,0.0,0.0,0,0,0,0
kk_grpo_v1_train_001088,rand16,16,0.0,0.0,0.0,0.0,nan,0.0,0.0,0.0,0.0,0,0,0,0
kk_grpo_v1_train_001088,rand17,16,0.0,0.0,0.0,0.0,nan,0.0,0.0,0.0,0.0,0,0,0,0
kk_grpo_v1_train_001088,rand18,16,0.0,0.0,0.0,0.0,nan,0.0,0.0,0.0,0.0,0,0,0,0
kk_grpo_v1_train_001088,rand19,16,0.0,0.0,0.0,0.0,nan,0.0,0.0,0.0,0.0,0,0,0,0
kk_grpo_v1_train_001093,first8_last8,16,0.0,0.0,0.0,0.0,nan,0.0,0.0,0.0,0.0,0,0,0,0
kk_grpo_v1_train_001093,rand00,16,0.0,0.0,0.0,0.0,nan,0.0,0.0,0.0,0.0,0,0,0,0
kk_grpo_v1_train_001093,rand01,16,0.0,0.0,0.0,0.0,nan,0.0,0.0,0.0,0.0,0,0,0,0
kk_grpo_v1_train_001093,rand02,16,0.0,0.0,0.0,0.0,nan,0.0,0.0,0.0,0.0,0,0,0,0
kk_grpo_v1_train_001093,rand03,16,0.0,0.0,0.0,0.0,nan,0.0,0.0,0.0,0.0,0,0,0,0
kk_grpo_v1_train_001093,rand04,16,0.0,0.0,0.0,0.0,nan,0.0,0.0,0.0,0.0,0,0,0,0
kk_grpo_v1_train_001093,rand05,16,0.0,0.0,0.0,0.0,nan,0.0,0.0,0.0,0.0,0,0,0,0
kk_grpo_v1_train_001093,rand06,16,0.0,0.0,0.0,0.0,nan,0.0,0.0,0.0,0.0,0,0,0,0
kk_grpo_v1_train_001093,rand07,16,0.0,0.0,0.0,0.0,nan,0.0,0.0,0.0,0.0,0,0,0,0
kk_grpo_v1_train_001093,rand08,16,0.0,0.0,0.0,0.0,nan,0.0,0.0,0.0,0.0,0,0,0,0
kk_grpo_v1_train_001093,rand09,16,0.0,0.0,0.0,0.0,nan,0.0,0.0,0.0,0.0,0,0,0,0
kk_grpo_v1_train_001093,rand10,16,0.0,0.0,0.0,0.0,nan,0.0,0.0,0.0,0.0,0,0,0,0
kk_grpo_v1_train_001093,rand11,16,0.0,0.0,0.0,0.0,nan,0.0,0.0,0.0,0.0,0,0,0,0
kk_grpo_v1_train_001093,rand12,16,0.0,0.0,0.0,0.0,nan,0.0,0.0,0.0,0.0,0,0,0,0
kk_grpo_v1_train_001093,rand13,16,0.0,0.0,0.0,0.0,nan,0.0,0.0,0.0,0.0,0,0,0,0
kk_grpo_v1_train_001093,rand14,16,0.0,0.0,0.0,0.0,nan,0.0,0.0,0.0,0.0,0,0,0,0
kk_grpo_v1_train_001093,rand15,16,0.0,0.0,0.0,0.0,nan,0.0,0.0,0.0,0.0,0,0,0,0
kk_grpo_v1_train_001093,rand16,16,0.0,0.0,0.0,0.0,nan,0.0,0.0,0.0,0.0,0,0,0,0
kk_grpo_v1_train_001093,rand17,16,0.0,0.0,0.0,0.0,nan,0.0,0.0,0.0,0.0,0,0,0,0
kk_grpo_v1_train_001093,rand18,16,0.0,0.0,0.0,0.0,nan,0.0,0.0,0.0,0.0,0,0,0,0
kk_grpo_v1_train_001093,rand19,16,0.0,0.0,0.0,0.0,nan,0.0,0.0,0.0,0.0,0,0,0,0
kk_grpo_v1_train_001097,first8_last8,16,0.0,0.0,0.0,0.0,nan,0.0,0.0,0.0,0.0,0,0,0,0
kk_grpo_v1_train_001097,rand00,16,0.0,0.0,0.0,0.0,nan,0.0,0.0,0.0,0.0,0,0,0,0
kk_grpo_v1_train_001097,rand01,16,0.0,0.0,0.0,0.0,nan,0.0,0.0,0.0,0.0,0,0,0,0
kk_grpo_v1_train_001097,rand02,16,0.0,0.0,0.0,0.0,nan,0.0,0.0,0.0,0.0,0,0,0,0
kk_grpo_v1_train_001097,rand03,16,0.0,0.0,0.0,0.0,nan,0.0,0.0,0.0,0.0,0,0,0,0
kk_grpo_v1_train_001097,rand04,16,0.0,0.0,0.0,0.0,nan,0.0,0.0,0.0,0.0,0,0,0,0
kk_grpo_v1_train_001097,rand05,16,0.0,0.0,0.0,0.0,nan,0.0,0.0,0.0,0.0,0,0,0,0
kk_grpo_v1_train_001097,rand06,16,0.0,0.0,0.0,0.0,nan,0.0,0.0,0.0,0.0,0,0,0,0
kk_grpo_v1_train_001097,rand07,16,0.0,0.0,0.0,0.0,nan,0.0,0.0,0.0,0.0,0,0,0,0
kk_grpo_v1_train_001097,rand08,16,0.0,0.0,0.0,0.0,nan,0.0,0.0,0.0,0.0,0,0,0,0
kk_grpo_v1_train_001097,rand09,16,0.0,0.0,0.0,0.0,nan,0.0,0.0,0.0,0.0,0,0,0,0
kk_grpo_v1_train_001097,rand10,16,0.0,0.0,0.0,0.0,nan,0.0,0.0,0.0,0.0,0,0,0,0
kk_grpo_v1_train_001097,rand11,16,0.0,0.0,0.0,0.0,nan,0.0,0.0,0.0,0.0,0,0,0,0
kk_grpo_v1_train_001097,rand12,16,0.0,0.0,0.0,0.0,nan,0.0,0.0,0.0,0.0,0,0,0,0
kk_grpo_v1_train_001097,rand13,16,0.0,0.0,0.0,0.0,nan,0.0,0.0,0.0,0.0,0,0,0,0
kk_grpo_v1_train_001097,rand14,16,0.0,0.0,0.0,0.0,nan,0.0,0.0,0.0,0.0,0,0,0,0
kk_grpo_v1_train_001097,rand15,16,0.0,0.0,0.0,0.0,nan,0.0,0.0,0.0,0.0,0,0,0,0
kk_grpo_v1_train_001097,rand16,16,0.0,0.0,0.0,0.0,nan,0.0,0.0,0.0,0.0,0,0,0,0
kk_grpo_v1_train_001097,rand17,16,0.0,0.0,0.0,0.0,nan,0.0,0.0,0.0,0.0,0,0,0,0
kk_grpo_v1_train_001097,rand18,16,0.0,0.0,0.0,0.0,nan,0.0,0.0,0.0,0.0,0,0,0,0
kk_grpo_v1_train_001097,rand19,16,0.0,0.0,0.0,0.0,nan,0.0,0.0,0.0,0.0,0,0,0,0
kk_grpo_v1_train_001128,first8_last8,16,0.0,0.0,0.0,0.0,nan,0.0,0.0,0.0,0.0,0,0,0,0
kk_grpo_v1_train_001128,rand00,16,0.0,0.0,0.0,0.0,nan,0.0,0.0,0.0,0.0,0,0,0,0
kk_grpo_v1_train_001128,rand01,16,0.0,0.0,0.0,0.0,nan,0.0,0.0,0.0,0.0,0,0,0,0
kk_grpo_v1_train_001128,rand02,16,0.0,0.0,0.0,0.0,nan,0.0,0.0,0.0,0.0,0,0,0,0
kk_grpo_v1_train_001128,rand03,16,0.0,0.0,0.0,0.0,nan,0.0,0.0,0.0,0.0,0,0,0,0
kk_grpo_v1_train_001128,rand04,16,0.0,0.0,0.0,0.0,nan,0.0,0.0,0.0,0.0,0,0,0,0
kk_grpo_v1_train_001128,rand05,16,0.0,0.0,0.0,0.0,nan,0.0,0.0,0.0,0.0,0,0,0,0
kk_grpo_v1_train_001128,rand06,16,0.0,0.0,0.0,0.0,nan,0.0,0.0,0.0,0.0,0,0,0,0
kk_grpo_v1_train_001128,rand07,16,0.0,0.0,0.0,0.0,nan,0.0,0.0,0.0,0.0,0,0,0,0
kk_grpo_v1_train_001128,rand08,16,0.0,0.0,0.0,0.0,nan,0.0,0.0,0.0,0.0,0,0,0,0
kk_grpo_v1_train_001128,rand09,16,0.0,0.0,0.0,0.0,nan,0.0,0.0,0.0,0.0,0,0,0,0
kk_grpo_v1_train_001128,rand10,16,0.0,0.0,0.0,0.0,nan,0.0,0.0,0.0,0.0,0,0,0,0
kk_grpo_v1_train_001128,rand11,16,0.0,0.0,0.0,0.0,nan,0.0,0.0,0.0,0.0,0,0,0,0
kk_grpo_v1_train_001128,rand12,16,0.0,0.0,0.0,0.0,nan,0.0,0.0,0.0,0.0,0,0,0,0
kk_grpo_v1_train_001128,rand13,16,0.0,0.0,0.0,0.0,nan,0.0,0.0,0.0,0.0,0,0,0,0
kk_grpo_v1_train_001128,rand14,16,0.0,0.0,0.0,0.0,nan,0.0,0.0,0.0,0.0,0,0,0,0
kk_grpo_v1_train_001128,rand15,16,0.0,0.0,0.0,0.0,nan,0.0,0.0,0.0,0.0,0,0,0,0
kk_grpo_v1_train_001128,rand16,16,0.0,0.0,0.0,0.0,nan,0.0,0.0,0.0,0.0,0,0,0,0
kk_grpo_v1_train_001128,rand17,16,0.0,0.0,0.0,0.0,nan,0.0,0.0,0.0,0.0,0,0,0,0
kk_grpo_v1_train_001128,rand18,16,0.0,0.0,0.0,0.0,nan,0.0,0.0,0.0,0.0,0,0,0,0
kk_grpo_v1_train_001128,rand19,16,0.0,0.0,0.0,0.0,nan,0.0,0.0,0.0,0.0,0,0,0,0
kk_grpo_v1_train_001131,first8_last8,9,0.36589111272298036,0.5221619120253356,5.854257803567686,1.4858880716296636,0.9243864041916475,7.683713367182588,6.861814822162636,7.683713367182588,6.861814822162636,16,16,0,0
kk_grpo_v1_train_001131,rand00,9,0.12196370424099345,0.16243395874207756,1.9514192678558953,0.501822691151469,0.991902716231094,7.683713367182588,7.363101839481535,7.683713367182588,7.363101839481535,16,16,0,0
kk_grpo_v1_train_001131,rand01,9,0.12196370424099345,0.16243395874207756,1.9514192678558953,0.501822691151469,0.991902716231094,7.683713367182588,7.363101839481535,7.683713367182588,7.363101839481535,16,16,0,0
kk_grpo_v1_train_001131,rand02,9,0.36589111272298036,0.5221619120253356,5.854257803567686,1.4858880716296636,0.9243864041916475,7.683713367182588,6.861814822162635,7.683713367182588,6.861814822162636,16,16,0,0
kk_grpo_v1_train_001131,rand03,9,0.12196370424099345,0.16243395874207756,1.9514192678558953,0.5018226911514689,0.9919027162310939,7.683713367182588,7.363101839481536,7.683713367182588,7.363101839481536,16,16,0,0
kk_grpo_v1_train_001131,rand04,9,0.12196370424099345,0.16243395874207756,1.9514192678558953,0.501822691151469,0.991902716231094,7.683713367182588,7.363101839481536,7.683713367182588,7.363101839481535,16,16,0,0
kk_grpo_v1_train_001131,rand05,9,0.12196370424099345,0.16243395874207756,1.9514192678558953,0.501822691151469,0.991902716231094,7.683713367182588,7.363101839481535,7.683713367182588,7.363101839481535,16,16,0,0
kk_grpo_v1_train_001131,rand06,9,0.36589111272298036,0.5221619120253356,5.854257803567686,1.4858880716296636,0.9243864041916475,7.683713367182588,6.861814822162635,7.683713367182588,6.861814822162635,16,16,0,0
kk_grpo_v1_train_001131,rand07,9,0.12196370424099345,0.16243395874207756,1.9514192678558953,0.501822691151469,0.9919027162310942,7.683713367182588,7.363101839481535,7.683713367182588,7.363101839481535,16,16,0,0
kk_grpo_v1_train_001131,rand08,9,0.36589111272298036,0.5221619120253356,5.854257803567686,1.4858880716296636,0.9243864041916475,7.683713367182588,6.861814822162636,7.683713367182588,6.861814822162635,16,16,0,0
kk_grpo_v1_train_001131,rand09,9,0.6098185212049673,1.3765005939178896,9.757096339279476,2.585914265927114,0.7697725570677818,7.683713367182588,5.713844432475384,7.683713367182588,5.713844432475384,16,16,0,0
kk_grpo_v1_train_001131,rand10,9,0.12196370424099345,0.16243395874207756,1.9514192678558953,0.501822691151469,0.991902716231094,7.683713367182588,7.363101839481535,7.683713367182588,7.363101839481535,16,16,0,0
kk_grpo_v1_train_001131,rand11,9,0.12196370424099345,0.16243395874207756,1.9514192678558953,0.501822691151469,0.991902716231094,7.683713367182588,7.363101839481536,7.683713367182588,7.363101839481536,16,16,0,0
kk_grpo_v1_train_001131,rand12,9,0.12196370424099345,0.16243395874207756,1.9514192678558953,0.501822691151469,0.991902716231094,7.683713367182588,7.363101839481536,7.683713367182588,7.363101839481535,16,16,0,0
kk_grpo_v1_train_001131,rand13,9,0.36589111272298036,0.5221619120253356,5.854257803567686,1.4858880716296636,0.9243864041916475,7.683713367182588,6.861814822162635,7.683713367182588,6.861814822162636,16,16,0,0
kk_grpo_v1_train_001131,rand14,9,0.36589111272298036,0.5221619120253356,5.854257803567686,1.4858880716296636,0.9243864041916475,7.683713367182588,6.861814822162635,7.683713367182588,6.861814822162636,16,16,0,0
kk_grpo_v1_train_001131,rand15,9,0.36589111272298036,0.5221619120253356,5.854257803567686,1.4858880716296636,0.9243864041916475,7.683713367182588,6.861814822162636,7.683713367182588,6.861814822162634,16,16,0,0
kk_grpo_v1_train_001131,rand16,9,0.12196370424099345,0.16243395874207756,1.9514192678558953,0.501822691151469,0.991902716231094,7.683713367182588,7.363101839481535,7.683713367182588,7.363101839481535,16,16,0,0
kk_grpo_v1_train_001131,rand17,9,0.36589111272298036,0.5221619120253356,5.854257803567686,1.4858880716296636,0.9243864041916475,7.683713367182588,6.861814822162635,7.683713367182588,6.861814822162636,16,16,0,0
kk_grpo_v1_train_001131,rand18,9,0.12196370424099345,0.16243395874207756,1.9514192678558953,0.501822691151469,0.991902716231094,7.683713367182588,7.363101839481535,7.683713367182588,7.363101839481536,16,16,0,0
kk_grpo_v1_train_001131,rand19,9,0.12196370424099345,0.16243395874207756,1.9514192678558953,0.501822691151469,0.9919027162310942,7.683713367182588,7.363101839481536,7.683713367182588,7.363101839481535,16,16,0,0
kk_grpo_v1_train_001145,first8_last8,10,0.24995000999800038,0.3700852002042747,3.999200159968006,1.0350996674610249,0.9636123758498016,7.498500299940012,6.980628018096008,7.498500299940012,6.980628018096008,16,16,0,0
kk_grpo_v1_train_001145,rand00,10,0.24995000999800038,0.3700852002042747,3.999200159968006,1.0350996674610249,0.9636123758498016,7.498500299940012,6.980628018096008,7.498500299940012,6.9806280180960085,16,16,0,0
kk_grpo_v1_train_001145,rand01,10,0.031776457048981244,0.04236860939864173,0.5084233127836999,0.131274334882325,1.0,7.498500299940012,7.244288643548163,7.498500299940012,7.244288643548162,16,16,0,0
kk_grpo_v1_train_001145,rand02,10,0.24995000999800038,0.3700852002042747,3.999200159968006,1.0350996674610249,0.9636123758498016,7.498500299940012,6.980628018096008,7.498500299940012,6.9806280180960085,16,16,0,0
kk_grpo_v1_train_001145,rand03,10,0.031776457048981244,0.04236860939864173,0.5084233127836999,0.131274334882325,1.0,7.498500299940012,7.244288643548163,7.498500299940012,7.244288643548162,16,16,0,0
kk_grpo_v1_train_001145,rand04,10,0.7498500299940012,0.8699852202002756,11.997600479904019,3.0058089843137292,0.6324555320336759,7.498500299940012,3.2396705003885535,7.498500299940012,3.239670500388554,16,8,0,8
kk_grpo_v1_train_001145,rand05,10,0.031776457048981244,0.04236860939864173,0.5084233127836999,0.131274334882325,1.0,7.498500299940012,7.244288643548163,7.498500299940012,7.244288643548162,16,16,0,0
kk_grpo_v1_train_001145,rand06,10,0.031776457048981244,0.04236860939864173,0.5084233127836999,0.131274334882325,1.0,7.498500299940012,7.244288643548163,7.498500299940012,7.244288643548162,16,16,0,0
kk_grpo_v1_train_001145,rand07,10,0.031776457048981244,0.04236860939864173,0.5084233127836999,0.131274334882325,1.0,7.498500299940012,7.244288643548163,7.498500299940012,7.244288643548162,16,16,0,0
kk_grpo_v1_train_001145,rand08,10,0.24995000999800038,0.3700852002042747,3.999200159968006,1.0350996674610249,0.9636123758498016,7.498500299940012,6.980628018096008,7.498500299940012,6.980628018096008,16,16,0,0
kk_grpo_v1_train_001145,rand09,10,0.24995000999800038,0.3700852002042747,3.999200159968006,1.0350996674610249,0.9636123758498016,7.498500299940012,6.980628018096008,7.498500299940012,6.980628018096008,16,16,0,0
kk_grpo_v1_train_001145,rand10,10,0.031776457048981244,0.04236860939864173,0.5084233127836999,0.131274334882325,1.0,7.498500299940012,7.244288643548163,7.498500299940012,7.244288643548162,16,16,0,0
kk_grpo_v1_train_001145,rand11,10,0.49990001999600076,1.2244238820968287,7.998400319936012,2.146378920801531,0.8415721228140904,7.498500299940012,6.096318253860912,7.498500299940012,6.096318253860912,16,16,0,0
kk_grpo_v1_train_001145,rand12,10,0.24995000999800038,0.3700852002042747,3.999200159968006,1.0350996674610249,0.9636123758498017,7.498500299940012,6.980628018096008,7.498500299940012,6.980628018096008,16,16,0,0
kk_grpo_v1_train_001145,rand13,10,0.24995000999800038,0.3700852002042747,3.999200159968006,1.0350996674610249,0.9636123758498016,7.498500299940012,6.9806280180960085,7.498500299940012,6.9806280180960085,16,16,0,0
kk_grpo_v1_train_001145,rand14,10,0.031776457048981244,0.04236860939864173,0.5084233127836999,0.131274334882325,1.0,7.498500299940012,7.244288643548163,7.498500299940012,7.244288643548162,16,16,0,0
kk_grpo_v1_train_001145,rand15,10,0.031776457048981244,0.04236860939864173,0.5084233127836999,0.131274334882325,1.0,7.498500299940012,7.244288643548163,7.498500299940012,7.244288643548162,16,16,0,0
kk_grpo_v1_train_001145,rand16,10,0.24995000999800038,0.3700852002042747,3.999200159968006,1.0350996674610249,0.9636123758498016,7.498500299940012,6.980628018096008,7.498500299940012,6.980628018096008,16,16,0,0
kk_grpo_v1_train_001145,rand17,10,0.24995000999800038,0.3700852002042747,3.999200159968006,1.0350996674610249,0.9636123758498016,7.498500299940012,6.9806280180960085,7.498500299940012,6.980628018096008,16,16,0,0
kk_grpo_v1_train_001145,rand18,10,0.031776457048981244,0.04236860939864173,0.5084233127836999,0.131274334882325,1.0,7.498500299940012,7.244288643548163,7.498500299940012,7.244288643548162,16,16,0,0
kk_grpo_v1_train_001145,rand19,10,0.24995000999800038,0.3700852002042747,3.999200159968006,1.0350996674610249,0.9636123758498016,7.498500299940012,6.980628018096008,7.498500299940012,6.980628018096008,16,16,0,0
kk_grpo_v1_train_001155,first8_last8,1,0.2499000399840064,1.2743266676732654,3.9984006397441023,1.4827581771029286,0.9660917830792959,3.748500599760096,2.474173932086831,3.748500599760097,2.4741739320868303,16,8,8,0
kk_grpo_v1_train_001155,rand00,1,0.2499000399840064,1.2743266676732654,3.9984006397441023,1.4827581771029286,0.9660917830792959,3.748500599760096,2.474173932086831,3.748500599760097,2.4741739320868303,16,8,8,0
kk_grpo_v1_train_001155,rand01,1,0.24990003998400642,1.2743266676732654,3.9984006397441028,1.4827581771029286,0.9660917830792959,3.748500599760096,2.474173932086831,3.748500599760097,2.4741739320868303,16,8,8,0
kk_grpo_v1_train_001155,rand02,1,0.2499000399840064,1.2743266676732654,3.9984006397441023,1.4827581771029286,0.9660917830792959,3.748500599760096,2.474173932086831,3.748500599760097,2.4741739320868303,16,8,8,0
kk_grpo_v1_train_001155,rand03,1,0.2499000399840064,1.2743266676732654,3.9984006397441023,1.4827581771029286,0.9660917830792959,3.748500599760096,2.474173932086831,3.748500599760097,2.4741739320868303,16,8,8,0
kk_grpo_v1_train_001155,rand04,1,0.2499000399840064,1.2743266676732654,3.9984006397441023,1.4827581771029286,0.9660917830792959,3.748500599760096,2.474173932086831,3.748500599760097,2.4741739320868303,16,8,8,0
kk_grpo_v1_train_001155,rand05,1,0.2499000399840064,1.2743266676732654,3.9984006397441023,1.4827581771029286,0.9660917830792959,3.748500599760096,2.474173932086831,3.748500599760097,2.4741739320868303,16,8,8,0
kk_grpo_v1_train_001155,rand06,1,0.2499000399840064,1.2743266676732654,3.9984006397441023,1.4827581771029286,0.9660917830792959,3.748500599760096,2.474173932086831,3.748500599760097,2.4741739320868303,16,8,8,0
kk_grpo_v1_train_001155,rand07,1,0.2499000399840064,1.2743266676732654,3.9984006397441023,1.4827581771029286,0.9660917830792959,3.748500599760096,2.474173932086831,3.748500599760097,2.4741739320868303,16,8,8,0
kk_grpo_v1_train_001155,rand08,1,0.2499000399840064,1.2743266676732654,3.9984006397441023,1.4827581771029286,0.9660917830792959,3.748500599760096,2.474173932086831,3.748500599760097,2.4741739320868303,16,8,8,0
kk_grpo_v1_train_001155,rand09,1,0.2499000399840064,1.2743266676732654,3.9984006397441023,1.4827581771029286,0.9660917830792959,3.748500599760096,2.474173932086831,3.748500599760097,2.4741739320868303,16,8,8,0
kk_grpo_v1_train_001155,rand10,1,0.2499000399840064,1.2743266676732654,3.9984006397441023,1.4827581771029286,0.9660917830792959,3.748500599760096,2.474173932086831,3.748500599760097,2.4741739320868303,16,8,8,0
kk_grpo_v1_train_001155,rand11,1,0.24990003998400642,1.2743266676732654,3.9984006397441028,1.4827581771029286,0.9660917830792959,3.748500599760096,2.474173932086831,3.748500599760097,2.4741739320868303,16,8,8,0
kk_grpo_v1_train_001155,rand12,1,0.2499000399840064,1.2743266676732654,3.9984006397441023,1.4827581771029286,0.9660917830792959,3.748500599760096,2.474173932086831,3.748500599760097,2.4741739320868303,16,8,8,0
kk_grpo_v1_train_001155,rand13,1,0.2499000399840064,1.2743266676732654,3.9984006397441023,1.4827581771029286,0.9660917830792959,3.748500599760096,2.474173932086831,3.748500599760097,2.4741739320868303,16,8,8,0
kk_grpo_v1_train_001155,rand14,1,0.2499000399840064,1.2743266676732654,3.9984006397441023,1.4827581771029286,0.9660917830792959,3.748500599760096,2.474173932086831,3.748500599760097,2.4741739320868303,16,8,8,0
kk_grpo_v1_train_001155,rand15,1,0.2499000399840064,1.2743266676732654,3.9984006397441023,1.4827581771029286,0.9660917830792959,3.748500599760096,2.474173932086831,3.748500599760097,2.4741739320868303,16,8,8,0
kk_grpo_v1_train_001155,rand16,1,0.2499000399840064,1.2743266676732654,3.9984006397441023,1.4827581771029286,0.9660917830792959,3.748500599760096,2.474173932086831,3.748500599760097,2.4741739320868303,16,8,8,0
kk_grpo_v1_train_001155,rand17,1,0.2499000399840064,1.2743266676732654,3.9984006397441023,1.4827581771029286,0.9660917830792959,3.748500599760096,2.474173932086831,3.748500599760097,2.4741739320868303,16,8,8,0
kk_grpo_v1_train_001155,rand18,1,0.2499000399840064,1.2743266676732654,3.9984006397441023,1.4827581771029286,0.9660917830792959,3.748500599760096,2.474173932086831,3.748500599760097,2.4741739320868303,16,8,8,0
kk_grpo_v1_train_001155,rand19,1,0.2499000399840064,1.2743266676732654,3.9984006397441023,1.4827581771029286,0.9660917830792959,3.748500599760096,2.474173932086831,3.748500599760097,2.4741739320868303,16,8,8,0
kk_grpo_v1_train_001176,first8_last8,16,0.0,0.0,0.0,0.0,nan,0.0,0.0,0.0,0.0,0,0,0,0
kk_grpo_v1_train_001176,rand00,16,0.0,0.0,0.0,0.0,nan,0.0,0.0,0.0,0.0,0,0,0,0
kk_grpo_v1_train_001176,rand01,16,0.0,0.0,0.0,0.0,nan,0.0,0.0,0.0,0.0,0,0,0,0
kk_grpo_v1_train_001176,rand02,16,0.0,0.0,0.0,0.0,nan,0.0,0.0,0.0,0.0,0,0,0,0
kk_grpo_v1_train_001176,rand03,16,0.0,0.0,0.0,0.0,nan,0.0,0.0,0.0,0.0,0,0,0,0
kk_grpo_v1_train_001176,rand04,16,0.0,0.0,0.0,0.0,nan,0.0,0.0,0.0,0.0,0,0,0,0
kk_grpo_v1_train_001176,rand05,16,0.0,0.0,0.0,0.0,nan,0.0,0.0,0.0,0.0,0,0,0,0
kk_grpo_v1_train_001176,rand06,16,0.0,0.0,0.0,0.0,nan,0.0,0.0,0.0,0.0,0,0,0,0
kk_grpo_v1_train_001176,rand07,16,0.0,0.0,0.0,0.0,nan,0.0,0.0,0.0,0.0,0,0,0,0
kk_grpo_v1_train_001176,rand08,16,0.0,0.0,0.0,0.0,nan,0.0,0.0,0.0,0.0,0,0,0,0
kk_grpo_v1_train_001176,rand09,16,0.0,0.0,0.0,0.0,nan,0.0,0.0,0.0,0.0,0,0,0,0
kk_grpo_v1_train_001176,rand10,16,0.0,0.0,0.0,0.0,nan,0.0,0.0,0.0,0.0,0,0,0,0
kk_grpo_v1_train_001176,rand11,16,0.0,0.0,0.0,0.0,nan,0.0,0.0,0.0,0.0,0,0,0,0
kk_grpo_v1_train_001176,rand12,16,0.0,0.0,0.0,0.0,nan,0.0,0.0,0.0,0.0,0,0,0,0
kk_grpo_v1_train_001176,rand13,16,0.0,0.0,0.0,0.0,nan,0.0,0.0,0.0,0.0,0,0,0,0
kk_grpo_v1_train_001176,rand14,16,0.0,0.0,0.0,0.0,nan,0.0,0.0,0.0,0.0,0,0,0,0
kk_grpo_v1_train_001176,rand15,16,0.0,0.0,0.0,0.0,nan,0.0,0.0,0.0,0.0,0,0,0,0
kk_grpo_v1_train_001176,rand16,16,0.0,0.0,0.0,0.0,nan,0.0,0.0,0.0,0.0,0,0,0,0
kk_grpo_v1_train_001176,rand17,16,0.0,0.0,0.0,0.0,nan,0.0,0.0,0.0,0.0,0,0,0,0
kk_grpo_v1_train_001176,rand18,16,0.0,0.0,0.0,0.0,nan,0.0,0.0,0.0,0.0,0,0,0,0
kk_grpo_v1_train_001176,rand19,16,0.0,0.0,0.0,0.0,nan,0.0,0.0,0.0,0.0,0,0,0,0
kk_grpo_v1_train_001185,first8_last8,16,0.0,0.0,0.0,0.0,nan,0.0,0.0,0.0,0.0,0,0,0,0
kk_grpo_v1_train_001185,rand00,16,0.0,0.0,0.0,0.0,nan,0.0,0.0,0.0,0.0,0,0,0,0
kk_grpo_v1_train_001185,rand01,16,0.0,0.0,0.0,0.0,nan,0.0,0.0,0.0,0.0,0,0,0,0
kk_grpo_v1_train_001185,rand02,16,0.0,0.0,0.0,0.0,nan,0.0,0.0,0.0,0.0,0,0,0,0
kk_grpo_v1_train_001185,rand03,16,0.0,0.0,0.0,0.0,nan,0.0,0.0,0.0,0.0,0,0,0,0
kk_grpo_v1_train_001185,rand04,16,0.0,0.0,0.0,0.0,nan,0.0,0.0,0.0,0.0,0,0,0,0
kk_grpo_v1_train_001185,rand05,16,0.0,0.0,0.0,0.0,nan,0.0,0.0,0.0,0.0,0,0,0,0
kk_grpo_v1_train_001185,rand06,16,0.0,0.0,0.0,0.0,nan,0.0,0.0,0.0,0.0,0,0,0,0
kk_grpo_v1_train_001185,rand07,16,0.0,0.0,0.0,0.0,nan,0.0,0.0,0.0,0.0,0,0,0,0
kk_grpo_v1_train_001185,rand08,16,0.0,0.0,0.0,0.0,nan,0.0,0.0,0.0,0.0,0,0,0,0
kk_grpo_v1_train_001185,rand09,16,0.0,0.0,0.0,0.0,nan,0.0,0.0,0.0,0.0,0,0,0,0
kk_grpo_v1_train_001185,rand10,16,0.0,0.0,0.0,0.0,nan,0.0,0.0,0.0,0.0,0,0,0,0
kk_grpo_v1_train_001185,rand11,16,0.0,0.0,0.0,0.0,nan,0.0,0.0,0.0,0.0,0,0,0,0
kk_grpo_v1_train_001185,rand12,16,0.0,0.0,0.0,0.0,nan,0.0,0.0,0.0,0.0,0,0,0,0
kk_grpo_v1_train_001185,rand13,16,0.0,0.0,0.0,0.0,nan,0.0,0.0,0.0,0.0,0,0,0,0
kk_grpo_v1_train_001185,rand14,16,0.0,0.0,0.0,0.0,nan,0.0,0.0,0.0,0.0,0,0,0,0
kk_grpo_v1_train_001185,rand15,16,0.0,0.0,0.0,0.0,nan,0.0,0.0,0.0,0.0,0,0,0,0
kk_grpo_v1_train_001185,rand16,16,0.0,0.0,0.0,0.0,nan,0.0,0.0,0.0,0.0,0,0,0,0
kk_grpo_v1_train_001185,rand17,16,0.0,0.0,0.0,0.0,nan,0.0,0.0,0.0,0.0,0,0,0,0
kk_grpo_v1_train_001185,rand18,16,0.0,0.0,0.0,0.0,nan,0.0,0.0,0.0,0.0,0,0,0,0
kk_grpo_v1_train_001185,rand19,16,0.0,0.0,0.0,0.0,nan,0.0,0.0,0.0,0.0,0,0,0,0
kk_grpo_v1_train_001245,first8_last8,0,0.0,0.0,0.0,0.0,nan,0.0,0.0,0.0,0.0,0,0,0,0
kk_grpo_v1_train_001245,rand00,0,0.0,0.0,0.0,0.0,nan,0.0,0.0,0.0,0.0,0,0,0,0
kk_grpo_v1_train_001245,rand01,0,0.0,0.0,0.0,0.0,nan,0.0,0.0,0.0,0.0,0,0,0,0
kk_grpo_v1_train_001245,rand02,0,0.0,0.0,0.0,0.0,nan,0.0,0.0,0.0,0.0,0,0,0,0
kk_grpo_v1_train_001245,rand03,0,0.0,0.0,0.0,0.0,nan,0.0,0.0,0.0,0.0,0,0,0,0
kk_grpo_v1_train_001245,rand04,0,0.0,0.0,0.0,0.0,nan,0.0,0.0,0.0,0.0,0,0,0,0
kk_grpo_v1_train_001245,rand05,0,0.0,0.0,0.0,0.0,nan,0.0,0.0,0.0,0.0,0,0,0,0
kk_grpo_v1_train_001245,rand06,0,0.0,0.0,0.0,0.0,nan,0.0,0.0,0.0,0.0,0,0,0,0
kk_grpo_v1_train_001245,rand07,0,0.0,0.0,0.0,0.0,nan,0.0,0.0,0.0,0.0,0,0,0,0
kk_grpo_v1_train_001245,rand08,0,0.0,0.0,0.0,0.0,nan,0.0,0.0,0.0,0.0,0,0,0,0
kk_grpo_v1_train_001245,rand09,0,0.0,0.0,0.0,0.0,nan,0.0,0.0,0.0,0.0,0,0,0,0
kk_grpo_v1_train_001245,rand10,0,0.0,0.0,0.0,0.0,nan,0.0,0.0,0.0,0.0,0,0,0,0
kk_grpo_v1_train_001245,rand11,0,0.0,0.0,0.0,0.0,nan,0.0,0.0,0.0,0.0,0,0,0,0
kk_grpo_v1_train_001245,rand12,0,0.0,0.0,0.0,0.0,nan,0.0,0.0,0.0,0.0,0,0,0,0
kk_grpo_v1_train_001245,rand13,0,0.0,0.0,0.0,0.0,nan,0.0,0.0,0.0,0.0,0,0,0,0
kk_grpo_v1_train_001245,rand14,0,0.0,0.0,0.0,0.0,nan,0.0,0.0,0.0,0.0,0,0,0,0
kk_grpo_v1_train_001245,rand15,0,0.0,0.0,0.0,0.0,nan,0.0,0.0,0.0,0.0,0,0,0,0
kk_grpo_v1_train_001245,rand16,0,0.0,0.0,0.0,0.0,nan,0.0,0.0,0.0,0.0,0,0,0,0
kk_grpo_v1_train_001245,rand17,0,0.0,0.0,0.0,0.0,nan,0.0,0.0,0.0,0.0,0,0,0,0
kk_grpo_v1_train_001245,rand18,0,0.0,0.0,0.0,0.0,nan,0.0,0.0,0.0,0.0,0,0,0,0
kk_grpo_v1_train_001245,rand19,0,0.0,0.0,0.0,0.0,nan,0.0,0.0,0.0,0.0,0,0,0,0
kk_grpo_v1_train_001285,first8_last8,16,0.0,0.0,0.0,0.0,nan,0.0,0.0,0.0,0.0,0,0,0,0
kk_grpo_v1_train_001285,rand00,16,0.0,0.0,0.0,0.0,nan,0.0,0.0,0.0,0.0,0,0,0,0
kk_grpo_v1_train_001285,rand01,16,0.0,0.0,0.0,0.0,nan,0.0,0.0,0.0,0.0,0,0,0,0
kk_grpo_v1_train_001285,rand02,16,0.0,0.0,0.0,0.0,nan,0.0,0.0,0.0,0.0,0,0,0,0
kk_grpo_v1_train_001285,rand03,16,0.0,0.0,0.0,0.0,nan,0.0,0.0,0.0,0.0,0,0,0,0
kk_grpo_v1_train_001285,rand04,16,0.0,0.0,0.0,0.0,nan,0.0,0.0,0.0,0.0,0,0,0,0
kk_grpo_v1_train_001285,rand05,16,0.0,0.0,0.0,0.0,nan,0.0,0.0,0.0,0.0,0,0,0,0
kk_grpo_v1_train_001285,rand06,16,0.0,0.0,0.0,0.0,nan,0.0,0.0,0.0,0.0,0,0,0,0
kk_grpo_v1_train_001285,rand07,16,0.0,0.0,0.0,0.0,nan,0.0,0.0,0.0,0.0,0,0,0,0
kk_grpo_v1_train_001285,rand08,16,0.0,0.0,0.0,0.0,nan,0.0,0.0,0.0,0.0,0,0,0,0
kk_grpo_v1_train_001285,rand09,16,0.0,0.0,0.0,0.0,nan,0.0,0.0,0.0,0.0,0,0,0,0
kk_grpo_v1_train_001285,rand10,16,0.0,0.0,0.0,0.0,nan,0.0,0.0,0.0,0.0,0,0,0,0
kk_grpo_v1_train_001285,rand11,16,0.0,0.0,0.0,0.0,nan,0.0,0.0,0.0,0.0,0,0,0,0
kk_grpo_v1_train_001285,rand12,16,0.0,0.0,0.0,0.0,nan,0.0,0.0,0.0,0.0,0,0,0,0
kk_grpo_v1_train_001285,rand13,16,0.0,0.0,0.0,0.0,nan,0.0,0.0,0.0,0.0,0,0,0,0
kk_grpo_v1_train_001285,rand14,16,0.0,0.0,0.0,0.0,nan,0.0,0.0,0.0,0.0,0,0,0,0
kk_grpo_v1_train_001285,rand15,16,0.0,0.0,0.0,0.0,nan,0.0,0.0,0.0,0.0,0,0,0,0
kk_grpo_v1_train_001285,rand16,16,0.0,0.0,0.0,0.0,nan,0.0,0.0,0.0,0.0,0,0,0,0
kk_grpo_v1_train_001285,rand17,16,0.0,0.0,0.0,0.0,nan,0.0,0.0,0.0,0.0,0,0,0,0
kk_grpo_v1_train_001285,rand18,16,0.0,0.0,0.0,0.0,nan,0.0,0.0,0.0,0.0,0,0,0,0
kk_grpo_v1_train_001285,rand19,16,0.0,0.0,0.0,0.0,nan,0.0,0.0,0.0,0.0,0,0,0,0
kk_grpo_v1_train_001355,first8_last8,16,0.0,0.0,0.0,0.0,nan,0.0,0.0,0.0,0.0,0,0,0,0
kk_grpo_v1_train_001355,rand00,16,0.0,0.0,0.0,0.0,nan,0.0,0.0,0.0,0.0,0,0,0,0
kk_grpo_v1_train_001355,rand01,16,0.0,0.0,0.0,0.0,nan,0.0,0.0,0.0,0.0,0,0,0,0
kk_grpo_v1_train_001355,rand02,16,0.0,0.0,0.0,0.0,nan,0.0,0.0,0.0,0.0,0,0,0,0
kk_grpo_v1_train_001355,rand03,16,0.0,0.0,0.0,0.0,nan,0.0,0.0,0.0,0.0,0,0,0,0
kk_grpo_v1_train_001355,rand04,16,0.0,0.0,0.0,0.0,nan,0.0,0.0,0.0,0.0,0,0,0,0
kk_grpo_v1_train_001355,rand05,16,0.0,0.0,0.0,0.0,nan,0.0,0.0,0.0,0.0,0,0,0,0
kk_grpo_v1_train_001355,rand06,16,0.0,0.0,0.0,0.0,nan,0.0,0.0,0.0,0.0,0,0,0,0
kk_grpo_v1_train_001355,rand07,16,0.0,0.0,0.0,0.0,nan,0.0,0.0,0.0,0.0,0,0,0,0
kk_grpo_v1_train_001355,rand08,16,0.0,0.0,0.0,0.0,nan,0.0,0.0,0.0,0.0,0,0,0,0
kk_grpo_v1_train_001355,rand09,16,0.0,0.0,0.0,0.0,nan,0.0,0.0,0.0,0.0,0,0,0,0
kk_grpo_v1_train_001355,rand10,16,0.0,0.0,0.0,0.0,nan,0.0,0.0,0.0,0.0,0,0,0,0
kk_grpo_v1_train_001355,rand11,16,0.0,0.0,0.0,0.0,nan,0.0,0.0,0.0,0.0,0,0,0,0
kk_grpo_v1_train_001355,rand12,16,0.0,0.0,0.0,0.0,nan,0.0,0.0,0.0,0.0,0,0,0,0
kk_grpo_v1_train_001355,rand13,16,0.0,0.0,0.0,0.0,nan,0.0,0.0,0.0,0.0,0,0,0,0
kk_grpo_v1_train_001355,rand14,16,0.0,0.0,0.0,0.0,nan,0.0,0.0,0.0,0.0,0,0,0,0
kk_grpo_v1_train_001355,rand15,16,0.0,0.0,0.0,0.0,nan,0.0,0.0,0.0,0.0,0,0,0,0
kk_grpo_v1_train_001355,rand16,16,0.0,0.0,0.0,0.0,nan,0.0,0.0,0.0,0.0,0,0,0,0
kk_grpo_v1_train_001355,rand17,16,0.0,0.0,0.0,0.0,nan,0.0,0.0,0.0,0.0,0,0,0,0
kk_grpo_v1_train_001355,rand18,16,0.0,0.0,0.0,0.0,nan,0.0,0.0,0.0,0.0,0,0,0,0
kk_grpo_v1_train_001355,rand19,16,0.0,0.0,0.0,0.0,nan,0.0,0.0,0.0,0.0,0,0,0,0
kk_grpo_v1_train_001403,first8_last8,16,0.0,0.0,0.0,0.0,nan,0.0,0.0,0.0,0.0,0,0,0,0
kk_grpo_v1_train_001403,rand00,16,0.0,0.0,0.0,0.0,nan,0.0,0.0,0.0,0.0,0,0,0,0
kk_grpo_v1_train_001403,rand01,16,0.0,0.0,0.0,0.0,nan,0.0,0.0,0.0,0.0,0,0,0,0
kk_grpo_v1_train_001403,rand02,16,0.0,0.0,0.0,0.0,nan,0.0,0.0,0.0,0.0,0,0,0,0
kk_grpo_v1_train_001403,rand03,16,0.0,0.0,0.0,0.0,nan,0.0,0.0,0.0,0.0,0,0,0,0
kk_grpo_v1_train_001403,rand04,16,0.0,0.0,0.0,0.0,nan,0.0,0.0,0.0,0.0,0,0,0,0
kk_grpo_v1_train_001403,rand05,16,0.0,0.0,0.0,0.0,nan,0.0,0.0,0.0,0.0,0,0,0,0
kk_grpo_v1_train_001403,rand06,16,0.0,0.0,0.0,0.0,nan,0.0,0.0,0.0,0.0,0,0,0,0
kk_grpo_v1_train_001403,rand07,16,0.0,0.0,0.0,0.0,nan,0.0,0.0,0.0,0.0,0,0,0,0
kk_grpo_v1_train_001403,rand08,16,0.0,0.0,0.0,0.0,nan,0.0,0.0,0.0,0.0,0,0,0,0
kk_grpo_v1_train_001403,rand09,16,0.0,0.0,0.0,0.0,nan,0.0,0.0,0.0,0.0,0,0,0,0
kk_grpo_v1_train_001403,rand10,16,0.0,0.0,0.0,0.0,nan,0.0,0.0,0.0,0.0,0,0,0,0
kk_grpo_v1_train_001403,rand11,16,0.0,0.0,0.0,0.0,nan,0.0,0.0,0.0,0.0,0,0,0,0
kk_grpo_v1_train_001403,rand12,16,0.0,0.0,0.0,0.0,nan,0.0,0.0,0.0,0.0,0,0,0,0
kk_grpo_v1_train_001403,rand13,16,0.0,0.0,0.0,0.0,nan,0.0,0.0,0.0,0.0,0,0,0,0
kk_grpo_v1_train_001403,rand14,16,0.0,0.0,0.0,0.0,nan,0.0,0.0,0.0,0.0,0,0,0,0
kk_grpo_v1_train_001403,rand15,16,0.0,0.0,0.0,0.0,nan,0.0,0.0,0.0,0.0,0,0,0,0
kk_grpo_v1_train_001403,rand16,16,0.0,0.0,0.0,0.0,nan,0.0,0.0,0.0,0.0,0,0,0,0
kk_grpo_v1_train_001403,rand17,16,0.0,0.0,0.0,0.0,nan,0.0,0.0,0.0,0.0,0,0,0,0
kk_grpo_v1_train_001403,rand18,16,0.0,0.0,0.0,0.0,nan,0.0,0.0,0.0,0.0,0,0,0,0
kk_grpo_v1_train_001403,rand19,16,0.0,0.0,0.0,0.0,nan,0.0,0.0,0.0,0.0,0,0,0,0
kk_grpo_v1_train_001413,first8_last8,0,0.0,0.0,0.0,0.0,nan,0.0,0.0,0.0,0.0,0,0,0,0
kk_grpo_v1_train_001413,rand00,0,0.0,0.0,0.0,0.0,nan,0.0,0.0,0.0,0.0,0,0,0,0
kk_grpo_v1_train_001413,rand01,0,0.0,0.0,0.0,0.0,nan,0.0,0.0,0.0,0.0,0,0,0,0
kk_grpo_v1_train_001413,rand02,0,0.0,0.0,0.0,0.0,nan,0.0,0.0,0.0,0.0,0,0,0,0
kk_grpo_v1_train_001413,rand03,0,0.0,0.0,0.0,0.0,nan,0.0,0.0,0.0,0.0,0,0,0,0
kk_grpo_v1_train_001413,rand04,0,0.0,0.0,0.0,0.0,nan,0.0,0.0,0.0,0.0,0,0,0,0
kk_grpo_v1_train_001413,rand05,0,0.0,0.0,0.0,0.0,nan,0.0,0.0,0.0,0.0,0,0,0,0
kk_grpo_v1_train_001413,rand06,0,0.0,0.0,0.0,0.0,nan,0.0,0.0,0.0,0.0,0,0,0,0
kk_grpo_v1_train_001413,rand07,0,0.0,0.0,0.0,0.0,nan,0.0,0.0,0.0,0.0,0,0,0,0
kk_grpo_v1_train_001413,rand08,0,0.0,0.0,0.0,0.0,nan,0.0,0.0,0.0,0.0,0,0,0,0
kk_grpo_v1_train_001413,rand09,0,0.0,0.0,0.0,0.0,nan,0.0,0.0,0.0,0.0,0,0,0,0
kk_grpo_v1_train_001413,rand10,0,0.0,0.0,0.0,0.0,nan,0.0,0.0,0.0,0.0,0,0,0,0
kk_grpo_v1_train_001413,rand11,0,0.0,0.0,0.0,0.0,nan,0.0,0.0,0.0,0.0,0,0,0,0
kk_grpo_v1_train_001413,rand12,0,0.0,0.0,0.0,0.0,nan,0.0,0.0,0.0,0.0,0,0,0,0
kk_grpo_v1_train_001413,rand13,0,0.0,0.0,0.0,0.0,nan,0.0,0.0,0.0,0.0,0,0,0,0
kk_grpo_v1_train_001413,rand14,0,0.0,0.0,0.0,0.0,nan,0.0,0.0,0.0,0.0,0,0,0,0
kk_grpo_v1_train_001413,rand15,0,0.0,0.0,0.0,0.0,nan,0.0,0.0,0.0,0.0,0,0,0,0
kk_grpo_v1_train_001413,rand16,0,0.0,0.0,0.0,0.0,nan,0.0,0.0,0.0,0.0,0,0,0,0
kk_grpo_v1_train_001413,rand17,0,0.0,0.0,0.0,0.0,nan,0.0,0.0,0.0,0.0,0,0,0,0
kk_grpo_v1_train_001413,rand18,0,0.0,0.0,0.0,0.0,nan,0.0,0.0,0.0,0.0,0,0,0,0
kk_grpo_v1_train_001413,rand19,0,0.0,0.0,0.0,0.0,nan,0.0,0.0,0.0,0.0,0,0,0,0
kk_grpo_v1_train_001417,first8_last8,16,0.0,0.0,0.0,0.0,nan,0.0,0.0,0.0,0.0,0,0,0,0
kk_grpo_v1_train_001417,rand00,16,0.0,0.0,0.0,0.0,nan,0.0,0.0,0.0,0.0,0,0,0,0
kk_grpo_v1_train_001417,rand01,16,0.0,0.0,0.0,0.0,nan,0.0,0.0,0.0,0.0,0,0,0,0
kk_grpo_v1_train_001417,rand02,16,0.0,0.0,0.0,0.0,nan,0.0,0.0,0.0,0.0,0,0,0,0
kk_grpo_v1_train_001417,rand03,16,0.0,0.0,0.0,0.0,nan,0.0,0.0,0.0,0.0,0,0,0,0
kk_grpo_v1_train_001417,rand04,16,0.0,0.0,0.0,0.0,nan,0.0,0.0,0.0,0.0,0,0,0,0
kk_grpo_v1_train_001417,rand05,16,0.0,0.0,0.0,0.0,nan,0.0,0.0,0.0,0.0,0,0,0,0
kk_grpo_v1_train_001417,rand06,16,0.0,0.0,0.0,0.0,nan,0.0,0.0,0.0,0.0,0,0,0,0
kk_grpo_v1_train_001417,rand07,16,0.0,0.0,0.0,0.0,nan,0.0,0.0,0.0,0.0,0,0,0,0
kk_grpo_v1_train_001417,rand08,16,0.0,0.0,0.0,0.0,nan,0.0,0.0,0.0,0.0,0,0,0,0
kk_grpo_v1_train_001417,rand09,16,0.0,0.0,0.0,0.0,nan,0.0,0.0,0.0,0.0,0,0,0,0
kk_grpo_v1_train_001417,rand10,16,0.0,0.0,0.0,0.0,nan,0.0,0.0,0.0,0.0,0,0,0,0
kk_grpo_v1_train_001417,rand11,16,0.0,0.0,0.0,0.0,nan,0.0,0.0,0.0,0.0,0,0,0,0
kk_grpo_v1_train_001417,rand12,16,0.0,0.0,0.0,0.0,nan,0.0,0.0,0.0,0.0,0,0,0,0
kk_grpo_v1_train_001417,rand13,16,0.0,0.0,0.0,0.0,nan,0.0,0.0,0.0,0.0,0,0,0,0
kk_grpo_v1_train_001417,rand14,16,0.0,0.0,0.0,0.0,nan,0.0,0.0,0.0,0.0,0,0,0,0
kk_grpo_v1_train_001417,rand15,16,0.0,0.0,0.0,0.0,nan,0.0,0.0,0.0,0.0,0,0,0,0
kk_grpo_v1_train_001417,rand16,16,0.0,0.0,0.0,0.0,nan,0.0,0.0,0.0,0.0,0,0,0,0
kk_grpo_v1_train_001417,rand17,16,0.0,0.0,0.0,0.0,nan,0.0,0.0,0.0,0.0,0,0,0,0
kk_grpo_v1_train_001417,rand18,16,0.0,0.0,0.0,0.0,nan,0.0,0.0,0.0,0.0,0,0,0,0
kk_grpo_v1_train_001417,rand19,16,0.0,0.0,0.0,0.0,nan,0.0,0.0,0.0,0.0,0,0,0,0
kk_grpo_v1_train_001460,first8_last8,14,0.021703494729079675,0.08681397891631848,0.3472559156652748,0.131250399163762,0.9999999999999999,5.1219758220062985,4.948347864173661,5.1219758220062985,4.948347864173662,16,16,0,0
kk_grpo_v1_train_001460,rand00,14,0.021703494729079675,0.08681397891631848,0.3472559156652748,0.131250399163762,0.9999999999999999,5.1219758220062985,4.948347864173661,5.1219758220062985,4.948347864173662,16,16,0,0
kk_grpo_v1_train_001460,rand01,14,0.021703494729079675,0.08681397891631848,0.3472559156652748,0.131250399163762,0.9999999999999999,5.1219758220062985,4.948347864173661,5.1219758220062985,4.948347864173662,16,16,0,0
kk_grpo_v1_train_001460,rand02,14,0.021703494729079675,0.08681397891631848,0.3472559156652748,0.131250399163762,0.9999999999999999,5.1219758220062985,4.948347864173661,5.1219758220062985,4.948347864173662,16,16,0,0
kk_grpo_v1_train_001460,rand03,14,0.021703494729079675,0.08681397891631848,0.3472559156652748,0.131250399163762,0.9999999999999999,5.1219758220062985,4.948347864173661,5.1219758220062985,4.948347864173662,16,16,0,0
kk_grpo_v1_train_001460,rand04,14,0.3658554158575928,0.9411526608088725,5.853686653721485,1.739017371523375,0.9258200997725513,5.1219758220062985,3.239670500388554,5.1219758220062985,3.2396705003885535,16,8,0,8
kk_grpo_v1_train_001460,rand05,14,0.021703494729079675,0.08681397891631848,0.3472559156652748,0.131250399163762,0.9999999999999999,5.1219758220062985,4.948347864173661,5.1219758220062985,4.948347864173662,16,16,0,0
kk_grpo_v1_train_001460,rand06,14,0.021703494729079675,0.08681397891631848,0.3472559156652748,0.131250399163762,0.9999999999999999,5.1219758220062985,4.948347864173661,5.1219758220062985,4.948347864173662,16,16,0,0
kk_grpo_v1_train_001460,rand07,14,0.3658554158575928,0.9411526608088725,5.853686653721485,1.7390173715233752,0.9258200997725513,5.1219758220062985,3.239670500388554,5.1219758220062985,3.2396705003885535,16,8,0,8
kk_grpo_v1_train_001460,rand08,14,0.021703494729079675,0.08681397891631848,0.3472559156652748,0.131250399163762,0.9999999999999999,5.1219758220062985,4.948347864173661,5.1219758220062985,4.948347864173662,16,16,0,0
kk_grpo_v1_train_001460,rand09,14,0.3658554158575928,0.9411526608088725,5.853686653721485,1.7390173715233752,0.9258200997725513,5.1219758220062985,3.239670500388554,5.1219758220062985,3.2396705003885535,16,8,0,8
kk_grpo_v1_train_001460,rand10,14,0.021703494729079675,0.08681397891631848,0.3472559156652748,0.131250399163762,0.9999999999999999,5.1219758220062985,4.948347864173661,5.1219758220062985,4.948347864173662,16,16,0,0
kk_grpo_v1_train_001460,rand11,14,0.3658554158575928,0.9411526608088725,5.853686653721485,1.739017371523375,0.9258200997725513,5.1219758220062985,3.239670500388554,5.1219758220062985,3.2396705003885535,16,8,0,8
kk_grpo_v1_train_001460,rand12,14,0.021703494729079675,0.08681397891631848,0.3472559156652748,0.131250399163762,0.9999999999999999,5.1219758220062985,4.948347864173661,5.1219758220062985,4.948347864173662,16,16,0,0
kk_grpo_v1_train_001460,rand13,14,0.021703494729079675,0.08681397891631848,0.3472559156652748,0.131250399163762,0.9999999999999999,5.1219758220062985,4.948347864173661,5.1219758220062985,4.948347864173662,16,16,0,0
kk_grpo_v1_train_001460,rand14,14,0.3658554158575928,0.9411526608088725,5.853686653721485,1.739017371523375,0.9258200997725513,5.1219758220062985,3.239670500388554,5.1219758220062985,3.2396705003885535,16,8,0,8
kk_grpo_v1_train_001460,rand15,14,0.021703494729079675,0.08681397891631848,0.3472559156652748,0.131250399163762,0.9999999999999999,5.1219758220062985,4.948347864173661,5.1219758220062985,4.948347864173662,16,16,0,0
kk_grpo_v1_train_001460,rand16,14,0.021703494729079675,0.08681397891631848,0.3472559156652748,0.131250399163762,0.9999999999999999,5.1219758220062985,4.948347864173661,5.1219758220062985,4.948347864173662,16,16,0,0
kk_grpo_v1_train_001460,rand17,14,0.021703494729079675,0.08681397891631848,0.3472559156652748,0.131250399163762,0.9999999999999999,5.1219758220062985,4.948347864173661,5.1219758220062985,4.948347864173662,16,16,0,0
kk_grpo_v1_train_001460,rand18,14,0.3658554158575928,0.9411526608088725,5.853686653721485,1.7390173715233752,0.9258200997725513,5.1219758220062985,3.239670500388554,5.1219758220062985,3.2396705003885535,16,8,0,8
kk_grpo_v1_train_001460,rand19,14,0.3658554158575928,0.9411526608088725,5.853686653721485,1.7390173715233752,0.9258200997725513,5.1219758220062985,3.239670500388554,5.1219758220062985,3.2396705003885535,16,8,0,8
kk_grpo_v1_train_001462,first8_last8,16,0.0,0.0,0.0,0.0,nan,0.0,0.0,0.0,0.0,0,0,0,0
kk_grpo_v1_train_001462,rand00,16,0.0,0.0,0.0,0.0,nan,0.0,0.0,0.0,0.0,0,0,0,0
kk_grpo_v1_train_001462,rand01,16,0.0,0.0,0.0,0.0,nan,0.0,0.0,0.0,0.0,0,0,0,0
kk_grpo_v1_train_001462,rand02,16,0.0,0.0,0.0,0.0,nan,0.0,0.0,0.0,0.0,0,0,0,0
kk_grpo_v1_train_001462,rand03,16,0.0,0.0,0.0,0.0,nan,0.0,0.0,0.0,0.0,0,0,0,0
kk_grpo_v1_train_001462,rand04,16,0.0,0.0,0.0,0.0,nan,0.0,0.0,0.0,0.0,0,0,0,0
kk_grpo_v1_train_001462,rand05,16,0.0,0.0,0.0,0.0,nan,0.0,0.0,0.0,0.0,0,0,0,0
kk_grpo_v1_train_001462,rand06,16,0.0,0.0,0.0,0.0,nan,0.0,0.0,0.0,0.0,0,0,0,0
kk_grpo_v1_train_001462,rand07,16,0.0,0.0,0.0,0.0,nan,0.0,0.0,0.0,0.0,0,0,0,0
kk_grpo_v1_train_001462,rand08,16,0.0,0.0,0.0,0.0,nan,0.0,0.0,0.0,0.0,0,0,0,0
kk_grpo_v1_train_001462,rand09,16,0.0,0.0,0.0,0.0,nan,0.0,0.0,0.0,0.0,0,0,0,0
kk_grpo_v1_train_001462,rand10,16,0.0,0.0,0.0,0.0,nan,0.0,0.0,0.0,0.0,0,0,0,0
kk_grpo_v1_train_001462,rand11,16,0.0,0.0,0.0,0.0,nan,0.0,0.0,0.0,0.0,0,0,0,0
kk_grpo_v1_train_001462,rand12,16,0.0,0.0,0.0,0.0,nan,0.0,0.0,0.0,0.0,0,0,0,0
kk_grpo_v1_train_001462,rand13,16,0.0,0.0,0.0,0.0,nan,0.0,0.0,0.0,0.0,0,0,0,0
kk_grpo_v1_train_001462,rand14,16,0.0,0.0,0.0,0.0,nan,0.0,0.0,0.0,0.0,0,0,0,0
kk_grpo_v1_train_001462,rand15,16,0.0,0.0,0.0,0.0,nan,0.0,0.0,0.0,0.0,0,0,0,0
kk_grpo_v1_train_001462,rand16,16,0.0,0.0,0.0,0.0,nan,0.0,0.0,0.0,0.0,0,0,0,0
kk_grpo_v1_train_001462,rand17,16,0.0,0.0,0.0,0.0,nan,0.0,0.0,0.0,0.0,0,0,0,0
kk_grpo_v1_train_001462,rand18,16,0.0,0.0,0.0,0.0,nan,0.0,0.0,0.0,0.0,0,0,0,0
kk_grpo_v1_train_001462,rand19,16,0.0,0.0,0.0,0.0,nan,0.0,0.0,0.0,0.0,0,0,0,0
kk_grpo_v1_train_001471,first8_last8,16,0.0,0.0,0.0,0.0,nan,0.0,0.0,0.0,0.0,0,0,0,0
kk_grpo_v1_train_001471,rand00,16,0.0,0.0,0.0,0.0,nan,0.0,0.0,0.0,0.0,0,0,0,0
kk_grpo_v1_train_001471,rand01,16,0.0,0.0,0.0,0.0,nan,0.0,0.0,0.0,0.0,0,0,0,0
kk_grpo_v1_train_001471,rand02,16,0.0,0.0,0.0,0.0,nan,0.0,0.0,0.0,0.0,0,0,0,0
kk_grpo_v1_train_001471,rand03,16,0.0,0.0,0.0,0.0,nan,0.0,0.0,0.0,0.0,0,0,0,0
kk_grpo_v1_train_001471,rand04,16,0.0,0.0,0.0,0.0,nan,0.0,0.0,0.0,0.0,0,0,0,0
kk_grpo_v1_train_001471,rand05,16,0.0,0.0,0.0,0.0,nan,0.0,0.0,0.0,0.0,0,0,0,0
kk_grpo_v1_train_001471,rand06,16,0.0,0.0,0.0,0.0,nan,0.0,0.0,0.0,0.0,0,0,0,0
kk_grpo_v1_train_001471,rand07,16,0.0,0.0,0.0,0.0,nan,0.0,0.0,0.0,0.0,0,0,0,0
kk_grpo_v1_train_001471,rand08,16,0.0,0.0,0.0,0.0,nan,0.0,0.0,0.0,0.0,0,0,0,0
kk_grpo_v1_train_001471,rand09,16,0.0,0.0,0.0,0.0,nan,0.0,0.0,0.0,0.0,0,0,0,0
kk_grpo_v1_train_001471,rand10,16,0.0,0.0,0.0,0.0,nan,0.0,0.0,0.0,0.0,0,0,0,0
kk_grpo_v1_train_001471,rand11,16,0.0,0.0,0.0,0.0,nan,0.0,0.0,0.0,0.0,0,0,0,0
kk_grpo_v1_train_001471,rand12,16,0.0,0.0,0.0,0.0,nan,0.0,0.0,0.0,0.0,0,0,0,0
kk_grpo_v1_train_001471,rand13,16,0.0,0.0,0.0,0.0,nan,0.0,0.0,0.0,0.0,0,0,0,0
kk_grpo_v1_train_001471,rand14,16,0.0,0.0,0.0,0.0,nan,0.0,0.0,0.0,0.0,0,0,0,0
kk_grpo_v1_train_001471,rand15,16,0.0,0.0,0.0,0.0,nan,0.0,0.0,0.0,0.0,0,0,0,0
kk_grpo_v1_train_001471,rand16,16,0.0,0.0,0.0,0.0,nan,0.0,0.0,0.0,0.0,0,0,0,0
kk_grpo_v1_train_001471,rand17,16,0.0,0.0,0.0,0.0,nan,0.0,0.0,0.0,0.0,0,0,0,0
kk_grpo_v1_train_001471,rand18,16,0.0,0.0,0.0,0.0,nan,0.0,0.0,0.0,0.0,0,0,0,0
kk_grpo_v1_train_001471,rand19,16,0.0,0.0,0.0,0.0,nan,0.0,0.0,0.0,0.0,0,0,0,0
kk_grpo_v1_train_001497,first8_last8,11,0.39159292480619323,1.0383332077974556,6.265486796899092,1.7397152823745468,0.8961216640983372,7.1792036214468755,6.215131449794285,7.1792036214468755,6.215131449794285,16,16,0,0
kk_grpo_v1_train_001497,rand00,11,0.13053097493539773,0.22845928369801483,2.0884955989663636,0.5711982268193134,0.9893329628687376,7.1792036214468755,6.861814822162636,7.1792036214468755,6.861814822162635,16,16,0,0
kk_grpo_v1_train_001497,rand01,11,0.13053097493539773,0.22845928369801483,2.0884955989663636,0.5711982268193134,0.9893329628687376,7.1792036214468755,6.861814822162635,7.1792036214468755,6.861814822162635,16,16,0,0
kk_grpo_v1_train_001497,rand02,11,0.13053097493539773,0.22845928369801483,2.0884955989663636,0.5711982268193134,0.9893329628687377,7.1792036214468755,6.861814822162636,7.1792036214468755,6.861814822162635,16,16,0,0
kk_grpo_v1_train_001497,rand03,11,0.13053097493539773,0.22845928369801483,2.0884955989663636,0.5711982268193134,0.9893329628687376,7.1792036214468755,6.861814822162636,7.1792036214468755,6.861814822162635,16,16,0,0
kk_grpo_v1_train_001497,rand04,11,0.13053097493539773,0.22845928369801483,2.0884955989663636,0.5711982268193134,0.9893329628687376,7.1792036214468755,6.861814822162636,7.1792036214468755,6.861814822162635,16,16,0,0
kk_grpo_v1_train_001497,rand05,11,0.6526548746769887,0.7114118599345589,10.442477994831819,2.6194209177961993,0.7385489458759964,7.1792036214468755,3.6221443217740807,7.1792036214468755,3.622144321774081,16,8,0,8
kk_grpo_v1_train_001497,rand06,11,0.13053097493539773,0.22845928369801483,2.0884955989663636,0.5711982268193134,0.9893329628687376,7.1792036214468755,6.861814822162636,7.1792036214468755,6.861814822162635,16,16,0,0
kk_grpo_v1_train_001497,rand07,11,0.13053097493539773,0.22845928369801483,2.0884955989663636,0.5711982268193134,0.9893329628687376,7.1792036214468755,6.861814822162635,7.1792036214468755,6.861814822162635,16,16,0,0
kk_grpo_v1_train_001497,rand08,11,0.39159292480619323,1.0383332077974556,6.265486796899092,1.739715282374547,0.8961216640983372,7.1792036214468755,6.215131449794285,7.1792036214468755,6.215131449794286,16,16,0,0
kk_grpo_v1_train_001497,rand09,11,0.3915929248061932,1.0383332077974556,6.265486796899091,1.739715282374547,0.8961216640983373,7.1792036214468755,6.215131449794285,7.1792036214468755,6.215131449794285,16,16,0,0
kk_grpo_v1_train_001497,rand10,11,0.13053097493539773,0.22845928369801483,2.0884955989663636,0.5711982268193134,0.9893329628687376,7.1792036214468755,6.861814822162636,7.1792036214468755,6.861814822162635,16,16,0,0
kk_grpo_v1_train_001497,rand11,11,0.39159292480619323,1.0383332077974556,6.265486796899092,1.739715282374547,0.8961216640983373,7.1792036214468755,6.215131449794285,7.1792036214468755,6.215131449794285,16,16,0,0
kk_grpo_v1_train_001497,rand12,11,0.13053097493539773,0.22845928369801483,2.0884955989663636,0.5711982268193134,0.9893329628687377,7.1792036214468755,6.861814822162636,7.1792036214468755,6.861814822162635,16,16,0,0
kk_grpo_v1_train_001497,rand13,11,0.13053097493539773,0.22845928369801483,2.0884955989663636,0.5711982268193134,0.9893329628687376,7.1792036214468755,6.861814822162636,7.1792036214468755,6.861814822162635,16,16,0,0
kk_grpo_v1_train_001497,rand14,11,0.13053097493539773,0.22845928369801483,2.0884955989663636,0.5711982268193134,0.9893329628687376,7.1792036214468755,6.8618148221626365,7.1792036214468755,6.861814822162635,16,16,0,0
kk_grpo_v1_train_001497,rand15,11,0.13053097493539773,0.22845928369801483,2.0884955989663636,0.5711982268193134,0.9893329628687376,7.1792036214468755,6.8618148221626365,7.1792036214468755,6.861814822162635,16,16,0,0
kk_grpo_v1_train_001497,rand16,11,0.13053097493539773,0.22845928369801483,2.0884955989663636,0.5711982268193134,0.9893329628687376,7.1792036214468755,6.861814822162635,7.1792036214468755,6.861814822162635,16,16,0,0
kk_grpo_v1_train_001497,rand17,11,0.13053097493539773,0.22845928369801483,2.0884955989663636,0.5711982268193134,0.9893329628687376,7.1792036214468755,6.861814822162636,7.1792036214468755,6.861814822162635,16,16,0,0
kk_grpo_v1_train_001497,rand18,11,0.13053097493539773,0.22845928369801483,2.0884955989663636,0.5711982268193134,0.9893329628687375,7.1792036214468755,6.861814822162636,7.1792036214468755,6.861814822162635,16,16,0,0
kk_grpo_v1_train_001497,rand19,11,0.13053097493539773,0.22845928369801483,2.0884955989663636,0.5711982268193134,0.9893329628687377,7.1792036214468755,6.861814822162636,7.1792036214468755,6.861814822162635,16,16,0,0
kk_grpo_v1_train_001520,first8_last8,13,0.46501489871044854,0.8076831204872501,7.440238379367177,2.0058526729045334,0.8770580193070292,6.04519368323583,3.622144321774081,6.045193683235832,3.6221443217740807,16,8,0,8
kk_grpo_v1_train_001520,rand00,13,0.1550049662368162,0.45910937100822036,2.480079459789059,0.8024978335582992,0.9783638454036059,6.04519368323583,5.713844432475384,6.045193683235832,5.713844432475384,16,16,0,0
kk_grpo_v1_train_001520,rand01,13,0.1550049662368162,0.45910937100822036,2.480079459789059,0.8024978335582992,0.9783638454036059,6.04519368323583,5.713844432475384,6.045193683235832,5.713844432475384,16,16,0,0
kk_grpo_v1_train_001520,rand02,13,0.46501489871044854,0.8076831204872501,7.440238379367177,2.0058526729045334,0.8770580193070292,6.04519368323583,3.622144321774081,6.045193683235832,3.6221443217740807,16,8,0,8
kk_grpo_v1_train_001520,rand03,13,0.1550049662368162,0.45910937100822036,2.480079459789059,0.8024978335582992,0.9783638454036059,6.04519368323583,5.713844432475384,6.045193683235832,5.713844432475384,16,16,0,0
kk_grpo_v1_train_001520,rand04,13,0.46501489871044854,0.8076831204872501,7.440238379367177,2.0058526729045334,0.8770580193070292,6.04519368323583,3.622144321774081,6.045193683235832,3.6221443217740807,16,8,0,8
kk_grpo_v1_train_001520,rand05,13,0.1550049662368162,0.45910937100822036,2.480079459789059,0.8024978335582992,0.9783638454036059,6.04519368323583,5.713844432475384,6.045193683235832,5.713844432475384,16,16,0,0
kk_grpo_v1_train_001520,rand06,13,0.1550049662368162,0.45910937100822036,2.480079459789059,0.8024978335582992,0.9783638454036059,6.04519368323583,5.713844432475384,6.045193683235832,5.713844432475384,16,16,0,0
kk_grpo_v1_train_001520,rand07,13,0.1550049662368162,0.45910937100822036,2.480079459789059,0.8024978335582992,0.9783638454036059,6.04519368323583,5.713844432475384,6.045193683235832,5.713844432475384,16,16,0,0
kk_grpo_v1_train_001520,rand08,13,0.1550049662368162,0.45910937100822036,2.480079459789059,0.8024978335582992,0.9783638454036058,6.04519368323583,5.713844432475384,6.045193683235832,5.713844432475384,16,16,0,0
kk_grpo_v1_train_001520,rand09,13,0.46501489871044854,0.8076831204872501,7.440238379367177,2.0058526729045334,0.8770580193070292,6.04519368323583,3.622144321774081,6.045193683235832,3.6221443217740807,16,8,0,8
kk_grpo_v1_train_001520,rand10,13,0.1550049662368162,0.45910937100822036,2.480079459789059,0.8024978335582992,0.9783638454036059,6.04519368323583,5.713844432475384,6.045193683235832,5.713844432475384,16,16,0,0
kk_grpo_v1_train_001520,rand11,13,0.15500496623681623,0.45910937100822036,2.4800794597890596,0.8024978335582992,0.9783638454036058,6.04519368323583,5.713844432475384,6.045193683235832,5.713844432475384,16,16,0,0
kk_grpo_v1_train_001520,rand12,13,0.1550049662368162,0.45910937100822036,2.480079459789059,0.8024978335582992,0.978363845403606,6.04519368323583,5.713844432475384,6.045193683235832,5.713844432475384,16,16,0,0
kk_grpo_v1_train_001520,rand13,13,0.15500496623681623,0.45910937100822036,2.4800794597890596,0.8024978335582992,0.9783638454036058,6.04519368323583,5.713844432475384,6.045193683235832,5.713844432475384,16,16,0,0
kk_grpo_v1_train_001520,rand14,13,0.46501489871044854,0.8076831204872501,7.440238379367177,2.0058526729045334,0.8770580193070292,6.04519368323583,3.622144321774081,6.045193683235832,3.6221443217740807,16,8,0,8
kk_grpo_v1_train_001520,rand15,13,0.15500496623681623,0.45910937100822036,2.4800794597890596,0.8024978335582992,0.978363845403606,6.04519368323583,5.713844432475384,6.045193683235832,5.713844432475384,16,16,0,0
kk_grpo_v1_train_001520,rand16,13,0.1550049662368162,0.45910937100822036,2.480079459789059,0.8024978335582992,0.9783638454036059,6.04519368323583,5.713844432475384,6.045193683235832,5.713844432475384,16,16,0,0
kk_grpo_v1_train_001520,rand17,13,0.1550049662368162,0.45910937100822036,2.480079459789059,0.8024978335582992,0.9783638454036059,6.04519368323583,5.713844432475384,6.045193683235832,5.713844432475384,16,16,0,0
kk_grpo_v1_train_001520,rand18,13,0.1550049662368162,0.45910937100822036,2.480079459789059,0.8024978335582992,0.978363845403606,6.04519368323583,5.713844432475384,6.045193683235832,5.713844432475384,16,16,0,0
kk_grpo_v1_train_001520,rand19,13,0.1550049662368162,0.45910937100822036,2.480079459789059,0.8024978335582992,0.978363845403606,6.04519368323583,5.713844432475384,6.045193683235832,5.713844432475384,16,16,0,0
kk_grpo_v1_train_001529,first8_last8,9,0.12196370424099345,0.16243395874207756,1.9514192678558953,0.5018226911514689,0.991902716231094,7.683713367182588,7.363101839481535,7.683713367182588,7.363101839481534,16,16,0,0
kk_grpo_v1_train_001529,rand00,9,0.12196370424099345,0.16243395874207756,1.9514192678558953,0.501822691151469,0.991902716231094,7.683713367182588,7.363101839481536,7.683713367182588,7.363101839481535,16,16,0,0
kk_grpo_v1_train_001529,rand01,9,0.12196370424099345,0.16243395874207756,1.9514192678558953,0.5018226911514689,0.9919027162310942,7.683713367182588,7.363101839481535,7.683713367182588,7.363101839481535,16,16,0,0
kk_grpo_v1_train_001529,rand02,9,0.12196370424099345,0.16243395874207756,1.9514192678558953,0.501822691151469,0.9919027162310939,7.683713367182588,7.363101839481536,7.683713367182588,7.363101839481535,16,16,0,0
kk_grpo_v1_train_001529,rand03,9,0.12196370424099345,0.16243395874207756,1.9514192678558953,0.501822691151469,0.991902716231094,7.683713367182588,7.363101839481535,7.683713367182588,7.363101839481535,16,16,0,0
kk_grpo_v1_train_001529,rand04,9,0.36589111272298036,0.5221619120253356,5.854257803567686,1.4858880716296636,0.9243864041916475,7.683713367182588,6.861814822162635,7.683713367182588,6.861814822162635,16,16,0,0
kk_grpo_v1_train_001529,rand05,9,0.12196370424099345,0.16243395874207756,1.9514192678558953,0.5018226911514689,0.9919027162310942,7.683713367182588,7.363101839481535,7.683713367182588,7.363101839481535,16,16,0,0
kk_grpo_v1_train_001529,rand06,9,0.36589111272298036,0.5221619120253356,5.854257803567686,1.4858880716296636,0.9243864041916475,7.683713367182588,6.861814822162636,7.683713367182588,6.861814822162636,16,16,0,0
kk_grpo_v1_train_001529,rand07,9,0.12196370424099345,0.16243395874207756,1.9514192678558953,0.5018226911514689,0.991902716231094,7.683713367182588,7.363101839481536,7.683713367182588,7.363101839481535,16,16,0,0
kk_grpo_v1_train_001529,rand08,9,0.12196370424099345,0.16243395874207756,1.9514192678558953,0.501822691151469,0.991902716231094,7.683713367182588,7.363101839481535,7.683713367182588,7.363101839481536,16,16,0,0
kk_grpo_v1_train_001529,rand09,9,0.12196370424099345,0.16243395874207756,1.9514192678558953,0.501822691151469,0.991902716231094,7.683713367182588,7.363101839481535,7.683713367182588,7.363101839481535,16,16,0,0
kk_grpo_v1_train_001529,rand10,9,0.12196370424099345,0.16243395874207756,1.9514192678558953,0.501822691151469,0.9919027162310942,7.683713367182588,7.363101839481535,7.683713367182588,7.363101839481536,16,16,0,0
kk_grpo_v1_train_001529,rand11,9,0.36589111272298036,0.5221619120253356,5.854257803567686,1.4858880716296636,0.9243864041916475,7.683713367182588,6.861814822162635,7.683713367182588,6.861814822162636,16,16,0,0
kk_grpo_v1_train_001529,rand12,9,0.36589111272298036,0.5221619120253356,5.854257803567686,1.4858880716296636,0.9243864041916475,7.683713367182588,6.861814822162635,7.683713367182588,6.861814822162634,16,16,0,0
kk_grpo_v1_train_001529,rand13,9,0.36589111272298036,0.5221619120253356,5.854257803567686,1.4858880716296636,0.9243864041916475,7.683713367182588,6.861814822162635,7.683713367182588,6.861814822162636,16,16,0,0
kk_grpo_v1_train_001529,rand14,9,0.36589111272298036,0.5221619120253356,5.854257803567686,1.4858880716296636,0.9243864041916475,7.683713367182588,6.861814822162635,7.683713367182588,6.861814822162636,16,16,0,0
kk_grpo_v1_train_001529,rand15,9,0.12196370424099345,0.16243395874207756,1.9514192678558953,0.501822691151469,0.9919027162310942,7.683713367182588,7.363101839481536,7.683713367182588,7.363101839481535,16,16,0,0
kk_grpo_v1_train_001529,rand16,9,0.12196370424099345,0.16243395874207756,1.9514192678558953,0.501822691151469,0.991902716231094,7.683713367182588,7.363101839481535,7.683713367182588,7.363101839481535,16,16,0,0
kk_grpo_v1_train_001529,rand17,9,0.6098185212049674,1.3765005939178896,9.757096339279478,2.5859142659271135,0.7697725570677819,7.683713367182588,5.713844432475384,7.683713367182588,5.713844432475384,16,16,0,0
kk_grpo_v1_train_001529,rand18,9,0.36589111272298036,0.5221619120253356,5.854257803567686,1.4858880716296636,0.9243864041916475,7.683713367182588,6.861814822162635,7.683713367182588,6.861814822162635,16,16,0,0
kk_grpo_v1_train_001529,rand19,9,0.12196370424099345,0.16243395874207756,1.9514192678558953,0.5018226911514689,0.9919027162310942,7.683713367182588,7.363101839481535,7.683713367182588,7.363101839481535,16,16,0,0
kk_grpo_v1_train_001540,first8_last8,15,0.2499000399840064,1.2743266676732654,3.9984006397441023,1.4827581771029286,0.9660917830792959,3.748500599760097,2.4741739320868303,3.748500599760096,2.474173932086831,16,8,0,8
kk_grpo_v1_train_001540,rand00,15,0.2499000399840064,1.2743266676732654,3.9984006397441023,1.4827581771029286,0.9660917830792959,3.748500599760097,2.4741739320868303,3.748500599760096,2.474173932086831,16,8,0,8
kk_grpo_v1_train_001540,rand01,15,0.2499000399840064,1.2743266676732654,3.9984006397441023,1.4827581771029286,0.9660917830792959,3.748500599760097,2.4741739320868303,3.748500599760096,2.474173932086831,16,8,0,8
kk_grpo_v1_train_001540,rand02,15,0.2499000399840064,1.2743266676732654,3.9984006397441023,1.4827581771029286,0.9660917830792959,3.748500599760097,2.4741739320868303,3.748500599760096,2.474173932086831,16,8,0,8
kk_grpo_v1_train_001540,rand03,15,0.2499000399840064,1.2743266676732654,3.9984006397441023,1.4827581771029286,0.9660917830792959,3.748500599760097,2.4741739320868303,3.748500599760096,2.474173932086831,16,8,0,8
kk_grpo_v1_train_001540,rand04,15,0.2499000399840064,1.2743266676732654,3.9984006397441023,1.4827581771029286,0.9660917830792959,3.748500599760097,2.4741739320868303,3.748500599760096,2.474173932086831,16,8,0,8
kk_grpo_v1_train_001540,rand05,15,0.2499000399840064,1.2743266676732654,3.9984006397441023,1.4827581771029286,0.9660917830792959,3.748500599760097,2.4741739320868303,3.748500599760096,2.474173932086831,16,8,0,8
kk_grpo_v1_train_001540,rand06,15,0.2499000399840064,1.2743266676732654,3.9984006397441023,1.4827581771029286,0.9660917830792959,3.748500599760097,2.4741739320868303,3.748500599760096,2.474173932086831,16,8,0,8
kk_grpo_v1_train_001540,rand07,15,0.24990003998400642,1.2743266676732654,3.9984006397441028,1.4827581771029286,0.9660917830792959,3.748500599760097,2.4741739320868303,3.748500599760096,2.474173932086831,16,8,0,8
kk_grpo_v1_train_001540,rand08,15,0.2499000399840064,1.2743266676732654,3.9984006397441023,1.4827581771029286,0.9660917830792959,3.748500599760097,2.4741739320868303,3.748500599760096,2.474173932086831,16,8,0,8
kk_grpo_v1_train_001540,rand09,15,0.2499000399840064,1.2743266676732654,3.9984006397441023,1.4827581771029286,0.9660917830792959,3.748500599760097,2.4741739320868303,3.748500599760096,2.474173932086831,16,8,0,8
kk_grpo_v1_train_001540,rand10,15,0.2499000399840064,1.2743266676732654,3.9984006397441023,1.4827581771029286,0.9660917830792959,3.748500599760097,2.4741739320868303,3.748500599760096,2.474173932086831,16,8,0,8
kk_grpo_v1_train_001540,rand11,15,0.2499000399840064,1.2743266676732654,3.9984006397441023,1.4827581771029286,0.9660917830792959,3.748500599760097,2.4741739320868303,3.748500599760096,2.474173932086831,16,8,0,8
kk_grpo_v1_train_001540,rand12,15,0.24990003998400642,1.2743266676732654,3.9984006397441028,1.4827581771029286,0.9660917830792959,3.748500599760097,2.4741739320868303,3.748500599760096,2.474173932086831,16,8,0,8
kk_grpo_v1_train_001540,rand13,15,0.2499000399840064,1.2743266676732654,3.9984006397441023,1.4827581771029286,0.9660917830792959,3.748500599760097,2.4741739320868303,3.748500599760096,2.474173932086831,16,8,0,8
kk_grpo_v1_train_001540,rand14,15,0.24990003998400642,1.2743266676732654,3.9984006397441028,1.4827581771029286,0.9660917830792959,3.748500599760097,2.4741739320868303,3.748500599760096,2.474173932086831,16,8,0,8
kk_grpo_v1_train_001540,rand15,15,0.2499000399840064,1.2743266676732654,3.9984006397441023,1.4827581771029286,0.9660917830792959,3.748500599760097,2.4741739320868303,3.748500599760096,2.474173932086831,16,8,0,8
kk_grpo_v1_train_001540,rand16,15,0.24990003998400642,1.2743266676732654,3.9984006397441028,1.4827581771029286,0.9660917830792959,3.748500599760097,2.4741739320868303,3.748500599760096,2.474173932086831,16,8,0,8
kk_grpo_v1_train_001540,rand17,15,0.2499000399840064,1.2743266676732654,3.9984006397441023,1.4827581771029286,0.9660917830792959,3.748500599760097,2.4741739320868303,3.748500599760096,2.474173932086831,16,8,0,8
kk_grpo_v1_train_001540,rand18,15,0.2499000399840064,1.2743266676732654,3.9984006397441023,1.4827581771029286,0.9660917830792959,3.748500599760097,2.4741739320868303,3.748500599760096,2.474173932086831,16,8,0,8
kk_grpo_v1_train_001540,rand19,15,0.2499000399840064,1.2743266676732654,3.9984006397441023,1.4827581771029286,0.9660917830792959,3.748500599760097,2.4741739320868303,3.748500599760096,2.474173932086831,16,8,0,8
kk_grpo_v1_train_001602,first8_last8,15,0.2499000399840064,1.2743266676732654,3.9984006397441023,1.4827581771029286,0.9660917830792959,3.748500599760097,2.4741739320868303,3.748500599760096,2.474173932086831,16,8,0,8
kk_grpo_v1_train_001602,rand00,15,0.2499000399840064,1.2743266676732654,3.9984006397441023,1.4827581771029286,0.9660917830792959,3.748500599760097,2.4741739320868303,3.748500599760096,2.474173932086831,16,8,0,8
kk_grpo_v1_train_001602,rand01,15,0.2499000399840064,1.2743266676732654,3.9984006397441023,1.4827581771029286,0.9660917830792959,3.748500599760097,2.4741739320868303,3.748500599760096,2.474173932086831,16,8,0,8
kk_grpo_v1_train_001602,rand02,15,0.2499000399840064,1.2743266676732654,3.9984006397441023,1.4827581771029286,0.9660917830792959,3.748500599760097,2.4741739320868303,3.748500599760096,2.474173932086831,16,8,0,8
kk_grpo_v1_train_001602,rand03,15,0.2499000399840064,1.2743266676732654,3.9984006397441023,1.4827581771029286,0.9660917830792959,3.748500599760097,2.4741739320868303,3.748500599760096,2.474173932086831,16,8,0,8
kk_grpo_v1_train_001602,rand04,15,0.2499000399840064,1.2743266676732654,3.9984006397441023,1.4827581771029286,0.9660917830792959,3.748500599760097,2.4741739320868303,3.748500599760096,2.474173932086831,16,8,0,8
kk_grpo_v1_train_001602,rand05,15,0.2499000399840064,1.2743266676732654,3.9984006397441023,1.4827581771029286,0.9660917830792959,3.748500599760097,2.4741739320868303,3.748500599760096,2.474173932086831,16,8,0,8
kk_grpo_v1_train_001602,rand06,15,0.2499000399840064,1.2743266676732654,3.9984006397441023,1.4827581771029286,0.9660917830792959,3.748500599760097,2.4741739320868303,3.748500599760096,2.474173932086831,16,8,0,8
kk_grpo_v1_train_001602,rand07,15,0.24990003998400642,1.2743266676732654,3.9984006397441028,1.4827581771029286,0.9660917830792959,3.748500599760097,2.4741739320868303,3.748500599760096,2.474173932086831,16,8,0,8
kk_grpo_v1_train_001602,rand08,15,0.2499000399840064,1.2743266676732654,3.9984006397441023,1.4827581771029286,0.9660917830792959,3.748500599760097,2.4741739320868303,3.748500599760096,2.474173932086831,16,8,0,8
kk_grpo_v1_train_001602,rand09,15,0.2499000399840064,1.2743266676732654,3.9984006397441023,1.4827581771029286,0.9660917830792959,3.748500599760097,2.4741739320868303,3.748500599760096,2.474173932086831,16,8,0,8
kk_grpo_v1_train_001602,rand10,15,0.2499000399840064,1.2743266676732654,3.9984006397441023,1.4827581771029286,0.9660917830792959,3.748500599760097,2.4741739320868303,3.748500599760096,2.474173932086831,16,8,0,8
kk_grpo_v1_train_001602,rand11,15,0.2499000399840064,1.2743266676732654,3.9984006397441023,1.4827581771029286,0.9660917830792959,3.748500599760097,2.4741739320868303,3.748500599760096,2.474173932086831,16,8,0,8
kk_grpo_v1_train_001602,rand12,15,0.2499000399840064,1.2743266676732654,3.9984006397441023,1.4827581771029286,0.9660917830792959,3.748500599760097,2.4741739320868303,3.748500599760096,2.474173932086831,16,8,0,8
kk_grpo_v1_train_001602,rand13,15,0.24990003998400642,1.2743266676732654,3.9984006397441028,1.4827581771029286,0.9660917830792959,3.748500599760097,2.4741739320868303,3.748500599760096,2.474173932086831,16,8,0,8
kk_grpo_v1_train_001602,rand14,15,0.2499000399840064,1.2743266676732654,3.9984006397441023,1.4827581771029286,0.9660917830792959,3.748500599760097,2.4741739320868303,3.748500599760096,2.474173932086831,16,8,0,8
kk_grpo_v1_train_001602,rand15,15,0.2499000399840064,1.2743266676732654,3.9984006397441023,1.4827581771029286,0.9660917830792959,3.748500599760097,2.4741739320868303,3.748500599760096,2.474173932086831,16,8,0,8
kk_grpo_v1_train_001602,rand16,15,0.24990003998400642,1.2743266676732654,3.9984006397441028,1.4827581771029286,0.9660917830792959,3.748500599760097,2.4741739320868303,3.748500599760096,2.474173932086831,16,8,0,8
kk_grpo_v1_train_001602,rand17,15,0.24990003998400642,1.2743266676732654,3.9984006397441028,1.4827581771029286,0.9660917830792959,3.748500599760097,2.4741739320868303,3.748500599760096,2.474173932086831,16,8,0,8
kk_grpo_v1_train_001602,rand18,15,0.2499000399840064,1.2743266676732654,3.9984006397441023,1.4827581771029286,0.9660917830792959,3.748500599760097,2.4741739320868303,3.748500599760096,2.474173932086831,16,8,0,8
kk_grpo_v1_train_001602,rand19,15,0.2499000399840064,1.2743266676732654,3.9984006397441023,1.4827581771029286,0.9660917830792959,3.748500599760097,2.4741739320868303,3.748500599760096,2.474173932086831,16,8,0,8
kk_grpo_v1_train_001627,first8_last8,4,0.02842040838218446,0.05684081676436903,0.45472653411495134,0.13126824343946647,1.0000000000000002,6.706704267834583,6.479341000777107,6.706704267834585,6.479341000777108,16,16,0,0
kk_grpo_v1_train_001627,rand00,4,0.02842040838218446,0.05684081676436903,0.45472653411495134,0.13126824343946647,1.0000000000000002,6.706704267834583,6.479341000777107,6.706704267834585,6.479341000777108,16,16,0,0
kk_grpo_v1_train_001627,rand01,4,0.02842040838218446,0.05684081676436903,0.45472653411495134,0.13126824343946647,1.0000000000000002,6.706704267834583,6.479341000777107,6.706704267834585,6.479341000777108,16,16,0,0
kk_grpo_v1_train_001627,rand02,4,0.02842040838218446,0.05684081676436903,0.45472653411495134,0.13126824343946647,1.0000000000000002,6.706704267834583,6.479341000777107,6.706704267834585,6.479341000777108,16,16,0,0
kk_grpo_v1_train_001627,rand03,4,0.2794460111597743,0.797497865128185,4.471136178556389,1.3149762555890876,0.9409062372905539,6.706704267834583,6.096318253860912,6.706704267834585,6.096318253860911,16,16,0,0
kk_grpo_v1_train_001627,rand04,4,0.02842040838218446,0.05684081676436903,0.45472653411495134,0.13126824343946647,1.0000000000000002,6.706704267834583,6.479341000777107,6.706704267834585,6.479341000777108,16,16,0,0
kk_grpo_v1_train_001627,rand05,4,0.2794460111597743,0.797497865128185,4.471136178556389,1.3149762555890876,0.9409062372905539,6.706704267834583,6.096318253860912,6.706704267834585,6.096318253860913,16,16,0,0
kk_grpo_v1_train_001627,rand06,4,0.02842040838218446,0.05684081676436903,0.45472653411495134,0.13126824343946647,1.0000000000000002,6.706704267834583,6.479341000777107,6.706704267834585,6.479341000777108,16,16,0,0
kk_grpo_v1_train_001627,rand07,4,0.2794460111597743,0.797497865128185,4.471136178556389,1.3149762555890876,0.9409062372905538,6.706704267834583,6.096318253860911,6.706704267834585,6.096318253860911,16,16,0,0
kk_grpo_v1_train_001627,rand08,4,0.02842040838218446,0.05684081676436903,0.45472653411495134,0.13126824343946647,1.0000000000000002,6.706704267834583,6.479341000777107,6.706704267834585,6.479341000777108,16,16,0,0
kk_grpo_v1_train_001627,rand09,4,0.2794460111597743,0.797497865128185,4.471136178556389,1.3149762555890876,0.9409062372905537,6.706704267834583,6.096318253860912,6.706704267834585,6.096318253860913,16,16,0,0
kk_grpo_v1_train_001627,rand10,4,0.02842040838218446,0.05684081676436903,0.45472653411495134,0.13126824343946647,1.0000000000000002,6.706704267834583,6.479341000777107,6.706704267834585,6.479341000777108,16,16,0,0
kk_grpo_v1_train_001627,rand11,4,0.2794460111597743,0.797497865128185,4.471136178556389,1.3149762555890876,0.9409062372905537,6.706704267834583,6.096318253860912,6.706704267834585,6.096318253860911,16,16,0,0
kk_grpo_v1_train_001627,rand12,4,0.2794460111597743,0.797497865128185,4.471136178556389,1.3149762555890876,0.9409062372905537,6.706704267834583,6.096318253860912,6.706704267834585,6.096318253860911,16,16,0,0
kk_grpo_v1_train_001627,rand13,4,0.02842040838218446,0.05684081676436903,0.45472653411495134,0.13126824343946647,1.0000000000000002,6.706704267834583,6.479341000777107,6.706704267834585,6.479341000777108,16,16,0,0
kk_grpo_v1_train_001627,rand14,4,0.02842040838218446,0.05684081676436903,0.45472653411495134,0.13126824343946647,1.0000000000000002,6.706704267834583,6.479341000777107,6.706704267834585,6.479341000777108,16,16,0,0
kk_grpo_v1_train_001627,rand15,4,0.2794460111597743,0.797497865128185,4.471136178556389,1.3149762555890874,0.9409062372905538,6.706704267834583,6.096318253860911,6.706704267834585,6.096318253860913,16,16,0,0
kk_grpo_v1_train_001627,rand16,4,0.02842040838218446,0.05684081676436903,0.45472653411495134,0.13126824343946647,1.0000000000000002,6.706704267834583,6.479341000777107,6.706704267834585,6.479341000777108,16,16,0,0
kk_grpo_v1_train_001627,rand17,4,0.02842040838218446,0.05684081676436903,0.45472653411495134,0.13126824343946647,1.0000000000000002,6.706704267834583,6.479341000777107,6.706704267834585,6.479341000777108,16,16,0,0
kk_grpo_v1_train_001627,rand18,4,0.02842040838218446,0.05684081676436903,0.45472653411495134,0.13126824343946647,1.0000000000000002,6.706704267834583,6.479341000777107,6.706704267834585,6.479341000777108,16,16,0,0
kk_grpo_v1_train_001627,rand19,4,0.2794460111597743,0.797497865128185,4.471136178556389,1.3149762555890876,0.9409062372905538,6.706704267834583,6.096318253860912,6.706704267834585,6.096318253860913,16,16,0,0
kk_grpo_v1_train_001630,first8_last8,8,0.032818993427179644,0.032818993427179644,0.5251038948348743,0.13127597370871857,1.0,7.744466982832346,7.481915035414909,7.744466982832346,7.481915035414909,16,16,0,0
kk_grpo_v1_train_001630,rand00,8,0.2420145932135108,0.24362950849922704,3.8722334914161727,0.9680942922169059,0.9682458365518543,7.744466982832346,7.2442886435481615,7.744466982832346,7.2442886435481615,16,16,0,0
kk_grpo_v1_train_001630,rand01,8,0.2420145932135108,0.24362950849922704,3.8722334914161727,0.9680942922169059,0.9682458365518543,7.744466982832346,7.2442886435481615,7.744466982832346,7.2442886435481615,16,16,0,0
kk_grpo_v1_train_001630,rand02,8,0.2420145932135108,0.24362950849922704,3.8722334914161727,0.9680942922169059,0.9682458365518543,7.744466982832346,7.2442886435481615,7.744466982832346,7.2442886435481615,16,16,0,0
kk_grpo_v1_train_001630,rand03,8,0.2420145932135108,0.24362950849922704,3.8722334914161727,0.9680942922169059,0.9682458365518543,7.744466982832346,7.2442886435481615,7.744466982832346,7.2442886435481615,16,16,0,0
kk_grpo_v1_train_001630,rand04,8,0.2420145932135108,0.24362950849922704,3.8722334914161727,0.9680942922169059,0.9682458365518543,7.744466982832346,7.2442886435481615,7.744466982832346,7.2442886435481615,16,16,0,0
kk_grpo_v1_train_001630,rand05,8,0.2420145932135108,0.24362950849922704,3.8722334914161727,0.9680942922169059,0.9682458365518543,7.744466982832346,7.2442886435481615,7.744466982832346,7.2442886435481615,16,16,0,0
kk_grpo_v1_train_001630,rand06,8,0.032818993427179644,0.032818993427179644,0.5251038948348743,0.13127597370871857,1.0,7.744466982832346,7.481915035414909,7.744466982832346,7.481915035414909,16,16,0,0
kk_grpo_v1_train_001630,rand07,8,0.032818993427179644,0.032818993427179644,0.5251038948348743,0.13127597370871857,1.0,7.744466982832346,7.481915035414909,7.744466982832346,7.481915035414909,16,16,0,0
kk_grpo_v1_train_001630,rand08,8,0.032818993427179644,0.032818993427179644,0.5251038948348743,0.13127597370871857,1.0,7.744466982832346,7.481915035414909,7.744466982832346,7.481915035414909,16,16,0,0
kk_grpo_v1_train_001630,rand09,8,0.032818993427179644,0.032818993427179644,0.5251038948348743,0.13127597370871857,1.0,7.744466982832346,7.481915035414909,7.744466982832346,7.481915035414909,16,16,0,0
kk_grpo_v1_train_001630,rand10,8,0.2420145932135108,0.24362950849922704,3.8722334914161727,0.9680942922169059,0.9682458365518543,7.744466982832346,7.2442886435481615,7.744466982832346,7.2442886435481615,16,16,0,0
kk_grpo_v1_train_001630,rand11,8,0.032818993427179644,0.032818993427179644,0.5251038948348743,0.13127597370871857,1.0,7.744466982832346,7.481915035414909,7.744466982832346,7.481915035414909,16,16,0,0
kk_grpo_v1_train_001630,rand12,8,0.2420145932135108,0.24362950849922704,3.8722334914161727,0.9680942922169059,0.9682458365518543,7.744466982832346,7.244288643548162,7.744466982832346,7.2442886435481615,16,16,0,0
kk_grpo_v1_train_001630,rand13,8,0.032818993427179644,0.032818993427179644,0.5251038948348743,0.13127597370871857,1.0,7.744466982832346,7.481915035414909,7.744466982832346,7.481915035414909,16,16,0,0
kk_grpo_v1_train_001630,rand14,8,0.4840291864270216,0.6517768773402335,7.744466982832345,1.9744934172204984,0.8660254037844386,7.744466982832346,6.479341000777108,7.744466982832346,6.479341000777108,16,16,0,0
kk_grpo_v1_train_001630,rand15,8,0.032818993427179644,0.032818993427179644,0.5251038948348743,0.13127597370871857,1.0,7.744466982832346,7.481915035414909,7.744466982832346,7.481915035414909,16,16,0,0
kk_grpo_v1_train_001630,rand16,8,0.2420145932135108,0.24362950849922704,3.8722334914161727,0.9680942922169059,0.9682458365518543,7.744466982832346,7.2442886435481615,7.744466982832346,7.2442886435481615,16,16,0,0
kk_grpo_v1_train_001630,rand17,8,0.2420145932135108,0.24362950849922704,3.8722334914161727,0.9680942922169059,0.9682458365518543,7.744466982832346,7.2442886435481615,7.744466982832346,7.2442886435481615,16,16,0,0
kk_grpo_v1_train_001630,rand18,8,0.032818993427179644,0.032818993427179644,0.5251038948348743,0.13127597370871857,1.0,7.744466982832346,7.481915035414909,7.744466982832346,7.481915035414909,16,16,0,0
kk_grpo_v1_train_001630,rand19,8,0.2420145932135108,0.24362950849922704,3.8722334914161727,0.9680942922169059,0.9682458365518541,7.744466982832346,7.2442886435481615,7.744466982832346,7.244288643548162,16,16,0,0
kk_grpo_v1_train_001656,first8_last8,13,0.1550049662368162,0.45910937100822036,2.480079459789059,0.8024978335582991,0.9783638454036058,6.04519368323583,5.713844432475384,6.045193683235832,5.713844432475384,16,16,0,0
kk_grpo_v1_train_001656,rand00,13,0.1550049662368162,0.45910937100822036,2.480079459789059,0.8024978335582992,0.9783638454036058,6.04519368323583,5.713844432475384,6.045193683235832,5.713844432475384,16,16,0,0
kk_grpo_v1_train_001656,rand01,13,0.1550049662368162,0.45910937100822036,2.480079459789059,0.8024978335582992,0.9783638454036058,6.04519368323583,5.713844432475384,6.045193683235832,5.713844432475384,16,16,0,0
kk_grpo_v1_train_001656,rand02,13,0.1550049662368162,0.45910937100822036,2.480079459789059,0.8024978335582992,0.9783638454036058,6.04519368323583,5.713844432475384,6.045193683235832,5.713844432475384,16,16,0,0
kk_grpo_v1_train_001656,rand03,13,0.1550049662368162,0.45910937100822036,2.480079459789059,0.8024978335582992,0.9783638454036058,6.04519368323583,5.713844432475384,6.045193683235832,5.713844432475384,16,16,0,0
kk_grpo_v1_train_001656,rand04,13,0.1550049662368162,0.45910937100822036,2.480079459789059,0.8024978335582992,0.9783638454036058,6.04519368323583,5.713844432475384,6.045193683235832,5.713844432475384,16,16,0,0
kk_grpo_v1_train_001656,rand05,13,0.1550049662368162,0.45910937100822036,2.480079459789059,0.8024978335582992,0.9783638454036058,6.04519368323583,5.713844432475384,6.045193683235832,5.713844432475384,16,16,0,0
kk_grpo_v1_train_001656,rand06,13,0.15500496623681623,0.45910937100822036,2.4800794597890596,0.8024978335582992,0.9783638454036059,6.04519368323583,5.713844432475384,6.045193683235832,5.713844432475384,16,16,0,0
kk_grpo_v1_train_001656,rand07,13,0.46501489871044854,0.8076831204872501,7.440238379367177,2.0058526729045334,0.8770580193070292,6.04519368323583,3.622144321774081,6.045193683235832,3.6221443217740807,16,8,0,8
kk_grpo_v1_train_001656,rand08,13,0.1550049662368162,0.45910937100822036,2.480079459789059,0.8024978335582992,0.9783638454036058,6.04519368323583,5.713844432475384,6.045193683235832,5.713844432475384,16,16,0,0
kk_grpo_v1_train_001656,rand09,13,0.1550049662368162,0.45910937100822036,2.480079459789059,0.8024978335582992,0.9783638454036058,6.04519368323583,5.713844432475384,6.045193683235832,5.713844432475384,16,16,0,0
kk_grpo_v1_train_001656,rand10,13,0.1550049662368162,0.45910937100822036,2.480079459789059,0.8024978335582991,0.9783638454036058,6.04519368323583,5.713844432475384,6.045193683235832,5.713844432475384,16,16,0,0
kk_grpo_v1_train_001656,rand11,13,0.46501489871044854,0.8076831204872501,7.440238379367177,2.0058526729045334,0.8770580193070292,6.04519368323583,3.622144321774081,6.045193683235832,3.6221443217740807,16,8,0,8
kk_grpo_v1_train_001656,rand12,13,0.46501489871044854,0.8076831204872501,7.440238379367177,2.0058526729045334,0.8770580193070292,6.04519368323583,3.622144321774081,6.045193683235832,3.6221443217740807,16,8,0,8
kk_grpo_v1_train_001656,rand13,13,0.15500496623681623,0.45910937100822036,2.4800794597890596,0.8024978335582992,0.9783638454036058,6.04519368323583,5.713844432475384,6.045193683235832,5.713844432475384,16,16,0,0
kk_grpo_v1_train_001656,rand14,13,0.46501489871044854,0.8076831204872501,7.440238379367177,2.0058526729045334,0.8770580193070292,6.04519368323583,3.622144321774081,6.045193683235832,3.6221443217740807,16,8,0,8
kk_grpo_v1_train_001656,rand15,13,0.1550049662368162,0.45910937100822036,2.480079459789059,0.8024978335582992,0.9783638454036058,6.04519368323583,5.713844432475384,6.045193683235832,5.713844432475384,16,16,0,0
kk_grpo_v1_train_001656,rand16,13,0.46501489871044854,0.8076831204872501,7.440238379367177,2.0058526729045334,0.8770580193070292,6.04519368323583,3.622144321774081,6.045193683235832,3.6221443217740807,16,8,0,8
kk_grpo_v1_train_001656,rand17,13,0.1550049662368162,0.45910937100822036,2.480079459789059,0.8024978335582992,0.9783638454036059,6.04519368323583,5.713844432475384,6.045193683235832,5.713844432475384,16,16,0,0
kk_grpo_v1_train_001656,rand18,13,0.1550049662368162,0.45910937100822036,2.480079459789059,0.8024978335582992,0.9783638454036058,6.04519368323583,5.713844432475384,6.045193683235832,5.713844432475384,16,16,0,0
kk_grpo_v1_train_001656,rand19,13,0.15500496623681623,0.45910937100822036,2.4800794597890596,0.8024978335582992,0.9783638454036058,6.04519368323583,5.713844432475384,6.045193683235832,5.713844432475384,16,16,0,0
kk_grpo_v1_train_001728,first8_last8,14,0.021703494729079675,0.08681397891631848,0.3472559156652748,0.131250399163762,1.0000000000000002,5.1219758220062985,4.948347864173661,5.1219758220062985,4.948347864173662,16,16,0,0
kk_grpo_v1_train_001728,rand00,14,0.3658554158575928,0.9411526608088725,5.853686653721485,1.739017371523375,0.9258200997725513,5.1219758220062985,3.239670500388554,5.1219758220062985,3.2396705003885535,16,8,0,8
kk_grpo_v1_train_001728,rand01,14,0.3658554158575928,0.9411526608088725,5.853686653721485,1.739017371523375,0.9258200997725513,5.1219758220062985,3.239670500388554,5.1219758220062985,3.2396705003885535,16,8,0,8
kk_grpo_v1_train_001728,rand02,14,0.021703494729079675,0.08681397891631848,0.3472559156652748,0.131250399163762,1.0000000000000002,5.1219758220062985,4.948347864173661,5.1219758220062985,4.948347864173662,16,16,0,0
kk_grpo_v1_train_001728,rand03,14,0.3658554158575928,0.9411526608088725,5.853686653721485,1.7390173715233752,0.9258200997725513,5.1219758220062985,3.239670500388554,5.1219758220062985,3.2396705003885535,16,8,0,8
kk_grpo_v1_train_001728,rand04,14,0.021703494729079675,0.08681397891631848,0.3472559156652748,0.131250399163762,1.0000000000000002,5.1219758220062985,4.948347864173661,5.1219758220062985,4.948347864173662,16,16,0,0
kk_grpo_v1_train_001728,rand05,14,0.021703494729079675,0.08681397891631848,0.3472559156652748,0.131250399163762,1.0000000000000002,5.1219758220062985,4.948347864173661,5.1219758220062985,4.948347864173662,16,16,0,0
kk_grpo_v1_train_001728,rand06,14,0.3658554158575928,0.9411526608088725,5.853686653721485,1.739017371523375,0.9258200997725513,5.1219758220062985,3.239670500388554,5.1219758220062985,3.2396705003885535,16,8,0,8
kk_grpo_v1_train_001728,rand07,14,0.021703494729079675,0.08681397891631848,0.3472559156652748,0.131250399163762,1.0000000000000002,5.1219758220062985,4.948347864173661,5.1219758220062985,4.948347864173662,16,16,0,0
kk_grpo_v1_train_001728,rand08,14,0.021703494729079675,0.08681397891631848,0.3472559156652748,0.131250399163762,1.0000000000000002,5.1219758220062985,4.948347864173661,5.1219758220062985,4.948347864173662,16,16,0,0
kk_grpo_v1_train_001728,rand09,14,0.3658554158575928,0.9411526608088725,5.853686653721485,1.7390173715233752,0.9258200997725513,5.1219758220062985,3.239670500388554,5.1219758220062985,3.2396705003885535,16,8,0,8
kk_grpo_v1_train_001728,rand10,14,0.021703494729079675,0.08681397891631848,0.3472559156652748,0.131250399163762,1.0000000000000002,5.1219758220062985,4.948347864173661,5.1219758220062985,4.948347864173662,16,16,0,0
kk_grpo_v1_train_001728,rand11,14,0.3658554158575928,0.9411526608088725,5.853686653721485,1.7390173715233752,0.9258200997725513,5.1219758220062985,3.239670500388554,5.1219758220062985,3.2396705003885535,16,8,0,8
kk_grpo_v1_train_001728,rand12,14,0.021703494729079675,0.08681397891631848,0.3472559156652748,0.131250399163762,1.0000000000000002,5.1219758220062985,4.948347864173661,5.1219758220062985,4.948347864173662,16,16,0,0
kk_grpo_v1_train_001728,rand13,14,0.021703494729079675,0.08681397891631848,0.3472559156652748,0.131250399163762,1.0000000000000002,5.1219758220062985,4.948347864173661,5.1219758220062985,4.948347864173662,16,16,0,0
kk_grpo_v1_train_001728,rand14,14,0.021703494729079675,0.08681397891631848,0.3472559156652748,0.131250399163762,1.0000000000000002,5.1219758220062985,4.948347864173661,5.1219758220062985,4.948347864173662,16,16,0,0
kk_grpo_v1_train_001728,rand15,14,0.3658554158575928,0.9411526608088725,5.853686653721485,1.7390173715233752,0.9258200997725513,5.1219758220062985,3.239670500388554,5.1219758220062985,3.2396705003885535,16,8,0,8
kk_grpo_v1_train_001728,rand16,14,0.3658554158575928,0.9411526608088725,5.853686653721485,1.7390173715233752,0.9258200997725513,5.1219758220062985,3.239670500388554,5.1219758220062985,3.2396705003885535,16,8,0,8
kk_grpo_v1_train_001728,rand17,14,0.3658554158575928,0.9411526608088725,5.853686653721485,1.7390173715233752,0.9258200997725513,5.1219758220062985,3.239670500388554,5.1219758220062985,3.2396705003885535,16,8,0,8
kk_grpo_v1_train_001728,rand18,14,0.3658554158575928,0.9411526608088725,5.853686653721485,1.7390173715233752,0.9258200997725513,5.1219758220062985,3.239670500388554,5.1219758220062985,3.2396705003885535,16,8,0,8
kk_grpo_v1_train_001728,rand19,14,0.3658554158575928,0.9411526608088725,5.853686653721485,1.7390173715233752,0.9258200997725513,5.1219758220062985,3.239670500388554,5.1219758220062985,3.2396705003885535,16,8,0,8
kk_grpo_v1_train_001733,first8_last8,16,0.0,0.0,0.0,0.0,nan,0.0,0.0,0.0,0.0,0,0,0,0
kk_grpo_v1_train_001733,rand00,16,0.0,0.0,0.0,0.0,nan,0.0,0.0,0.0,0.0,0,0,0,0
kk_grpo_v1_train_001733,rand01,16,0.0,0.0,0.0,0.0,nan,0.0,0.0,0.0,0.0,0,0,0,0
kk_grpo_v1_train_001733,rand02,16,0.0,0.0,0.0,0.0,nan,0.0,0.0,0.0,0.0,0,0,0,0
kk_grpo_v1_train_001733,rand03,16,0.0,0.0,0.0,0.0,nan,0.0,0.0,0.0,0.0,0,0,0,0
kk_grpo_v1_train_001733,rand04,16,0.0,0.0,0.0,0.0,nan,0.0,0.0,0.0,0.0,0,0,0,0
kk_grpo_v1_train_001733,rand05,16,0.0,0.0,0.0,0.0,nan,0.0,0.0,0.0,0.0,0,0,0,0
kk_grpo_v1_train_001733,rand06,16,0.0,0.0,0.0,0.0,nan,0.0,0.0,0.0,0.0,0,0,0,0
kk_grpo_v1_train_001733,rand07,16,0.0,0.0,0.0,0.0,nan,0.0,0.0,0.0,0.0,0,0,0,0
kk_grpo_v1_train_001733,rand08,16,0.0,0.0,0.0,0.0,nan,0.0,0.0,0.0,0.0,0,0,0,0
kk_grpo_v1_train_001733,rand09,16,0.0,0.0,0.0,0.0,nan,0.0,0.0,0.0,0.0,0,0,0,0
kk_grpo_v1_train_001733,rand10,16,0.0,0.0,0.0,0.0,nan,0.0,0.0,0.0,0.0,0,0,0,0
kk_grpo_v1_train_001733,rand11,16,0.0,0.0,0.0,0.0,nan,0.0,0.0,0.0,0.0,0,0,0,0
kk_grpo_v1_train_001733,rand12,16,0.0,0.0,0.0,0.0,nan,0.0,0.0,0.0,0.0,0,0,0,0
kk_grpo_v1_train_001733,rand13,16,0.0,0.0,0.0,0.0,nan,0.0,0.0,0.0,0.0,0,0,0,0
kk_grpo_v1_train_001733,rand14,16,0.0,0.0,0.0,0.0,nan,0.0,0.0,0.0,0.0,0,0,0,0
kk_grpo_v1_train_001733,rand15,16,0.0,0.0,0.0,0.0,nan,0.0,0.0,0.0,0.0,0,0,0,0
kk_grpo_v1_train_001733,rand16,16,0.0,0.0,0.0,0.0,nan,0.0,0.0,0.0,0.0,0,0,0,0
kk_grpo_v1_train_001733,rand17,16,0.0,0.0,0.0,0.0,nan,0.0,0.0,0.0,0.0,0,0,0,0
kk_grpo_v1_train_001733,rand18,16,0.0,0.0,0.0,0.0,nan,0.0,0.0,0.0,0.0,0,0,0,0
kk_grpo_v1_train_001733,rand19,16,0.0,0.0,0.0,0.0,nan,0.0,0.0,0.0,0.0,0,0,0,0
kk_grpo_v1_train_001773,first8_last8,16,0.0,0.0,0.0,0.0,nan,0.0,0.0,0.0,0.0,0,0,0,0
kk_grpo_v1_train_001773,rand00,16,0.0,0.0,0.0,0.0,nan,0.0,0.0,0.0,0.0,0,0,0,0
kk_grpo_v1_train_001773,rand01,16,0.0,0.0,0.0,0.0,nan,0.0,0.0,0.0,0.0,0,0,0,0
kk_grpo_v1_train_001773,rand02,16,0.0,0.0,0.0,0.0,nan,0.0,0.0,0.0,0.0,0,0,0,0
kk_grpo_v1_train_001773,rand03,16,0.0,0.0,0.0,0.0,nan,0.0,0.0,0.0,0.0,0,0,0,0
kk_grpo_v1_train_001773,rand04,16,0.0,0.0,0.0,0.0,nan,0.0,0.0,0.0,0.0,0,0,0,0
kk_grpo_v1_train_001773,rand05,16,0.0,0.0,0.0,0.0,nan,0.0,0.0,0.0,0.0,0,0,0,0
kk_grpo_v1_train_001773,rand06,16,0.0,0.0,0.0,0.0,nan,0.0,0.0,0.0,0.0,0,0,0,0
kk_grpo_v1_train_001773,rand07,16,0.0,0.0,0.0,0.0,nan,0.0,0.0,0.0,0.0,0,0,0,0
kk_grpo_v1_train_001773,rand08,16,0.0,0.0,0.0,0.0,nan,0.0,0.0,0.0,0.0,0,0,0,0
kk_grpo_v1_train_001773,rand09,16,0.0,0.0,0.0,0.0,nan,0.0,0.0,0.0,0.0,0,0,0,0
kk_grpo_v1_train_001773,rand10,16,0.0,0.0,0.0,0.0,nan,0.0,0.0,0.0,0.0,0,0,0,0
kk_grpo_v1_train_001773,rand11,16,0.0,0.0,0.0,0.0,nan,0.0,0.0,0.0,0.0,0,0,0,0
kk_grpo_v1_train_001773,rand12,16,0.0,0.0,0.0,0.0,nan,0.0,0.0,0.0,0.0,0,0,0,0
kk_grpo_v1_train_001773,rand13,16,0.0,0.0,0.0,0.0,nan,0.0,0.0,0.0,0.0,0,0,0,0
kk_grpo_v1_train_001773,rand14,16,0.0,0.0,0.0,0.0,nan,0.0,0.0,0.0,0.0,0,0,0,0
kk_grpo_v1_train_001773,rand15,16,0.0,0.0,0.0,0.0,nan,0.0,0.0,0.0,0.0,0,0,0,0
kk_grpo_v1_train_001773,rand16,16,0.0,0.0,0.0,0.0,nan,0.0,0.0,0.0,0.0,0,0,0,0
kk_grpo_v1_train_001773,rand17,16,0.0,0.0,0.0,0.0,nan,0.0,0.0,0.0,0.0,0,0,0,0
kk_grpo_v1_train_001773,rand18,16,0.0,0.0,0.0,0.0,nan,0.0,0.0,0.0,0.0,0,0,0,0
kk_grpo_v1_train_001773,rand19,16,0.0,0.0,0.0,0.0,nan,0.0,0.0,0.0,0.0,0,0,0,0
kk_grpo_v1_train_001834,first8_last8,2,0.021703494729079675,0.08681397891631848,0.3472559156652748,0.131250399163762,1.0,5.1219758220062985,4.948347864173662,5.1219758220062985,4.948347864173661,16,16,0,0
kk_grpo_v1_train_001834,rand00,2,0.021703494729079675,0.08681397891631848,0.3472559156652748,0.131250399163762,1.0,5.1219758220062985,4.948347864173662,5.1219758220062985,4.948347864173661,16,16,0,0
kk_grpo_v1_train_001834,rand01,2,0.3658554158575928,0.9411526608088725,5.853686653721485,1.7390173715233752,0.9258200997725513,5.1219758220062985,3.2396705003885535,5.1219758220062985,3.239670500388554,16,8,8,0
kk_grpo_v1_train_001834,rand02,2,0.3658554158575928,0.9411526608088725,5.853686653721485,1.7390173715233752,0.9258200997725513,5.1219758220062985,3.2396705003885535,5.1219758220062985,3.239670500388554,16,8,8,0
kk_grpo_v1_train_001834,rand03,2,0.021703494729079675,0.08681397891631848,0.3472559156652748,0.131250399163762,1.0,5.1219758220062985,4.948347864173662,5.1219758220062985,4.948347864173661,16,16,0,0
kk_grpo_v1_train_001834,rand04,2,0.021703494729079675,0.08681397891631848,0.3472559156652748,0.131250399163762,1.0,5.1219758220062985,4.948347864173662,5.1219758220062985,4.948347864173661,16,16,0,0
kk_grpo_v1_train_001834,rand05,2,0.36585541585759274,0.9411526608088725,5.853686653721484,1.739017371523375,0.9258200997725513,5.1219758220062985,3.2396705003885535,5.1219758220062985,3.239670500388554,16,8,8,0
kk_grpo_v1_train_001834,rand06,2,0.3658554158575928,0.9411526608088725,5.853686653721485,1.7390173715233752,0.9258200997725513,5.1219758220062985,3.2396705003885535,5.1219758220062985,3.239670500388554,16,8,8,0
kk_grpo_v1_train_001834,rand07,2,0.021703494729079675,0.08681397891631848,0.3472559156652748,0.131250399163762,1.0,5.1219758220062985,4.948347864173662,5.1219758220062985,4.948347864173661,16,16,0,0
kk_grpo_v1_train_001834,rand08,2,0.3658554158575928,0.9411526608088725,5.853686653721485,1.7390173715233752,0.9258200997725513,5.1219758220062985,3.2396705003885535,5.1219758220062985,3.239670500388554,16,8,8,0
kk_grpo_v1_train_001834,rand09,2,0.3658554158575928,0.9411526608088725,5.853686653721485,1.7390173715233752,0.9258200997725513,5.1219758220062985,3.2396705003885535,5.1219758220062985,3.239670500388554,16,8,8,0
kk_grpo_v1_train_001834,rand10,2,0.021703494729079675,0.08681397891631848,0.3472559156652748,0.131250399163762,1.0,5.1219758220062985,4.948347864173662,5.1219758220062985,4.948347864173661,16,16,0,0
kk_grpo_v1_train_001834,rand11,2,0.021703494729079675,0.08681397891631848,0.3472559156652748,0.131250399163762,1.0,5.1219758220062985,4.948347864173662,5.1219758220062985,4.948347864173661,16,16,0,0
kk_grpo_v1_train_001834,rand12,2,0.021703494729079675,0.08681397891631848,0.3472559156652748,0.131250399163762,1.0,5.1219758220062985,4.948347864173662,5.1219758220062985,4.948347864173661,16,16,0,0
kk_grpo_v1_train_001834,rand13,2,0.3658554158575928,0.9411526608088725,5.853686653721485,1.7390173715233752,0.9258200997725513,5.1219758220062985,3.2396705003885535,5.1219758220062985,3.239670500388554,16,8,8,0
kk_grpo_v1_train_001834,rand14,2,0.021703494729079675,0.08681397891631848,0.3472559156652748,0.131250399163762,1.0,5.1219758220062985,4.948347864173662,5.1219758220062985,4.948347864173661,16,16,0,0
kk_grpo_v1_train_001834,rand15,2,0.021703494729079675,0.08681397891631848,0.3472559156652748,0.131250399163762,1.0,5.1219758220062985,4.948347864173662,5.1219758220062985,4.948347864173661,16,16,0,0
kk_grpo_v1_train_001834,rand16,2,0.021703494729079675,0.08681397891631848,0.3472559156652748,0.131250399163762,1.0,5.1219758220062985,4.948347864173662,5.1219758220062985,4.948347864173661,16,16,0,0
kk_grpo_v1_train_001834,rand17,2,0.3658554158575928,0.9411526608088725,5.853686653721485,1.7390173715233752,0.9258200997725513,5.1219758220062985,3.2396705003885535,5.1219758220062985,3.239670500388554,16,8,8,0
kk_grpo_v1_train_001834,rand18,2,0.3658554158575928,0.9411526608088725,5.853686653721485,1.739017371523375,0.9258200997725513,5.1219758220062985,3.2396705003885535,5.1219758220062985,3.239670500388554,16,8,8,0
kk_grpo_v1_train_001834,rand19,2,0.021703494729079675,0.08681397891631848,0.3472559156652748,0.131250399163762,1.0,5.1219758220062985,4.948347864173662,5.1219758220062985,4.948347864173661,16,16,0,0
kk_grpo_v1_train_001875,first8_last8,16,0.0,0.0,0.0,0.0,nan,0.0,0.0,0.0,0.0,0,0,0,0
kk_grpo_v1_train_001875,rand00,16,0.0,0.0,0.0,0.0,nan,0.0,0.0,0.0,0.0,0,0,0,0
kk_grpo_v1_train_001875,rand01,16,0.0,0.0,0.0,0.0,nan,0.0,0.0,0.0,0.0,0,0,0,0
kk_grpo_v1_train_001875,rand02,16,0.0,0.0,0.0,0.0,nan,0.0,0.0,0.0,0.0,0,0,0,0
kk_grpo_v1_train_001875,rand03,16,0.0,0.0,0.0,0.0,nan,0.0,0.0,0.0,0.0,0,0,0,0
kk_grpo_v1_train_001875,rand04,16,0.0,0.0,0.0,0.0,nan,0.0,0.0,0.0,0.0,0,0,0,0
kk_grpo_v1_train_001875,rand05,16,0.0,0.0,0.0,0.0,nan,0.0,0.0,0.0,0.0,0,0,0,0
kk_grpo_v1_train_001875,rand06,16,0.0,0.0,0.0,0.0,nan,0.0,0.0,0.0,0.0,0,0,0,0
kk_grpo_v1_train_001875,rand07,16,0.0,0.0,0.0,0.0,nan,0.0,0.0,0.0,0.0,0,0,0,0
kk_grpo_v1_train_001875,rand08,16,0.0,0.0,0.0,0.0,nan,0.0,0.0,0.0,0.0,0,0,0,0
kk_grpo_v1_train_001875,rand09,16,0.0,0.0,0.0,0.0,nan,0.0,0.0,0.0,0.0,0,0,0,0
kk_grpo_v1_train_001875,rand10,16,0.0,0.0,0.0,0.0,nan,0.0,0.0,0.0,0.0,0,0,0,0
kk_grpo_v1_train_001875,rand11,16,0.0,0.0,0.0,0.0,nan,0.0,0.0,0.0,0.0,0,0,0,0
kk_grpo_v1_train_001875,rand12,16,0.0,0.0,0.0,0.0,nan,0.0,0.0,0.0,0.0,0,0,0,0
kk_grpo_v1_train_001875,rand13,16,0.0,0.0,0.0,0.0,nan,0.0,0.0,0.0,0.0,0,0,0,0
kk_grpo_v1_train_001875,rand14,16,0.0,0.0,0.0,0.0,nan,0.0,0.0,0.0,0.0,0,0,0,0
kk_grpo_v1_train_001875,rand15,16,0.0,0.0,0.0,0.0,nan,0.0,0.0,0.0,0.0,0,0,0,0
kk_grpo_v1_train_001875,rand16,16,0.0,0.0,0.0,0.0,nan,0.0,0.0,0.0,0.0,0,0,0,0
kk_grpo_v1_train_001875,rand17,16,0.0,0.0,0.0,0.0,nan,0.0,0.0,0.0,0.0,0,0,0,0
kk_grpo_v1_train_001875,rand18,16,0.0,0.0,0.0,0.0,nan,0.0,0.0,0.0,0.0,0,0,0,0
kk_grpo_v1_train_001875,rand19,16,0.0,0.0,0.0,0.0,nan,0.0,0.0,0.0,0.0,0,0,0,0
kk_grpo_v1_train_001920,first8_last8,2,0.021703494729079675,0.08681397891631848,0.3472559156652748,0.131250399163762,0.9999999999999999,5.1219758220062985,4.948347864173662,5.1219758220062985,4.948347864173661,16,16,0,0
kk_grpo_v1_train_001920,rand00,2,0.3658554158575928,0.9411526608088725,5.853686653721485,1.7390173715233752,0.9258200997725513,5.1219758220062985,3.2396705003885535,5.1219758220062985,3.239670500388554,16,8,8,0
kk_grpo_v1_train_001920,rand01,2,0.3658554158575928,0.9411526608088725,5.853686653721485,1.739017371523375,0.9258200997725513,5.1219758220062985,3.2396705003885535,5.1219758220062985,3.239670500388554,16,8,8,0
kk_grpo_v1_train_001920,rand02,2,0.3658554158575928,0.9411526608088725,5.853686653721485,1.739017371523375,0.9258200997725513,5.1219758220062985,3.2396705003885535,5.1219758220062985,3.239670500388554,16,8,8,0
kk_grpo_v1_train_001920,rand03,2,0.021703494729079675,0.08681397891631848,0.3472559156652748,0.131250399163762,0.9999999999999999,5.1219758220062985,4.948347864173662,5.1219758220062985,4.948347864173661,16,16,0,0
kk_grpo_v1_train_001920,rand04,2,0.3658554158575928,0.9411526608088725,5.853686653721485,1.7390173715233752,0.9258200997725513,5.1219758220062985,3.2396705003885535,5.1219758220062985,3.239670500388554,16,8,8,0
kk_grpo_v1_train_001920,rand05,2,0.3658554158575928,0.9411526608088725,5.853686653721485,1.7390173715233752,0.9258200997725513,5.1219758220062985,3.2396705003885535,5.1219758220062985,3.239670500388554,16,8,8,0
kk_grpo_v1_train_001920,rand06,2,0.3658554158575928,0.9411526608088725,5.853686653721485,1.739017371523375,0.9258200997725513,5.1219758220062985,3.2396705003885535,5.1219758220062985,3.239670500388554,16,8,8,0
kk_grpo_v1_train_001920,rand07,2,0.021703494729079675,0.08681397891631848,0.3472559156652748,0.131250399163762,0.9999999999999999,5.1219758220062985,4.948347864173662,5.1219758220062985,4.948347864173661,16,16,0,0
kk_grpo_v1_train_001920,rand08,2,0.021703494729079675,0.08681397891631848,0.3472559156652748,0.131250399163762,0.9999999999999999,5.1219758220062985,4.948347864173662,5.1219758220062985,4.948347864173661,16,16,0,0
kk_grpo_v1_train_001920,rand09,2,0.3658554158575928,0.9411526608088725,5.853686653721485,1.7390173715233752,0.9258200997725513,5.1219758220062985,3.2396705003885535,5.1219758220062985,3.239670500388554,16,8,8,0
kk_grpo_v1_train_001920,rand10,2,0.3658554158575928,0.9411526608088725,5.853686653721485,1.7390173715233752,0.9258200997725513,5.1219758220062985,3.2396705003885535,5.1219758220062985,3.239670500388554,16,8,8,0
kk_grpo_v1_train_001920,rand11,2,0.3658554158575928,0.9411526608088725,5.853686653721485,1.7390173715233752,0.9258200997725514,5.1219758220062985,3.2396705003885535,5.1219758220062985,3.239670500388554,16,8,8,0
kk_grpo_v1_train_001920,rand12,2,0.021703494729079675,0.08681397891631848,0.3472559156652748,0.131250399163762,0.9999999999999999,5.1219758220062985,4.948347864173662,5.1219758220062985,4.948347864173661,16,16,0,0
kk_grpo_v1_train_001920,rand13,2,0.021703494729079675,0.08681397891631848,0.3472559156652748,0.131250399163762,0.9999999999999999,5.1219758220062985,4.948347864173662,5.1219758220062985,4.948347864173661,16,16,0,0
kk_grpo_v1_train_001920,rand14,2,0.021703494729079675,0.08681397891631848,0.3472559156652748,0.131250399163762,0.9999999999999999,5.1219758220062985,4.948347864173662,5.1219758220062985,4.948347864173661,16,16,0,0
kk_grpo_v1_train_001920,rand15,2,0.3658554158575928,0.9411526608088725,5.853686653721485,1.7390173715233752,0.9258200997725514,5.1219758220062985,3.2396705003885535,5.1219758220062985,3.239670500388554,16,8,8,0
kk_grpo_v1_train_001920,rand16,2,0.021703494729079675,0.08681397891631848,0.3472559156652748,0.131250399163762,0.9999999999999999,5.1219758220062985,4.948347864173662,5.1219758220062985,4.948347864173661,16,16,0,0
kk_grpo_v1_train_001920,rand17,2,0.36585541585759274,0.9411526608088725,5.853686653721484,1.7390173715233752,0.9258200997725513,5.1219758220062985,3.2396705003885535,5.1219758220062985,3.239670500388554,16,8,8,0
kk_grpo_v1_train_001920,rand18,2,0.021703494729079675,0.08681397891631848,0.3472559156652748,0.131250399163762,0.9999999999999999,5.1219758220062985,4.948347864173662,5.1219758220062985,4.948347864173661,16,16,0,0
kk_grpo_v1_train_001920,rand19,2,0.3658554158575928,0.9411526608088725,5.853686653721485,1.7390173715233752,0.9258200997725513,5.1219758220062985,3.2396705003885535,5.1219758220062985,3.239670500388554,16,8,8,0
kk_grpo_v1_train_001923,first8_last8,4,0.02842040838218446,0.05684081676436903,0.45472653411495134,0.13126824343946647,1.0000000000000002,6.706704267834583,6.479341000777107,6.706704267834585,6.479341000777108,16,16,0,0
kk_grpo_v1_train_001923,rand00,4,0.5588920223195486,0.7414366875317822,8.942272357112778,2.2944160739017083,0.8164965809277263,6.706704267834583,3.7409575177074545,6.706704267834585,3.7409575177074545,16,8,8,0
kk_grpo_v1_train_001923,rand01,4,0.02842040838218446,0.05684081676436903,0.45472653411495134,0.13126824343946647,1.0000000000000002,6.706704267834583,6.479341000777107,6.706704267834585,6.479341000777108,16,16,0,0
kk_grpo_v1_train_001923,rand02,4,0.02842040838218446,0.05684081676436903,0.45472653411495134,0.13126824343946647,1.0000000000000002,6.706704267834583,6.479341000777107,6.706704267834585,6.479341000777108,16,16,0,0
kk_grpo_v1_train_001923,rand03,4,0.2794460111597743,0.797497865128185,4.471136178556389,1.3149762555890876,0.9409062372905539,6.706704267834583,6.096318253860912,6.706704267834585,6.096318253860913,16,16,0,0
kk_grpo_v1_train_001923,rand04,4,0.2794460111597743,0.797497865128185,4.471136178556389,1.3149762555890876,0.9409062372905537,6.706704267834583,6.096318253860912,6.706704267834585,6.096318253860913,16,16,0,0
kk_grpo_v1_train_001923,rand05,4,0.02842040838218446,0.05684081676436903,0.45472653411495134,0.13126824343946647,1.0000000000000002,6.706704267834583,6.479341000777107,6.706704267834585,6.479341000777108,16,16,0,0
kk_grpo_v1_train_001923,rand06,4,0.2794460111597743,0.797497865128185,4.471136178556389,1.3149762555890876,0.9409062372905537,6.706704267834583,6.096318253860912,6.706704267834585,6.096318253860911,16,16,0,0
kk_grpo_v1_train_001923,rand07,4,0.2794460111597743,0.797497865128185,4.471136178556389,1.3149762555890876,0.9409062372905538,6.706704267834583,6.096318253860911,6.706704267834585,6.096318253860911,16,16,0,0
kk_grpo_v1_train_001923,rand08,4,0.2794460111597743,0.797497865128185,4.471136178556389,1.3149762555890876,0.9409062372905537,6.706704267834583,6.096318253860912,6.706704267834585,6.096318253860913,16,16,0,0
kk_grpo_v1_train_001923,rand09,4,0.2794460111597743,0.797497865128185,4.471136178556389,1.3149762555890876,0.9409062372905537,6.706704267834583,6.096318253860912,6.706704267834585,6.096318253860913,16,16,0,0
kk_grpo_v1_train_001923,rand10,4,0.2794460111597743,0.797497865128185,4.471136178556389,1.3149762555890876,0.9409062372905538,6.706704267834583,6.096318253860911,6.706704267834585,6.096318253860913,16,16,0,0
kk_grpo_v1_train_001923,rand11,4,0.02842040838218446,0.05684081676436903,0.45472653411495134,0.13126824343946647,1.0000000000000002,6.706704267834583,6.479341000777107,6.706704267834585,6.479341000777108,16,16,0,0
kk_grpo_v1_train_001923,rand12,4,0.2794460111597743,0.797497865128185,4.471136178556389,1.3149762555890876,0.9409062372905539,6.706704267834583,6.096318253860912,6.706704267834585,6.096318253860911,16,16,0,0
kk_grpo_v1_train_001923,rand13,4,0.02842040838218446,0.05684081676436903,0.45472653411495134,0.13126824343946647,1.0000000000000002,6.706704267834583,6.479341000777107,6.706704267834585,6.479341000777108,16,16,0,0
kk_grpo_v1_train_001923,rand14,4,0.02842040838218446,0.05684081676436903,0.45472653411495134,0.13126824343946647,1.0000000000000002,6.706704267834583,6.479341000777107,6.706704267834585,6.479341000777108,16,16,0,0
kk_grpo_v1_train_001923,rand15,4,0.2794460111597743,0.797497865128185,4.471136178556389,1.3149762555890876,0.9409062372905538,6.706704267834583,6.096318253860912,6.706704267834585,6.096318253860911,16,16,0,0
kk_grpo_v1_train_001923,rand16,4,0.2794460111597743,0.797497865128185,4.471136178556389,1.3149762555890876,0.9409062372905537,6.706704267834583,6.096318253860912,6.706704267834585,6.096318253860911,16,16,0,0
kk_grpo_v1_train_001923,rand17,4,0.02842040838218446,0.05684081676436903,0.45472653411495134,0.13126824343946647,1.0000000000000002,6.706704267834583,6.479341000777107,6.706704267834585,6.479341000777108,16,16,0,0
kk_grpo_v1_train_001923,rand18,4,0.2794460111597743,0.797497865128185,4.471136178556389,1.3149762555890876,0.9409062372905537,6.706704267834583,6.096318253860912,6.706704267834585,6.096318253860913,16,16,0,0
kk_grpo_v1_train_001923,rand19,4,0.2794460111597743,0.797497865128185,4.471136178556389,1.3149762555890876,0.9409062372905538,6.706704267834583,6.096318253860912,6.706704267834585,6.096318253860913,16,16,0,0
kk_grpo_v1_train_001991,first8_last8,14,0.021703494729079675,0.08681397891631848,0.3472559156652748,0.131250399163762,1.0,5.1219758220062985,4.948347864173661,5.1219758220062985,4.948347864173662,16,16,0,0
kk_grpo_v1_train_001991,rand00,14,0.3658554158575928,0.9411526608088725,5.853686653721485,1.7390173715233752,0.9258200997725513,5.1219758220062985,3.239670500388554,5.1219758220062985,3.2396705003885535,16,8,0,8
kk_grpo_v1_train_001991,rand01,14,0.021703494729079675,0.08681397891631848,0.3472559156652748,0.131250399163762,1.0,5.1219758220062985,4.948347864173661,5.1219758220062985,4.948347864173662,16,16,0,0
kk_grpo_v1_train_001991,rand02,14,0.021703494729079675,0.08681397891631848,0.3472559156652748,0.131250399163762,1.0,5.1219758220062985,4.948347864173661,5.1219758220062985,4.948347864173662,16,16,0,0
kk_grpo_v1_train_001991,rand03,14,0.021703494729079675,0.08681397891631848,0.3472559156652748,0.131250399163762,1.0,5.1219758220062985,4.948347864173661,5.1219758220062985,4.948347864173662,16,16,0,0
kk_grpo_v1_train_001991,rand04,14,0.021703494729079675,0.08681397891631848,0.3472559156652748,0.131250399163762,1.0,5.1219758220062985,4.948347864173661,5.1219758220062985,4.948347864173662,16,16,0,0
kk_grpo_v1_train_001991,rand05,14,0.021703494729079675,0.08681397891631848,0.3472559156652748,0.131250399163762,1.0,5.1219758220062985,4.948347864173661,5.1219758220062985,4.948347864173662,16,16,0,0
kk_grpo_v1_train_001991,rand06,14,0.021703494729079675,0.08681397891631848,0.3472559156652748,0.131250399163762,1.0,5.1219758220062985,4.948347864173661,5.1219758220062985,4.948347864173662,16,16,0,0
kk_grpo_v1_train_001991,rand07,14,0.3658554158575928,0.9411526608088725,5.853686653721485,1.7390173715233752,0.9258200997725513,5.1219758220062985,3.239670500388554,5.1219758220062985,3.2396705003885535,16,8,0,8
kk_grpo_v1_train_001991,rand08,14,0.021703494729079675,0.08681397891631848,0.3472559156652748,0.131250399163762,1.0,5.1219758220062985,4.948347864173661,5.1219758220062985,4.948347864173662,16,16,0,0
kk_grpo_v1_train_001991,rand09,14,0.021703494729079675,0.08681397891631848,0.3472559156652748,0.131250399163762,1.0,5.1219758220062985,4.948347864173661,5.1219758220062985,4.948347864173662,16,16,0,0
kk_grpo_v1_train_001991,rand10,14,0.021703494729079675,0.08681397891631848,0.3472559156652748,0.131250399163762,1.0,5.1219758220062985,4.948347864173661,5.1219758220062985,4.948347864173662,16,16,0,0
kk_grpo_v1_train_001991,rand11,14,0.021703494729079675,0.08681397891631848,0.3472559156652748,0.131250399163762,1.0,5.1219758220062985,4.948347864173661,5.1219758220062985,4.948347864173662,16,16,0,0
kk_grpo_v1_train_001991,rand12,14,0.3658554158575928,0.9411526608088725,5.853686653721485,1.7390173715233752,0.9258200997725513,5.1219758220062985,3.239670500388554,5.1219758220062985,3.2396705003885535,16,8,0,8
kk_grpo_v1_train_001991,rand13,14,0.3658554158575928,0.9411526608088725,5.853686653721485,1.7390173715233752,0.9258200997725513,5.1219758220062985,3.239670500388554,5.1219758220062985,3.2396705003885535,16,8,0,8
kk_grpo_v1_train_001991,rand14,14,0.021703494729079675,0.08681397891631848,0.3472559156652748,0.131250399163762,1.0,5.1219758220062985,4.948347864173661,5.1219758220062985,4.948347864173662,16,16,0,0
kk_grpo_v1_train_001991,rand15,14,0.3658554158575928,0.9411526608088725,5.853686653721485,1.739017371523375,0.9258200997725513,5.1219758220062985,3.239670500388554,5.1219758220062985,3.2396705003885535,16,8,0,8
kk_grpo_v1_train_001991,rand16,14,0.021703494729079675,0.08681397891631848,0.3472559156652748,0.131250399163762,1.0,5.1219758220062985,4.948347864173661,5.1219758220062985,4.948347864173662,16,16,0,0
kk_grpo_v1_train_001991,rand17,14,0.021703494729079675,0.08681397891631848,0.3472559156652748,0.131250399163762,1.0,5.1219758220062985,4.948347864173661,5.1219758220062985,4.948347864173662,16,16,0,0
kk_grpo_v1_train_001991,rand18,14,0.3658554158575928,0.9411526608088725,5.853686653721485,1.739017371523375,0.9258200997725513,5.1219758220062985,3.239670500388554,5.1219758220062985,3.2396705003885535,16,8,0,8
kk_grpo_v1_train_001991,rand19,14,0.021703494729079675,0.08681397891631848,0.3472559156652748,0.131250399163762,1.0,5.1219758220062985,4.948347864173661,5.1219758220062985,4.948347864173662,16,16,0,0
kk_grpo_v1_train_002017,first8_last8,0,0.0,0.0,0.0,0.0,nan,0.0,0.0,0.0,0.0,0,0,0,0
kk_grpo_v1_train_002017,rand00,0,0.0,0.0,0.0,0.0,nan,0.0,0.0,0.0,0.0,0,0,0,0
kk_grpo_v1_train_002017,rand01,0,0.0,0.0,0.0,0.0,nan,0.0,0.0,0.0,0.0,0,0,0,0
kk_grpo_v1_train_002017,rand02,0,0.0,0.0,0.0,0.0,nan,0.0,0.0,0.0,0.0,0,0,0,0
kk_grpo_v1_train_002017,rand03,0,0.0,0.0,0.0,0.0,nan,0.0,0.0,0.0,0.0,0,0,0,0
kk_grpo_v1_train_002017,rand04,0,0.0,0.0,0.0,0.0,nan,0.0,0.0,0.0,0.0,0,0,0,0
kk_grpo_v1_train_002017,rand05,0,0.0,0.0,0.0,0.0,nan,0.0,0.0,0.0,0.0,0,0,0,0
kk_grpo_v1_train_002017,rand06,0,0.0,0.0,0.0,0.0,nan,0.0,0.0,0.0,0.0,0,0,0,0
kk_grpo_v1_train_002017,rand07,0,0.0,0.0,0.0,0.0,nan,0.0,0.0,0.0,0.0,0,0,0,0
kk_grpo_v1_train_002017,rand08,0,0.0,0.0,0.0,0.0,nan,0.0,0.0,0.0,0.0,0,0,0,0
kk_grpo_v1_train_002017,rand09,0,0.0,0.0,0.0,0.0,nan,0.0,0.0,0.0,0.0,0,0,0,0
kk_grpo_v1_train_002017,rand10,0,0.0,0.0,0.0,0.0,nan,0.0,0.0,0.0,0.0,0,0,0,0
kk_grpo_v1_train_002017,rand11,0,0.0,0.0,0.0,0.0,nan,0.0,0.0,0.0,0.0,0,0,0,0
kk_grpo_v1_train_002017,rand12,0,0.0,0.0,0.0,0.0,nan,0.0,0.0,0.0,0.0,0,0,0,0
kk_grpo_v1_train_002017,rand13,0,0.0,0.0,0.0,0.0,nan,0.0,0.0,0.0,0.0,0,0,0,0
kk_grpo_v1_train_002017,rand14,0,0.0,0.0,0.0,0.0,nan,0.0,0.0,0.0,0.0,0,0,0,0
kk_grpo_v1_train_002017,rand15,0,0.0,0.0,0.0,0.0,nan,0.0,0.0,0.0,0.0,0,0,0,0
kk_grpo_v1_train_002017,rand16,0,0.0,0.0,0.0,0.0,nan,0.0,0.0,0.0,0.0,0,0,0,0
kk_grpo_v1_train_002017,rand17,0,0.0,0.0,0.0,0.0,nan,0.0,0.0,0.0,0.0,0,0,0,0
kk_grpo_v1_train_002017,rand18,0,0.0,0.0,0.0,0.0,nan,0.0,0.0,0.0,0.0,0,0,0,0
kk_grpo_v1_train_002017,rand19,0,0.0,0.0,0.0,0.0,nan,0.0,0.0,0.0,0.0,0,0,0,0
kk_grpo_v1_train_002032,first8_last8,2,0.021703494729079675,0.08681397891631848,0.3472559156652748,0.131250399163762,0.9999999999999999,5.1219758220062985,4.948347864173662,5.1219758220062985,4.948347864173661,16,16,0,0
kk_grpo_v1_train_002032,rand00,2,0.3658554158575928,0.9411526608088725,5.853686653721485,1.7390173715233752,0.9258200997725513,5.1219758220062985,3.2396705003885535,5.1219758220062985,3.239670500388554,16,8,8,0
kk_grpo_v1_train_002032,rand01,2,0.021703494729079675,0.08681397891631848,0.3472559156652748,0.131250399163762,0.9999999999999999,5.1219758220062985,4.948347864173662,5.1219758220062985,4.948347864173661,16,16,0,0
kk_grpo_v1_train_002032,rand02,2,0.3658554158575928,0.9411526608088725,5.853686653721485,1.7390173715233752,0.9258200997725513,5.1219758220062985,3.2396705003885535,5.1219758220062985,3.239670500388554,16,8,8,0
kk_grpo_v1_train_002032,rand03,2,0.3658554158575928,0.9411526608088725,5.853686653721485,1.739017371523375,0.9258200997725513,5.1219758220062985,3.2396705003885535,5.1219758220062985,3.239670500388554,16,8,8,0
kk_grpo_v1_train_002032,rand04,2,0.021703494729079675,0.08681397891631848,0.3472559156652748,0.131250399163762,0.9999999999999999,5.1219758220062985,4.948347864173662,5.1219758220062985,4.948347864173661,16,16,0,0
kk_grpo_v1_train_002032,rand05,2,0.3658554158575928,0.9411526608088725,5.853686653721485,1.7390173715233752,0.9258200997725513,5.1219758220062985,3.2396705003885535,5.1219758220062985,3.239670500388554,16,8,8,0
kk_grpo_v1_train_002032,rand06,2,0.021703494729079675,0.08681397891631848,0.3472559156652748,0.131250399163762,0.9999999999999999,5.1219758220062985,4.948347864173662,5.1219758220062985,4.948347864173661,16,16,0,0
kk_grpo_v1_train_002032,rand07,2,0.3658554158575928,0.9411526608088725,5.853686653721485,1.739017371523375,0.9258200997725513,5.1219758220062985,3.2396705003885535,5.1219758220062985,3.239670500388554,16,8,8,0
kk_grpo_v1_train_002032,rand08,2,0.3658554158575928,0.9411526608088725,5.853686653721485,1.7390173715233752,0.9258200997725513,5.1219758220062985,3.2396705003885535,5.1219758220062985,3.239670500388554,16,8,8,0
kk_grpo_v1_train_002032,rand09,2,0.021703494729079675,0.08681397891631848,0.3472559156652748,0.131250399163762,0.9999999999999999,5.1219758220062985,4.948347864173662,5.1219758220062985,4.948347864173661,16,16,0,0
kk_grpo_v1_train_002032,rand10,2,0.3658554158575928,0.9411526608088725,5.853686653721485,1.7390173715233752,0.9258200997725513,5.1219758220062985,3.2396705003885535,5.1219758220062985,3.239670500388554,16,8,8,0
kk_grpo_v1_train_002032,rand11,2,0.3658554158575928,0.9411526608088725,5.853686653721485,1.7390173715233752,0.9258200997725513,5.1219758220062985,3.2396705003885535,5.1219758220062985,3.239670500388554,16,8,8,0
kk_grpo_v1_train_002032,rand12,2,0.021703494729079675,0.08681397891631848,0.3472559156652748,0.131250399163762,0.9999999999999999,5.1219758220062985,4.948347864173662,5.1219758220062985,4.948347864173661,16,16,0,0
kk_grpo_v1_train_002032,rand13,2,0.021703494729079675,0.08681397891631848,0.3472559156652748,0.131250399163762,0.9999999999999999,5.1219758220062985,4.948347864173662,5.1219758220062985,4.948347864173661,16,16,0,0
kk_grpo_v1_train_002032,rand14,2,0.021703494729079675,0.08681397891631848,0.3472559156652748,0.131250399163762,0.9999999999999999,5.1219758220062985,4.948347864173662,5.1219758220062985,4.948347864173661,16,16,0,0
kk_grpo_v1_train_002032,rand15,2,0.3658554158575928,0.9411526608088725,5.853686653721485,1.7390173715233752,0.9258200997725513,5.1219758220062985,3.2396705003885535,5.1219758220062985,3.239670500388554,16,8,8,0
kk_grpo_v1_train_002032,rand16,2,0.021703494729079675,0.08681397891631848,0.3472559156652748,0.131250399163762,0.9999999999999999,5.1219758220062985,4.948347864173662,5.1219758220062985,4.948347864173661,16,16,0,0
kk_grpo_v1_train_002032,rand17,2,0.021703494729079675,0.08681397891631848,0.3472559156652748,0.131250399163762,0.9999999999999999,5.1219758220062985,4.948347864173662,5.1219758220062985,4.948347864173661,16,16,0,0
kk_grpo_v1_train_002032,rand18,2,0.021703494729079675,0.08681397891631848,0.3472559156652748,0.131250399163762,0.9999999999999999,5.1219758220062985,4.948347864173662,5.1219758220062985,4.948347864173661,16,16,0,0
kk_grpo_v1_train_002032,rand19,2,0.021703494729079675,0.08681397891631848,0.3472559156652748,0.131250399163762,0.9999999999999999,5.1219758220062985,4.948347864173662,5.1219758220062985,4.948347864173661,16,16,0,0
kk_grpo_v1_train_002036,first8_last8,16,0.0,0.0,0.0,0.0,nan,0.0,0.0,0.0,0.0,0,0,0,0
kk_grpo_v1_train_002036,rand00,16,0.0,0.0,0.0,0.0,nan,0.0,0.0,0.0,0.0,0,0,0,0
kk_grpo_v1_train_002036,rand01,16,0.0,0.0,0.0,0.0,nan,0.0,0.0,0.0,0.0,0,0,0,0
kk_grpo_v1_train_002036,rand02,16,0.0,0.0,0.0,0.0,nan,0.0,0.0,0.0,0.0,0,0,0,0
kk_grpo_v1_train_002036,rand03,16,0.0,0.0,0.0,0.0,nan,0.0,0.0,0.0,0.0,0,0,0,0
kk_grpo_v1_train_002036,rand04,16,0.0,0.0,0.0,0.0,nan,0.0,0.0,0.0,0.0,0,0,0,0
kk_grpo_v1_train_002036,rand05,16,0.0,0.0,0.0,0.0,nan,0.0,0.0,0.0,0.0,0,0,0,0
kk_grpo_v1_train_002036,rand06,16,0.0,0.0,0.0,0.0,nan,0.0,0.0,0.0,0.0,0,0,0,0
kk_grpo_v1_train_002036,rand07,16,0.0,0.0,0.0,0.0,nan,0.0,0.0,0.0,0.0,0,0,0,0
kk_grpo_v1_train_002036,rand08,16,0.0,0.0,0.0,0.0,nan,0.0,0.0,0.0,0.0,0,0,0,0
kk_grpo_v1_train_002036,rand09,16,0.0,0.0,0.0,0.0,nan,0.0,0.0,0.0,0.0,0,0,0,0
kk_grpo_v1_train_002036,rand10,16,0.0,0.0,0.0,0.0,nan,0.0,0.0,0.0,0.0,0,0,0,0
kk_grpo_v1_train_002036,rand11,16,0.0,0.0,0.0,0.0,nan,0.0,0.0,0.0,0.0,0,0,0,0
kk_grpo_v1_train_002036,rand12,16,0.0,0.0,0.0,0.0,nan,0.0,0.0,0.0,0.0,0,0,0,0
kk_grpo_v1_train_002036,rand13,16,0.0,0.0,0.0,0.0,nan,0.0,0.0,0.0,0.0,0,0,0,0
kk_grpo_v1_train_002036,rand14,16,0.0,0.0,0.0,0.0,nan,0.0,0.0,0.0,0.0,0,0,0,0
kk_grpo_v1_train_002036,rand15,16,0.0,0.0,0.0,0.0,nan,0.0,0.0,0.0,0.0,0,0,0,0
kk_grpo_v1_train_002036,rand16,16,0.0,0.0,0.0,0.0,nan,0.0,0.0,0.0,0.0,0,0,0,0
kk_grpo_v1_train_002036,rand17,16,0.0,0.0,0.0,0.0,nan,0.0,0.0,0.0,0.0,0,0,0,0
kk_grpo_v1_train_002036,rand18,16,0.0,0.0,0.0,0.0,nan,0.0,0.0,0.0,0.0,0,0,0,0
kk_grpo_v1_train_002036,rand19,16,0.0,0.0,0.0,0.0,nan,0.0,0.0,0.0,0.0,0,0,0,0
kk_grpo_v1_train_002056,first8_last8,16,0.0,0.0,0.0,0.0,nan,0.0,0.0,0.0,0.0,0,0,0,0
kk_grpo_v1_train_002056,rand00,16,0.0,0.0,0.0,0.0,nan,0.0,0.0,0.0,0.0,0,0,0,0
kk_grpo_v1_train_002056,rand01,16,0.0,0.0,0.0,0.0,nan,0.0,0.0,0.0,0.0,0,0,0,0
kk_grpo_v1_train_002056,rand02,16,0.0,0.0,0.0,0.0,nan,0.0,0.0,0.0,0.0,0,0,0,0
kk_grpo_v1_train_002056,rand03,16,0.0,0.0,0.0,0.0,nan,0.0,0.0,0.0,0.0,0,0,0,0
kk_grpo_v1_train_002056,rand04,16,0.0,0.0,0.0,0.0,nan,0.0,0.0,0.0,0.0,0,0,0,0
kk_grpo_v1_train_002056,rand05,16,0.0,0.0,0.0,0.0,nan,0.0,0.0,0.0,0.0,0,0,0,0
kk_grpo_v1_train_002056,rand06,16,0.0,0.0,0.0,0.0,nan,0.0,0.0,0.0,0.0,0,0,0,0
kk_grpo_v1_train_002056,rand07,16,0.0,0.0,0.0,0.0,nan,0.0,0.0,0.0,0.0,0,0,0,0
kk_grpo_v1_train_002056,rand08,16,0.0,0.0,0.0,0.0,nan,0.0,0.0,0.0,0.0,0,0,0,0
kk_grpo_v1_train_002056,rand09,16,0.0,0.0,0.0,0.0,nan,0.0,0.0,0.0,0.0,0,0,0,0
kk_grpo_v1_train_002056,rand10,16,0.0,0.0,0.0,0.0,nan,0.0,0.0,0.0,0.0,0,0,0,0
kk_grpo_v1_train_002056,rand11,16,0.0,0.0,0.0,0.0,nan,0.0,0.0,0.0,0.0,0,0,0,0
kk_grpo_v1_train_002056,rand12,16,0.0,0.0,0.0,0.0,nan,0.0,0.0,0.0,0.0,0,0,0,0
kk_grpo_v1_train_002056,rand13,16,0.0,0.0,0.0,0.0,nan,0.0,0.0,0.0,0.0,0,0,0,0
kk_grpo_v1_train_002056,rand14,16,0.0,0.0,0.0,0.0,nan,0.0,0.0,0.0,0.0,0,0,0,0
kk_grpo_v1_train_002056,rand15,16,0.0,0.0,0.0,0.0,nan,0.0,0.0,0.0,0.0,0,0,0,0
kk_grpo_v1_train_002056,rand16,16,0.0,0.0,0.0,0.0,nan,0.0,0.0,0.0,0.0,0,0,0,0
kk_grpo_v1_train_002056,rand17,16,0.0,0.0,0.0,0.0,nan,0.0,0.0,0.0,0.0,0,0,0,0
kk_grpo_v1_train_002056,rand18,16,0.0,0.0,0.0,0.0,nan,0.0,0.0,0.0,0.0,0,0,0,0
kk_grpo_v1_train_002056,rand19,16,0.0,0.0,0.0,0.0,nan,0.0,0.0,0.0,0.0,0,0,0,0
kk_grpo_v1_train_002069,first8_last8,5,0.13053097493539773,0.22845928369801483,2.0884955989663636,0.5711982268193134,0.9893329628687376,7.1792036214468755,6.861814822162635,7.1792036214468755,6.861814822162636,16,16,0,0
kk_grpo_v1_train_002069,rand00,5,0.13053097493539773,0.22845928369801483,2.0884955989663636,0.5711982268193134,0.9893329628687377,7.1792036214468755,6.861814822162635,7.1792036214468755,6.861814822162636,16,16,0,0
kk_grpo_v1_train_002069,rand01,5,0.13053097493539773,0.22845928369801483,2.0884955989663636,0.5711982268193134,0.9893329628687377,7.1792036214468755,6.861814822162635,7.1792036214468755,6.861814822162636,16,16,0,0
kk_grpo_v1_train_002069,rand02,5,0.39159292480619323,1.0383332077974556,6.265486796899092,1.739715282374547,0.8961216640983373,7.1792036214468755,6.215131449794285,7.1792036214468755,6.215131449794285,16,16,0,0
kk_grpo_v1_train_002069,rand03,5,0.13053097493539773,0.22845928369801483,2.0884955989663636,0.5711982268193134,0.9893329628687378,7.1792036214468755,6.861814822162635,7.1792036214468755,6.861814822162635,16,16,0,0
kk_grpo_v1_train_002069,rand04,5,0.13053097493539773,0.22845928369801483,2.0884955989663636,0.5711982268193134,0.9893329628687376,7.1792036214468755,6.861814822162635,7.1792036214468755,6.861814822162635,16,16,0,0
kk_grpo_v1_train_002069,rand05,5,0.13053097493539773,0.22845928369801483,2.0884955989663636,0.5711982268193134,0.9893329628687378,7.1792036214468755,6.861814822162635,7.1792036214468755,6.861814822162636,16,16,0,0
kk_grpo_v1_train_002069,rand06,5,0.13053097493539773,0.22845928369801483,2.0884955989663636,0.5711982268193134,0.9893329628687376,7.1792036214468755,6.861814822162635,7.1792036214468755,6.861814822162636,16,16,0,0
kk_grpo_v1_train_002069,rand07,5,0.13053097493539773,0.22845928369801483,2.0884955989663636,0.5711982268193134,0.9893329628687377,7.1792036214468755,6.861814822162635,7.1792036214468755,6.861814822162636,16,16,0,0
kk_grpo_v1_train_002069,rand08,5,0.13053097493539773,0.22845928369801483,2.0884955989663636,0.5711982268193134,0.9893329628687376,7.1792036214468755,6.861814822162635,7.1792036214468755,6.861814822162636,16,16,0,0
kk_grpo_v1_train_002069,rand09,5,0.13053097493539773,0.22845928369801483,2.0884955989663636,0.5711982268193134,0.9893329628687376,7.1792036214468755,6.861814822162635,7.1792036214468755,6.861814822162636,16,16,0,0
kk_grpo_v1_train_002069,rand10,5,0.39159292480619323,1.0383332077974556,6.265486796899092,1.7397152823745468,0.8961216640983373,7.1792036214468755,6.215131449794285,7.1792036214468755,6.215131449794285,16,16,0,0
kk_grpo_v1_train_002069,rand11,5,0.13053097493539773,0.22845928369801483,2.0884955989663636,0.5711982268193134,0.9893329628687377,7.1792036214468755,6.861814822162635,7.1792036214468755,6.861814822162635,16,16,0,0
kk_grpo_v1_train_002069,rand12,5,0.13053097493539773,0.22845928369801483,2.0884955989663636,0.5711982268193134,0.9893329628687376,7.1792036214468755,6.861814822162635,7.1792036214468755,6.861814822162636,16,16,0,0
kk_grpo_v1_train_002069,rand13,5,0.39159292480619323,1.0383332077974556,6.265486796899092,1.739715282374547,0.8961216640983372,7.1792036214468755,6.215131449794285,7.1792036214468755,6.215131449794285,16,16,0,0
kk_grpo_v1_train_002069,rand14,5,0.13053097493539773,0.22845928369801483,2.0884955989663636,0.5711982268193134,0.9893329628687376,7.1792036214468755,6.861814822162635,7.1792036214468755,6.861814822162636,16,16,0,0
kk_grpo_v1_train_002069,rand15,5,0.13053097493539773,0.22845928369801483,2.0884955989663636,0.5711982268193134,0.9893329628687375,7.1792036214468755,6.861814822162635,7.1792036214468755,6.861814822162636,16,16,0,0
kk_grpo_v1_train_002069,rand16,5,0.39159292480619323,1.0383332077974556,6.265486796899092,1.739715282374547,0.8961216640983372,7.1792036214468755,6.215131449794285,7.1792036214468755,6.215131449794285,16,16,0,0
kk_grpo_v1_train_002069,rand17,5,0.39159292480619323,1.0383332077974556,6.265486796899092,1.739715282374547,0.8961216640983372,7.1792036214468755,6.215131449794285,7.1792036214468755,6.215131449794285,16,16,0,0
kk_grpo_v1_train_002069,rand18,5,0.39159292480619323,1.0383332077974556,6.265486796899092,1.739715282374547,0.8961216640983372,7.1792036214468755,6.215131449794285,7.1792036214468755,6.215131449794285,16,16,0,0
kk_grpo_v1_train_002069,rand19,5,0.13053097493539773,0.22845928369801483,2.0884955989663636,0.5711982268193134,0.9893329628687375,7.1792036214468755,6.861814822162635,7.1792036214468755,6.861814822162636,16,16,0,0
kk_grpo_v1_train_002076,first8_last8,10,0.031776457048981244,0.04236860939864173,0.5084233127836999,0.131274334882325,1.0,7.498500299940012,7.244288643548163,7.498500299940012,7.244288643548162,16,16,0,0
kk_grpo_v1_train_002076,rand00,10,0.031776457048981244,0.04236860939864173,0.5084233127836999,0.131274334882325,1.0,7.498500299940012,7.244288643548163,7.498500299940012,7.244288643548162,16,16,0,0
kk_grpo_v1_train_002076,rand01,10,0.24995000999800038,0.3700852002042747,3.999200159968006,1.0350996674610249,0.9636123758498016,7.498500299940012,6.980628018096008,7.498500299940012,6.9806280180960085,16,16,0,0
kk_grpo_v1_train_002076,rand02,10,0.24995000999800038,0.3700852002042747,3.999200159968006,1.0350996674610249,0.9636123758498016,7.498500299940012,6.980628018096008,7.498500299940012,6.980628018096008,16,16,0,0
kk_grpo_v1_train_002076,rand03,10,0.031776457048981244,0.04236860939864173,0.5084233127836999,0.131274334882325,1.0,7.498500299940012,7.244288643548163,7.498500299940012,7.244288643548162,16,16,0,0
kk_grpo_v1_train_002076,rand04,10,0.24995000999800038,0.3700852002042747,3.999200159968006,1.0350996674610249,0.9636123758498016,7.498500299940012,6.980628018096008,7.498500299940012,6.980628018096008,16,16,0,0
kk_grpo_v1_train_002076,rand05,10,0.4999000199960008,1.2244238820968287,7.998400319936013,2.146378920801531,0.8415721228140902,7.498500299940012,6.096318253860912,7.498500299940012,6.096318253860913,16,16,0,0
kk_grpo_v1_train_002076,rand06,10,0.031776457048981244,0.04236860939864173,0.5084233127836999,0.131274334882325,1.0,7.498500299940012,7.244288643548163,7.498500299940012,7.244288643548162,16,16,0,0
kk_grpo_v1_train_002076,rand07,10,0.24995000999800038,0.3700852002042747,3.999200159968006,1.0350996674610249,0.9636123758498016,7.498500299940012,6.980628018096008,7.498500299940012,6.980628018096008,16,16,0,0
kk_grpo_v1_train_002076,rand08,10,0.031776457048981244,0.04236860939864173,0.5084233127836999,0.131274334882325,1.0,7.498500299940012,7.244288643548163,7.498500299940012,7.244288643548162,16,16,0,0
kk_grpo_v1_train_002076,rand09,10,0.24995000999800038,0.3700852002042747,3.999200159968006,1.0350996674610249,0.9636123758498016,7.498500299940012,6.9806280180960085,7.498500299940012,6.980628018096008,16,16,0,0
kk_grpo_v1_train_002076,rand10,10,0.24995000999800038,0.3700852002042747,3.999200159968006,1.0350996674610249,0.9636123758498017,7.498500299940012,6.9806280180960085,7.498500299940012,6.980628018096008,16,16,0,0
kk_grpo_v1_train_002076,rand11,10,0.031776457048981244,0.04236860939864173,0.5084233127836999,0.131274334882325,1.0,7.498500299940012,7.244288643548163,7.498500299940012,7.244288643548162,16,16,0,0
kk_grpo_v1_train_002076,rand12,10,0.24995000999800038,0.3700852002042747,3.999200159968006,1.0350996674610249,0.9636123758498016,7.498500299940012,6.9806280180960085,7.498500299940012,6.980628018096008,16,16,0,0
kk_grpo_v1_train_002076,rand13,10,0.031776457048981244,0.04236860939864173,0.5084233127836999,0.131274334882325,1.0,7.498500299940012,7.244288643548163,7.498500299940012,7.244288643548162,16,16,0,0
kk_grpo_v1_train_002076,rand14,10,0.24995000999800038,0.3700852002042747,3.999200159968006,1.0350996674610249,0.9636123758498016,7.498500299940012,6.9806280180960085,7.498500299940012,6.980628018096008,16,16,0,0
kk_grpo_v1_train_002076,rand15,10,0.24995000999800038,0.3700852002042747,3.999200159968006,1.0350996674610249,0.9636123758498016,7.498500299940012,6.9806280180960085,7.498500299940012,6.980628018096008,16,16,0,0
kk_grpo_v1_train_002076,rand16,10,0.031776457048981244,0.04236860939864173,0.5084233127836999,0.131274334882325,1.0,7.498500299940012,7.244288643548163,7.498500299940012,7.244288643548162,16,16,0,0
kk_grpo_v1_train_002076,rand17,10,0.24995000999800038,0.3700852002042747,3.999200159968006,1.0350996674610249,0.9636123758498016,7.498500299940012,6.980628018096008,7.498500299940012,6.980628018096008,16,16,0,0
kk_grpo_v1_train_002076,rand18,10,0.24995000999800038,0.3700852002042747,3.999200159968006,1.0350996674610249,0.9636123758498016,7.498500299940012,6.980628018096008,7.498500299940012,6.980628018096008,16,16,0,0
kk_grpo_v1_train_002076,rand19,10,0.24995000999800038,0.3700852002042747,3.999200159968006,1.0350996674610249,0.9636123758498016,7.498500299940012,6.9806280180960085,7.498500299940012,6.980628018096008,16,16,0,0
kk_grpo_v1_train_002090,first8_last8,16,0.0,0.0,0.0,0.0,nan,0.0,0.0,0.0,0.0,0,0,0,0
kk_grpo_v1_train_002090,rand00,16,0.0,0.0,0.0,0.0,nan,0.0,0.0,0.0,0.0,0,0,0,0
kk_grpo_v1_train_002090,rand01,16,0.0,0.0,0.0,0.0,nan,0.0,0.0,0.0,0.0,0,0,0,0
kk_grpo_v1_train_002090,rand02,16,0.0,0.0,0.0,0.0,nan,0.0,0.0,0.0,0.0,0,0,0,0
kk_grpo_v1_train_002090,rand03,16,0.0,0.0,0.0,0.0,nan,0.0,0.0,0.0,0.0,0,0,0,0
kk_grpo_v1_train_002090,rand04,16,0.0,0.0,0.0,0.0,nan,0.0,0.0,0.0,0.0,0,0,0,0
kk_grpo_v1_train_002090,rand05,16,0.0,0.0,0.0,0.0,nan,0.0,0.0,0.0,0.0,0,0,0,0
kk_grpo_v1_train_002090,rand06,16,0.0,0.0,0.0,0.0,nan,0.0,0.0,0.0,0.0,0,0,0,0
kk_grpo_v1_train_002090,rand07,16,0.0,0.0,0.0,0.0,nan,0.0,0.0,0.0,0.0,0,0,0,0
kk_grpo_v1_train_002090,rand08,16,0.0,0.0,0.0,0.0,nan,0.0,0.0,0.0,0.0,0,0,0,0
kk_grpo_v1_train_002090,rand09,16,0.0,0.0,0.0,0.0,nan,0.0,0.0,0.0,0.0,0,0,0,0
kk_grpo_v1_train_002090,rand10,16,0.0,0.0,0.0,0.0,nan,0.0,0.0,0.0,0.0,0,0,0,0
kk_grpo_v1_train_002090,rand11,16,0.0,0.0,0.0,0.0,nan,0.0,0.0,0.0,0.0,0,0,0,0
kk_grpo_v1_train_002090,rand12,16,0.0,0.0,0.0,0.0,nan,0.0,0.0,0.0,0.0,0,0,0,0
kk_grpo_v1_train_002090,rand13,16,0.0,0.0,0.0,0.0,nan,0.0,0.0,0.0,0.0,0,0,0,0
kk_grpo_v1_train_002090,rand14,16,0.0,0.0,0.0,0.0,nan,0.0,0.0,0.0,0.0,0,0,0,0
kk_grpo_v1_train_002090,rand15,16,0.0,0.0,0.0,0.0,nan,0.0,0.0,0.0,0.0,0,0,0,0
kk_grpo_v1_train_002090,rand16,16,0.0,0.0,0.0,0.0,nan,0.0,0.0,0.0,0.0,0,0,0,0
kk_grpo_v1_train_002090,rand17,16,0.0,0.0,0.0,0.0,nan,0.0,0.0,0.0,0.0,0,0,0,0
kk_grpo_v1_train_002090,rand18,16,0.0,0.0,0.0,0.0,nan,0.0,0.0,0.0,0.0,0,0,0,0
kk_grpo_v1_train_002090,rand19,16,0.0,0.0,0.0,0.0,nan,0.0,0.0,0.0,0.0,0,0,0,0
kk_grpo_v1_train_002177,first8_last8,15,0.2499000399840064,1.2743266676732654,3.9984006397441023,1.4827581771029286,0.9660917830792959,3.748500599760097,2.4741739320868303,3.748500599760096,2.474173932086831,16,8,0,8
kk_grpo_v1_train_002177,rand00,15,0.2499000399840064,1.2743266676732654,3.9984006397441023,1.4827581771029286,0.9660917830792959,3.748500599760097,2.4741739320868303,3.748500599760096,2.474173932086831,16,8,0,8
kk_grpo_v1_train_002177,rand01,15,0.2499000399840064,1.2743266676732654,3.9984006397441023,1.4827581771029286,0.9660917830792959,3.748500599760097,2.4741739320868303,3.748500599760096,2.474173932086831,16,8,0,8
kk_grpo_v1_train_002177,rand02,15,0.24990003998400642,1.2743266676732654,3.9984006397441028,1.4827581771029286,0.9660917830792959,3.748500599760097,2.4741739320868303,3.748500599760096,2.474173932086831,16,8,0,8
kk_grpo_v1_train_002177,rand03,15,0.2499000399840064,1.2743266676732654,3.9984006397441023,1.4827581771029286,0.9660917830792959,3.748500599760097,2.4741739320868303,3.748500599760096,2.474173932086831,16,8,0,8
kk_grpo_v1_train_002177,rand04,15,0.2499000399840064,1.2743266676732654,3.9984006397441023,1.4827581771029286,0.9660917830792959,3.748500599760097,2.4741739320868303,3.748500599760096,2.474173932086831,16,8,0,8
kk_grpo_v1_train_002177,rand05,15,0.2499000399840064,1.2743266676732654,3.9984006397441023,1.4827581771029286,0.9660917830792959,3.748500599760097,2.4741739320868303,3.748500599760096,2.474173932086831,16,8,0,8
kk_grpo_v1_train_002177,rand06,15,0.2499000399840064,1.2743266676732654,3.9984006397441023,1.4827581771029286,0.9660917830792959,3.748500599760097,2.4741739320868303,3.748500599760096,2.474173932086831,16,8,0,8
kk_grpo_v1_train_002177,rand07,15,0.2499000399840064,1.2743266676732654,3.9984006397441023,1.4827581771029286,0.9660917830792959,3.748500599760097,2.4741739320868303,3.748500599760096,2.474173932086831,16,8,0,8
kk_grpo_v1_train_002177,rand08,15,0.24990003998400642,1.2743266676732654,3.9984006397441028,1.4827581771029286,0.9660917830792959,3.748500599760097,2.4741739320868303,3.748500599760096,2.474173932086831,16,8,0,8
kk_grpo_v1_train_002177,rand09,15,0.2499000399840064,1.2743266676732654,3.9984006397441023,1.4827581771029286,0.9660917830792959,3.748500599760097,2.4741739320868303,3.748500599760096,2.474173932086831,16,8,0,8
kk_grpo_v1_train_002177,rand10,15,0.24990003998400642,1.2743266676732654,3.9984006397441028,1.4827581771029286,0.9660917830792959,3.748500599760097,2.4741739320868303,3.748500599760096,2.474173932086831,16,8,0,8
kk_grpo_v1_train_002177,rand11,15,0.2499000399840064,1.2743266676732654,3.9984006397441023,1.4827581771029286,0.9660917830792959,3.748500599760097,2.4741739320868303,3.748500599760096,2.474173932086831,16,8,0,8
kk_grpo_v1_train_002177,rand12,15,0.2499000399840064,1.2743266676732654,3.9984006397441023,1.4827581771029286,0.9660917830792959,3.748500599760097,2.4741739320868303,3.748500599760096,2.474173932086831,16,8,0,8
kk_grpo_v1_train_002177,rand13,15,0.2499000399840064,1.2743266676732654,3.9984006397441023,1.4827581771029286,0.9660917830792959,3.748500599760097,2.4741739320868303,3.748500599760096,2.474173932086831,16,8,0,8
kk_grpo_v1_train_002177,rand14,15,0.2499000399840064,1.2743266676732654,3.9984006397441023,1.4827581771029286,0.9660917830792959,3.748500599760097,2.4741739320868303,3.748500599760096,2.474173932086831,16,8,0,8
kk_grpo_v1_train_002177,rand15,15,0.2499000399840064,1.2743266676732654,3.9984006397441023,1.4827581771029286,0.9660917830792959,3.748500599760097,2.4741739320868303,3.748500599760096,2.474173932086831,16,8,0,8
kk_grpo_v1_train_002177,rand16,15,0.2499000399840064,1.2743266676732654,3.9984006397441023,1.4827581771029286,0.9660917830792959,3.748500599760097,2.4741739320868303,3.748500599760096,2.474173932086831,16,8,0,8
kk_grpo_v1_train_002177,rand17,15,0.24990003998400642,1.2743266676732654,3.9984006397441028,1.4827581771029286,0.9660917830792959,3.748500599760097,2.4741739320868303,3.748500599760096,2.474173932086831,16,8,0,8
kk_grpo_v1_train_002177,rand18,15,0.2499000399840064,1.2743266676732654,3.9984006397441023,1.4827581771029286,0.9660917830792959,3.748500599760097,2.4741739320868303,3.748500599760096,2.474173932086831,16,8,0,8
kk_grpo_v1_train_002177,rand19,15,0.2499000399840064,1.2743266676732654,3.9984006397441023,1.4827581771029286,0.9660917830792959,3.748500599760097,2.4741739320868303,3.748500599760096,2.474173932086831,16,8,0,8
kk_grpo_v1_train_002181,first8_last8,13,0.1550049662368162,0.45910937100822036,2.480079459789059,0.8024978335582992,0.9783638454036059,6.04519368323583,5.713844432475384,6.045193683235832,5.713844432475384,16,16,0,0
kk_grpo_v1_train_002181,rand00,13,0.1550049662368162,0.45910937100822036,2.480079459789059,0.8024978335582992,0.9783638454036058,6.04519368323583,5.713844432475384,6.045193683235832,5.713844432475384,16,16,0,0
kk_grpo_v1_train_002181,rand01,13,0.1550049662368162,0.45910937100822036,2.480079459789059,0.8024978335582992,0.9783638454036058,6.04519368323583,5.713844432475384,6.045193683235832,5.713844432475384,16,16,0,0
kk_grpo_v1_train_002181,rand02,13,0.15500496623681623,0.45910937100822036,2.4800794597890596,0.8024978335582992,0.9783638454036058,6.04519368323583,5.713844432475384,6.045193683235832,5.713844432475384,16,16,0,0
kk_grpo_v1_train_002181,rand03,13,0.4650148987104486,0.8076831204872501,7.440238379367178,2.0058526729045334,0.8770580193070292,6.04519368323583,3.622144321774081,6.045193683235832,3.6221443217740807,16,8,0,8
kk_grpo_v1_train_002181,rand04,13,0.1550049662368162,0.45910937100822036,2.480079459789059,0.8024978335582991,0.9783638454036059,6.04519368323583,5.713844432475383,6.045193683235832,5.713844432475384,16,16,0,0
kk_grpo_v1_train_002181,rand05,13,0.1550049662368162,0.45910937100822036,2.480079459789059,0.8024978335582992,0.9783638454036059,6.04519368323583,5.713844432475384,6.045193683235832,5.713844432475384,16,16,0,0
kk_grpo_v1_train_002181,rand06,13,0.4650148987104486,0.8076831204872501,7.440238379367178,2.0058526729045334,0.8770580193070293,6.04519368323583,3.622144321774081,6.045193683235832,3.6221443217740807,16,8,0,8
kk_grpo_v1_train_002181,rand07,13,0.46501489871044854,0.8076831204872501,7.440238379367177,2.0058526729045334,0.8770580193070292,6.04519368323583,3.622144321774081,6.045193683235832,3.6221443217740807,16,8,0,8
kk_grpo_v1_train_002181,rand08,13,0.1550049662368162,0.45910937100822036,2.480079459789059,0.8024978335582992,0.9783638454036057,6.04519368323583,5.713844432475384,6.045193683235832,5.713844432475384,16,16,0,0
kk_grpo_v1_train_002181,rand09,13,0.1550049662368162,0.45910937100822036,2.480079459789059,0.8024978335582992,0.9783638454036059,6.04519368323583,5.713844432475384,6.045193683235832,5.713844432475384,16,16,0,0
kk_grpo_v1_train_002181,rand10,13,0.1550049662368162,0.45910937100822036,2.480079459789059,0.8024978335582992,0.9783638454036059,6.04519368323583,5.713844432475384,6.045193683235832,5.713844432475384,16,16,0,0
kk_grpo_v1_train_002181,rand11,13,0.1550049662368162,0.45910937100822036,2.480079459789059,0.8024978335582991,0.9783638454036058,6.04519368323583,5.713844432475384,6.045193683235832,5.713844432475384,16,16,0,0
kk_grpo_v1_train_002181,rand12,13,0.1550049662368162,0.45910937100822036,2.480079459789059,0.8024978335582992,0.9783638454036058,6.04519368323583,5.713844432475384,6.045193683235832,5.713844432475384,16,16,0,0
kk_grpo_v1_train_002181,rand13,13,0.15500496623681623,0.45910937100822036,2.4800794597890596,0.8024978335582991,0.9783638454036058,6.04519368323583,5.713844432475384,6.045193683235832,5.713844432475384,16,16,0,0
kk_grpo_v1_train_002181,rand14,13,0.1550049662368162,0.45910937100822036,2.480079459789059,0.8024978335582992,0.9783638454036059,6.04519368323583,5.713844432475384,6.045193683235832,5.713844432475384,16,16,0,0
kk_grpo_v1_train_002181,rand15,13,0.1550049662368162,0.45910937100822036,2.480079459789059,0.8024978335582992,0.9783638454036059,6.04519368323583,5.713844432475384,6.045193683235832,5.713844432475384,16,16,0,0
kk_grpo_v1_train_002181,rand16,13,0.4650148987104486,0.8076831204872501,7.440238379367178,2.0058526729045334,0.8770580193070292,6.04519368323583,3.622144321774081,6.045193683235832,3.6221443217740807,16,8,0,8
kk_grpo_v1_train_002181,rand17,13,0.1550049662368162,0.45910937100822036,2.480079459789059,0.8024978335582991,0.9783638454036058,6.04519368323583,5.713844432475384,6.045193683235832,5.713844432475384,16,16,0,0
kk_grpo_v1_train_002181,rand18,13,0.4650148987104486,0.8076831204872501,7.440238379367178,2.0058526729045334,0.8770580193070293,6.04519368323583,3.622144321774081,6.045193683235832,3.6221443217740807,16,8,0,8
kk_grpo_v1_train_002181,rand19,13,0.1550049662368162,0.45910937100822036,2.480079459789059,0.8024978335582992,0.9783638454036058,6.04519368323583,5.713844432475384,6.045193683235832,5.713844432475384,16,16,0,0
kk_grpo_v1_train_002184,first8_last8,3,0.1550049662368162,0.45910937100822036,2.480079459789059,0.8024978335582992,0.9783638454036059,6.045193683235832,5.713844432475384,6.04519368323583,5.713844432475384,16,16,0,0
kk_grpo_v1_train_002184,rand00,3,0.15500496623681623,0.45910937100822036,2.4800794597890596,0.8024978335582991,0.978363845403606,6.045193683235832,5.713844432475384,6.04519368323583,5.713844432475384,16,16,0,0
kk_grpo_v1_train_002184,rand01,3,0.46501489871044854,0.8076831204872501,7.440238379367177,2.0058526729045334,0.8770580193070292,6.045193683235832,3.6221443217740807,6.04519368323583,3.622144321774081,16,8,8,0
kk_grpo_v1_train_002184,rand02,3,0.1550049662368162,0.45910937100822036,2.480079459789059,0.8024978335582992,0.9783638454036059,6.045193683235832,5.713844432475384,6.04519368323583,5.713844432475384,16,16,0,0
kk_grpo_v1_train_002184,rand03,3,0.46501489871044854,0.8076831204872501,7.440238379367177,2.0058526729045334,0.8770580193070292,6.045193683235832,3.6221443217740807,6.04519368323583,3.622144321774081,16,8,8,0
kk_grpo_v1_train_002184,rand04,3,0.46501489871044854,0.8076831204872501,7.440238379367177,2.0058526729045334,0.8770580193070292,6.045193683235832,3.6221443217740807,6.04519368323583,3.622144321774081,16,8,8,0
kk_grpo_v1_train_002184,rand05,3,0.1550049662368162,0.45910937100822036,2.480079459789059,0.8024978335582991,0.978363845403606,6.045193683235832,5.713844432475384,6.04519368323583,5.713844432475384,16,16,0,0
kk_grpo_v1_train_002184,rand06,3,0.1550049662368162,0.45910937100822036,2.480079459789059,0.8024978335582991,0.9783638454036062,6.045193683235832,5.713844432475384,6.04519368323583,5.713844432475384,16,16,0,0
kk_grpo_v1_train_002184,rand07,3,0.1550049662368162,0.45910937100822036,2.480079459789059,0.8024978335582992,0.9783638454036059,6.045193683235832,5.713844432475384,6.04519368323583,5.713844432475384,16,16,0,0
kk_grpo_v1_train_002184,rand08,3,0.15500496623681623,0.45910937100822036,2.4800794597890596,0.8024978335582992,0.9783638454036061,6.045193683235832,5.713844432475384,6.04519368323583,5.713844432475384,16,16,0,0
kk_grpo_v1_train_002184,rand09,3,0.1550049662368162,0.45910937100822036,2.480079459789059,0.8024978335582992,0.9783638454036061,6.045193683235832,5.713844432475384,6.04519368323583,5.713844432475384,16,16,0,0
kk_grpo_v1_train_002184,rand10,3,0.46501489871044854,0.8076831204872501,7.440238379367177,2.0058526729045334,0.8770580193070292,6.045193683235832,3.6221443217740807,6.04519368323583,3.622144321774081,16,8,8,0
kk_grpo_v1_train_002184,rand11,3,0.1550049662368162,0.45910937100822036,2.480079459789059,0.8024978335582991,0.9783638454036058,6.045193683235832,5.713844432475384,6.04519368323583,5.713844432475384,16,16,0,0
kk_grpo_v1_train_002184,rand12,3,0.15500496623681623,0.45910937100822036,2.4800794597890596,0.8024978335582991,0.978363845403606,6.045193683235832,5.713844432475384,6.04519368323583,5.713844432475384,16,16,0,0
kk_grpo_v1_train_002184,rand13,3,0.1550049662368162,0.45910937100822036,2.480079459789059,0.8024978335582991,0.9783638454036058,6.045193683235832,5.713844432475384,6.04519368323583,5.713844432475384,16,16,0,0
kk_grpo_v1_train_002184,rand14,3,0.46501489871044854,0.8076831204872501,7.440238379367177,2.0058526729045334,0.8770580193070292,6.045193683235832,3.6221443217740807,6.04519368323583,3.622144321774081,16,8,8,0
kk_grpo_v1_train_002184,rand15,3,0.1550049662368162,0.45910937100822036,2.480079459789059,0.8024978335582991,0.978363845403606,6.045193683235832,5.713844432475384,6.04519368323583,5.713844432475384,16,16,0,0
kk_grpo_v1_train_002184,rand16,3,0.46501489871044854,0.8076831204872501,7.440238379367177,2.0058526729045334,0.8770580193070292,6.045193683235832,3.6221443217740807,6.04519368323583,3.622144321774081,16,8,8,0
kk_grpo_v1_train_002184,rand17,3,0.1550049662368162,0.45910937100822036,2.480079459789059,0.8024978335582991,0.9783638454036062,6.045193683235832,5.713844432475384,6.04519368323583,5.713844432475384,16,16,0,0
kk_grpo_v1_train_002184,rand18,3,0.1550049662368162,0.45910937100822036,2.480079459789059,0.8024978335582991,0.9783638454036058,6.045193683235832,5.713844432475384,6.04519368323583,5.713844432475384,16,16,0,0
kk_grpo_v1_train_002184,rand19,3,0.1550049662368162,0.45910937100822036,2.480079459789059,0.8024978335582992,0.978363845403606,6.045193683235832,5.713844432475384,6.04519368323583,5.713844432475384,16,16,0,0
kk_grpo_v1_train_002217,first8_last8,2,0.021703494729079675,0.08681397891631848,0.3472559156652748,0.131250399163762,1.0,5.1219758220062985,4.948347864173662,5.1219758220062985,4.948347864173661,16,16,0,0
kk_grpo_v1_train_002217,rand00,2,0.021703494729079675,0.08681397891631848,0.3472559156652748,0.131250399163762,1.0,5.1219758220062985,4.948347864173662,5.1219758220062985,4.948347864173661,16,16,0,0
kk_grpo_v1_train_002217,rand01,2,0.021703494729079675,0.08681397891631848,0.3472559156652748,0.131250399163762,1.0,5.1219758220062985,4.948347864173662,5.1219758220062985,4.948347864173661,16,16,0,0
kk_grpo_v1_train_002217,rand02,2,0.3658554158575928,0.9411526608088725,5.853686653721485,1.7390173715233752,0.9258200997725513,5.1219758220062985,3.2396705003885535,5.1219758220062985,3.239670500388554,16,8,8,0
kk_grpo_v1_train_002217,rand03,2,0.3658554158575928,0.9411526608088725,5.853686653721485,1.7390173715233752,0.9258200997725513,5.1219758220062985,3.2396705003885535,5.1219758220062985,3.239670500388554,16,8,8,0
kk_grpo_v1_train_002217,rand04,2,0.021703494729079675,0.08681397891631848,0.3472559156652748,0.131250399163762,1.0,5.1219758220062985,4.948347864173662,5.1219758220062985,4.948347864173661,16,16,0,0
kk_grpo_v1_train_002217,rand05,2,0.3658554158575928,0.9411526608088725,5.853686653721485,1.7390173715233752,0.9258200997725513,5.1219758220062985,3.2396705003885535,5.1219758220062985,3.239670500388554,16,8,8,0
kk_grpo_v1_train_002217,rand06,2,0.3658554158575928,0.9411526608088725,5.853686653721485,1.739017371523375,0.9258200997725513,5.1219758220062985,3.2396705003885535,5.1219758220062985,3.239670500388554,16,8,8,0
kk_grpo_v1_train_002217,rand07,2,0.3658554158575928,0.9411526608088725,5.853686653721485,1.739017371523375,0.9258200997725513,5.1219758220062985,3.2396705003885535,5.1219758220062985,3.239670500388554,16,8,8,0
kk_grpo_v1_train_002217,rand08,2,0.021703494729079675,0.08681397891631848,0.3472559156652748,0.131250399163762,1.0,5.1219758220062985,4.948347864173662,5.1219758220062985,4.948347864173661,16,16,0,0
kk_grpo_v1_train_002217,rand09,2,0.36585541585759274,0.9411526608088725,5.853686653721484,1.7390173715233752,0.9258200997725513,5.1219758220062985,3.2396705003885535,5.1219758220062985,3.239670500388554,16,8,8,0
kk_grpo_v1_train_002217,rand10,2,0.3658554158575928,0.9411526608088725,5.853686653721485,1.739017371523375,0.9258200997725513,5.1219758220062985,3.2396705003885535,5.1219758220062985,3.239670500388554,16,8,8,0
kk_grpo_v1_train_002217,rand11,2,0.021703494729079675,0.08681397891631848,0.3472559156652748,0.131250399163762,1.0,5.1219758220062985,4.948347864173662,5.1219758220062985,4.948347864173661,16,16,0,0
kk_grpo_v1_train_002217,rand12,2,0.021703494729079675,0.08681397891631848,0.3472559156652748,0.131250399163762,1.0,5.1219758220062985,4.948347864173662,5.1219758220062985,4.948347864173661,16,16,0,0
kk_grpo_v1_train_002217,rand13,2,0.021703494729079675,0.08681397891631848,0.3472559156652748,0.131250399163762,1.0,5.1219758220062985,4.948347864173662,5.1219758220062985,4.948347864173661,16,16,0,0
kk_grpo_v1_train_002217,rand14,2,0.3658554158575928,0.9411526608088725,5.853686653721485,1.739017371523375,0.9258200997725513,5.1219758220062985,3.2396705003885535,5.1219758220062985,3.239670500388554,16,8,8,0
kk_grpo_v1_train_002217,rand15,2,0.021703494729079675,0.08681397891631848,0.3472559156652748,0.131250399163762,1.0,5.1219758220062985,4.948347864173662,5.1219758220062985,4.948347864173661,16,16,0,0
kk_grpo_v1_train_002217,rand16,2,0.021703494729079675,0.08681397891631848,0.3472559156652748,0.131250399163762,1.0,5.1219758220062985,4.948347864173662,5.1219758220062985,4.948347864173661,16,16,0,0
kk_grpo_v1_train_002217,rand17,2,0.3658554158575928,0.9411526608088725,5.853686653721485,1.7390173715233752,0.9258200997725513,5.1219758220062985,3.2396705003885535,5.1219758220062985,3.239670500388554,16,8,8,0
kk_grpo_v1_train_002217,rand18,2,0.3658554158575928,0.9411526608088725,5.853686653721485,1.739017371523375,0.9258200997725513,5.1219758220062985,3.2396705003885535,5.1219758220062985,3.239670500388554,16,8,8,0
kk_grpo_v1_train_002217,rand19,2,0.021703494729079675,0.08681397891631848,0.3472559156652748,0.131250399163762,1.0,5.1219758220062985,4.948347864173662,5.1219758220062985,4.948347864173661,16,16,0,0
kk_grpo_v1_train_002253,first8_last8,10,0.24995000999800038,0.3700852002042747,3.999200159968006,1.0350996674610249,0.9636123758498016,7.498500299940012,6.9806280180960085,7.498500299940012,6.9806280180960085,16,16,0,0
kk_grpo_v1_train_002253,rand00,10,0.24995000999800038,0.3700852002042747,3.999200159968006,1.0350996674610249,0.9636123758498016,7.498500299940012,6.980628018096008,7.498500299940012,6.980628018096008,16,16,0,0
kk_grpo_v1_train_002253,rand01,10,0.24995000999800038,0.3700852002042747,3.999200159968006,1.0350996674610249,0.9636123758498016,7.498500299940012,6.980628018096008,7.498500299940012,6.9806280180960085,16,16,0,0
kk_grpo_v1_train_002253,rand02,10,0.4999000199960008,1.2244238820968287,7.998400319936013,2.146378920801531,0.8415721228140904,7.498500299940012,6.096318253860911,7.498500299940012,6.096318253860913,16,16,0,0
kk_grpo_v1_train_002253,rand03,10,0.24995000999800038,0.3700852002042747,3.999200159968006,1.0350996674610249,0.9636123758498016,7.498500299940012,6.9806280180960085,7.498500299940012,6.980628018096008,16,16,0,0
kk_grpo_v1_train_002253,rand04,10,0.031776457048981244,0.04236860939864173,0.5084233127836999,0.131274334882325,1.0,7.498500299940012,7.244288643548163,7.498500299940012,7.244288643548162,16,16,0,0
kk_grpo_v1_train_002253,rand05,10,0.24995000999800038,0.3700852002042747,3.999200159968006,1.0350996674610249,0.9636123758498016,7.498500299940012,6.9806280180960085,7.498500299940012,6.980628018096008,16,16,0,0
kk_grpo_v1_train_002253,rand06,10,0.24995000999800038,0.3700852002042747,3.999200159968006,1.0350996674610249,0.9636123758498016,7.498500299940012,6.9806280180960085,7.498500299940012,6.980628018096008,16,16,0,0
kk_grpo_v1_train_002253,rand07,10,0.031776457048981244,0.04236860939864173,0.5084233127836999,0.131274334882325,1.0,7.498500299940012,7.244288643548163,7.498500299940012,7.244288643548162,16,16,0,0
kk_grpo_v1_train_002253,rand08,10,0.24995000999800038,0.3700852002042747,3.999200159968006,1.0350996674610249,0.9636123758498016,7.498500299940012,6.9806280180960085,7.498500299940012,6.980628018096008,16,16,0,0
kk_grpo_v1_train_002253,rand09,10,0.24995000999800038,0.3700852002042747,3.999200159968006,1.0350996674610249,0.9636123758498016,7.498500299940012,6.980628018096008,7.498500299940012,6.980628018096008,16,16,0,0
kk_grpo_v1_train_002253,rand10,10,0.031776457048981244,0.04236860939864173,0.5084233127836999,0.131274334882325,1.0,7.498500299940012,7.244288643548163,7.498500299940012,7.244288643548162,16,16,0,0
kk_grpo_v1_train_002253,rand11,10,0.24995000999800038,0.3700852002042747,3.999200159968006,1.0350996674610249,0.9636123758498016,7.498500299940012,6.980628018096008,7.498500299940012,6.9806280180960085,16,16,0,0
kk_grpo_v1_train_002253,rand12,10,0.4999000199960008,1.2244238820968287,7.998400319936013,2.146378920801531,0.8415721228140902,7.498500299940012,6.096318253860911,7.498500299940012,6.096318253860912,16,16,0,0
kk_grpo_v1_train_002253,rand13,10,0.24995000999800038,0.3700852002042747,3.999200159968006,1.0350996674610249,0.9636123758498016,7.498500299940012,6.9806280180960085,7.498500299940012,6.980628018096008,16,16,0,0
kk_grpo_v1_train_002253,rand14,10,0.031776457048981244,0.04236860939864173,0.5084233127836999,0.131274334882325,1.0,7.498500299940012,7.244288643548163,7.498500299940012,7.244288643548162,16,16,0,0
kk_grpo_v1_train_002253,rand15,10,0.24995000999800038,0.3700852002042747,3.999200159968006,1.0350996674610249,0.9636123758498015,7.498500299940012,6.9806280180960085,7.498500299940012,6.9806280180960085,16,16,0,0
kk_grpo_v1_train_002253,rand16,10,0.4999000199960008,1.2244238820968287,7.998400319936013,2.146378920801531,0.8415721228140904,7.498500299940012,6.096318253860911,7.498500299940012,6.096318253860912,16,16,0,0
kk_grpo_v1_train_002253,rand17,10,0.031776457048981244,0.04236860939864173,0.5084233127836999,0.131274334882325,1.0,7.498500299940012,7.244288643548163,7.498500299940012,7.244288643548162,16,16,0,0
kk_grpo_v1_train_002253,rand18,10,0.031776457048981244,0.04236860939864173,0.5084233127836999,0.131274334882325,1.0,7.498500299940012,7.244288643548163,7.498500299940012,7.244288643548162,16,16,0,0
kk_grpo_v1_train_002253,rand19,10,0.24995000999800038,0.3700852002042747,3.999200159968006,1.0350996674610249,0.9636123758498016,7.498500299940012,6.980628018096008,7.498500299940012,6.980628018096008,16,16,0,0
kk_grpo_v1_train_002261,first8_last8,5,0.39159292480619323,1.0383332077974556,6.265486796899092,1.7397152823745468,0.8961216640983372,7.1792036214468755,6.215131449794285,7.1792036214468755,6.215131449794285,16,16,0,0
kk_grpo_v1_train_002261,rand00,5,0.39159292480619323,1.0383332077974556,6.265486796899092,1.739715282374547,0.8961216640983373,7.1792036214468755,6.215131449794285,7.1792036214468755,6.215131449794285,16,16,0,0
kk_grpo_v1_train_002261,rand01,5,0.13053097493539773,0.22845928369801483,2.0884955989663636,0.5711982268193134,0.9893329628687377,7.1792036214468755,6.861814822162635,7.1792036214468755,6.861814822162636,16,16,0,0
kk_grpo_v1_train_002261,rand02,5,0.13053097493539773,0.22845928369801483,2.0884955989663636,0.5711982268193134,0.9893329628687376,7.1792036214468755,6.861814822162635,7.1792036214468755,6.861814822162636,16,16,0,0
kk_grpo_v1_train_002261,rand03,5,0.13053097493539773,0.22845928369801483,2.0884955989663636,0.5711982268193134,0.9893329628687376,7.1792036214468755,6.861814822162635,7.1792036214468755,6.861814822162636,16,16,0,0
kk_grpo_v1_train_002261,rand04,5,0.13053097493539773,0.22845928369801483,2.0884955989663636,0.5711982268193135,0.9893329628687375,7.1792036214468755,6.861814822162635,7.1792036214468755,6.861814822162636,16,16,0,0
kk_grpo_v1_train_002261,rand05,5,0.13053097493539773,0.22845928369801483,2.0884955989663636,0.5711982268193134,0.9893329628687376,7.1792036214468755,6.861814822162635,7.1792036214468755,6.861814822162636,16,16,0,0
kk_grpo_v1_train_002261,rand06,5,0.13053097493539773,0.22845928369801483,2.0884955989663636,0.5711982268193134,0.9893329628687376,7.1792036214468755,6.861814822162635,7.1792036214468755,6.861814822162635,16,16,0,0
kk_grpo_v1_train_002261,rand07,5,0.13053097493539773,0.22845928369801483,2.0884955989663636,0.5711982268193134,0.9893329628687376,7.1792036214468755,6.861814822162635,7.1792036214468755,6.861814822162636,16,16,0,0
kk_grpo_v1_train_002261,rand08,5,0.13053097493539773,0.22845928369801483,2.0884955989663636,0.5711982268193134,0.9893329628687375,7.1792036214468755,6.861814822162635,7.1792036214468755,6.861814822162636,16,16,0,0
kk_grpo_v1_train_002261,rand09,5,0.13053097493539773,0.22845928369801483,2.0884955989663636,0.5711982268193134,0.9893329628687377,7.1792036214468755,6.861814822162635,7.1792036214468755,6.861814822162636,16,16,0,0
kk_grpo_v1_train_002261,rand10,5,0.39159292480619323,1.0383332077974556,6.265486796899092,1.7397152823745468,0.8961216640983373,7.1792036214468755,6.215131449794285,7.1792036214468755,6.215131449794285,16,16,0,0
kk_grpo_v1_train_002261,rand11,5,0.13053097493539773,0.22845928369801483,2.0884955989663636,0.5711982268193134,0.9893329628687375,7.1792036214468755,6.861814822162635,7.1792036214468755,6.861814822162636,16,16,0,0
kk_grpo_v1_train_002261,rand12,5,0.39159292480619323,1.0383332077974556,6.265486796899092,1.739715282374547,0.8961216640983374,7.1792036214468755,6.215131449794285,7.1792036214468755,6.215131449794285,16,16,0,0
kk_grpo_v1_train_002261,rand13,5,0.39159292480619323,1.0383332077974556,6.265486796899092,1.739715282374547,0.8961216640983373,7.1792036214468755,6.215131449794285,7.1792036214468755,6.215131449794285,16,16,0,0
kk_grpo_v1_train_002261,rand14,5,0.13053097493539773,0.22845928369801483,2.0884955989663636,0.5711982268193134,0.9893329628687375,7.1792036214468755,6.861814822162635,7.1792036214468755,6.861814822162635,16,16,0,0
kk_grpo_v1_train_002261,rand15,5,0.13053097493539773,0.22845928369801483,2.0884955989663636,0.5711982268193134,0.9893329628687376,7.1792036214468755,6.861814822162635,7.1792036214468755,6.861814822162636,16,16,0,0
kk_grpo_v1_train_002261,rand16,5,0.13053097493539773,0.22845928369801483,2.0884955989663636,0.5711982268193134,0.9893329628687376,7.1792036214468755,6.861814822162635,7.1792036214468755,6.8618148221626365,16,16,0,0
kk_grpo_v1_train_002261,rand17,5,0.13053097493539773,0.22845928369801483,2.0884955989663636,0.5711982268193134,0.9893329628687376,7.1792036214468755,6.861814822162635,7.1792036214468755,6.861814822162636,16,16,0,0
kk_grpo_v1_train_002261,rand18,5,0.39159292480619323,1.0383332077974556,6.265486796899092,1.739715282374547,0.8961216640983373,7.1792036214468755,6.215131449794286,7.1792036214468755,6.215131449794285,16,16,0,0
kk_grpo_v1_train_002261,rand19,5,0.39159292480619323,1.0383332077974556,6.265486796899092,1.739715282374547,0.8961216640983374,7.1792036214468755,6.215131449794285,7.1792036214468755,6.215131449794285,16,16,0,0
kk_grpo_v1_train_002262,first8_last8,16,0.0,0.0,0.0,0.0,nan,0.0,0.0,0.0,0.0,0,0,0,0
kk_grpo_v1_train_002262,rand00,16,0.0,0.0,0.0,0.0,nan,0.0,0.0,0.0,0.0,0,0,0,0
kk_grpo_v1_train_002262,rand01,16,0.0,0.0,0.0,0.0,nan,0.0,0.0,0.0,0.0,0,0,0,0
kk_grpo_v1_train_002262,rand02,16,0.0,0.0,0.0,0.0,nan,0.0,0.0,0.0,0.0,0,0,0,0
kk_grpo_v1_train_002262,rand03,16,0.0,0.0,0.0,0.0,nan,0.0,0.0,0.0,0.0,0,0,0,0
kk_grpo_v1_train_002262,rand04,16,0.0,0.0,0.0,0.0,nan,0.0,0.0,0.0,0.0,0,0,0,0
kk_grpo_v1_train_002262,rand05,16,0.0,0.0,0.0,0.0,nan,0.0,0.0,0.0,0.0,0,0,0,0
kk_grpo_v1_train_002262,rand06,16,0.0,0.0,0.0,0.0,nan,0.0,0.0,0.0,0.0,0,0,0,0
kk_grpo_v1_train_002262,rand07,16,0.0,0.0,0.0,0.0,nan,0.0,0.0,0.0,0.0,0,0,0,0
kk_grpo_v1_train_002262,rand08,16,0.0,0.0,0.0,0.0,nan,0.0,0.0,0.0,0.0,0,0,0,0
kk_grpo_v1_train_002262,rand09,16,0.0,0.0,0.0,0.0,nan,0.0,0.0,0.0,0.0,0,0,0,0
kk_grpo_v1_train_002262,rand10,16,0.0,0.0,0.0,0.0,nan,0.0,0.0,0.0,0.0,0,0,0,0
kk_grpo_v1_train_002262,rand11,16,0.0,0.0,0.0,0.0,nan,0.0,0.0,0.0,0.0,0,0,0,0
kk_grpo_v1_train_002262,rand12,16,0.0,0.0,0.0,0.0,nan,0.0,0.0,0.0,0.0,0,0,0,0
kk_grpo_v1_train_002262,rand13,16,0.0,0.0,0.0,0.0,nan,0.0,0.0,0.0,0.0,0,0,0,0
kk_grpo_v1_train_002262,rand14,16,0.0,0.0,0.0,0.0,nan,0.0,0.0,0.0,0.0,0,0,0,0
kk_grpo_v1_train_002262,rand15,16,0.0,0.0,0.0,0.0,nan,0.0,0.0,0.0,0.0,0,0,0,0
kk_grpo_v1_train_002262,rand16,16,0.0,0.0,0.0,0.0,nan,0.0,0.0,0.0,0.0,0,0,0,0
kk_grpo_v1_train_002262,rand17,16,0.0,0.0,0.0,0.0,nan,0.0,0.0,0.0,0.0,0,0,0,0
kk_grpo_v1_train_002262,rand18,16,0.0,0.0,0.0,0.0,nan,0.0,0.0,0.0,0.0,0,0,0,0
kk_grpo_v1_train_002262,rand19,16,0.0,0.0,0.0,0.0,nan,0.0,0.0,0.0,0.0,0,0,0,0
kk_grpo_v1_train_002301,first8_last8,6,0.031776457048981244,0.04236860939864173,0.5084233127836999,0.131274334882325,1.0,7.498500299940012,7.244288643548162,7.498500299940012,7.244288643548163,16,16,0,0
kk_grpo_v1_train_002301,rand00,6,0.031776457048981244,0.04236860939864173,0.5084233127836999,0.131274334882325,1.0,7.498500299940012,7.244288643548162,7.498500299940012,7.244288643548163,16,16,0,0
kk_grpo_v1_train_002301,rand01,6,0.4999000199960008,1.2244238820968287,7.998400319936013,2.146378920801531,0.8415721228140902,7.498500299940012,6.096318253860913,7.498500299940012,6.096318253860911,16,16,0,0
kk_grpo_v1_train_002301,rand02,6,0.031776457048981244,0.04236860939864173,0.5084233127836999,0.131274334882325,1.0,7.498500299940012,7.244288643548162,7.498500299940012,7.244288643548163,16,16,0,0
kk_grpo_v1_train_002301,rand03,6,0.24995000999800038,0.3700852002042747,3.999200159968006,1.0350996674610249,0.9636123758498015,7.498500299940012,6.980628018096008,7.498500299940012,6.980628018096008,16,16,0,0
kk_grpo_v1_train_002301,rand04,6,0.24995000999800038,0.3700852002042747,3.999200159968006,1.0350996674610249,0.9636123758498016,7.498500299940012,6.980628018096008,7.498500299940012,6.980628018096008,16,16,0,0
kk_grpo_v1_train_002301,rand05,6,0.49990001999600076,1.2244238820968287,7.998400319936012,2.146378920801531,0.8415721228140902,7.498500299940012,6.096318253860913,7.498500299940012,6.096318253860912,16,16,0,0
kk_grpo_v1_train_002301,rand06,6,0.24995000999800038,0.3700852002042747,3.999200159968006,1.0350996674610249,0.9636123758498015,7.498500299940012,6.980628018096008,7.498500299940012,6.980628018096008,16,16,0,0
kk_grpo_v1_train_002301,rand07,6,0.031776457048981244,0.04236860939864173,0.5084233127836999,0.131274334882325,1.0,7.498500299940012,7.244288643548162,7.498500299940012,7.244288643548163,16,16,0,0
kk_grpo_v1_train_002301,rand08,6,0.031776457048981244,0.04236860939864173,0.5084233127836999,0.131274334882325,1.0,7.498500299940012,7.244288643548162,7.498500299940012,7.244288643548163,16,16,0,0
kk_grpo_v1_train_002301,rand09,6,0.24995000999800038,0.3700852002042747,3.999200159968006,1.0350996674610249,0.9636123758498015,7.498500299940012,6.9806280180960085,7.498500299940012,6.980628018096008,16,16,0,0
kk_grpo_v1_train_002301,rand10,6,0.7498500299940012,0.8699852202002756,11.997600479904019,3.0058089843137292,0.6324555320336759,7.498500299940012,3.239670500388554,7.498500299940012,3.2396705003885535,16,8,8,0
kk_grpo_v1_train_002301,rand11,6,0.24995000999800038,0.3700852002042747,3.999200159968006,1.0350996674610249,0.9636123758498015,7.498500299940012,6.980628018096008,7.498500299940012,6.980628018096008,16,16,0,0
kk_grpo_v1_train_002301,rand12,6,0.031776457048981244,0.04236860939864173,0.5084233127836999,0.131274334882325,1.0,7.498500299940012,7.244288643548162,7.498500299940012,7.244288643548163,16,16,0,0
kk_grpo_v1_train_002301,rand13,6,0.24995000999800038,0.3700852002042747,3.999200159968006,1.0350996674610249,0.9636123758498016,7.498500299940012,6.980628018096008,7.498500299940012,6.980628018096008,16,16,0,0
kk_grpo_v1_train_002301,rand14,6,0.24995000999800038,0.3700852002042747,3.999200159968006,1.0350996674610249,0.9636123758498015,7.498500299940012,6.980628018096008,7.498500299940012,6.980628018096008,16,16,0,0
kk_grpo_v1_train_002301,rand15,6,0.24995000999800038,0.3700852002042747,3.999200159968006,1.0350996674610249,0.9636123758498015,7.498500299940012,6.9806280180960085,7.498500299940012,6.980628018096008,16,16,0,0
kk_grpo_v1_train_002301,rand16,6,0.031776457048981244,0.04236860939864173,0.5084233127836999,0.131274334882325,1.0,7.498500299940012,7.244288643548162,7.498500299940012,7.244288643548163,16,16,0,0
kk_grpo_v1_train_002301,rand17,6,0.031776457048981244,0.04236860939864173,0.5084233127836999,0.131274334882325,1.0,7.498500299940012,7.244288643548162,7.498500299940012,7.244288643548163,16,16,0,0
kk_grpo_v1_train_002301,rand18,6,0.24995000999800038,0.3700852002042747,3.999200159968006,1.0350996674610249,0.9636123758498016,7.498500299940012,6.980628018096008,7.498500299940012,6.9806280180960085,16,16,0,0
kk_grpo_v1_train_002301,rand19,6,0.031776457048981244,0.04236860939864173,0.5084233127836999,0.131274334882325,1.0,7.498500299940012,7.244288643548162,7.498500299940012,7.244288643548163,16,16,0,0
kk_grpo_v1_train_002325,first8_last8,3,0.1550049662368162,0.45910937100822036,2.480079459789059,0.8024978335582992,0.9783638454036059,6.045193683235832,5.713844432475384,6.04519368323583,5.713844432475384,16,16,0,0
kk_grpo_v1_train_002325,rand00,3,0.1550049662368162,0.45910937100822036,2.480079459789059,0.8024978335582991,0.9783638454036059,6.045193683235832,5.713844432475384,6.04519368323583,5.713844432475384,16,16,0,0
kk_grpo_v1_train_002325,rand01,3,0.1550049662368162,0.45910937100822036,2.480079459789059,0.8024978335582991,0.9783638454036058,6.045193683235832,5.713844432475384,6.04519368323583,5.713844432475384,16,16,0,0
kk_grpo_v1_train_002325,rand02,3,0.46501489871044854,0.8076831204872501,7.440238379367177,2.0058526729045334,0.8770580193070292,6.045193683235832,3.6221443217740807,6.04519368323583,3.622144321774081,16,8,8,0
kk_grpo_v1_train_002325,rand03,3,0.15500496623681623,0.45910937100822036,2.4800794597890596,0.8024978335582992,0.9783638454036059,6.045193683235832,5.713844432475384,6.04519368323583,5.713844432475384,16,16,0,0
kk_grpo_v1_train_002325,rand04,3,0.1550049662368162,0.45910937100822036,2.480079459789059,0.8024978335582992,0.9783638454036058,6.045193683235832,5.713844432475384,6.04519368323583,5.713844432475384,16,16,0,0
kk_grpo_v1_train_002325,rand05,3,0.15500496623681623,0.45910937100822036,2.4800794597890596,0.8024978335582992,0.9783638454036059,6.045193683235832,5.713844432475384,6.04519368323583,5.713844432475384,16,16,0,0
kk_grpo_v1_train_002325,rand06,3,0.15500496623681623,0.45910937100822036,2.4800794597890596,0.8024978335582992,0.9783638454036059,6.045193683235832,5.713844432475384,6.04519368323583,5.713844432475384,16,16,0,0
kk_grpo_v1_train_002325,rand07,3,0.1550049662368162,0.45910937100822036,2.480079459789059,0.8024978335582992,0.9783638454036058,6.045193683235832,5.713844432475384,6.04519368323583,5.713844432475384,16,16,0,0
kk_grpo_v1_train_002325,rand08,3,0.1550049662368162,0.45910937100822036,2.480079459789059,0.8024978335582992,0.9783638454036058,6.045193683235832,5.713844432475384,6.04519368323583,5.713844432475384,16,16,0,0
kk_grpo_v1_train_002325,rand09,3,0.1550049662368162,0.45910937100822036,2.480079459789059,0.8024978335582992,0.9783638454036059,6.045193683235832,5.713844432475384,6.04519368323583,5.713844432475384,16,16,0,0
kk_grpo_v1_train_002325,rand10,3,0.1550049662368162,0.45910937100822036,2.480079459789059,0.8024978335582992,0.9783638454036058,6.045193683235832,5.713844432475384,6.04519368323583,5.713844432475384,16,16,0,0
kk_grpo_v1_train_002325,rand11,3,0.15500496623681623,0.45910937100822036,2.4800794597890596,0.8024978335582992,0.9783638454036059,6.045193683235832,5.713844432475384,6.04519368323583,5.713844432475384,16,16,0,0
kk_grpo_v1_train_002325,rand12,3,0.15500496623681623,0.45910937100822036,2.4800794597890596,0.8024978335582992,0.9783638454036058,6.045193683235832,5.713844432475384,6.04519368323583,5.713844432475384,16,16,0,0
kk_grpo_v1_train_002325,rand13,3,0.1550049662368162,0.45910937100822036,2.480079459789059,0.8024978335582991,0.9783638454036059,6.045193683235832,5.713844432475384,6.04519368323583,5.713844432475384,16,16,0,0
kk_grpo_v1_train_002325,rand14,3,0.1550049662368162,0.45910937100822036,2.480079459789059,0.8024978335582991,0.9783638454036058,6.045193683235832,5.713844432475384,6.04519368323583,5.713844432475384,16,16,0,0
kk_grpo_v1_train_002325,rand15,3,0.1550049662368162,0.45910937100822036,2.480079459789059,0.8024978335582992,0.9783638454036058,6.045193683235832,5.713844432475384,6.04519368323583,5.713844432475384,16,16,0,0
kk_grpo_v1_train_002325,rand16,3,0.1550049662368162,0.45910937100822036,2.480079459789059,0.8024978335582992,0.9783638454036059,6.045193683235832,5.713844432475384,6.04519368323583,5.713844432475384,16,16,0,0
kk_grpo_v1_train_002325,rand17,3,0.1550049662368162,0.45910937100822036,2.480079459789059,0.8024978335582992,0.9783638454036058,6.045193683235832,5.713844432475384,6.04519368323583,5.713844432475384,16,16,0,0
kk_grpo_v1_train_002325,rand18,3,0.46501489871044854,0.8076831204872501,7.440238379367177,2.0058526729045334,0.8770580193070292,6.045193683235832,3.6221443217740807,6.04519368323583,3.622144321774081,16,8,8,0
kk_grpo_v1_train_002325,rand19,3,0.1550049662368162,0.45910937100822036,2.480079459789059,0.8024978335582992,0.9783638454036059,6.045193683235832,5.713844432475384,6.04519368323583,5.713844432475384,16,16,0,0
kk_grpo_v1_train_002357,first8_last8,12,0.2794460111597743,0.797497865128185,4.471136178556389,1.3149762555890876,0.9409062372905538,6.706704267834585,6.096318253860911,6.706704267834583,6.096318253860911,16,16,0,0
kk_grpo_v1_train_002357,rand00,12,0.2794460111597743,0.797497865128185,4.471136178556389,1.3149762555890876,0.9409062372905538,6.706704267834585,6.096318253860911,6.706704267834583,6.096318253860912,16,16,0,0
kk_grpo_v1_train_002357,rand01,12,0.5588920223195486,0.7414366875317822,8.942272357112778,2.294416073901708,0.8164965809277263,6.706704267834585,3.7409575177074545,6.706704267834583,3.7409575177074545,16,8,0,8
kk_grpo_v1_train_002357,rand02,12,0.02842040838218446,0.05684081676436903,0.45472653411495134,0.13126824343946647,1.0000000000000002,6.706704267834585,6.479341000777108,6.706704267834583,6.479341000777107,16,16,0,0
kk_grpo_v1_train_002357,rand03,12,0.02842040838218446,0.05684081676436903,0.45472653411495134,0.13126824343946647,1.0000000000000002,6.706704267834585,6.479341000777108,6.706704267834583,6.479341000777107,16,16,0,0
kk_grpo_v1_train_002357,rand04,12,0.02842040838218446,0.05684081676436903,0.45472653411495134,0.13126824343946647,1.0000000000000002,6.706704267834585,6.479341000777108,6.706704267834583,6.479341000777107,16,16,0,0
kk_grpo_v1_train_002357,rand05,12,0.02842040838218446,0.05684081676436903,0.45472653411495134,0.13126824343946647,1.0000000000000002,6.706704267834585,6.479341000777108,6.706704267834583,6.479341000777107,16,16,0,0
kk_grpo_v1_train_002357,rand06,12,0.02842040838218446,0.05684081676436903,0.45472653411495134,0.13126824343946647,1.0000000000000002,6.706704267834585,6.479341000777108,6.706704267834583,6.479341000777107,16,16,0,0
kk_grpo_v1_train_002357,rand07,12,0.2794460111597743,0.797497865128185,4.471136178556389,1.3149762555890876,0.9409062372905539,6.706704267834585,6.096318253860911,6.706704267834583,6.096318253860912,16,16,0,0
kk_grpo_v1_train_002357,rand08,12,0.27944601115977435,0.797497865128185,4.47113617855639,1.3149762555890876,0.9409062372905539,6.706704267834585,6.096318253860911,6.706704267834583,6.096318253860911,16,16,0,0
kk_grpo_v1_train_002357,rand09,12,0.2794460111597743,0.797497865128185,4.471136178556389,1.3149762555890876,0.9409062372905538,6.706704267834585,6.096318253860913,6.706704267834583,6.096318253860912,16,16,0,0
kk_grpo_v1_train_002357,rand10,12,0.02842040838218446,0.05684081676436903,0.45472653411495134,0.13126824343946647,1.0000000000000002,6.706704267834585,6.479341000777108,6.706704267834583,6.479341000777107,16,16,0,0
kk_grpo_v1_train_002357,rand11,12,0.2794460111597743,0.797497865128185,4.471136178556389,1.3149762555890876,0.9409062372905538,6.706704267834585,6.096318253860913,6.706704267834583,6.096318253860911,16,16,0,0
kk_grpo_v1_train_002357,rand12,12,0.02842040838218446,0.05684081676436903,0.45472653411495134,0.13126824343946647,1.0000000000000002,6.706704267834585,6.479341000777108,6.706704267834583,6.479341000777107,16,16,0,0
kk_grpo_v1_train_002357,rand13,12,0.5588920223195486,0.7414366875317822,8.942272357112778,2.294416073901708,0.8164965809277263,6.706704267834585,3.7409575177074545,6.706704267834583,3.7409575177074545,16,8,0,8
kk_grpo_v1_train_002357,rand14,12,0.02842040838218446,0.05684081676436903,0.45472653411495134,0.13126824343946647,1.0000000000000002,6.706704267834585,6.479341000777108,6.706704267834583,6.479341000777107,16,16,0,0
kk_grpo_v1_train_002357,rand15,12,0.02842040838218446,0.05684081676436903,0.45472653411495134,0.13126824343946647,1.0000000000000002,6.706704267834585,6.479341000777108,6.706704267834583,6.479341000777107,16,16,0,0
kk_grpo_v1_train_002357,rand16,12,0.02842040838218446,0.05684081676436903,0.45472653411495134,0.13126824343946647,1.0000000000000002,6.706704267834585,6.479341000777108,6.706704267834583,6.479341000777107,16,16,0,0
kk_grpo_v1_train_002357,rand17,12,0.2794460111597743,0.797497865128185,4.471136178556389,1.3149762555890876,0.9409062372905538,6.706704267834585,6.096318253860913,6.706704267834583,6.096318253860912,16,16,0,0
kk_grpo_v1_train_002357,rand18,12,0.2794460111597743,0.797497865128185,4.471136178556389,1.3149762555890876,0.9409062372905537,6.706704267834585,6.096318253860911,6.706704267834583,6.096318253860912,16,16,0,0
kk_grpo_v1_train_002357,rand19,12,0.2794460111597743,0.797497865128185,4.471136178556389,1.3149762555890876,0.9409062372905537,6.706704267834585,6.096318253860913,6.706704267834583,6.096318253860912,16,16,0,0
kk_grpo_v1_train_002381,first8_last8,10,0.24995000999800038,0.3700852002042747,3.999200159968006,1.0350996674610249,0.9636123758498016,7.498500299940012,6.980628018096008,7.498500299940012,6.980628018096008,16,16,0,0
kk_grpo_v1_train_002381,rand00,10,0.24995000999800038,0.3700852002042747,3.999200159968006,1.0350996674610249,0.9636123758498016,7.498500299940012,6.9806280180960085,7.498500299940012,6.9806280180960085,16,16,0,0
kk_grpo_v1_train_002381,rand01,10,0.24995000999800038,0.3700852002042747,3.999200159968006,1.0350996674610249,0.9636123758498016,7.498500299940012,6.980628018096008,7.498500299940012,6.980628018096008,16,16,0,0
kk_grpo_v1_train_002381,rand02,10,0.031776457048981244,0.04236860939864173,0.5084233127836999,0.131274334882325,1.0,7.498500299940012,7.244288643548163,7.498500299940012,7.244288643548162,16,16,0,0
kk_grpo_v1_train_002381,rand03,10,0.24995000999800038,0.3700852002042747,3.999200159968006,1.0350996674610249,0.9636123758498016,7.498500299940012,6.980628018096008,7.498500299940012,6.980628018096008,16,16,0,0
kk_grpo_v1_train_002381,rand04,10,0.24995000999800038,0.3700852002042747,3.999200159968006,1.0350996674610249,0.9636123758498015,7.498500299940012,6.980628018096008,7.498500299940012,6.980628018096008,16,16,0,0
kk_grpo_v1_train_002381,rand05,10,0.031776457048981244,0.04236860939864173,0.5084233127836999,0.131274334882325,1.0,7.498500299940012,7.244288643548163,7.498500299940012,7.244288643548162,16,16,0,0
kk_grpo_v1_train_002381,rand06,10,0.031776457048981244,0.04236860939864173,0.5084233127836999,0.131274334882325,1.0,7.498500299940012,7.244288643548163,7.498500299940012,7.244288643548162,16,16,0,0
kk_grpo_v1_train_002381,rand07,10,0.24995000999800038,0.3700852002042747,3.999200159968006,1.0350996674610249,0.9636123758498015,7.498500299940012,6.9806280180960085,7.498500299940012,6.9806280180960085,16,16,0,0
kk_grpo_v1_train_002381,rand08,10,0.24995000999800038,0.3700852002042747,3.999200159968006,1.0350996674610249,0.9636123758498015,7.498500299940012,6.980628018096008,7.498500299940012,6.9806280180960085,16,16,0,0
kk_grpo_v1_train_002381,rand09,10,0.031776457048981244,0.04236860939864173,0.5084233127836999,0.131274334882325,1.0,7.498500299940012,7.244288643548163,7.498500299940012,7.244288643548162,16,16,0,0
kk_grpo_v1_train_002381,rand10,10,0.24995000999800038,0.3700852002042747,3.999200159968006,1.0350996674610249,0.9636123758498015,7.498500299940012,6.9806280180960085,7.498500299940012,6.9806280180960085,16,16,0,0
kk_grpo_v1_train_002381,rand11,10,0.24995000999800038,0.3700852002042747,3.999200159968006,1.0350996674610249,0.9636123758498016,7.498500299940012,6.9806280180960085,7.498500299940012,6.980628018096008,16,16,0,0
kk_grpo_v1_train_002381,rand12,10,0.031776457048981244,0.04236860939864173,0.5084233127836999,0.131274334882325,1.0,7.498500299940012,7.244288643548163,7.498500299940012,7.244288643548162,16,16,0,0
kk_grpo_v1_train_002381,rand13,10,0.4999000199960008,1.2244238820968287,7.998400319936013,2.146378920801531,0.8415721228140904,7.498500299940012,6.096318253860912,7.498500299940012,6.096318253860913,16,16,0,0
kk_grpo_v1_train_002381,rand14,10,0.24995000999800038,0.3700852002042747,3.999200159968006,1.0350996674610249,0.9636123758498015,7.498500299940012,6.9806280180960085,7.498500299940012,6.980628018096008,16,16,0,0
kk_grpo_v1_train_002381,rand15,10,0.24995000999800038,0.3700852002042747,3.999200159968006,1.0350996674610249,0.9636123758498016,7.498500299940012,6.9806280180960085,7.498500299940012,6.980628018096008,16,16,0,0
kk_grpo_v1_train_002381,rand16,10,0.031776457048981244,0.04236860939864173,0.5084233127836999,0.131274334882325,1.0,7.498500299940012,7.244288643548163,7.498500299940012,7.244288643548162,16,16,0,0
kk_grpo_v1_train_002381,rand17,10,0.031776457048981244,0.04236860939864173,0.5084233127836999,0.131274334882325,1.0,7.498500299940012,7.244288643548163,7.498500299940012,7.244288643548162,16,16,0,0
kk_grpo_v1_train_002381,rand18,10,0.24995000999800038,0.3700852002042747,3.999200159968006,1.0350996674610249,0.9636123758498016,7.498500299940012,6.9806280180960085,7.498500299940012,6.980628018096008,16,16,0,0
kk_grpo_v1_train_002381,rand19,10,0.031776457048981244,0.04236860939864173,0.5084233127836999,0.131274334882325,1.0,7.498500299940012,7.244288643548163,7.498500299940012,7.244288643548162,16,16,0,0
kk_grpo_v1_train_002408,first8_last8,12,0.02842040838218446,0.05684081676436903,0.45472653411495134,0.13126824343946647,1.0000000000000002,6.706704267834585,6.479341000777108,6.706704267834583,6.479341000777107,16,16,0,0
kk_grpo_v1_train_002408,rand00,12,0.02842040838218446,0.05684081676436903,0.45472653411495134,0.13126824343946647,1.0000000000000002,6.706704267834585,6.479341000777108,6.706704267834583,6.479341000777107,16,16,0,0
kk_grpo_v1_train_002408,rand01,12,0.2794460111597743,0.797497865128185,4.471136178556389,1.3149762555890876,0.9409062372905537,6.706704267834585,6.096318253860913,6.706704267834583,6.096318253860912,16,16,0,0
kk_grpo_v1_train_002408,rand02,12,0.02842040838218446,0.05684081676436903,0.45472653411495134,0.13126824343946647,1.0000000000000002,6.706704267834585,6.479341000777108,6.706704267834583,6.479341000777107,16,16,0,0
kk_grpo_v1_train_002408,rand03,12,0.02842040838218446,0.05684081676436903,0.45472653411495134,0.13126824343946647,1.0000000000000002,6.706704267834585,6.479341000777108,6.706704267834583,6.479341000777107,16,16,0,0
kk_grpo_v1_train_002408,rand04,12,0.2794460111597743,0.797497865128185,4.471136178556389,1.3149762555890874,0.9409062372905537,6.706704267834585,6.096318253860911,6.706704267834583,6.096318253860911,16,16,0,0
kk_grpo_v1_train_002408,rand05,12,0.2794460111597743,0.797497865128185,4.471136178556389,1.3149762555890874,0.9409062372905538,6.706704267834585,6.096318253860911,6.706704267834583,6.096318253860912,16,16,0,0
kk_grpo_v1_train_002408,rand06,12,0.2794460111597743,0.797497865128185,4.471136178556389,1.3149762555890874,0.9409062372905537,6.706704267834585,6.096318253860911,6.706704267834583,6.096318253860911,16,16,0,0
kk_grpo_v1_train_002408,rand07,12,0.5588920223195486,0.7414366875317822,8.942272357112778,2.294416073901708,0.8164965809277263,6.706704267834585,3.7409575177074545,6.706704267834583,3.7409575177074545,16,8,0,8
kk_grpo_v1_train_002408,rand08,12,0.2794460111597743,0.797497865128185,4.471136178556389,1.3149762555890876,0.9409062372905538,6.706704267834585,6.096318253860911,6.706704267834583,6.096318253860912,16,16,0,0
kk_grpo_v1_train_002408,rand09,12,0.2794460111597743,0.797497865128185,4.471136178556389,1.3149762555890876,0.9409062372905538,6.706704267834585,6.096318253860911,6.706704267834583,6.096318253860911,16,16,0,0
kk_grpo_v1_train_002408,rand10,12,0.2794460111597743,0.797497865128185,4.471136178556389,1.3149762555890876,0.9409062372905537,6.706704267834585,6.096318253860911,6.706704267834583,6.096318253860911,16,16,0,0
kk_grpo_v1_train_002408,rand11,12,0.02842040838218446,0.05684081676436903,0.45472653411495134,0.13126824343946647,1.0000000000000002,6.706704267834585,6.479341000777108,6.706704267834583,6.479341000777107,16,16,0,0
kk_grpo_v1_train_002408,rand12,12,0.2794460111597743,0.797497865128185,4.471136178556389,1.3149762555890876,0.9409062372905537,6.706704267834585,6.096318253860913,6.706704267834583,6.096318253860912,16,16,0,0
kk_grpo_v1_train_002408,rand13,12,0.02842040838218446,0.05684081676436903,0.45472653411495134,0.13126824343946647,1.0000000000000002,6.706704267834585,6.479341000777108,6.706704267834583,6.479341000777107,16,16,0,0
kk_grpo_v1_train_002408,rand14,12,0.2794460111597743,0.797497865128185,4.471136178556389,1.3149762555890876,0.9409062372905537,6.706704267834585,6.096318253860911,6.706704267834583,6.096318253860912,16,16,0,0
kk_grpo_v1_train_002408,rand15,12,0.02842040838218446,0.05684081676436903,0.45472653411495134,0.13126824343946647,1.0000000000000002,6.706704267834585,6.479341000777108,6.706704267834583,6.479341000777107,16,16,0,0
kk_grpo_v1_train_002408,rand16,12,0.2794460111597743,0.797497865128185,4.471136178556389,1.3149762555890876,0.9409062372905539,6.706704267834585,6.096318253860913,6.706704267834583,6.096318253860911,16,16,0,0
kk_grpo_v1_train_002408,rand17,12,0.2794460111597743,0.797497865128185,4.471136178556389,1.3149762555890876,0.9409062372905538,6.706704267834585,6.096318253860911,6.706704267834583,6.096318253860912,16,16,0,0
kk_grpo_v1_train_002408,rand18,12,0.2794460111597743,0.797497865128185,4.471136178556389,1.3149762555890876,0.9409062372905537,6.706704267834585,6.096318253860913,6.706704267834583,6.096318253860912,16,16,0,0
kk_grpo_v1_train_002408,rand19,12,0.2794460111597743,0.797497865128185,4.471136178556389,1.3149762555890874,0.9409062372905538,6.706704267834585,6.096318253860913,6.706704267834583,6.096318253860912,16,16,0,0
kk_grpo_v1_train_002426,first8_last8,16,0.0,0.0,0.0,0.0,nan,0.0,0.0,0.0,0.0,0,0,0,0
kk_grpo_v1_train_002426,rand00,16,0.0,0.0,0.0,0.0,nan,0.0,0.0,0.0,0.0,0,0,0,0
kk_grpo_v1_train_002426,rand01,16,0.0,0.0,0.0,0.0,nan,0.0,0.0,0.0,0.0,0,0,0,0
kk_grpo_v1_train_002426,rand02,16,0.0,0.0,0.0,0.0,nan,0.0,0.0,0.0,0.0,0,0,0,0
kk_grpo_v1_train_002426,rand03,16,0.0,0.0,0.0,0.0,nan,0.0,0.0,0.0,0.0,0,0,0,0
kk_grpo_v1_train_002426,rand04,16,0.0,0.0,0.0,0.0,nan,0.0,0.0,0.0,0.0,0,0,0,0
kk_grpo_v1_train_002426,rand05,16,0.0,0.0,0.0,0.0,nan,0.0,0.0,0.0,0.0,0,0,0,0
kk_grpo_v1_train_002426,rand06,16,0.0,0.0,0.0,0.0,nan,0.0,0.0,0.0,0.0,0,0,0,0
kk_grpo_v1_train_002426,rand07,16,0.0,0.0,0.0,0.0,nan,0.0,0.0,0.0,0.0,0,0,0,0
kk_grpo_v1_train_002426,rand08,16,0.0,0.0,0.0,0.0,nan,0.0,0.0,0.0,0.0,0,0,0,0
kk_grpo_v1_train_002426,rand09,16,0.0,0.0,0.0,0.0,nan,0.0,0.0,0.0,0.0,0,0,0,0
kk_grpo_v1_train_002426,rand10,16,0.0,0.0,0.0,0.0,nan,0.0,0.0,0.0,0.0,0,0,0,0
kk_grpo_v1_train_002426,rand11,16,0.0,0.0,0.0,0.0,nan,0.0,0.0,0.0,0.0,0,0,0,0
kk_grpo_v1_train_002426,rand12,16,0.0,0.0,0.0,0.0,nan,0.0,0.0,0.0,0.0,0,0,0,0
kk_grpo_v1_train_002426,rand13,16,0.0,0.0,0.0,0.0,nan,0.0,0.0,0.0,0.0,0,0,0,0
kk_grpo_v1_train_002426,rand14,16,0.0,0.0,0.0,0.0,nan,0.0,0.0,0.0,0.0,0,0,0,0
kk_grpo_v1_train_002426,rand15,16,0.0,0.0,0.0,0.0,nan,0.0,0.0,0.0,0.0,0,0,0,0
kk_grpo_v1_train_002426,rand16,16,0.0,0.0,0.0,0.0,nan,0.0,0.0,0.0,0.0,0,0,0,0
kk_grpo_v1_train_002426,rand17,16,0.0,0.0,0.0,0.0,nan,0.0,0.0,0.0,0.0,0,0,0,0
kk_grpo_v1_train_002426,rand18,16,0.0,0.0,0.0,0.0,nan,0.0,0.0,0.0,0.0,0,0,0,0
kk_grpo_v1_train_002426,rand19,16,0.0,0.0,0.0,0.0,nan,0.0,0.0,0.0,0.0,0,0,0,0
kk_grpo_v1_train_002459,first8_last8,14,0.021703494729079675,0.08681397891631848,0.3472559156652748,0.131250399163762,0.9999999999999999,5.1219758220062985,4.948347864173661,5.1219758220062985,4.948347864173662,16,16,0,0
kk_grpo_v1_train_002459,rand00,14,0.3658554158575928,0.9411526608088725,5.853686653721485,1.7390173715233752,0.9258200997725513,5.1219758220062985,3.239670500388554,5.1219758220062985,3.2396705003885535,16,8,0,8
kk_grpo_v1_train_002459,rand01,14,0.3658554158575928,0.9411526608088725,5.853686653721485,1.739017371523375,0.9258200997725513,5.1219758220062985,3.239670500388554,5.1219758220062985,3.2396705003885535,16,8,0,8
kk_grpo_v1_train_002459,rand02,14,0.021703494729079675,0.08681397891631848,0.3472559156652748,0.131250399163762,0.9999999999999999,5.1219758220062985,4.948347864173661,5.1219758220062985,4.948347864173662,16,16,0,0
kk_grpo_v1_train_002459,rand03,14,0.021703494729079675,0.08681397891631848,0.3472559156652748,0.131250399163762,0.9999999999999999,5.1219758220062985,4.948347864173661,5.1219758220062985,4.948347864173662,16,16,0,0
kk_grpo_v1_train_002459,rand04,14,0.021703494729079675,0.08681397891631848,0.3472559156652748,0.131250399163762,0.9999999999999999,5.1219758220062985,4.948347864173661,5.1219758220062985,4.948347864173662,16,16,0,0
kk_grpo_v1_train_002459,rand05,14,0.3658554158575928,0.9411526608088725,5.853686653721485,1.7390173715233752,0.9258200997725513,5.1219758220062985,3.239670500388554,5.1219758220062985,3.2396705003885535,16,8,0,8
kk_grpo_v1_train_002459,rand06,14,0.3658554158575928,0.9411526608088725,5.853686653721485,1.739017371523375,0.9258200997725513,5.1219758220062985,3.239670500388554,5.1219758220062985,3.2396705003885535,16,8,0,8
kk_grpo_v1_train_002459,rand07,14,0.021703494729079675,0.08681397891631848,0.3472559156652748,0.131250399163762,0.9999999999999999,5.1219758220062985,4.948347864173661,5.1219758220062985,4.948347864173662,16,16,0,0
kk_grpo_v1_train_002459,rand08,14,0.021703494729079675,0.08681397891631848,0.3472559156652748,0.131250399163762,0.9999999999999999,5.1219758220062985,4.948347864173661,5.1219758220062985,4.948347864173662,16,16,0,0
kk_grpo_v1_train_002459,rand09,14,0.3658554158575928,0.9411526608088725,5.853686653721485,1.7390173715233752,0.9258200997725513,5.1219758220062985,3.239670500388554,5.1219758220062985,3.2396705003885535,16,8,0,8
kk_grpo_v1_train_002459,rand10,14,0.3658554158575928,0.9411526608088725,5.853686653721485,1.7390173715233752,0.9258200997725513,5.1219758220062985,3.239670500388554,5.1219758220062985,3.2396705003885535,16,8,0,8
kk_grpo_v1_train_002459,rand11,14,0.021703494729079675,0.08681397891631848,0.3472559156652748,0.131250399163762,0.9999999999999999,5.1219758220062985,4.948347864173661,5.1219758220062985,4.948347864173662,16,16,0,0
kk_grpo_v1_train_002459,rand12,14,0.3658554158575928,0.9411526608088725,5.853686653721485,1.7390173715233752,0.9258200997725513,5.1219758220062985,3.239670500388554,5.1219758220062985,3.2396705003885535,16,8,0,8
kk_grpo_v1_train_002459,rand13,14,0.3658554158575928,0.9411526608088725,5.853686653721485,1.7390173715233752,0.9258200997725513,5.1219758220062985,3.239670500388554,5.1219758220062985,3.2396705003885535,16,8,0,8
kk_grpo_v1_train_002459,rand14,14,0.3658554158575928,0.9411526608088725,5.853686653721485,1.739017371523375,0.9258200997725513,5.1219758220062985,3.239670500388554,5.1219758220062985,3.2396705003885535,16,8,0,8
kk_grpo_v1_train_002459,rand15,14,0.3658554158575928,0.9411526608088725,5.853686653721485,1.739017371523375,0.9258200997725513,5.1219758220062985,3.239670500388554,5.1219758220062985,3.2396705003885535,16,8,0,8
kk_grpo_v1_train_002459,rand16,14,0.3658554158575928,0.9411526608088725,5.853686653721485,1.739017371523375,0.9258200997725513,5.1219758220062985,3.239670500388554,5.1219758220062985,3.2396705003885535,16,8,0,8
kk_grpo_v1_train_002459,rand17,14,0.3658554158575928,0.9411526608088725,5.853686653721485,1.739017371523375,0.9258200997725513,5.1219758220062985,3.239670500388554,5.1219758220062985,3.2396705003885535,16,8,0,8
kk_grpo_v1_train_002459,rand18,14,0.021703494729079675,0.08681397891631848,0.3472559156652748,0.131250399163762,0.9999999999999999,5.1219758220062985,4.948347864173661,5.1219758220062985,4.948347864173662,16,16,0,0
kk_grpo_v1_train_002459,rand19,14,0.3658554158575928,0.9411526608088725,5.853686653721485,1.739017371523375,0.9258200997725513,5.1219758220062985,3.239670500388554,5.1219758220062985,3.2396705003885535,16,8,0,8
kk_grpo_v1_train_002514,first8_last8,16,0.0,0.0,0.0,0.0,nan,0.0,0.0,0.0,0.0,0,0,0,0
kk_grpo_v1_train_002514,rand00,16,0.0,0.0,0.0,0.0,nan,0.0,0.0,0.0,0.0,0,0,0,0
kk_grpo_v1_train_002514,rand01,16,0.0,0.0,0.0,0.0,nan,0.0,0.0,0.0,0.0,0,0,0,0
kk_grpo_v1_train_002514,rand02,16,0.0,0.0,0.0,0.0,nan,0.0,0.0,0.0,0.0,0,0,0,0
kk_grpo_v1_train_002514,rand03,16,0.0,0.0,0.0,0.0,nan,0.0,0.0,0.0,0.0,0,0,0,0
kk_grpo_v1_train_002514,rand04,16,0.0,0.0,0.0,0.0,nan,0.0,0.0,0.0,0.0,0,0,0,0
kk_grpo_v1_train_002514,rand05,16,0.0,0.0,0.0,0.0,nan,0.0,0.0,0.0,0.0,0,0,0,0
kk_grpo_v1_train_002514,rand06,16,0.0,0.0,0.0,0.0,nan,0.0,0.0,0.0,0.0,0,0,0,0
kk_grpo_v1_train_002514,rand07,16,0.0,0.0,0.0,0.0,nan,0.0,0.0,0.0,0.0,0,0,0,0
kk_grpo_v1_train_002514,rand08,16,0.0,0.0,0.0,0.0,nan,0.0,0.0,0.0,0.0,0,0,0,0
kk_grpo_v1_train_002514,rand09,16,0.0,0.0,0.0,0.0,nan,0.0,0.0,0.0,0.0,0,0,0,0
kk_grpo_v1_train_002514,rand10,16,0.0,0.0,0.0,0.0,nan,0.0,0.0,0.0,0.0,0,0,0,0
kk_grpo_v1_train_002514,rand11,16,0.0,0.0,0.0,0.0,nan,0.0,0.0,0.0,0.0,0,0,0,0
kk_grpo_v1_train_002514,rand12,16,0.0,0.0,0.0,0.0,nan,0.0,0.0,0.0,0.0,0,0,0,0
kk_grpo_v1_train_002514,rand13,16,0.0,0.0,0.0,0.0,nan,0.0,0.0,0.0,0.0,0,0,0,0
kk_grpo_v1_train_002514,rand14,16,0.0,0.0,0.0,0.0,nan,0.0,0.0,0.0,0.0,0,0,0,0
kk_grpo_v1_train_002514,rand15,16,0.0,0.0,0.0,0.0,nan,0.0,0.0,0.0,0.0,0,0,0,0
kk_grpo_v1_train_002514,rand16,16,0.0,0.0,0.0,0.0,nan,0.0,0.0,0.0,0.0,0,0,0,0
kk_grpo_v1_train_002514,rand17,16,0.0,0.0,0.0,0.0,nan,0.0,0.0,0.0,0.0,0,0,0,0
kk_grpo_v1_train_002514,rand18,16,0.0,0.0,0.0,0.0,nan,0.0,0.0,0.0,0.0,0,0,0,0
kk_grpo_v1_train_002514,rand19,16,0.0,0.0,0.0,0.0,nan,0.0,0.0,0.0,0.0,0,0,0,0
kk_grpo_v1_train_002596,first8_last8,3,0.1550049662368162,0.45910937100822036,2.480079459789059,0.8024978335582992,0.9783638454036059,6.045193683235832,5.713844432475384,6.04519368323583,5.713844432475384,16,16,0,0
kk_grpo_v1_train_002596,rand00,3,0.15500496623681623,0.45910937100822036,2.4800794597890596,0.8024978335582992,0.9783638454036059,6.045193683235832,5.713844432475384,6.04519368323583,5.713844432475384,16,16,0,0
kk_grpo_v1_train_002596,rand01,3,0.1550049662368162,0.45910937100822036,2.480079459789059,0.8024978335582991,0.9783638454036058,6.045193683235832,5.713844432475384,6.04519368323583,5.713844432475384,16,16,0,0
kk_grpo_v1_train_002596,rand02,3,0.15500496623681623,0.45910937100822036,2.4800794597890596,0.8024978335582992,0.9783638454036057,6.045193683235832,5.713844432475384,6.04519368323583,5.713844432475384,16,16,0,0
kk_grpo_v1_train_002596,rand03,3,0.1550049662368162,0.45910937100822036,2.480079459789059,0.8024978335582991,0.9783638454036058,6.045193683235832,5.713844432475384,6.04519368323583,5.713844432475384,16,16,0,0
kk_grpo_v1_train_002596,rand04,3,0.1550049662368162,0.45910937100822036,2.480079459789059,0.8024978335582992,0.9783638454036061,6.045193683235832,5.713844432475384,6.04519368323583,5.713844432475384,16,16,0,0
kk_grpo_v1_train_002596,rand05,3,0.46501489871044854,0.8076831204872501,7.440238379367177,2.0058526729045334,0.8770580193070292,6.045193683235832,3.6221443217740807,6.04519368323583,3.622144321774081,16,8,8,0
kk_grpo_v1_train_002596,rand06,3,0.46501489871044854,0.8076831204872501,7.440238379367177,2.0058526729045334,0.8770580193070293,6.045193683235832,3.6221443217740807,6.04519368323583,3.622144321774081,16,8,8,0
kk_grpo_v1_train_002596,rand07,3,0.1550049662368162,0.45910937100822036,2.480079459789059,0.8024978335582991,0.9783638454036058,6.045193683235832,5.713844432475384,6.04519368323583,5.713844432475384,16,16,0,0
kk_grpo_v1_train_002596,rand08,3,0.46501489871044854,0.8076831204872501,7.440238379367177,2.0058526729045334,0.8770580193070292,6.045193683235832,3.6221443217740807,6.04519368323583,3.622144321774081,16,8,8,0
kk_grpo_v1_train_002596,rand09,3,0.46501489871044854,0.8076831204872501,7.440238379367177,2.0058526729045334,0.8770580193070292,6.045193683235832,3.6221443217740807,6.04519368323583,3.622144321774081,16,8,8,0
kk_grpo_v1_train_002596,rand10,3,0.15500496623681623,0.45910937100822036,2.4800794597890596,0.8024978335582992,0.9783638454036059,6.045193683235832,5.713844432475384,6.04519368323583,5.713844432475384,16,16,0,0
kk_grpo_v1_train_002596,rand11,3,0.46501489871044854,0.8076831204872501,7.440238379367177,2.0058526729045334,0.8770580193070292,6.045193683235832,3.6221443217740807,6.04519368323583,3.622144321774081,16,8,8,0
kk_grpo_v1_train_002596,rand12,3,0.46501489871044854,0.8076831204872501,7.440238379367177,2.0058526729045334,0.8770580193070292,6.045193683235832,3.6221443217740807,6.04519368323583,3.622144321774081,16,8,8,0
kk_grpo_v1_train_002596,rand13,3,0.15500496623681623,0.45910937100822036,2.4800794597890596,0.8024978335582992,0.9783638454036058,6.045193683235832,5.713844432475384,6.04519368323583,5.713844432475384,16,16,0,0
kk_grpo_v1_train_002596,rand14,3,0.46501489871044854,0.8076831204872501,7.440238379367177,2.0058526729045334,0.8770580193070292,6.045193683235832,3.6221443217740807,6.04519368323583,3.622144321774081,16,8,8,0
kk_grpo_v1_train_002596,rand15,3,0.1550049662368162,0.45910937100822036,2.480079459789059,0.8024978335582991,0.9783638454036058,6.045193683235832,5.713844432475384,6.04519368323583,5.713844432475384,16,16,0,0
kk_grpo_v1_train_002596,rand16,3,0.15500496623681623,0.45910937100822036,2.4800794597890596,0.8024978335582992,0.9783638454036058,6.045193683235832,5.713844432475384,6.04519368323583,5.713844432475384,16,16,0,0
kk_grpo_v1_train_002596,rand17,3,0.15500496623681623,0.45910937100822036,2.4800794597890596,0.8024978335582992,0.9783638454036058,6.045193683235832,5.713844432475384,6.04519368323583,5.713844432475384,16,16,0,0
kk_grpo_v1_train_002596,rand18,3,0.1550049662368162,0.45910937100822036,2.480079459789059,0.8024978335582991,0.9783638454036057,6.045193683235832,5.713844432475384,6.04519368323583,5.713844432475384,16,16,0,0
kk_grpo_v1_train_002596,rand19,3,0.1550049662368162,0.45910937100822036,2.480079459789059,0.8024978335582992,0.9783638454036059,6.045193683235832,5.713844432475384,6.04519368323583,5.713844432475384,16,16,0,0
kk_grpo_v1_train_002613,first8_last8,16,0.0,0.0,0.0,0.0,nan,0.0,0.0,0.0,0.0,0,0,0,0
kk_grpo_v1_train_002613,rand00,16,0.0,0.0,0.0,0.0,nan,0.0,0.0,0.0,0.0,0,0,0,0
kk_grpo_v1_train_002613,rand01,16,0.0,0.0,0.0,0.0,nan,0.0,0.0,0.0,0.0,0,0,0,0
kk_grpo_v1_train_002613,rand02,16,0.0,0.0,0.0,0.0,nan,0.0,0.0,0.0,0.0,0,0,0,0
kk_grpo_v1_train_002613,rand03,16,0.0,0.0,0.0,0.0,nan,0.0,0.0,0.0,0.0,0,0,0,0
kk_grpo_v1_train_002613,rand04,16,0.0,0.0,0.0,0.0,nan,0.0,0.0,0.0,0.0,0,0,0,0
kk_grpo_v1_train_002613,rand05,16,0.0,0.0,0.0,0.0,nan,0.0,0.0,0.0,0.0,0,0,0,0
kk_grpo_v1_train_002613,rand06,16,0.0,0.0,0.0,0.0,nan,0.0,0.0,0.0,0.0,0,0,0,0
kk_grpo_v1_train_002613,rand07,16,0.0,0.0,0.0,0.0,nan,0.0,0.0,0.0,0.0,0,0,0,0
kk_grpo_v1_train_002613,rand08,16,0.0,0.0,0.0,0.0,nan,0.0,0.0,0.0,0.0,0,0,0,0
kk_grpo_v1_train_002613,rand09,16,0.0,0.0,0.0,0.0,nan,0.0,0.0,0.0,0.0,0,0,0,0
kk_grpo_v1_train_002613,rand10,16,0.0,0.0,0.0,0.0,nan,0.0,0.0,0.0,0.0,0,0,0,0
kk_grpo_v1_train_002613,rand11,16,0.0,0.0,0.0,0.0,nan,0.0,0.0,0.0,0.0,0,0,0,0
kk_grpo_v1_train_002613,rand12,16,0.0,0.0,0.0,0.0,nan,0.0,0.0,0.0,0.0,0,0,0,0
kk_grpo_v1_train_002613,rand13,16,0.0,0.0,0.0,0.0,nan,0.0,0.0,0.0,0.0,0,0,0,0
kk_grpo_v1_train_002613,rand14,16,0.0,0.0,0.0,0.0,nan,0.0,0.0,0.0,0.0,0,0,0,0
kk_grpo_v1_train_002613,rand15,16,0.0,0.0,0.0,0.0,nan,0.0,0.0,0.0,0.0,0,0,0,0
kk_grpo_v1_train_002613,rand16,16,0.0,0.0,0.0,0.0,nan,0.0,0.0,0.0,0.0,0,0,0,0
kk_grpo_v1_train_002613,rand17,16,0.0,0.0,0.0,0.0,nan,0.0,0.0,0.0,0.0,0,0,0,0
kk_grpo_v1_train_002613,rand18,16,0.0,0.0,0.0,0.0,nan,0.0,0.0,0.0,0.0,0,0,0,0
kk_grpo_v1_train_002613,rand19,16,0.0,0.0,0.0,0.0,nan,0.0,0.0,0.0,0.0,0,0,0,0
kk_grpo_v1_train_002635,first8_last8,16,0.0,0.0,0.0,0.0,nan,0.0,0.0,0.0,0.0,0,0,0,0
kk_grpo_v1_train_002635,rand00,16,0.0,0.0,0.0,0.0,nan,0.0,0.0,0.0,0.0,0,0,0,0
kk_grpo_v1_train_002635,rand01,16,0.0,0.0,0.0,0.0,nan,0.0,0.0,0.0,0.0,0,0,0,0
kk_grpo_v1_train_002635,rand02,16,0.0,0.0,0.0,0.0,nan,0.0,0.0,0.0,0.0,0,0,0,0
kk_grpo_v1_train_002635,rand03,16,0.0,0.0,0.0,0.0,nan,0.0,0.0,0.0,0.0,0,0,0,0
kk_grpo_v1_train_002635,rand04,16,0.0,0.0,0.0,0.0,nan,0.0,0.0,0.0,0.0,0,0,0,0
kk_grpo_v1_train_002635,rand05,16,0.0,0.0,0.0,0.0,nan,0.0,0.0,0.0,0.0,0,0,0,0
kk_grpo_v1_train_002635,rand06,16,0.0,0.0,0.0,0.0,nan,0.0,0.0,0.0,0.0,0,0,0,0
kk_grpo_v1_train_002635,rand07,16,0.0,0.0,0.0,0.0,nan,0.0,0.0,0.0,0.0,0,0,0,0
kk_grpo_v1_train_002635,rand08,16,0.0,0.0,0.0,0.0,nan,0.0,0.0,0.0,0.0,0,0,0,0
kk_grpo_v1_train_002635,rand09,16,0.0,0.0,0.0,0.0,nan,0.0,0.0,0.0,0.0,0,0,0,0
kk_grpo_v1_train_002635,rand10,16,0.0,0.0,0.0,0.0,nan,0.0,0.0,0.0,0.0,0,0,0,0
kk_grpo_v1_train_002635,rand11,16,0.0,0.0,0.0,0.0,nan,0.0,0.0,0.0,0.0,0,0,0,0
kk_grpo_v1_train_002635,rand12,16,0.0,0.0,0.0,0.0,nan,0.0,0.0,0.0,0.0,0,0,0,0
kk_grpo_v1_train_002635,rand13,16,0.0,0.0,0.0,0.0,nan,0.0,0.0,0.0,0.0,0,0,0,0
kk_grpo_v1_train_002635,rand14,16,0.0,0.0,0.0,0.0,nan,0.0,0.0,0.0,0.0,0,0,0,0
kk_grpo_v1_train_002635,rand15,16,0.0,0.0,0.0,0.0,nan,0.0,0.0,0.0,0.0,0,0,0,0
kk_grpo_v1_train_002635,rand16,16,0.0,0.0,0.0,0.0,nan,0.0,0.0,0.0,0.0,0,0,0,0
kk_grpo_v1_train_002635,rand17,16,0.0,0.0,0.0,0.0,nan,0.0,0.0,0.0,0.0,0,0,0,0
kk_grpo_v1_train_002635,rand18,16,0.0,0.0,0.0,0.0,nan,0.0,0.0,0.0,0.0,0,0,0,0
kk_grpo_v1_train_002635,rand19,16,0.0,0.0,0.0,0.0,nan,0.0,0.0,0.0,0.0,0,0,0,0
kk_grpo_v1_train_002655,first8_last8,16,0.0,0.0,0.0,0.0,nan,0.0,0.0,0.0,0.0,0,0,0,0
kk_grpo_v1_train_002655,rand00,16,0.0,0.0,0.0,0.0,nan,0.0,0.0,0.0,0.0,0,0,0,0
kk_grpo_v1_train_002655,rand01,16,0.0,0.0,0.0,0.0,nan,0.0,0.0,0.0,0.0,0,0,0,0
kk_grpo_v1_train_002655,rand02,16,0.0,0.0,0.0,0.0,nan,0.0,0.0,0.0,0.0,0,0,0,0
kk_grpo_v1_train_002655,rand03,16,0.0,0.0,0.0,0.0,nan,0.0,0.0,0.0,0.0,0,0,0,0
kk_grpo_v1_train_002655,rand04,16,0.0,0.0,0.0,0.0,nan,0.0,0.0,0.0,0.0,0,0,0,0
kk_grpo_v1_train_002655,rand05,16,0.0,0.0,0.0,0.0,nan,0.0,0.0,0.0,0.0,0,0,0,0
kk_grpo_v1_train_002655,rand06,16,0.0,0.0,0.0,0.0,nan,0.0,0.0,0.0,0.0,0,0,0,0
kk_grpo_v1_train_002655,rand07,16,0.0,0.0,0.0,0.0,nan,0.0,0.0,0.0,0.0,0,0,0,0
kk_grpo_v1_train_002655,rand08,16,0.0,0.0,0.0,0.0,nan,0.0,0.0,0.0,0.0,0,0,0,0
kk_grpo_v1_train_002655,rand09,16,0.0,0.0,0.0,0.0,nan,0.0,0.0,0.0,0.0,0,0,0,0
kk_grpo_v1_train_002655,rand10,16,0.0,0.0,0.0,0.0,nan,0.0,0.0,0.0,0.0,0,0,0,0
kk_grpo_v1_train_002655,rand11,16,0.0,0.0,0.0,0.0,nan,0.0,0.0,0.0,0.0,0,0,0,0
kk_grpo_v1_train_002655,rand12,16,0.0,0.0,0.0,0.0,nan,0.0,0.0,0.0,0.0,0,0,0,0
kk_grpo_v1_train_002655,rand13,16,0.0,0.0,0.0,0.0,nan,0.0,0.0,0.0,0.0,0,0,0,0
kk_grpo_v1_train_002655,rand14,16,0.0,0.0,0.0,0.0,nan,0.0,0.0,0.0,0.0,0,0,0,0
kk_grpo_v1_train_002655,rand15,16,0.0,0.0,0.0,0.0,nan,0.0,0.0,0.0,0.0,0,0,0,0
kk_grpo_v1_train_002655,rand16,16,0.0,0.0,0.0,0.0,nan,0.0,0.0,0.0,0.0,0,0,0,0
kk_grpo_v1_train_002655,rand17,16,0.0,0.0,0.0,0.0,nan,0.0,0.0,0.0,0.0,0,0,0,0
kk_grpo_v1_train_002655,rand18,16,0.0,0.0,0.0,0.0,nan,0.0,0.0,0.0,0.0,0,0,0,0
kk_grpo_v1_train_002655,rand19,16,0.0,0.0,0.0,0.0,nan,0.0,0.0,0.0,0.0,0,0,0,0
kk_grpo_v1_train_002721,first8_last8,5,0.39159292480619323,1.0383332077974556,6.265486796899092,1.7397152823745468,0.8961216640983372,7.1792036214468755,6.215131449794285,7.1792036214468755,6.215131449794285,16,16,0,0
kk_grpo_v1_train_002721,rand00,5,0.39159292480619323,1.0383332077974556,6.265486796899092,1.739715282374547,0.8961216640983372,7.1792036214468755,6.215131449794285,7.1792036214468755,6.215131449794285,16,16,0,0
kk_grpo_v1_train_002721,rand01,5,0.13053097493539773,0.22845928369801483,2.0884955989663636,0.5711982268193134,0.9893329628687376,7.1792036214468755,6.861814822162635,7.1792036214468755,6.8618148221626365,16,16,0,0
kk_grpo_v1_train_002721,rand02,5,0.13053097493539773,0.22845928369801483,2.0884955989663636,0.5711982268193134,0.9893329628687376,7.1792036214468755,6.861814822162635,7.1792036214468755,6.861814822162636,16,16,0,0
kk_grpo_v1_train_002721,rand03,5,0.13053097493539773,0.22845928369801483,2.0884955989663636,0.5711982268193134,0.9893329628687376,7.1792036214468755,6.861814822162635,7.1792036214468755,6.8618148221626365,16,16,0,0
kk_grpo_v1_train_002721,rand04,5,0.13053097493539773,0.22845928369801483,2.0884955989663636,0.5711982268193134,0.9893329628687375,7.1792036214468755,6.861814822162635,7.1792036214468755,6.861814822162636,16,16,0,0
kk_grpo_v1_train_002721,rand05,5,0.39159292480619323,1.0383332077974556,6.265486796899092,1.739715282374547,0.8961216640983373,7.1792036214468755,6.215131449794285,7.1792036214468755,6.215131449794285,16,16,0,0
kk_grpo_v1_train_002721,rand06,5,0.13053097493539773,0.22845928369801483,2.0884955989663636,0.5711982268193134,0.9893329628687375,7.1792036214468755,6.861814822162635,7.1792036214468755,6.8618148221626365,16,16,0,0
kk_grpo_v1_train_002721,rand07,5,0.13053097493539773,0.22845928369801483,2.0884955989663636,0.5711982268193134,0.9893329628687376,7.1792036214468755,6.861814822162635,7.1792036214468755,6.861814822162635,16,16,0,0
kk_grpo_v1_train_002721,rand08,5,0.13053097493539773,0.22845928369801483,2.0884955989663636,0.5711982268193134,0.9893329628687376,7.1792036214468755,6.861814822162635,7.1792036214468755,6.861814822162636,16,16,0,0
kk_grpo_v1_train_002721,rand09,5,0.13053097493539773,0.22845928369801483,2.0884955989663636,0.5711982268193134,0.9893329628687376,7.1792036214468755,6.861814822162635,7.1792036214468755,6.861814822162636,16,16,0,0
kk_grpo_v1_train_002721,rand10,5,0.13053097493539773,0.22845928369801483,2.0884955989663636,0.5711982268193134,0.9893329628687375,7.1792036214468755,6.861814822162635,7.1792036214468755,6.861814822162636,16,16,0,0
kk_grpo_v1_train_002721,rand11,5,0.13053097493539773,0.22845928369801483,2.0884955989663636,0.5711982268193134,0.9893329628687376,7.1792036214468755,6.861814822162635,7.1792036214468755,6.8618148221626365,16,16,0,0
kk_grpo_v1_train_002721,rand12,5,0.13053097493539773,0.22845928369801483,2.0884955989663636,0.5711982268193134,0.9893329628687376,7.1792036214468755,6.861814822162635,7.1792036214468755,6.861814822162635,16,16,0,0
kk_grpo_v1_train_002721,rand13,5,0.13053097493539773,0.22845928369801483,2.0884955989663636,0.5711982268193134,0.9893329628687376,7.1792036214468755,6.861814822162635,7.1792036214468755,6.861814822162635,16,16,0,0
kk_grpo_v1_train_002721,rand14,5,0.39159292480619323,1.0383332077974556,6.265486796899092,1.739715282374547,0.8961216640983373,7.1792036214468755,6.215131449794285,7.1792036214468755,6.215131449794285,16,16,0,0
kk_grpo_v1_train_002721,rand15,5,0.13053097493539773,0.22845928369801483,2.0884955989663636,0.5711982268193134,0.9893329628687375,7.1792036214468755,6.861814822162635,7.1792036214468755,6.861814822162636,16,16,0,0
kk_grpo_v1_train_002721,rand16,5,0.13053097493539773,0.22845928369801483,2.0884955989663636,0.5711982268193134,0.9893329628687376,7.1792036214468755,6.861814822162635,7.1792036214468755,6.861814822162636,16,16,0,0
kk_grpo_v1_train_002721,rand17,5,0.13053097493539773,0.22845928369801483,2.0884955989663636,0.5711982268193134,0.9893329628687376,7.1792036214468755,6.861814822162635,7.1792036214468755,6.861814822162636,16,16,0,0
kk_grpo_v1_train_002721,rand18,5,0.13053097493539773,0.22845928369801483,2.0884955989663636,0.5711982268193134,0.9893329628687376,7.1792036214468755,6.861814822162635,7.1792036214468755,6.861814822162635,16,16,0,0
kk_grpo_v1_train_002721,rand19,5,0.13053097493539773,0.22845928369801483,2.0884955989663636,0.5711982268193134,0.9893329628687375,7.1792036214468755,6.861814822162635,7.1792036214468755,6.861814822162636,16,16,0,0
kk_grpo_v1_train_002775,first8_last8,16,0.0,0.0,0.0,0.0,nan,0.0,0.0,0.0,0.0,0,0,0,0
kk_grpo_v1_train_002775,rand00,16,0.0,0.0,0.0,0.0,nan,0.0,0.0,0.0,0.0,0,0,0,0
kk_grpo_v1_train_002775,rand01,16,0.0,0.0,0.0,0.0,nan,0.0,0.0,0.0,0.0,0,0,0,0
kk_grpo_v1_train_002775,rand02,16,0.0,0.0,0.0,0.0,nan,0.0,0.0,0.0,0.0,0,0,0,0
kk_grpo_v1_train_002775,rand03,16,0.0,0.0,0.0,0.0,nan,0.0,0.0,0.0,0.0,0,0,0,0
kk_grpo_v1_train_002775,rand04,16,0.0,0.0,0.0,0.0,nan,0.0,0.0,0.0,0.0,0,0,0,0
kk_grpo_v1_train_002775,rand05,16,0.0,0.0,0.0,0.0,nan,0.0,0.0,0.0,0.0,0,0,0,0
kk_grpo_v1_train_002775,rand06,16,0.0,0.0,0.0,0.0,nan,0.0,0.0,0.0,0.0,0,0,0,0
kk_grpo_v1_train_002775,rand07,16,0.0,0.0,0.0,0.0,nan,0.0,0.0,0.0,0.0,0,0,0,0
kk_grpo_v1_train_002775,rand08,16,0.0,0.0,0.0,0.0,nan,0.0,0.0,0.0,0.0,0,0,0,0
kk_grpo_v1_train_002775,rand09,16,0.0,0.0,0.0,0.0,nan,0.0,0.0,0.0,0.0,0,0,0,0
kk_grpo_v1_train_002775,rand10,16,0.0,0.0,0.0,0.0,nan,0.0,0.0,0.0,0.0,0,0,0,0
kk_grpo_v1_train_002775,rand11,16,0.0,0.0,0.0,0.0,nan,0.0,0.0,0.0,0.0,0,0,0,0
kk_grpo_v1_train_002775,rand12,16,0.0,0.0,0.0,0.0,nan,0.0,0.0,0.0,0.0,0,0,0,0
kk_grpo_v1_train_002775,rand13,16,0.0,0.0,0.0,0.0,nan,0.0,0.0,0.0,0.0,0,0,0,0
kk_grpo_v1_train_002775,rand14,16,0.0,0.0,0.0,0.0,nan,0.0,0.0,0.0,0.0,0,0,0,0
kk_grpo_v1_train_002775,rand15,16,0.0,0.0,0.0,0.0,nan,0.0,0.0,0.0,0.0,0,0,0,0
kk_grpo_v1_train_002775,rand16,16,0.0,0.0,0.0,0.0,nan,0.0,0.0,0.0,0.0,0,0,0,0
kk_grpo_v1_train_002775,rand17,16,0.0,0.0,0.0,0.0,nan,0.0,0.0,0.0,0.0,0,0,0,0
kk_grpo_v1_train_002775,rand18,16,0.0,0.0,0.0,0.0,nan,0.0,0.0,0.0,0.0,0,0,0,0
kk_grpo_v1_train_002775,rand19,16,0.0,0.0,0.0,0.0,nan,0.0,0.0,0.0,0.0,0,0,0,0
kk_grpo_v1_train_002784,first8_last8,16,0.0,0.0,0.0,0.0,nan,0.0,0.0,0.0,0.0,0,0,0,0
kk_grpo_v1_train_002784,rand00,16,0.0,0.0,0.0,0.0,nan,0.0,0.0,0.0,0.0,0,0,0,0
kk_grpo_v1_train_002784,rand01,16,0.0,0.0,0.0,0.0,nan,0.0,0.0,0.0,0.0,0,0,0,0
kk_grpo_v1_train_002784,rand02,16,0.0,0.0,0.0,0.0,nan,0.0,0.0,0.0,0.0,0,0,0,0
kk_grpo_v1_train_002784,rand03,16,0.0,0.0,0.0,0.0,nan,0.0,0.0,0.0,0.0,0,0,0,0
kk_grpo_v1_train_002784,rand04,16,0.0,0.0,0.0,0.0,nan,0.0,0.0,0.0,0.0,0,0,0,0
kk_grpo_v1_train_002784,rand05,16,0.0,0.0,0.0,0.0,nan,0.0,0.0,0.0,0.0,0,0,0,0
kk_grpo_v1_train_002784,rand06,16,0.0,0.0,0.0,0.0,nan,0.0,0.0,0.0,0.0,0,0,0,0
kk_grpo_v1_train_002784,rand07,16,0.0,0.0,0.0,0.0,nan,0.0,0.0,0.0,0.0,0,0,0,0
kk_grpo_v1_train_002784,rand08,16,0.0,0.0,0.0,0.0,nan,0.0,0.0,0.0,0.0,0,0,0,0
kk_grpo_v1_train_002784,rand09,16,0.0,0.0,0.0,0.0,nan,0.0,0.0,0.0,0.0,0,0,0,0
kk_grpo_v1_train_002784,rand10,16,0.0,0.0,0.0,0.0,nan,0.0,0.0,0.0,0.0,0,0,0,0
kk_grpo_v1_train_002784,rand11,16,0.0,0.0,0.0,0.0,nan,0.0,0.0,0.0,0.0,0,0,0,0
kk_grpo_v1_train_002784,rand12,16,0.0,0.0,0.0,0.0,nan,0.0,0.0,0.0,0.0,0,0,0,0
kk_grpo_v1_train_002784,rand13,16,0.0,0.0,0.0,0.0,nan,0.0,0.0,0.0,0.0,0,0,0,0
kk_grpo_v1_train_002784,rand14,16,0.0,0.0,0.0,0.0,nan,0.0,0.0,0.0,0.0,0,0,0,0
kk_grpo_v1_train_002784,rand15,16,0.0,0.0,0.0,0.0,nan,0.0,0.0,0.0,0.0,0,0,0,0
kk_grpo_v1_train_002784,rand16,16,0.0,0.0,0.0,0.0,nan,0.0,0.0,0.0,0.0,0,0,0,0
kk_grpo_v1_train_002784,rand17,16,0.0,0.0,0.0,0.0,nan,0.0,0.0,0.0,0.0,0,0,0,0
kk_grpo_v1_train_002784,rand18,16,0.0,0.0,0.0,0.0,nan,0.0,0.0,0.0,0.0,0,0,0,0
kk_grpo_v1_train_002784,rand19,16,0.0,0.0,0.0,0.0,nan,0.0,0.0,0.0,0.0,0,0,0,0
kk_grpo_v1_train_002848,first8_last8,6,0.24995000999800038,0.3700852002042747,3.999200159968006,1.0350996674610249,0.9636123758498016,7.498500299940012,6.9806280180960085,7.498500299940012,6.9806280180960085,16,16,0,0
kk_grpo_v1_train_002848,rand00,6,0.031776457048981244,0.04236860939864173,0.5084233127836999,0.131274334882325,1.0,7.498500299940012,7.244288643548162,7.498500299940012,7.244288643548163,16,16,0,0
kk_grpo_v1_train_002848,rand01,6,0.24995000999800038,0.3700852002042747,3.999200159968006,1.0350996674610249,0.9636123758498015,7.498500299940012,6.980628018096008,7.498500299940012,6.9806280180960085,16,16,0,0
kk_grpo_v1_train_002848,rand02,6,0.24995000999800038,0.3700852002042747,3.999200159968006,1.0350996674610249,0.9636123758498016,7.498500299940012,6.9806280180960085,7.498500299940012,6.980628018096008,16,16,0,0
kk_grpo_v1_train_002848,rand03,6,0.031776457048981244,0.04236860939864173,0.5084233127836999,0.131274334882325,1.0,7.498500299940012,7.244288643548162,7.498500299940012,7.244288643548163,16,16,0,0
kk_grpo_v1_train_002848,rand04,6,0.24995000999800038,0.3700852002042747,3.999200159968006,1.0350996674610249,0.9636123758498016,7.498500299940012,6.980628018096008,7.498500299940012,6.9806280180960085,16,16,0,0
kk_grpo_v1_train_002848,rand05,6,0.24995000999800038,0.3700852002042747,3.999200159968006,1.0350996674610249,0.9636123758498015,7.498500299940012,6.9806280180960085,7.498500299940012,6.980628018096008,16,16,0,0
kk_grpo_v1_train_002848,rand06,6,0.031776457048981244,0.04236860939864173,0.5084233127836999,0.131274334882325,1.0,7.498500299940012,7.244288643548162,7.498500299940012,7.244288643548163,16,16,0,0
kk_grpo_v1_train_002848,rand07,6,0.24995000999800038,0.3700852002042747,3.999200159968006,1.0350996674610249,0.9636123758498016,7.498500299940012,6.980628018096008,7.498500299940012,6.9806280180960085,16,16,0,0
kk_grpo_v1_train_002848,rand08,6,0.031776457048981244,0.04236860939864173,0.5084233127836999,0.131274334882325,1.0,7.498500299940012,7.244288643548162,7.498500299940012,7.244288643548163,16,16,0,0
kk_grpo_v1_train_002848,rand09,6,0.031776457048981244,0.04236860939864173,0.5084233127836999,0.131274334882325,1.0,7.498500299940012,7.244288643548162,7.498500299940012,7.244288643548163,16,16,0,0
kk_grpo_v1_train_002848,rand10,6,0.49990001999600076,1.2244238820968287,7.998400319936012,2.146378920801531,0.8415721228140904,7.498500299940012,6.096318253860912,7.498500299940012,6.096318253860912,16,16,0,0
kk_grpo_v1_train_002848,rand11,6,0.24995000999800038,0.3700852002042747,3.999200159968006,1.0350996674610249,0.9636123758498016,7.498500299940012,6.980628018096008,7.498500299940012,6.980628018096008,16,16,0,0
kk_grpo_v1_train_002848,rand12,6,0.24995000999800038,0.3700852002042747,3.999200159968006,1.0350996674610249,0.9636123758498016,7.498500299940012,6.980628018096008,7.498500299940012,6.980628018096008,16,16,0,0
kk_grpo_v1_train_002848,rand13,6,0.24995000999800038,0.3700852002042747,3.999200159968006,1.0350996674610249,0.9636123758498016,7.498500299940012,6.980628018096008,7.498500299940012,6.9806280180960085,16,16,0,0
kk_grpo_v1_train_002848,rand14,6,0.24995000999800038,0.3700852002042747,3.999200159968006,1.0350996674610249,0.9636123758498017,7.498500299940012,6.980628018096008,7.498500299940012,6.980628018096008,16,16,0,0
kk_grpo_v1_train_002848,rand15,6,0.24995000999800038,0.3700852002042747,3.999200159968006,1.0350996674610249,0.9636123758498016,7.498500299940012,6.9806280180960085,7.498500299940012,6.980628018096008,16,16,0,0
kk_grpo_v1_train_002848,rand16,6,0.031776457048981244,0.04236860939864173,0.5084233127836999,0.131274334882325,1.0,7.498500299940012,7.244288643548162,7.498500299940012,7.244288643548163,16,16,0,0
kk_grpo_v1_train_002848,rand17,6,0.24995000999800038,0.3700852002042747,3.999200159968006,1.0350996674610249,0.9636123758498015,7.498500299940012,6.980628018096008,7.498500299940012,6.980628018096008,16,16,0,0
kk_grpo_v1_train_002848,rand18,6,0.031776457048981244,0.04236860939864173,0.5084233127836999,0.131274334882325,1.0,7.498500299940012,7.244288643548162,7.498500299940012,7.244288643548163,16,16,0,0
kk_grpo_v1_train_002848,rand19,6,0.031776457048981244,0.04236860939864173,0.5084233127836999,0.131274334882325,1.0,7.498500299940012,7.244288643548162,7.498500299940012,7.244288643548163,16,16,0,0
kk_grpo_v1_train_002920,first8_last8,16,0.0,0.0,0.0,0.0,nan,0.0,0.0,0.0,0.0,0,0,0,0
kk_grpo_v1_train_002920,rand00,16,0.0,0.0,0.0,0.0,nan,0.0,0.0,0.0,0.0,0,0,0,0
kk_grpo_v1_train_002920,rand01,16,0.0,0.0,0.0,0.0,nan,0.0,0.0,0.0,0.0,0,0,0,0
kk_grpo_v1_train_002920,rand02,16,0.0,0.0,0.0,0.0,nan,0.0,0.0,0.0,0.0,0,0,0,0
kk_grpo_v1_train_002920,rand03,16,0.0,0.0,0.0,0.0,nan,0.0,0.0,0.0,0.0,0,0,0,0
kk_grpo_v1_train_002920,rand04,16,0.0,0.0,0.0,0.0,nan,0.0,0.0,0.0,0.0,0,0,0,0
kk_grpo_v1_train_002920,rand05,16,0.0,0.0,0.0,0.0,nan,0.0,0.0,0.0,0.0,0,0,0,0
kk_grpo_v1_train_002920,rand06,16,0.0,0.0,0.0,0.0,nan,0.0,0.0,0.0,0.0,0,0,0,0
kk_grpo_v1_train_002920,rand07,16,0.0,0.0,0.0,0.0,nan,0.0,0.0,0.0,0.0,0,0,0,0
kk_grpo_v1_train_002920,rand08,16,0.0,0.0,0.0,0.0,nan,0.0,0.0,0.0,0.0,0,0,0,0
kk_grpo_v1_train_002920,rand09,16,0.0,0.0,0.0,0.0,nan,0.0,0.0,0.0,0.0,0,0,0,0
kk_grpo_v1_train_002920,rand10,16,0.0,0.0,0.0,0.0,nan,0.0,0.0,0.0,0.0,0,0,0,0
kk_grpo_v1_train_002920,rand11,16,0.0,0.0,0.0,0.0,nan,0.0,0.0,0.0,0.0,0,0,0,0
kk_grpo_v1_train_002920,rand12,16,0.0,0.0,0.0,0.0,nan,0.0,0.0,0.0,0.0,0,0,0,0
kk_grpo_v1_train_002920,rand13,16,0.0,0.0,0.0,0.0,nan,0.0,0.0,0.0,0.0,0,0,0,0
kk_grpo_v1_train_002920,rand14,16,0.0,0.0,0.0,0.0,nan,0.0,0.0,0.0,0.0,0,0,0,0
kk_grpo_v1_train_002920,rand15,16,0.0,0.0,0.0,0.0,nan,0.0,0.0,0.0,0.0,0,0,0,0
kk_grpo_v1_train_002920,rand16,16,0.0,0.0,0.0,0.0,nan,0.0,0.0,0.0,0.0,0,0,0,0
kk_grpo_v1_train_002920,rand17,16,0.0,0.0,0.0,0.0,nan,0.0,0.0,0.0,0.0,0,0,0,0
kk_grpo_v1_train_002920,rand18,16,0.0,0.0,0.0,0.0,nan,0.0,0.0,0.0,0.0,0,0,0,0
kk_grpo_v1_train_002920,rand19,16,0.0,0.0,0.0,0.0,nan,0.0,0.0,0.0,0.0,0,0,0,0
kk_grpo_v1_train_002925,first8_last8,16,0.0,0.0,0.0,0.0,nan,0.0,0.0,0.0,0.0,0,0,0,0
kk_grpo_v1_train_002925,rand00,16,0.0,0.0,0.0,0.0,nan,0.0,0.0,0.0,0.0,0,0,0,0
kk_grpo_v1_train_002925,rand01,16,0.0,0.0,0.0,0.0,nan,0.0,0.0,0.0,0.0,0,0,0,0
kk_grpo_v1_train_002925,rand02,16,0.0,0.0,0.0,0.0,nan,0.0,0.0,0.0,0.0,0,0,0,0
kk_grpo_v1_train_002925,rand03,16,0.0,0.0,0.0,0.0,nan,0.0,0.0,0.0,0.0,0,0,0,0
kk_grpo_v1_train_002925,rand04,16,0.0,0.0,0.0,0.0,nan,0.0,0.0,0.0,0.0,0,0,0,0
kk_grpo_v1_train_002925,rand05,16,0.0,0.0,0.0,0.0,nan,0.0,0.0,0.0,0.0,0,0,0,0
kk_grpo_v1_train_002925,rand06,16,0.0,0.0,0.0,0.0,nan,0.0,0.0,0.0,0.0,0,0,0,0
kk_grpo_v1_train_002925,rand07,16,0.0,0.0,0.0,0.0,nan,0.0,0.0,0.0,0.0,0,0,0,0
kk_grpo_v1_train_002925,rand08,16,0.0,0.0,0.0,0.0,nan,0.0,0.0,0.0,0.0,0,0,0,0
kk_grpo_v1_train_002925,rand09,16,0.0,0.0,0.0,0.0,nan,0.0,0.0,0.0,0.0,0,0,0,0
kk_grpo_v1_train_002925,rand10,16,0.0,0.0,0.0,0.0,nan,0.0,0.0,0.0,0.0,0,0,0,0
kk_grpo_v1_train_002925,rand11,16,0.0,0.0,0.0,0.0,nan,0.0,0.0,0.0,0.0,0,0,0,0
kk_grpo_v1_train_002925,rand12,16,0.0,0.0,0.0,0.0,nan,0.0,0.0,0.0,0.0,0,0,0,0
kk_grpo_v1_train_002925,rand13,16,0.0,0.0,0.0,0.0,nan,0.0,0.0,0.0,0.0,0,0,0,0
kk_grpo_v1_train_002925,rand14,16,0.0,0.0,0.0,0.0,nan,0.0,0.0,0.0,0.0,0,0,0,0
kk_grpo_v1_train_002925,rand15,16,0.0,0.0,0.0,0.0,nan,0.0,0.0,0.0,0.0,0,0,0,0
kk_grpo_v1_train_002925,rand16,16,0.0,0.0,0.0,0.0,nan,0.0,0.0,0.0,0.0,0,0,0,0
kk_grpo_v1_train_002925,rand17,16,0.0,0.0,0.0,0.0,nan,0.0,0.0,0.0,0.0,0,0,0,0
kk_grpo_v1_train_002925,rand18,16,0.0,0.0,0.0,0.0,nan,0.0,0.0,0.0,0.0,0,0,0,0
kk_grpo_v1_train_002925,rand19,16,0.0,0.0,0.0,0.0,nan,0.0,0.0,0.0,0.0,0,0,0,0
kk_grpo_v1_train_002935,first8_last8,2,0.021703494729079675,0.08681397891631848,0.3472559156652748,0.131250399163762,1.0,5.1219758220062985,4.948347864173662,5.1219758220062985,4.948347864173661,16,16,0,0
kk_grpo_v1_train_002935,rand00,2,0.021703494729079675,0.08681397891631848,0.3472559156652748,0.131250399163762,1.0,5.1219758220062985,4.948347864173662,5.1219758220062985,4.948347864173661,16,16,0,0
kk_grpo_v1_train_002935,rand01,2,0.021703494729079675,0.08681397891631848,0.3472559156652748,0.131250399163762,1.0,5.1219758220062985,4.948347864173662,5.1219758220062985,4.948347864173661,16,16,0,0
kk_grpo_v1_train_002935,rand02,2,0.021703494729079675,0.08681397891631848,0.3472559156652748,0.131250399163762,1.0,5.1219758220062985,4.948347864173662,5.1219758220062985,4.948347864173661,16,16,0,0
kk_grpo_v1_train_002935,rand03,2,0.021703494729079675,0.08681397891631848,0.3472559156652748,0.131250399163762,1.0,5.1219758220062985,4.948347864173662,5.1219758220062985,4.948347864173661,16,16,0,0
kk_grpo_v1_train_002935,rand04,2,0.3658554158575928,0.9411526608088725,5.853686653721485,1.7390173715233752,0.9258200997725513,5.1219758220062985,3.2396705003885535,5.1219758220062985,3.239670500388554,16,8,8,0
kk_grpo_v1_train_002935,rand05,2,0.021703494729079675,0.08681397891631848,0.3472559156652748,0.131250399163762,1.0,5.1219758220062985,4.948347864173662,5.1219758220062985,4.948347864173661,16,16,0,0
kk_grpo_v1_train_002935,rand06,2,0.3658554158575928,0.9411526608088725,5.853686653721485,1.7390173715233752,0.9258200997725513,5.1219758220062985,3.2396705003885535,5.1219758220062985,3.239670500388554,16,8,8,0
kk_grpo_v1_train_002935,rand07,2,0.3658554158575928,0.9411526608088725,5.853686653721485,1.7390173715233752,0.9258200997725513,5.1219758220062985,3.2396705003885535,5.1219758220062985,3.239670500388554,16,8,8,0
kk_grpo_v1_train_002935,rand08,2,0.3658554158575928,0.9411526608088725,5.853686653721485,1.7390173715233752,0.9258200997725513,5.1219758220062985,3.2396705003885535,5.1219758220062985,3.239670500388554,16,8,8,0
kk_grpo_v1_train_002935,rand09,2,0.021703494729079675,0.08681397891631848,0.3472559156652748,0.131250399163762,1.0,5.1219758220062985,4.948347864173662,5.1219758220062985,4.948347864173661,16,16,0,0
kk_grpo_v1_train_002935,rand10,2,0.021703494729079675,0.08681397891631848,0.3472559156652748,0.131250399163762,1.0,5.1219758220062985,4.948347864173662,5.1219758220062985,4.948347864173661,16,16,0,0
kk_grpo_v1_train_002935,rand11,2,0.3658554158575928,0.9411526608088725,5.853686653721485,1.7390173715233752,0.9258200997725513,5.1219758220062985,3.2396705003885535,5.1219758220062985,3.239670500388554,16,8,8,0
kk_grpo_v1_train_002935,rand12,2,0.021703494729079675,0.08681397891631848,0.3472559156652748,0.131250399163762,1.0,5.1219758220062985,4.948347864173662,5.1219758220062985,4.948347864173661,16,16,0,0
kk_grpo_v1_train_002935,rand13,2,0.3658554158575928,0.9411526608088725,5.853686653721485,1.7390173715233752,0.9258200997725513,5.1219758220062985,3.2396705003885535,5.1219758220062985,3.239670500388554,16,8,8,0
kk_grpo_v1_train_002935,rand14,2,0.021703494729079675,0.08681397891631848,0.3472559156652748,0.131250399163762,1.0,5.1219758220062985,4.948347864173662,5.1219758220062985,4.948347864173661,16,16,0,0
kk_grpo_v1_train_002935,rand15,2,0.021703494729079675,0.08681397891631848,0.3472559156652748,0.131250399163762,1.0,5.1219758220062985,4.948347864173662,5.1219758220062985,4.948347864173661,16,16,0,0
kk_grpo_v1_train_002935,rand16,2,0.021703494729079675,0.08681397891631848,0.3472559156652748,0.131250399163762,1.0,5.1219758220062985,4.948347864173662,5.1219758220062985,4.948347864173661,16,16,0,0
kk_grpo_v1_train_002935,rand17,2,0.3658554158575928,0.9411526608088725,5.853686653721485,1.739017371523375,0.9258200997725513,5.1219758220062985,3.2396705003885535,5.1219758220062985,3.239670500388554,16,8,8,0
kk_grpo_v1_train_002935,rand18,2,0.3658554158575928,0.9411526608088725,5.853686653721485,1.7390173715233752,0.9258200997725513,5.1219758220062985,3.2396705003885535,5.1219758220062985,3.239670500388554,16,8,8,0
kk_grpo_v1_train_002935,rand19,2,0.021703494729079675,0.08681397891631848,0.3472559156652748,0.131250399163762,1.0,5.1219758220062985,4.948347864173662,5.1219758220062985,4.948347864173661,16,16,0,0
kk_grpo_v1_train_002946,first8_last8,16,0.0,0.0,0.0,0.0,nan,0.0,0.0,0.0,0.0,0,0,0,0
kk_grpo_v1_train_002946,rand00,16,0.0,0.0,0.0,0.0,nan,0.0,0.0,0.0,0.0,0,0,0,0
kk_grpo_v1_train_002946,rand01,16,0.0,0.0,0.0,0.0,nan,0.0,0.0,0.0,0.0,0,0,0,0
kk_grpo_v1_train_002946,rand02,16,0.0,0.0,0.0,0.0,nan,0.0,0.0,0.0,0.0,0,0,0,0
kk_grpo_v1_train_002946,rand03,16,0.0,0.0,0.0,0.0,nan,0.0,0.0,0.0,0.0,0,0,0,0
kk_grpo_v1_train_002946,rand04,16,0.0,0.0,0.0,0.0,nan,0.0,0.0,0.0,0.0,0,0,0,0
kk_grpo_v1_train_002946,rand05,16,0.0,0.0,0.0,0.0,nan,0.0,0.0,0.0,0.0,0,0,0,0
kk_grpo_v1_train_002946,rand06,16,0.0,0.0,0.0,0.0,nan,0.0,0.0,0.0,0.0,0,0,0,0
kk_grpo_v1_train_002946,rand07,16,0.0,0.0,0.0,0.0,nan,0.0,0.0,0.0,0.0,0,0,0,0
kk_grpo_v1_train_002946,rand08,16,0.0,0.0,0.0,0.0,nan,0.0,0.0,0.0,0.0,0,0,0,0
kk_grpo_v1_train_002946,rand09,16,0.0,0.0,0.0,0.0,nan,0.0,0.0,0.0,0.0,0,0,0,0
kk_grpo_v1_train_002946,rand10,16,0.0,0.0,0.0,0.0,nan,0.0,0.0,0.0,0.0,0,0,0,0
kk_grpo_v1_train_002946,rand11,16,0.0,0.0,0.0,0.0,nan,0.0,0.0,0.0,0.0,0,0,0,0
kk_grpo_v1_train_002946,rand12,16,0.0,0.0,0.0,0.0,nan,0.0,0.0,0.0,0.0,0,0,0,0
kk_grpo_v1_train_002946,rand13,16,0.0,0.0,0.0,0.0,nan,0.0,0.0,0.0,0.0,0,0,0,0
kk_grpo_v1_train_002946,rand14,16,0.0,0.0,0.0,0.0,nan,0.0,0.0,0.0,0.0,0,0,0,0
kk_grpo_v1_train_002946,rand15,16,0.0,0.0,0.0,0.0,nan,0.0,0.0,0.0,0.0,0,0,0,0
kk_grpo_v1_train_002946,rand16,16,0.0,0.0,0.0,0.0,nan,0.0,0.0,0.0,0.0,0,0,0,0
kk_grpo_v1_train_002946,rand17,16,0.0,0.0,0.0,0.0,nan,0.0,0.0,0.0,0.0,0,0,0,0
kk_grpo_v1_train_002946,rand18,16,0.0,0.0,0.0,0.0,nan,0.0,0.0,0.0,0.0,0,0,0,0
kk_grpo_v1_train_002946,rand19,16,0.0,0.0,0.0,0.0,nan,0.0,0.0,0.0,0.0,0,0,0,0
kk_grpo_v1_train_002957,first8_last8,16,0.0,0.0,0.0,0.0,nan,0.0,0.0,0.0,0.0,0,0,0,0
kk_grpo_v1_train_002957,rand00,16,0.0,0.0,0.0,0.0,nan,0.0,0.0,0.0,0.0,0,0,0,0
kk_grpo_v1_train_002957,rand01,16,0.0,0.0,0.0,0.0,nan,0.0,0.0,0.0,0.0,0,0,0,0
kk_grpo_v1_train_002957,rand02,16,0.0,0.0,0.0,0.0,nan,0.0,0.0,0.0,0.0,0,0,0,0
kk_grpo_v1_train_002957,rand03,16,0.0,0.0,0.0,0.0,nan,0.0,0.0,0.0,0.0,0,0,0,0
kk_grpo_v1_train_002957,rand04,16,0.0,0.0,0.0,0.0,nan,0.0,0.0,0.0,0.0,0,0,0,0
kk_grpo_v1_train_002957,rand05,16,0.0,0.0,0.0,0.0,nan,0.0,0.0,0.0,0.0,0,0,0,0
kk_grpo_v1_train_002957,rand06,16,0.0,0.0,0.0,0.0,nan,0.0,0.0,0.0,0.0,0,0,0,0
kk_grpo_v1_train_002957,rand07,16,0.0,0.0,0.0,0.0,nan,0.0,0.0,0.0,0.0,0,0,0,0
kk_grpo_v1_train_002957,rand08,16,0.0,0.0,0.0,0.0,nan,0.0,0.0,0.0,0.0,0,0,0,0
kk_grpo_v1_train_002957,rand09,16,0.0,0.0,0.0,0.0,nan,0.0,0.0,0.0,0.0,0,0,0,0
kk_grpo_v1_train_002957,rand10,16,0.0,0.0,0.0,0.0,nan,0.0,0.0,0.0,0.0,0,0,0,0
kk_grpo_v1_train_002957,rand11,16,0.0,0.0,0.0,0.0,nan,0.0,0.0,0.0,0.0,0,0,0,0
kk_grpo_v1_train_002957,rand12,16,0.0,0.0,0.0,0.0,nan,0.0,0.0,0.0,0.0,0,0,0,0
kk_grpo_v1_train_002957,rand13,16,0.0,0.0,0.0,0.0,nan,0.0,0.0,0.0,0.0,0,0,0,0
kk_grpo_v1_train_002957,rand14,16,0.0,0.0,0.0,0.0,nan,0.0,0.0,0.0,0.0,0,0,0,0
kk_grpo_v1_train_002957,rand15,16,0.0,0.0,0.0,0.0,nan,0.0,0.0,0.0,0.0,0,0,0,0
kk_grpo_v1_train_002957,rand16,16,0.0,0.0,0.0,0.0,nan,0.0,0.0,0.0,0.0,0,0,0,0
kk_grpo_v1_train_002957,rand17,16,0.0,0.0,0.0,0.0,nan,0.0,0.0,0.0,0.0,0,0,0,0
kk_grpo_v1_train_002957,rand18,16,0.0,0.0,0.0,0.0,nan,0.0,0.0,0.0,0.0,0,0,0,0
kk_grpo_v1_train_002957,rand19,16,0.0,0.0,0.0,0.0,nan,0.0,0.0,0.0,0.0,0,0,0,0
kk_grpo_v1_train_002971,first8_last8,9,0.12196370424099345,0.16243395874207756,1.9514192678558953,0.5018226911514689,0.9919027162310942,7.683713367182588,7.363101839481535,7.683713367182588,7.363101839481536,16,16,0,0
kk_grpo_v1_train_002971,rand00,9,0.6098185212049674,1.3765005939178896,9.757096339279478,2.5859142659271135,0.7697725570677818,7.683713367182588,5.713844432475384,7.683713367182588,5.713844432475384,16,16,0,0
kk_grpo_v1_train_002971,rand01,9,0.36589111272298036,0.5221619120253356,5.854257803567686,1.4858880716296636,0.9243864041916476,7.683713367182588,6.861814822162635,7.683713367182588,6.861814822162636,16,16,0,0
kk_grpo_v1_train_002971,rand02,9,0.12196370424099345,0.16243395874207756,1.9514192678558953,0.5018226911514689,0.9919027162310942,7.683713367182588,7.363101839481535,7.683713367182588,7.363101839481535,16,16,0,0
kk_grpo_v1_train_002971,rand03,9,0.12196370424099345,0.16243395874207756,1.9514192678558953,0.501822691151469,0.9919027162310942,7.683713367182588,7.363101839481536,7.683713367182588,7.363101839481535,16,16,0,0
kk_grpo_v1_train_002971,rand04,9,0.36589111272298036,0.5221619120253356,5.854257803567686,1.4858880716296636,0.9243864041916475,7.683713367182588,6.861814822162636,7.683713367182588,6.861814822162635,16,16,0,0
kk_grpo_v1_train_002971,rand05,9,0.12196370424099345,0.16243395874207756,1.9514192678558953,0.501822691151469,0.991902716231094,7.683713367182588,7.363101839481535,7.683713367182588,7.363101839481535,16,16,0,0
kk_grpo_v1_train_002971,rand06,9,0.36589111272298036,0.5221619120253356,5.854257803567686,1.4858880716296636,0.9243864041916475,7.683713367182588,6.861814822162636,7.683713367182588,6.861814822162636,16,16,0,0
kk_grpo_v1_train_002971,rand07,9,0.36589111272298036,0.5221619120253356,5.854257803567686,1.4858880716296636,0.9243864041916475,7.683713367182588,6.861814822162636,7.683713367182588,6.861814822162635,16,16,0,0
kk_grpo_v1_train_002971,rand08,9,0.12196370424099345,0.16243395874207756,1.9514192678558953,0.501822691151469,0.9919027162310942,7.683713367182588,7.363101839481536,7.683713367182588,7.363101839481535,16,16,0,0
kk_grpo_v1_train_002971,rand09,9,0.12196370424099345,0.16243395874207756,1.9514192678558953,0.5018226911514689,0.991902716231094,7.683713367182588,7.363101839481535,7.683713367182588,7.363101839481535,16,16,0,0
kk_grpo_v1_train_002971,rand10,9,0.36589111272298036,0.5221619120253356,5.854257803567686,1.4858880716296636,0.9243864041916475,7.683713367182588,6.861814822162636,7.683713367182588,6.861814822162636,16,16,0,0
kk_grpo_v1_train_002971,rand11,9,0.12196370424099345,0.16243395874207756,1.9514192678558953,0.501822691151469,0.991902716231094,7.683713367182588,7.363101839481536,7.683713367182588,7.363101839481535,16,16,0,0
kk_grpo_v1_train_002971,rand12,9,0.12196370424099345,0.16243395874207756,1.9514192678558953,0.501822691151469,0.9919027162310942,7.683713367182588,7.363101839481535,7.683713367182588,7.363101839481535,16,16,0,0
kk_grpo_v1_train_002971,rand13,9,0.12196370424099345,0.16243395874207756,1.9514192678558953,0.501822691151469,0.991902716231094,7.683713367182588,7.363101839481535,7.683713367182588,7.363101839481536,16,16,0,0
kk_grpo_v1_train_002971,rand14,9,0.36589111272298036,0.5221619120253356,5.854257803567686,1.4858880716296636,0.9243864041916475,7.683713367182588,6.861814822162635,7.683713367182588,6.861814822162636,16,16,0,0
kk_grpo_v1_train_002971,rand15,9,0.12196370424099345,0.16243395874207756,1.9514192678558953,0.5018226911514689,0.9919027162310942,7.683713367182588,7.363101839481535,7.683713367182588,7.363101839481535,16,16,0,0
kk_grpo_v1_train_002971,rand16,9,0.12196370424099345,0.16243395874207756,1.9514192678558953,0.501822691151469,0.991902716231094,7.683713367182588,7.363101839481535,7.683713367182588,7.363101839481535,16,16,0,0
kk_grpo_v1_train_002971,rand17,9,0.12196370424099345,0.16243395874207756,1.9514192678558953,0.5018226911514689,0.991902716231094,7.683713367182588,7.363101839481535,7.683713367182588,7.363101839481536,16,16,0,0
kk_grpo_v1_train_002971,rand18,9,0.12196370424099345,0.16243395874207756,1.9514192678558953,0.501822691151469,0.9919027162310942,7.683713367182588,7.363101839481536,7.683713367182588,7.363101839481535,16,16,0,0
kk_grpo_v1_train_002971,rand19,9,0.12196370424099345,0.16243395874207756,1.9514192678558953,0.501822691151469,0.9919027162310942,7.683713367182588,7.363101839481535,7.683713367182588,7.363101839481535,16,16,0,0
kk_grpo_v1_train_002991,first8_last8,16,0.0,0.0,0.0,0.0,nan,0.0,0.0,0.0,0.0,0,0,0,0
kk_grpo_v1_train_002991,rand00,16,0.0,0.0,0.0,0.0,nan,0.0,0.0,0.0,0.0,0,0,0,0
kk_grpo_v1_train_002991,rand01,16,0.0,0.0,0.0,0.0,nan,0.0,0.0,0.0,0.0,0,0,0,0
kk_grpo_v1_train_002991,rand02,16,0.0,0.0,0.0,0.0,nan,0.0,0.0,0.0,0.0,0,0,0,0
kk_grpo_v1_train_002991,rand03,16,0.0,0.0,0.0,0.0,nan,0.0,0.0,0.0,0.0,0,0,0,0
kk_grpo_v1_train_002991,rand04,16,0.0,0.0,0.0,0.0,nan,0.0,0.0,0.0,0.0,0,0,0,0
kk_grpo_v1_train_002991,rand05,16,0.0,0.0,0.0,0.0,nan,0.0,0.0,0.0,0.0,0,0,0,0
kk_grpo_v1_train_002991,rand06,16,0.0,0.0,0.0,0.0,nan,0.0,0.0,0.0,0.0,0,0,0,0
kk_grpo_v1_train_002991,rand07,16,0.0,0.0,0.0,0.0,nan,0.0,0.0,0.0,0.0,0,0,0,0
kk_grpo_v1_train_002991,rand08,16,0.0,0.0,0.0,0.0,nan,0.0,0.0,0.0,0.0,0,0,0,0
kk_grpo_v1_train_002991,rand09,16,0.0,0.0,0.0,0.0,nan,0.0,0.0,0.0,0.0,0,0,0,0
kk_grpo_v1_train_002991,rand10,16,0.0,0.0,0.0,0.0,nan,0.0,0.0,0.0,0.0,0,0,0,0
kk_grpo_v1_train_002991,rand11,16,0.0,0.0,0.0,0.0,nan,0.0,0.0,0.0,0.0,0,0,0,0
kk_grpo_v1_train_002991,rand12,16,0.0,0.0,0.0,0.0,nan,0.0,0.0,0.0,0.0,0,0,0,0
kk_grpo_v1_train_002991,rand13,16,0.0,0.0,0.0,0.0,nan,0.0,0.0,0.0,0.0,0,0,0,0
kk_grpo_v1_train_002991,rand14,16,0.0,0.0,0.0,0.0,nan,0.0,0.0,0.0,0.0,0,0,0,0
kk_grpo_v1_train_002991,rand15,16,0.0,0.0,0.0,0.0,nan,0.0,0.0,0.0,0.0,0,0,0,0
kk_grpo_v1_train_002991,rand16,16,0.0,0.0,0.0,0.0,nan,0.0,0.0,0.0,0.0,0,0,0,0
kk_grpo_v1_train_002991,rand17,16,0.0,0.0,0.0,0.0,nan,0.0,0.0,0.0,0.0,0,0,0,0
kk_grpo_v1_train_002991,rand18,16,0.0,0.0,0.0,0.0,nan,0.0,0.0,0.0,0.0,0,0,0,0
kk_grpo_v1_train_002991,rand19,16,0.0,0.0,0.0,0.0,nan,0.0,0.0,0.0,0.0,0,0,0,0
kk_grpo_v1_train_003024,first8_last8,11,0.39159292480619323,1.0383332077974556,6.265486796899092,1.7397152823745468,0.8961216640983372,7.1792036214468755,6.215131449794285,7.1792036214468755,6.215131449794285,16,16,0,0
kk_grpo_v1_train_003024,rand00,11,0.13053097493539773,0.22845928369801483,2.0884955989663636,0.5711982268193134,0.9893329628687377,7.1792036214468755,6.861814822162635,7.1792036214468755,6.861814822162635,16,16,0,0
kk_grpo_v1_train_003024,rand01,11,0.13053097493539773,0.22845928369801483,2.0884955989663636,0.5711982268193134,0.9893329628687376,7.1792036214468755,6.861814822162636,7.1792036214468755,6.861814822162635,16,16,0,0
kk_grpo_v1_train_003024,rand02,11,0.39159292480619323,1.0383332077974556,6.265486796899092,1.739715282374547,0.8961216640983373,7.1792036214468755,6.215131449794285,7.1792036214468755,6.215131449794285,16,16,0,0
kk_grpo_v1_train_003024,rand03,11,0.13053097493539773,0.22845928369801483,2.0884955989663636,0.5711982268193134,0.9893329628687377,7.1792036214468755,6.861814822162636,7.1792036214468755,6.861814822162635,16,16,0,0
kk_grpo_v1_train_003024,rand04,11,0.39159292480619323,1.0383332077974556,6.265486796899092,1.7397152823745468,0.8961216640983373,7.1792036214468755,6.215131449794285,7.1792036214468755,6.215131449794285,16,16,0,0
kk_grpo_v1_train_003024,rand05,11,0.13053097493539773,0.22845928369801483,2.0884955989663636,0.5711982268193134,0.9893329628687377,7.1792036214468755,6.861814822162635,7.1792036214468755,6.861814822162635,16,16,0,0
kk_grpo_v1_train_003024,rand06,11,0.39159292480619323,1.0383332077974556,6.265486796899092,1.739715282374547,0.8961216640983373,7.1792036214468755,6.215131449794285,7.1792036214468755,6.215131449794285,16,16,0,0
kk_grpo_v1_train_003024,rand07,11,0.13053097493539773,0.22845928369801483,2.0884955989663636,0.5711982268193134,0.9893329628687376,7.1792036214468755,6.861814822162636,7.1792036214468755,6.861814822162635,16,16,0,0
kk_grpo_v1_train_003024,rand08,11,0.13053097493539773,0.22845928369801483,2.0884955989663636,0.5711982268193134,0.9893329628687377,7.1792036214468755,6.861814822162636,7.1792036214468755,6.861814822162635,16,16,0,0
kk_grpo_v1_train_003024,rand09,11,0.13053097493539773,0.22845928369801483,2.0884955989663636,0.5711982268193134,0.9893329628687376,7.1792036214468755,6.861814822162636,7.1792036214468755,6.861814822162635,16,16,0,0
kk_grpo_v1_train_003024,rand10,11,0.3915929248061932,1.0383332077974556,6.265486796899091,1.739715282374547,0.8961216640983372,7.1792036214468755,6.215131449794285,7.1792036214468755,6.215131449794285,16,16,0,0
kk_grpo_v1_train_003024,rand11,11,0.6526548746769887,0.7114118599345589,10.442477994831819,2.6194209177961993,0.7385489458759964,7.1792036214468755,3.6221443217740807,7.1792036214468755,3.622144321774081,16,8,0,8
kk_grpo_v1_train_003024,rand12,11,0.3915929248061932,1.0383332077974556,6.265486796899091,1.739715282374547,0.8961216640983373,7.1792036214468755,6.215131449794285,7.1792036214468755,6.215131449794285,16,16,0,0
kk_grpo_v1_train_003024,rand13,11,0.39159292480619323,1.0383332077974556,6.265486796899092,1.7397152823745468,0.8961216640983373,7.1792036214468755,6.215131449794285,7.1792036214468755,6.215131449794286,16,16,0,0
kk_grpo_v1_train_003024,rand14,11,0.13053097493539773,0.22845928369801483,2.0884955989663636,0.5711982268193134,0.9893329628687376,7.1792036214468755,6.8618148221626365,7.1792036214468755,6.861814822162635,16,16,0,0
kk_grpo_v1_train_003024,rand15,11,0.13053097493539773,0.22845928369801483,2.0884955989663636,0.5711982268193134,0.9893329628687376,7.1792036214468755,6.861814822162636,7.1792036214468755,6.861814822162635,16,16,0,0
kk_grpo_v1_train_003024,rand16,11,0.13053097493539773,0.22845928369801483,2.0884955989663636,0.5711982268193134,0.9893329628687376,7.1792036214468755,6.861814822162636,7.1792036214468755,6.861814822162635,16,16,0,0
kk_grpo_v1_train_003024,rand17,11,0.13053097493539773,0.22845928369801483,2.0884955989663636,0.5711982268193134,0.9893329628687377,7.1792036214468755,6.861814822162635,7.1792036214468755,6.861814822162635,16,16,0,0
kk_grpo_v1_train_003024,rand18,11,0.13053097493539773,0.22845928369801483,2.0884955989663636,0.5711982268193134,0.9893329628687377,7.1792036214468755,6.861814822162636,7.1792036214468755,6.861814822162635,16,16,0,0
kk_grpo_v1_train_003024,rand19,11,0.13053097493539773,0.22845928369801483,2.0884955989663636,0.5711982268193134,0.9893329628687377,7.1792036214468755,6.861814822162636,7.1792036214468755,6.861814822162635,16,16,0,0
kk_grpo_v1_train_003027,first8_last8,0,0.0,0.0,0.0,0.0,nan,0.0,0.0,0.0,0.0,0,0,0,0
kk_grpo_v1_train_003027,rand00,0,0.0,0.0,0.0,0.0,nan,0.0,0.0,0.0,0.0,0,0,0,0
kk_grpo_v1_train_003027,rand01,0,0.0,0.0,0.0,0.0,nan,0.0,0.0,0.0,0.0,0,0,0,0
kk_grpo_v1_train_003027,rand02,0,0.0,0.0,0.0,0.0,nan,0.0,0.0,0.0,0.0,0,0,0,0
kk_grpo_v1_train_003027,rand03,0,0.0,0.0,0.0,0.0,nan,0.0,0.0,0.0,0.0,0,0,0,0
kk_grpo_v1_train_003027,rand04,0,0.0,0.0,0.0,0.0,nan,0.0,0.0,0.0,0.0,0,0,0,0
kk_grpo_v1_train_003027,rand05,0,0.0,0.0,0.0,0.0,nan,0.0,0.0,0.0,0.0,0,0,0,0
kk_grpo_v1_train_003027,rand06,0,0.0,0.0,0.0,0.0,nan,0.0,0.0,0.0,0.0,0,0,0,0
kk_grpo_v1_train_003027,rand07,0,0.0,0.0,0.0,0.0,nan,0.0,0.0,0.0,0.0,0,0,0,0
kk_grpo_v1_train_003027,rand08,0,0.0,0.0,0.0,0.0,nan,0.0,0.0,0.0,0.0,0,0,0,0
kk_grpo_v1_train_003027,rand09,0,0.0,0.0,0.0,0.0,nan,0.0,0.0,0.0,0.0,0,0,0,0
kk_grpo_v1_train_003027,rand10,0,0.0,0.0,0.0,0.0,nan,0.0,0.0,0.0,0.0,0,0,0,0
kk_grpo_v1_train_003027,rand11,0,0.0,0.0,0.0,0.0,nan,0.0,0.0,0.0,0.0,0,0,0,0
kk_grpo_v1_train_003027,rand12,0,0.0,0.0,0.0,0.0,nan,0.0,0.0,0.0,0.0,0,0,0,0
kk_grpo_v1_train_003027,rand13,0,0.0,0.0,0.0,0.0,nan,0.0,0.0,0.0,0.0,0,0,0,0
kk_grpo_v1_train_003027,rand14,0,0.0,0.0,0.0,0.0,nan,0.0,0.0,0.0,0.0,0,0,0,0
kk_grpo_v1_train_003027,rand15,0,0.0,0.0,0.0,0.0,nan,0.0,0.0,0.0,0.0,0,0,0,0
kk_grpo_v1_train_003027,rand16,0,0.0,0.0,0.0,0.0,nan,0.0,0.0,0.0,0.0,0,0,0,0
kk_grpo_v1_train_003027,rand17,0,0.0,0.0,0.0,0.0,nan,0.0,0.0,0.0,0.0,0,0,0,0
kk_grpo_v1_train_003027,rand18,0,0.0,0.0,0.0,0.0,nan,0.0,0.0,0.0,0.0,0,0,0,0
kk_grpo_v1_train_003027,rand19,0,0.0,0.0,0.0,0.0,nan,0.0,0.0,0.0,0.0,0,0,0,0
kk_grpo_v1_train_003050,first8_last8,16,0.0,0.0,0.0,0.0,nan,0.0,0.0,0.0,0.0,0,0,0,0
kk_grpo_v1_train_003050,rand00,16,0.0,0.0,0.0,0.0,nan,0.0,0.0,0.0,0.0,0,0,0,0
kk_grpo_v1_train_003050,rand01,16,0.0,0.0,0.0,0.0,nan,0.0,0.0,0.0,0.0,0,0,0,0
kk_grpo_v1_train_003050,rand02,16,0.0,0.0,0.0,0.0,nan,0.0,0.0,0.0,0.0,0,0,0,0
kk_grpo_v1_train_003050,rand03,16,0.0,0.0,0.0,0.0,nan,0.0,0.0,0.0,0.0,0,0,0,0
kk_grpo_v1_train_003050,rand04,16,0.0,0.0,0.0,0.0,nan,0.0,0.0,0.0,0.0,0,0,0,0
kk_grpo_v1_train_003050,rand05,16,0.0,0.0,0.0,0.0,nan,0.0,0.0,0.0,0.0,0,0,0,0
kk_grpo_v1_train_003050,rand06,16,0.0,0.0,0.0,0.0,nan,0.0,0.0,0.0,0.0,0,0,0,0
kk_grpo_v1_train_003050,rand07,16,0.0,0.0,0.0,0.0,nan,0.0,0.0,0.0,0.0,0,0,0,0
kk_grpo_v1_train_003050,rand08,16,0.0,0.0,0.0,0.0,nan,0.0,0.0,0.0,0.0,0,0,0,0
kk_grpo_v1_train_003050,rand09,16,0.0,0.0,0.0,0.0,nan,0.0,0.0,0.0,0.0,0,0,0,0
kk_grpo_v1_train_003050,rand10,16,0.0,0.0,0.0,0.0,nan,0.0,0.0,0.0,0.0,0,0,0,0
kk_grpo_v1_train_003050,rand11,16,0.0,0.0,0.0,0.0,nan,0.0,0.0,0.0,0.0,0,0,0,0
kk_grpo_v1_train_003050,rand12,16,0.0,0.0,0.0,0.0,nan,0.0,0.0,0.0,0.0,0,0,0,0
kk_grpo_v1_train_003050,rand13,16,0.0,0.0,0.0,0.0,nan,0.0,0.0,0.0,0.0,0,0,0,0
kk_grpo_v1_train_003050,rand14,16,0.0,0.0,0.0,0.0,nan,0.0,0.0,0.0,0.0,0,0,0,0
kk_grpo_v1_train_003050,rand15,16,0.0,0.0,0.0,0.0,nan,0.0,0.0,0.0,0.0,0,0,0,0
kk_grpo_v1_train_003050,rand16,16,0.0,0.0,0.0,0.0,nan,0.0,0.0,0.0,0.0,0,0,0,0
kk_grpo_v1_train_003050,rand17,16,0.0,0.0,0.0,0.0,nan,0.0,0.0,0.0,0.0,0,0,0,0
kk_grpo_v1_train_003050,rand18,16,0.0,0.0,0.0,0.0,nan,0.0,0.0,0.0,0.0,0,0,0,0
kk_grpo_v1_train_003050,rand19,16,0.0,0.0,0.0,0.0,nan,0.0,0.0,0.0,0.0,0,0,0,0
kk_grpo_v1_train_003083,first8_last8,16,0.0,0.0,0.0,0.0,nan,0.0,0.0,0.0,0.0,0,0,0,0
kk_grpo_v1_train_003083,rand00,16,0.0,0.0,0.0,0.0,nan,0.0,0.0,0.0,0.0,0,0,0,0
kk_grpo_v1_train_003083,rand01,16,0.0,0.0,0.0,0.0,nan,0.0,0.0,0.0,0.0,0,0,0,0
kk_grpo_v1_train_003083,rand02,16,0.0,0.0,0.0,0.0,nan,0.0,0.0,0.0,0.0,0,0,0,0
kk_grpo_v1_train_003083,rand03,16,0.0,0.0,0.0,0.0,nan,0.0,0.0,0.0,0.0,0,0,0,0
kk_grpo_v1_train_003083,rand04,16,0.0,0.0,0.0,0.0,nan,0.0,0.0,0.0,0.0,0,0,0,0
kk_grpo_v1_train_003083,rand05,16,0.0,0.0,0.0,0.0,nan,0.0,0.0,0.0,0.0,0,0,0,0
kk_grpo_v1_train_003083,rand06,16,0.0,0.0,0.0,0.0,nan,0.0,0.0,0.0,0.0,0,0,0,0
kk_grpo_v1_train_003083,rand07,16,0.0,0.0,0.0,0.0,nan,0.0,0.0,0.0,0.0,0,0,0,0
kk_grpo_v1_train_003083,rand08,16,0.0,0.0,0.0,0.0,nan,0.0,0.0,0.0,0.0,0,0,0,0
kk_grpo_v1_train_003083,rand09,16,0.0,0.0,0.0,0.0,nan,0.0,0.0,0.0,0.0,0,0,0,0
kk_grpo_v1_train_003083,rand10,16,0.0,0.0,0.0,0.0,nan,0.0,0.0,0.0,0.0,0,0,0,0
kk_grpo_v1_train_003083,rand11,16,0.0,0.0,0.0,0.0,nan,0.0,0.0,0.0,0.0,0,0,0,0
kk_grpo_v1_train_003083,rand12,16,0.0,0.0,0.0,0.0,nan,0.0,0.0,0.0,0.0,0,0,0,0
kk_grpo_v1_train_003083,rand13,16,0.0,0.0,0.0,0.0,nan,0.0,0.0,0.0,0.0,0,0,0,0
kk_grpo_v1_train_003083,rand14,16,0.0,0.0,0.0,0.0,nan,0.0,0.0,0.0,0.0,0,0,0,0
kk_grpo_v1_train_003083,rand15,16,0.0,0.0,0.0,0.0,nan,0.0,0.0,0.0,0.0,0,0,0,0
kk_grpo_v1_train_003083,rand16,16,0.0,0.0,0.0,0.0,nan,0.0,0.0,0.0,0.0,0,0,0,0
kk_grpo_v1_train_003083,rand17,16,0.0,0.0,0.0,0.0,nan,0.0,0.0,0.0,0.0,0,0,0,0
kk_grpo_v1_train_003083,rand18,16,0.0,0.0,0.0,0.0,nan,0.0,0.0,0.0,0.0,0,0,0,0
kk_grpo_v1_train_003083,rand19,16,0.0,0.0,0.0,0.0,nan,0.0,0.0,0.0,0.0,0,0,0,0
kk_grpo_v1_train_003099,first8_last8,16,0.0,0.0,0.0,0.0,nan,0.0,0.0,0.0,0.0,0,0,0,0
kk_grpo_v1_train_003099,rand00,16,0.0,0.0,0.0,0.0,nan,0.0,0.0,0.0,0.0,0,0,0,0
kk_grpo_v1_train_003099,rand01,16,0.0,0.0,0.0,0.0,nan,0.0,0.0,0.0,0.0,0,0,0,0
kk_grpo_v1_train_003099,rand02,16,0.0,0.0,0.0,0.0,nan,0.0,0.0,0.0,0.0,0,0,0,0
kk_grpo_v1_train_003099,rand03,16,0.0,0.0,0.0,0.0,nan,0.0,0.0,0.0,0.0,0,0,0,0
kk_grpo_v1_train_003099,rand04,16,0.0,0.0,0.0,0.0,nan,0.0,0.0,0.0,0.0,0,0,0,0
kk_grpo_v1_train_003099,rand05,16,0.0,0.0,0.0,0.0,nan,0.0,0.0,0.0,0.0,0,0,0,0
kk_grpo_v1_train_003099,rand06,16,0.0,0.0,0.0,0.0,nan,0.0,0.0,0.0,0.0,0,0,0,0
kk_grpo_v1_train_003099,rand07,16,0.0,0.0,0.0,0.0,nan,0.0,0.0,0.0,0.0,0,0,0,0
kk_grpo_v1_train_003099,rand08,16,0.0,0.0,0.0,0.0,nan,0.0,0.0,0.0,0.0,0,0,0,0
kk_grpo_v1_train_003099,rand09,16,0.0,0.0,0.0,0.0,nan,0.0,0.0,0.0,0.0,0,0,0,0
kk_grpo_v1_train_003099,rand10,16,0.0,0.0,0.0,0.0,nan,0.0,0.0,0.0,0.0,0,0,0,0
kk_grpo_v1_train_003099,rand11,16,0.0,0.0,0.0,0.0,nan,0.0,0.0,0.0,0.0,0,0,0,0
kk_grpo_v1_train_003099,rand12,16,0.0,0.0,0.0,0.0,nan,0.0,0.0,0.0,0.0,0,0,0,0
kk_grpo_v1_train_003099,rand13,16,0.0,0.0,0.0,0.0,nan,0.0,0.0,0.0,0.0,0,0,0,0
kk_grpo_v1_train_003099,rand14,16,0.0,0.0,0.0,0.0,nan,0.0,0.0,0.0,0.0,0,0,0,0
kk_grpo_v1_train_003099,rand15,16,0.0,0.0,0.0,0.0,nan,0.0,0.0,0.0,0.0,0,0,0,0
kk_grpo_v1_train_003099,rand16,16,0.0,0.0,0.0,0.0,nan,0.0,0.0,0.0,0.0,0,0,0,0
kk_grpo_v1_train_003099,rand17,16,0.0,0.0,0.0,0.0,nan,0.0,0.0,0.0,0.0,0,0,0,0
kk_grpo_v1_train_003099,rand18,16,0.0,0.0,0.0,0.0,nan,0.0,0.0,0.0,0.0,0,0,0,0
kk_grpo_v1_train_003099,rand19,16,0.0,0.0,0.0,0.0,nan,0.0,0.0,0.0,0.0,0,0,0,0
kk_grpo_v1_train_003104,first8_last8,13,0.1550049662368162,0.45910937100822036,2.480079459789059,0.8024978335582992,0.9783638454036059,6.04519368323583,5.713844432475384,6.045193683235832,5.713844432475384,16,16,0,0
kk_grpo_v1_train_003104,rand00,13,0.1550049662368162,0.45910937100822036,2.480079459789059,0.8024978335582992,0.9783638454036059,6.04519368323583,5.713844432475384,6.045193683235832,5.713844432475384,16,16,0,0
kk_grpo_v1_train_003104,rand01,13,0.1550049662368162,0.45910937100822036,2.480079459789059,0.8024978335582992,0.9783638454036059,6.04519368323583,5.713844432475384,6.045193683235832,5.713844432475384,16,16,0,0
kk_grpo_v1_train_003104,rand02,13,0.1550049662368162,0.45910937100822036,2.480079459789059,0.8024978335582992,0.9783638454036059,6.04519368323583,5.713844432475384,6.045193683235832,5.713844432475384,16,16,0,0
kk_grpo_v1_train_003104,rand03,13,0.15500496623681623,0.45910937100822036,2.4800794597890596,0.8024978335582992,0.978363845403606,6.04519368323583,5.713844432475384,6.045193683235832,5.713844432475384,16,16,0,0
kk_grpo_v1_train_003104,rand04,13,0.1550049662368162,0.45910937100822036,2.480079459789059,0.8024978335582992,0.9783638454036059,6.04519368323583,5.713844432475384,6.045193683235832,5.713844432475384,16,16,0,0
kk_grpo_v1_train_003104,rand05,13,0.1550049662368162,0.45910937100822036,2.480079459789059,0.8024978335582992,0.978363845403606,6.04519368323583,5.713844432475384,6.045193683235832,5.713844432475384,16,16,0,0
kk_grpo_v1_train_003104,rand06,13,0.1550049662368162,0.45910937100822036,2.480079459789059,0.8024978335582992,0.9783638454036059,6.04519368323583,5.713844432475384,6.045193683235832,5.713844432475384,16,16,0,0
kk_grpo_v1_train_003104,rand07,13,0.15500496623681623,0.45910937100822036,2.4800794597890596,0.8024978335582992,0.978363845403606,6.04519368323583,5.713844432475384,6.045193683235832,5.713844432475384,16,16,0,0
kk_grpo_v1_train_003104,rand08,13,0.1550049662368162,0.45910937100822036,2.480079459789059,0.8024978335582992,0.9783638454036059,6.04519368323583,5.713844432475384,6.045193683235832,5.713844432475384,16,16,0,0
kk_grpo_v1_train_003104,rand09,13,0.1550049662368162,0.45910937100822036,2.480079459789059,0.8024978335582992,0.9783638454036059,6.04519368323583,5.713844432475384,6.045193683235832,5.713844432475384,16,16,0,0
kk_grpo_v1_train_003104,rand10,13,0.1550049662368162,0.45910937100822036,2.480079459789059,0.8024978335582992,0.9783638454036059,6.04519368323583,5.713844432475384,6.045193683235832,5.713844432475384,16,16,0,0
kk_grpo_v1_train_003104,rand11,13,0.15500496623681623,0.45910937100822036,2.4800794597890596,0.8024978335582992,0.978363845403606,6.04519368323583,5.713844432475384,6.045193683235832,5.713844432475384,16,16,0,0
kk_grpo_v1_train_003104,rand12,13,0.46501489871044854,0.8076831204872501,7.440238379367177,2.0058526729045334,0.8770580193070292,6.04519368323583,3.622144321774081,6.045193683235832,3.6221443217740807,16,8,0,8
kk_grpo_v1_train_003104,rand13,13,0.46501489871044854,0.8076831204872501,7.440238379367177,2.0058526729045334,0.8770580193070292,6.04519368323583,3.622144321774081,6.045193683235832,3.6221443217740807,16,8,0,8
kk_grpo_v1_train_003104,rand14,13,0.1550049662368162,0.45910937100822036,2.480079459789059,0.8024978335582992,0.978363845403606,6.04519368323583,5.713844432475384,6.045193683235832,5.713844432475384,16,16,0,0
kk_grpo_v1_train_003104,rand15,13,0.15500496623681623,0.45910937100822036,2.4800794597890596,0.8024978335582992,0.9783638454036059,6.04519368323583,5.713844432475384,6.045193683235832,5.713844432475384,16,16,0,0
kk_grpo_v1_train_003104,rand16,13,0.1550049662368162,0.45910937100822036,2.480079459789059,0.8024978335582991,0.9783638454036059,6.04519368323583,5.713844432475384,6.045193683235832,5.713844432475384,16,16,0,0
kk_grpo_v1_train_003104,rand17,13,0.1550049662368162,0.45910937100822036,2.480079459789059,0.8024978335582992,0.978363845403606,6.04519368323583,5.713844432475384,6.045193683235832,5.713844432475384,16,16,0,0
kk_grpo_v1_train_003104,rand18,13,0.1550049662368162,0.45910937100822036,2.480079459789059,0.8024978335582992,0.9783638454036059,6.04519368323583,5.713844432475384,6.045193683235832,5.713844432475384,16,16,0,0
kk_grpo_v1_train_003104,rand19,13,0.1550049662368162,0.45910937100822036,2.480079459789059,0.8024978335582992,0.978363845403606,6.04519368323583,5.713844432475384,6.045193683235832,5.713844432475384,16,16,0,0
kk_grpo_v1_train_003120,first8_last8,0,0.0,0.0,0.0,0.0,nan,0.0,0.0,0.0,0.0,0,0,0,0
kk_grpo_v1_train_003120,rand00,0,0.0,0.0,0.0,0.0,nan,0.0,0.0,0.0,0.0,0,0,0,0
kk_grpo_v1_train_003120,rand01,0,0.0,0.0,0.0,0.0,nan,0.0,0.0,0.0,0.0,0,0,0,0
kk_grpo_v1_train_003120,rand02,0,0.0,0.0,0.0,0.0,nan,0.0,0.0,0.0,0.0,0,0,0,0
kk_grpo_v1_train_003120,rand03,0,0.0,0.0,0.0,0.0,nan,0.0,0.0,0.0,0.0,0,0,0,0
kk_grpo_v1_train_003120,rand04,0,0.0,0.0,0.0,0.0,nan,0.0,0.0,0.0,0.0,0,0,0,0
kk_grpo_v1_train_003120,rand05,0,0.0,0.0,0.0,0.0,nan,0.0,0.0,0.0,0.0,0,0,0,0
kk_grpo_v1_train_003120,rand06,0,0.0,0.0,0.0,0.0,nan,0.0,0.0,0.0,0.0,0,0,0,0
kk_grpo_v1_train_003120,rand07,0,0.0,0.0,0.0,0.0,nan,0.0,0.0,0.0,0.0,0,0,0,0
kk_grpo_v1_train_003120,rand08,0,0.0,0.0,0.0,0.0,nan,0.0,0.0,0.0,0.0,0,0,0,0
kk_grpo_v1_train_003120,rand09,0,0.0,0.0,0.0,0.0,nan,0.0,0.0,0.0,0.0,0,0,0,0
kk_grpo_v1_train_003120,rand10,0,0.0,0.0,0.0,0.0,nan,0.0,0.0,0.0,0.0,0,0,0,0
kk_grpo_v1_train_003120,rand11,0,0.0,0.0,0.0,0.0,nan,0.0,0.0,0.0,0.0,0,0,0,0
kk_grpo_v1_train_003120,rand12,0,0.0,0.0,0.0,0.0,nan,0.0,0.0,0.0,0.0,0,0,0,0
kk_grpo_v1_train_003120,rand13,0,0.0,0.0,0.0,0.0,nan,0.0,0.0,0.0,0.0,0,0,0,0
kk_grpo_v1_train_003120,rand14,0,0.0,0.0,0.0,0.0,nan,0.0,0.0,0.0,0.0,0,0,0,0
kk_grpo_v1_train_003120,rand15,0,0.0,0.0,0.0,0.0,nan,0.0,0.0,0.0,0.0,0,0,0,0
kk_grpo_v1_train_003120,rand16,0,0.0,0.0,0.0,0.0,nan,0.0,0.0,0.0,0.0,0,0,0,0
kk_grpo_v1_train_003120,rand17,0,0.0,0.0,0.0,0.0,nan,0.0,0.0,0.0,0.0,0,0,0,0
kk_grpo_v1_train_003120,rand18,0,0.0,0.0,0.0,0.0,nan,0.0,0.0,0.0,0.0,0,0,0,0
kk_grpo_v1_train_003120,rand19,0,0.0,0.0,0.0,0.0,nan,0.0,0.0,0.0,0.0,0,0,0,0
kk_grpo_v1_train_003154,first8_last8,4,0.02842040838218446,0.05684081676436903,0.45472653411495134,0.13126824343946647,1.0000000000000002,6.706704267834583,6.479341000777107,6.706704267834585,6.479341000777108,16,16,0,0
kk_grpo_v1_train_003154,rand00,4,0.2794460111597743,0.797497865128185,4.471136178556389,1.3149762555890876,0.9409062372905537,6.706704267834583,6.096318253860912,6.706704267834585,6.096318253860911,16,16,0,0
kk_grpo_v1_train_003154,rand01,4,0.02842040838218446,0.05684081676436903,0.45472653411495134,0.13126824343946647,1.0000000000000002,6.706704267834583,6.479341000777107,6.706704267834585,6.479341000777108,16,16,0,0
kk_grpo_v1_train_003154,rand02,4,0.2794460111597743,0.797497865128185,4.471136178556389,1.3149762555890876,0.9409062372905537,6.706704267834583,6.096318253860912,6.706704267834585,6.096318253860913,16,16,0,0
kk_grpo_v1_train_003154,rand03,4,0.02842040838218446,0.05684081676436903,0.45472653411495134,0.13126824343946647,1.0000000000000002,6.706704267834583,6.479341000777107,6.706704267834585,6.479341000777108,16,16,0,0
kk_grpo_v1_train_003154,rand04,4,0.02842040838218446,0.05684081676436903,0.45472653411495134,0.13126824343946647,1.0000000000000002,6.706704267834583,6.479341000777107,6.706704267834585,6.479341000777108,16,16,0,0
kk_grpo_v1_train_003154,rand05,4,0.02842040838218446,0.05684081676436903,0.45472653411495134,0.13126824343946647,1.0000000000000002,6.706704267834583,6.479341000777107,6.706704267834585,6.479341000777108,16,16,0,0
kk_grpo_v1_train_003154,rand06,4,0.2794460111597743,0.797497865128185,4.471136178556389,1.3149762555890876,0.9409062372905539,6.706704267834583,6.096318253860911,6.706704267834585,6.096318253860911,16,16,0,0
kk_grpo_v1_train_003154,rand07,4,0.2794460111597743,0.797497865128185,4.471136178556389,1.3149762555890876,0.9409062372905538,6.706704267834583,6.096318253860911,6.706704267834585,6.096318253860911,16,16,0,0
kk_grpo_v1_train_003154,rand08,4,0.02842040838218446,0.05684081676436903,0.45472653411495134,0.13126824343946647,1.0000000000000002,6.706704267834583,6.479341000777107,6.706704267834585,6.479341000777108,16,16,0,0
kk_grpo_v1_train_003154,rand09,4,0.2794460111597743,0.797497865128185,4.471136178556389,1.3149762555890876,0.9409062372905539,6.706704267834583,6.096318253860912,6.706704267834585,6.096318253860913,16,16,0,0
kk_grpo_v1_train_003154,rand10,4,0.2794460111597743,0.797497865128185,4.471136178556389,1.3149762555890876,0.9409062372905538,6.706704267834583,6.096318253860911,6.706704267834585,6.096318253860913,16,16,0,0
kk_grpo_v1_train_003154,rand11,4,0.2794460111597743,0.797497865128185,4.471136178556389,1.3149762555890876,0.9409062372905539,6.706704267834583,6.096318253860911,6.706704267834585,6.096318253860911,16,16,0,0
kk_grpo_v1_train_003154,rand12,4,0.5588920223195486,0.7414366875317822,8.942272357112778,2.294416073901708,0.8164965809277263,6.706704267834583,3.7409575177074545,6.706704267834585,3.7409575177074545,16,8,8,0
kk_grpo_v1_train_003154,rand13,4,0.2794460111597743,0.797497865128185,4.471136178556389,1.3149762555890876,0.9409062372905538,6.706704267834583,6.096318253860912,6.706704267834585,6.096318253860913,16,16,0,0
kk_grpo_v1_train_003154,rand14,4,0.02842040838218446,0.05684081676436903,0.45472653411495134,0.13126824343946647,1.0000000000000002,6.706704267834583,6.479341000777107,6.706704267834585,6.479341000777108,16,16,0,0
kk_grpo_v1_train_003154,rand15,4,0.5588920223195486,0.7414366875317822,8.942272357112778,2.294416073901708,0.8164965809277263,6.706704267834583,3.7409575177074545,6.706704267834585,3.7409575177074545,16,8,8,0
kk_grpo_v1_train_003154,rand16,4,0.02842040838218446,0.05684081676436903,0.45472653411495134,0.13126824343946647,1.0000000000000002,6.706704267834583,6.479341000777107,6.706704267834585,6.479341000777108,16,16,0,0
kk_grpo_v1_train_003154,rand17,4,0.02842040838218446,0.05684081676436903,0.45472653411495134,0.13126824343946647,1.0000000000000002,6.706704267834583,6.479341000777107,6.706704267834585,6.479341000777108,16,16,0,0
kk_grpo_v1_train_003154,rand18,4,0.2794460111597743,0.797497865128185,4.471136178556389,1.3149762555890876,0.9409062372905538,6.706704267834583,6.096318253860911,6.706704267834585,6.096318253860911,16,16,0,0
kk_grpo_v1_train_003154,rand19,4,0.02842040838218446,0.05684081676436903,0.45472653411495134,0.13126824343946647,1.0000000000000002,6.706704267834583,6.479341000777107,6.706704267834585,6.479341000777108,16,16,0,0
kk_grpo_v1_train_003182,first8_last8,11,0.13053097493539773,0.22845928369801483,2.0884955989663636,0.5711982268193134,0.9893329628687376,7.1792036214468755,6.861814822162635,7.1792036214468755,6.861814822162635,16,16,0,0
kk_grpo_v1_train_003182,rand00,11,0.13053097493539773,0.22845928369801483,2.0884955989663636,0.5711982268193134,0.9893329628687376,7.1792036214468755,6.861814822162635,7.1792036214468755,6.861814822162635,16,16,0,0
kk_grpo_v1_train_003182,rand01,11,0.13053097493539773,0.22845928369801483,2.0884955989663636,0.5711982268193135,0.9893329628687376,7.1792036214468755,6.861814822162636,7.1792036214468755,6.861814822162635,16,16,0,0
kk_grpo_v1_train_003182,rand02,11,0.13053097493539773,0.22845928369801483,2.0884955989663636,0.5711982268193134,0.9893329628687376,7.1792036214468755,6.861814822162636,7.1792036214468755,6.861814822162635,16,16,0,0
kk_grpo_v1_train_003182,rand03,11,0.13053097493539773,0.22845928369801483,2.0884955989663636,0.5711982268193134,0.9893329628687376,7.1792036214468755,6.861814822162635,7.1792036214468755,6.861814822162635,16,16,0,0
kk_grpo_v1_train_003182,rand04,11,0.39159292480619323,1.0383332077974556,6.265486796899092,1.739715282374547,0.8961216640983374,7.1792036214468755,6.215131449794285,7.1792036214468755,6.215131449794285,16,16,0,0
kk_grpo_v1_train_003182,rand05,11,0.13053097493539773,0.22845928369801483,2.0884955989663636,0.5711982268193135,0.9893329628687376,7.1792036214468755,6.861814822162636,7.1792036214468755,6.861814822162635,16,16,0,0
kk_grpo_v1_train_003182,rand06,11,0.39159292480619323,1.0383332077974556,6.265486796899092,1.739715282374547,0.8961216640983372,7.1792036214468755,6.215131449794285,7.1792036214468755,6.215131449794286,16,16,0,0
kk_grpo_v1_train_003182,rand07,11,0.13053097493539773,0.22845928369801483,2.0884955989663636,0.5711982268193134,0.9893329628687376,7.1792036214468755,6.861814822162636,7.1792036214468755,6.861814822162635,16,16,0,0
kk_grpo_v1_train_003182,rand08,11,0.39159292480619323,1.0383332077974556,6.265486796899092,1.739715282374547,0.8961216640983373,7.1792036214468755,6.215131449794285,7.1792036214468755,6.215131449794285,16,16,0,0
kk_grpo_v1_train_003182,rand09,11,0.13053097493539773,0.22845928369801483,2.0884955989663636,0.5711982268193135,0.9893329628687376,7.1792036214468755,6.861814822162636,7.1792036214468755,6.861814822162635,16,16,0,0
kk_grpo_v1_train_003182,rand10,11,0.39159292480619323,1.0383332077974556,6.265486796899092,1.739715282374547,0.8961216640983373,7.1792036214468755,6.215131449794285,7.1792036214468755,6.215131449794285,16,16,0,0
kk_grpo_v1_train_003182,rand11,11,0.13053097493539773,0.22845928369801483,2.0884955989663636,0.5711982268193135,0.9893329628687376,7.1792036214468755,6.861814822162636,7.1792036214468755,6.861814822162635,16,16,0,0
kk_grpo_v1_train_003182,rand12,11,0.13053097493539773,0.22845928369801483,2.0884955989663636,0.5711982268193134,0.9893329628687376,7.1792036214468755,6.861814822162636,7.1792036214468755,6.861814822162635,16,16,0,0
kk_grpo_v1_train_003182,rand13,11,0.13053097493539773,0.22845928369801483,2.0884955989663636,0.5711982268193134,0.9893329628687376,7.1792036214468755,6.8618148221626365,7.1792036214468755,6.861814822162635,16,16,0,0
kk_grpo_v1_train_003182,rand14,11,0.13053097493539773,0.22845928369801483,2.0884955989663636,0.5711982268193134,0.9893329628687376,7.1792036214468755,6.861814822162636,7.1792036214468755,6.861814822162635,16,16,0,0
kk_grpo_v1_train_003182,rand15,11,0.6526548746769887,0.7114118599345589,10.442477994831819,2.6194209177961993,0.7385489458759964,7.1792036214468755,3.6221443217740807,7.1792036214468755,3.622144321774081,16,8,0,8
kk_grpo_v1_train_003182,rand16,11,0.39159292480619323,1.0383332077974556,6.265486796899092,1.7397152823745468,0.8961216640983372,7.1792036214468755,6.215131449794285,7.1792036214468755,6.215131449794286,16,16,0,0
kk_grpo_v1_train_003182,rand17,11,0.13053097493539773,0.22845928369801483,2.0884955989663636,0.5711982268193134,0.9893329628687376,7.1792036214468755,6.861814822162636,7.1792036214468755,6.861814822162635,16,16,0,0
kk_grpo_v1_train_003182,rand18,11,0.13053097493539773,0.22845928369801483,2.0884955989663636,0.5711982268193134,0.9893329628687377,7.1792036214468755,6.861814822162636,7.1792036214468755,6.861814822162635,16,16,0,0
kk_grpo_v1_train_003182,rand19,11,0.13053097493539773,0.22845928369801483,2.0884955989663636,0.5711982268193135,0.9893329628687377,7.1792036214468755,6.861814822162636,7.1792036214468755,6.861814822162635,16,16,0,0
kk_grpo_v1_train_003190,first8_last8,16,0.0,0.0,0.0,0.0,nan,0.0,0.0,0.0,0.0,0,0,0,0
kk_grpo_v1_train_003190,rand00,16,0.0,0.0,0.0,0.0,nan,0.0,0.0,0.0,0.0,0,0,0,0
kk_grpo_v1_train_003190,rand01,16,0.0,0.0,0.0,0.0,nan,0.0,0.0,0.0,0.0,0,0,0,0
kk_grpo_v1_train_003190,rand02,16,0.0,0.0,0.0,0.0,nan,0.0,0.0,0.0,0.0,0,0,0,0
kk_grpo_v1_train_003190,rand03,16,0.0,0.0,0.0,0.0,nan,0.0,0.0,0.0,0.0,0,0,0,0
kk_grpo_v1_train_003190,rand04,16,0.0,0.0,0.0,0.0,nan,0.0,0.0,0.0,0.0,0,0,0,0
kk_grpo_v1_train_003190,rand05,16,0.0,0.0,0.0,0.0,nan,0.0,0.0,0.0,0.0,0,0,0,0
kk_grpo_v1_train_003190,rand06,16,0.0,0.0,0.0,0.0,nan,0.0,0.0,0.0,0.0,0,0,0,0
kk_grpo_v1_train_003190,rand07,16,0.0,0.0,0.0,0.0,nan,0.0,0.0,0.0,0.0,0,0,0,0
kk_grpo_v1_train_003190,rand08,16,0.0,0.0,0.0,0.0,nan,0.0,0.0,0.0,0.0,0,0,0,0
kk_grpo_v1_train_003190,rand09,16,0.0,0.0,0.0,0.0,nan,0.0,0.0,0.0,0.0,0,0,0,0
kk_grpo_v1_train_003190,rand10,16,0.0,0.0,0.0,0.0,nan,0.0,0.0,0.0,0.0,0,0,0,0
kk_grpo_v1_train_003190,rand11,16,0.0,0.0,0.0,0.0,nan,0.0,0.0,0.0,0.0,0,0,0,0
kk_grpo_v1_train_003190,rand12,16,0.0,0.0,0.0,0.0,nan,0.0,0.0,0.0,0.0,0,0,0,0
kk_grpo_v1_train_003190,rand13,16,0.0,0.0,0.0,0.0,nan,0.0,0.0,0.0,0.0,0,0,0,0
kk_grpo_v1_train_003190,rand14,16,0.0,0.0,0.0,0.0,nan,0.0,0.0,0.0,0.0,0,0,0,0
kk_grpo_v1_train_003190,rand15,16,0.0,0.0,0.0,0.0,nan,0.0,0.0,0.0,0.0,0,0,0,0
kk_grpo_v1_train_003190,rand16,16,0.0,0.0,0.0,0.0,nan,0.0,0.0,0.0,0.0,0,0,0,0
kk_grpo_v1_train_003190,rand17,16,0.0,0.0,0.0,0.0,nan,0.0,0.0,0.0,0.0,0,0,0,0
kk_grpo_v1_train_003190,rand18,16,0.0,0.0,0.0,0.0,nan,0.0,0.0,0.0,0.0,0,0,0,0
kk_grpo_v1_train_003190,rand19,16,0.0,0.0,0.0,0.0,nan,0.0,0.0,0.0,0.0,0,0,0,0
kk_grpo_v1_train_003235,first8_last8,16,0.0,0.0,0.0,0.0,nan,0.0,0.0,0.0,0.0,0,0,0,0
kk_grpo_v1_train_003235,rand00,16,0.0,0.0,0.0,0.0,nan,0.0,0.0,0.0,0.0,0,0,0,0
kk_grpo_v1_train_003235,rand01,16,0.0,0.0,0.0,0.0,nan,0.0,0.0,0.0,0.0,0,0,0,0
kk_grpo_v1_train_003235,rand02,16,0.0,0.0,0.0,0.0,nan,0.0,0.0,0.0,0.0,0,0,0,0
kk_grpo_v1_train_003235,rand03,16,0.0,0.0,0.0,0.0,nan,0.0,0.0,0.0,0.0,0,0,0,0
kk_grpo_v1_train_003235,rand04,16,0.0,0.0,0.0,0.0,nan,0.0,0.0,0.0,0.0,0,0,0,0
kk_grpo_v1_train_003235,rand05,16,0.0,0.0,0.0,0.0,nan,0.0,0.0,0.0,0.0,0,0,0,0
kk_grpo_v1_train_003235,rand06,16,0.0,0.0,0.0,0.0,nan,0.0,0.0,0.0,0.0,0,0,0,0
kk_grpo_v1_train_003235,rand07,16,0.0,0.0,0.0,0.0,nan,0.0,0.0,0.0,0.0,0,0,0,0
kk_grpo_v1_train_003235,rand08,16,0.0,0.0,0.0,0.0,nan,0.0,0.0,0.0,0.0,0,0,0,0
kk_grpo_v1_train_003235,rand09,16,0.0,0.0,0.0,0.0,nan,0.0,0.0,0.0,0.0,0,0,0,0
kk_grpo_v1_train_003235,rand10,16,0.0,0.0,0.0,0.0,nan,0.0,0.0,0.0,0.0,0,0,0,0
kk_grpo_v1_train_003235,rand11,16,0.0,0.0,0.0,0.0,nan,0.0,0.0,0.0,0.0,0,0,0,0
kk_grpo_v1_train_003235,rand12,16,0.0,0.0,0.0,0.0,nan,0.0,0.0,0.0,0.0,0,0,0,0
kk_grpo_v1_train_003235,rand13,16,0.0,0.0,0.0,0.0,nan,0.0,0.0,0.0,0.0,0,0,0,0
kk_grpo_v1_train_003235,rand14,16,0.0,0.0,0.0,0.0,nan,0.0,0.0,0.0,0.0,0,0,0,0
kk_grpo_v1_train_003235,rand15,16,0.0,0.0,0.0,0.0,nan,0.0,0.0,0.0,0.0,0,0,0,0
kk_grpo_v1_train_003235,rand16,16,0.0,0.0,0.0,0.0,nan,0.0,0.0,0.0,0.0,0,0,0,0
kk_grpo_v1_train_003235,rand17,16,0.0,0.0,0.0,0.0,nan,0.0,0.0,0.0,0.0,0,0,0,0
kk_grpo_v1_train_003235,rand18,16,0.0,0.0,0.0,0.0,nan,0.0,0.0,0.0,0.0,0,0,0,0
kk_grpo_v1_train_003235,rand19,16,0.0,0.0,0.0,0.0,nan,0.0,0.0,0.0,0.0,0,0,0,0
kk_grpo_v1_train_003255,first8_last8,5,0.13053097493539773,0.22845928369801483,2.0884955989663636,0.5711982268193134,0.9893329628687376,7.1792036214468755,6.861814822162635,7.1792036214468755,6.861814822162636,16,16,0,0
kk_grpo_v1_train_003255,rand00,5,0.13053097493539773,0.22845928369801483,2.0884955989663636,0.5711982268193135,0.9893329628687375,7.1792036214468755,6.861814822162635,7.1792036214468755,6.861814822162635,16,16,0,0
kk_grpo_v1_train_003255,rand01,5,0.13053097493539773,0.22845928369801483,2.0884955989663636,0.5711982268193134,0.9893329628687376,7.1792036214468755,6.861814822162635,7.1792036214468755,6.861814822162636,16,16,0,0
kk_grpo_v1_train_003255,rand02,5,0.3915929248061932,1.0383332077974556,6.265486796899091,1.739715282374547,0.8961216640983373,7.1792036214468755,6.215131449794285,7.1792036214468755,6.215131449794285,16,16,0,0
kk_grpo_v1_train_003255,rand03,5,0.13053097493539773,0.22845928369801483,2.0884955989663636,0.5711982268193134,0.9893329628687376,7.1792036214468755,6.861814822162635,7.1792036214468755,6.861814822162636,16,16,0,0
kk_grpo_v1_train_003255,rand04,5,0.39159292480619323,1.0383332077974556,6.265486796899092,1.739715282374547,0.8961216640983373,7.1792036214468755,6.215131449794286,7.1792036214468755,6.215131449794285,16,16,0,0
kk_grpo_v1_train_003255,rand05,5,0.13053097493539773,0.22845928369801483,2.0884955989663636,0.5711982268193134,0.9893329628687377,7.1792036214468755,6.861814822162635,7.1792036214468755,6.8618148221626365,16,16,0,0
kk_grpo_v1_train_003255,rand06,5,0.13053097493539773,0.22845928369801483,2.0884955989663636,0.5711982268193134,0.9893329628687376,7.1792036214468755,6.861814822162635,7.1792036214468755,6.861814822162636,16,16,0,0
kk_grpo_v1_train_003255,rand07,5,0.13053097493539773,0.22845928369801483,2.0884955989663636,0.5711982268193134,0.9893329628687376,7.1792036214468755,6.861814822162635,7.1792036214468755,6.861814822162636,16,16,0,0
kk_grpo_v1_train_003255,rand08,5,0.13053097493539773,0.22845928369801483,2.0884955989663636,0.5711982268193134,0.9893329628687376,7.1792036214468755,6.861814822162635,7.1792036214468755,6.861814822162636,16,16,0,0
kk_grpo_v1_train_003255,rand09,5,0.13053097493539773,0.22845928369801483,2.0884955989663636,0.5711982268193134,0.9893329628687376,7.1792036214468755,6.861814822162635,7.1792036214468755,6.861814822162636,16,16,0,0
kk_grpo_v1_train_003255,rand10,5,0.13053097493539773,0.22845928369801483,2.0884955989663636,0.5711982268193135,0.9893329628687375,7.1792036214468755,6.861814822162635,7.1792036214468755,6.8618148221626365,16,16,0,0
kk_grpo_v1_train_003255,rand11,5,0.13053097493539773,0.22845928369801483,2.0884955989663636,0.5711982268193134,0.9893329628687375,7.1792036214468755,6.861814822162635,7.1792036214468755,6.8618148221626365,16,16,0,0
kk_grpo_v1_train_003255,rand12,5,0.13053097493539773,0.22845928369801483,2.0884955989663636,0.5711982268193134,0.9893329628687376,7.1792036214468755,6.861814822162635,7.1792036214468755,6.861814822162636,16,16,0,0
kk_grpo_v1_train_003255,rand13,5,0.13053097493539773,0.22845928369801483,2.0884955989663636,0.5711982268193134,0.9893329628687376,7.1792036214468755,6.861814822162635,7.1792036214468755,6.861814822162635,16,16,0,0
kk_grpo_v1_train_003255,rand14,5,0.13053097493539773,0.22845928369801483,2.0884955989663636,0.5711982268193135,0.9893329628687375,7.1792036214468755,6.861814822162635,7.1792036214468755,6.8618148221626365,16,16,0,0
kk_grpo_v1_train_003255,rand15,5,0.39159292480619323,1.0383332077974556,6.265486796899092,1.739715282374547,0.8961216640983372,7.1792036214468755,6.215131449794285,7.1792036214468755,6.215131449794285,16,16,0,0
kk_grpo_v1_train_003255,rand16,5,0.13053097493539773,0.22845928369801483,2.0884955989663636,0.5711982268193134,0.9893329628687375,7.1792036214468755,6.861814822162635,7.1792036214468755,6.861814822162636,16,16,0,0
kk_grpo_v1_train_003255,rand17,5,0.13053097493539773,0.22845928369801483,2.0884955989663636,0.5711982268193134,0.9893329628687376,7.1792036214468755,6.861814822162635,7.1792036214468755,6.861814822162636,16,16,0,0
kk_grpo_v1_train_003255,rand18,5,0.13053097493539773,0.22845928369801483,2.0884955989663636,0.5711982268193134,0.9893329628687376,7.1792036214468755,6.861814822162635,7.1792036214468755,6.861814822162636,16,16,0,0
kk_grpo_v1_train_003255,rand19,5,0.13053097493539773,0.22845928369801483,2.0884955989663636,0.5711982268193134,0.9893329628687376,7.1792036214468755,6.861814822162635,7.1792036214468755,6.861814822162636,16,16,0,0
kk_grpo_v1_train_003257,first8_last8,0,0.0,0.0,0.0,0.0,nan,0.0,0.0,0.0,0.0,0,0,0,0
kk_grpo_v1_train_003257,rand00,0,0.0,0.0,0.0,0.0,nan,0.0,0.0,0.0,0.0,0,0,0,0
kk_grpo_v1_train_003257,rand01,0,0.0,0.0,0.0,0.0,nan,0.0,0.0,0.0,0.0,0,0,0,0
kk_grpo_v1_train_003257,rand02,0,0.0,0.0,0.0,0.0,nan,0.0,0.0,0.0,0.0,0,0,0,0
kk_grpo_v1_train_003257,rand03,0,0.0,0.0,0.0,0.0,nan,0.0,0.0,0.0,0.0,0,0,0,0
kk_grpo_v1_train_003257,rand04,0,0.0,0.0,0.0,0.0,nan,0.0,0.0,0.0,0.0,0,0,0,0
kk_grpo_v1_train_003257,rand05,0,0.0,0.0,0.0,0.0,nan,0.0,0.0,0.0,0.0,0,0,0,0
kk_grpo_v1_train_003257,rand06,0,0.0,0.0,0.0,0.0,nan,0.0,0.0,0.0,0.0,0,0,0,0
kk_grpo_v1_train_003257,rand07,0,0.0,0.0,0.0,0.0,nan,0.0,0.0,0.0,0.0,0,0,0,0
kk_grpo_v1_train_003257,rand08,0,0.0,0.0,0.0,0.0,nan,0.0,0.0,0.0,0.0,0,0,0,0
kk_grpo_v1_train_003257,rand09,0,0.0,0.0,0.0,0.0,nan,0.0,0.0,0.0,0.0,0,0,0,0
kk_grpo_v1_train_003257,rand10,0,0.0,0.0,0.0,0.0,nan,0.0,0.0,0.0,0.0,0,0,0,0
kk_grpo_v1_train_003257,rand11,0,0.0,0.0,0.0,0.0,nan,0.0,0.0,0.0,0.0,0,0,0,0
kk_grpo_v1_train_003257,rand12,0,0.0,0.0,0.0,0.0,nan,0.0,0.0,0.0,0.0,0,0,0,0
kk_grpo_v1_train_003257,rand13,0,0.0,0.0,0.0,0.0,nan,0.0,0.0,0.0,0.0,0,0,0,0
kk_grpo_v1_train_003257,rand14,0,0.0,0.0,0.0,0.0,nan,0.0,0.0,0.0,0.0,0,0,0,0
kk_grpo_v1_train_003257,rand15,0,0.0,0.0,0.0,0.0,nan,0.0,0.0,0.0,0.0,0,0,0,0
kk_grpo_v1_train_003257,rand16,0,0.0,0.0,0.0,0.0,nan,0.0,0.0,0.0,0.0,0,0,0,0
kk_grpo_v1_train_003257,rand17,0,0.0,0.0,0.0,0.0,nan,0.0,0.0,0.0,0.0,0,0,0,0
kk_grpo_v1_train_003257,rand18,0,0.0,0.0,0.0,0.0,nan,0.0,0.0,0.0,0.0,0,0,0,0
kk_grpo_v1_train_003257,rand19,0,0.0,0.0,0.0,0.0,nan,0.0,0.0,0.0,0.0,0,0,0,0
kk_grpo_v1_train_003307,first8_last8,16,0.0,0.0,0.0,0.0,nan,0.0,0.0,0.0,0.0,0,0,0,0
kk_grpo_v1_train_003307,rand00,16,0.0,0.0,0.0,0.0,nan,0.0,0.0,0.0,0.0,0,0,0,0
kk_grpo_v1_train_003307,rand01,16,0.0,0.0,0.0,0.0,nan,0.0,0.0,0.0,0.0,0,0,0,0
kk_grpo_v1_train_003307,rand02,16,0.0,0.0,0.0,0.0,nan,0.0,0.0,0.0,0.0,0,0,0,0
kk_grpo_v1_train_003307,rand03,16,0.0,0.0,0.0,0.0,nan,0.0,0.0,0.0,0.0,0,0,0,0
kk_grpo_v1_train_003307,rand04,16,0.0,0.0,0.0,0.0,nan,0.0,0.0,0.0,0.0,0,0,0,0
kk_grpo_v1_train_003307,rand05,16,0.0,0.0,0.0,0.0,nan,0.0,0.0,0.0,0.0,0,0,0,0
kk_grpo_v1_train_003307,rand06,16,0.0,0.0,0.0,0.0,nan,0.0,0.0,0.0,0.0,0,0,0,0
kk_grpo_v1_train_003307,rand07,16,0.0,0.0,0.0,0.0,nan,0.0,0.0,0.0,0.0,0,0,0,0
kk_grpo_v1_train_003307,rand08,16,0.0,0.0,0.0,0.0,nan,0.0,0.0,0.0,0.0,0,0,0,0
kk_grpo_v1_train_003307,rand09,16,0.0,0.0,0.0,0.0,nan,0.0,0.0,0.0,0.0,0,0,0,0
kk_grpo_v1_train_003307,rand10,16,0.0,0.0,0.0,0.0,nan,0.0,0.0,0.0,0.0,0,0,0,0
kk_grpo_v1_train_003307,rand11,16,0.0,0.0,0.0,0.0,nan,0.0,0.0,0.0,0.0,0,0,0,0
kk_grpo_v1_train_003307,rand12,16,0.0,0.0,0.0,0.0,nan,0.0,0.0,0.0,0.0,0,0,0,0
kk_grpo_v1_train_003307,rand13,16,0.0,0.0,0.0,0.0,nan,0.0,0.0,0.0,0.0,0,0,0,0
kk_grpo_v1_train_003307,rand14,16,0.0,0.0,0.0,0.0,nan,0.0,0.0,0.0,0.0,0,0,0,0
kk_grpo_v1_train_003307,rand15,16,0.0,0.0,0.0,0.0,nan,0.0,0.0,0.0,0.0,0,0,0,0
kk_grpo_v1_train_003307,rand16,16,0.0,0.0,0.0,0.0,nan,0.0,0.0,0.0,0.0,0,0,0,0
kk_grpo_v1_train_003307,rand17,16,0.0,0.0,0.0,0.0,nan,0.0,0.0,0.0,0.0,0,0,0,0
kk_grpo_v1_train_003307,rand18,16,0.0,0.0,0.0,0.0,nan,0.0,0.0,0.0,0.0,0,0,0,0
kk_grpo_v1_train_003307,rand19,16,0.0,0.0,0.0,0.0,nan,0.0,0.0,0.0,0.0,0,0,0,0
kk_grpo_v1_train_003327,first8_last8,16,0.0,0.0,0.0,0.0,nan,0.0,0.0,0.0,0.0,0,0,0,0
kk_grpo_v1_train_003327,rand00,16,0.0,0.0,0.0,0.0,nan,0.0,0.0,0.0,0.0,0,0,0,0
kk_grpo_v1_train_003327,rand01,16,0.0,0.0,0.0,0.0,nan,0.0,0.0,0.0,0.0,0,0,0,0
kk_grpo_v1_train_003327,rand02,16,0.0,0.0,0.0,0.0,nan,0.0,0.0,0.0,0.0,0,0,0,0
kk_grpo_v1_train_003327,rand03,16,0.0,0.0,0.0,0.0,nan,0.0,0.0,0.0,0.0,0,0,0,0
kk_grpo_v1_train_003327,rand04,16,0.0,0.0,0.0,0.0,nan,0.0,0.0,0.0,0.0,0,0,0,0
kk_grpo_v1_train_003327,rand05,16,0.0,0.0,0.0,0.0,nan,0.0,0.0,0.0,0.0,0,0,0,0
kk_grpo_v1_train_003327,rand06,16,0.0,0.0,0.0,0.0,nan,0.0,0.0,0.0,0.0,0,0,0,0
kk_grpo_v1_train_003327,rand07,16,0.0,0.0,0.0,0.0,nan,0.0,0.0,0.0,0.0,0,0,0,0
kk_grpo_v1_train_003327,rand08,16,0.0,0.0,0.0,0.0,nan,0.0,0.0,0.0,0.0,0,0,0,0
kk_grpo_v1_train_003327,rand09,16,0.0,0.0,0.0,0.0,nan,0.0,0.0,0.0,0.0,0,0,0,0
kk_grpo_v1_train_003327,rand10,16,0.0,0.0,0.0,0.0,nan,0.0,0.0,0.0,0.0,0,0,0,0
kk_grpo_v1_train_003327,rand11,16,0.0,0.0,0.0,0.0,nan,0.0,0.0,0.0,0.0,0,0,0,0
kk_grpo_v1_train_003327,rand12,16,0.0,0.0,0.0,0.0,nan,0.0,0.0,0.0,0.0,0,0,0,0
kk_grpo_v1_train_003327,rand13,16,0.0,0.0,0.0,0.0,nan,0.0,0.0,0.0,0.0,0,0,0,0
kk_grpo_v1_train_003327,rand14,16,0.0,0.0,0.0,0.0,nan,0.0,0.0,0.0,0.0,0,0,0,0
kk_grpo_v1_train_003327,rand15,16,0.0,0.0,0.0,0.0,nan,0.0,0.0,0.0,0.0,0,0,0,0
kk_grpo_v1_train_003327,rand16,16,0.0,0.0,0.0,0.0,nan,0.0,0.0,0.0,0.0,0,0,0,0
kk_grpo_v1_train_003327,rand17,16,0.0,0.0,0.0,0.0,nan,0.0,0.0,0.0,0.0,0,0,0,0
kk_grpo_v1_train_003327,rand18,16,0.0,0.0,0.0,0.0,nan,0.0,0.0,0.0,0.0,0,0,0,0
kk_grpo_v1_train_003327,rand19,16,0.0,0.0,0.0,0.0,nan,0.0,0.0,0.0,0.0,0,0,0,0
kk_grpo_v1_train_003335,first8_last8,3,0.1550049662368162,0.45910937100822036,2.480079459789059,0.8024978335582992,0.9783638454036059,6.045193683235832,5.713844432475384,6.04519368323583,5.713844432475384,16,16,0,0
kk_grpo_v1_train_003335,rand00,3,0.15500496623681623,0.45910937100822036,2.4800794597890596,0.8024978335582992,0.9783638454036059,6.045193683235832,5.713844432475384,6.04519368323583,5.713844432475384,16,16,0,0
kk_grpo_v1_train_003335,rand01,3,0.15500496623681623,0.45910937100822036,2.4800794597890596,0.8024978335582992,0.978363845403606,6.045193683235832,5.713844432475384,6.04519368323583,5.713844432475384,16,16,0,0
kk_grpo_v1_train_003335,rand02,3,0.1550049662368162,0.45910937100822036,2.480079459789059,0.8024978335582992,0.9783638454036059,6.045193683235832,5.713844432475384,6.04519368323583,5.713844432475384,16,16,0,0
kk_grpo_v1_train_003335,rand03,3,0.15500496623681623,0.45910937100822036,2.4800794597890596,0.8024978335582992,0.9783638454036059,6.045193683235832,5.713844432475384,6.04519368323583,5.713844432475384,16,16,0,0
kk_grpo_v1_train_003335,rand04,3,0.15500496623681623,0.45910937100822036,2.4800794597890596,0.8024978335582992,0.9783638454036059,6.045193683235832,5.713844432475384,6.04519368323583,5.713844432475384,16,16,0,0
kk_grpo_v1_train_003335,rand05,3,0.15500496623681623,0.45910937100822036,2.4800794597890596,0.8024978335582992,0.9783638454036059,6.045193683235832,5.713844432475384,6.04519368323583,5.713844432475384,16,16,0,0
kk_grpo_v1_train_003335,rand06,3,0.15500496623681623,0.45910937100822036,2.4800794597890596,0.8024978335582992,0.978363845403606,6.045193683235832,5.713844432475384,6.04519368323583,5.713844432475384,16,16,0,0
kk_grpo_v1_train_003335,rand07,3,0.15500496623681623,0.45910937100822036,2.4800794597890596,0.8024978335582992,0.9783638454036059,6.045193683235832,5.713844432475384,6.04519368323583,5.713844432475384,16,16,0,0
kk_grpo_v1_train_003335,rand08,3,0.1550049662368162,0.45910937100822036,2.480079459789059,0.8024978335582992,0.978363845403606,6.045193683235832,5.713844432475384,6.04519368323583,5.713844432475384,16,16,0,0
kk_grpo_v1_train_003335,rand09,3,0.46501489871044854,0.8076831204872501,7.440238379367177,2.0058526729045334,0.8770580193070292,6.045193683235832,3.6221443217740807,6.04519368323583,3.622144321774081,16,8,8,0
kk_grpo_v1_train_003335,rand10,3,0.46501489871044854,0.8076831204872501,7.440238379367177,2.0058526729045334,0.8770580193070292,6.045193683235832,3.6221443217740807,6.04519368323583,3.622144321774081,16,8,8,0
kk_grpo_v1_train_003335,rand11,3,0.1550049662368162,0.45910937100822036,2.480079459789059,0.8024978335582992,0.978363845403606,6.045193683235832,5.713844432475384,6.04519368323583,5.713844432475384,16,16,0,0
kk_grpo_v1_train_003335,rand12,3,0.1550049662368162,0.45910937100822036,2.480079459789059,0.8024978335582991,0.978363845403606,6.045193683235832,5.713844432475384,6.04519368323583,5.713844432475384,16,16,0,0
kk_grpo_v1_train_003335,rand13,3,0.15500496623681623,0.45910937100822036,2.4800794597890596,0.8024978335582992,0.978363845403606,6.045193683235832,5.713844432475384,6.04519368323583,5.713844432475384,16,16,0,0
kk_grpo_v1_train_003335,rand14,3,0.46501489871044854,0.8076831204872501,7.440238379367177,2.0058526729045334,0.877058019307029,6.045193683235832,3.6221443217740807,6.04519368323583,3.622144321774081,16,8,8,0
kk_grpo_v1_train_003335,rand15,3,0.46501489871044854,0.8076831204872501,7.440238379367177,2.0058526729045334,0.877058019307029,6.045193683235832,3.6221443217740807,6.04519368323583,3.622144321774081,16,8,8,0
kk_grpo_v1_train_003335,rand16,3,0.1550049662368162,0.45910937100822036,2.480079459789059,0.8024978335582992,0.9783638454036059,6.045193683235832,5.713844432475384,6.04519368323583,5.713844432475384,16,16,0,0
kk_grpo_v1_train_003335,rand17,3,0.1550049662368162,0.45910937100822036,2.480079459789059,0.8024978335582992,0.978363845403606,6.045193683235832,5.713844432475384,6.04519368323583,5.713844432475384,16,16,0,0
kk_grpo_v1_train_003335,rand18,3,0.15500496623681623,0.45910937100822036,2.4800794597890596,0.8024978335582992,0.978363845403606,6.045193683235832,5.713844432475384,6.04519368323583,5.713844432475384,16,16,0,0
kk_grpo_v1_train_003335,rand19,3,0.15500496623681623,0.45910937100822036,2.4800794597890596,0.8024978335582992,0.9783638454036059,6.045193683235832,5.713844432475384,6.04519368323583,5.713844432475384,16,16,0,0
kk_grpo_v1_train_003337,first8_last8,5,0.3915929248061932,1.0383332077974556,6.265486796899091,1.7397152823745468,0.8961216640983372,7.1792036214468755,6.215131449794285,7.1792036214468755,6.215131449794285,16,16,0,0
kk_grpo_v1_train_003337,rand00,5,0.39159292480619323,1.0383332077974556,6.265486796899092,1.7397152823745472,0.8961216640983373,7.1792036214468755,6.215131449794285,7.1792036214468755,6.215131449794285,16,16,0,0
kk_grpo_v1_train_003337,rand01,5,0.13053097493539773,0.22845928369801483,2.0884955989663636,0.5711982268193134,0.9893329628687377,7.1792036214468755,6.861814822162635,7.1792036214468755,6.861814822162636,16,16,0,0
kk_grpo_v1_train_003337,rand02,5,0.39159292480619323,1.0383332077974556,6.265486796899092,1.739715282374547,0.8961216640983374,7.1792036214468755,6.215131449794285,7.1792036214468755,6.215131449794285,16,16,0,0
kk_grpo_v1_train_003337,rand03,5,0.13053097493539773,0.22845928369801483,2.0884955989663636,0.5711982268193134,0.9893329628687376,7.1792036214468755,6.861814822162635,7.1792036214468755,6.8618148221626365,16,16,0,0
kk_grpo_v1_train_003337,rand04,5,0.13053097493539773,0.22845928369801483,2.0884955989663636,0.5711982268193134,0.9893329628687377,7.1792036214468755,6.861814822162635,7.1792036214468755,6.861814822162636,16,16,0,0
kk_grpo_v1_train_003337,rand05,5,0.39159292480619323,1.0383332077974556,6.265486796899092,1.739715282374547,0.8961216640983373,7.1792036214468755,6.215131449794286,7.1792036214468755,6.215131449794285,16,16,0,0
kk_grpo_v1_train_003337,rand06,5,0.13053097493539773,0.22845928369801483,2.0884955989663636,0.5711982268193134,0.9893329628687376,7.1792036214468755,6.861814822162635,7.1792036214468755,6.861814822162636,16,16,0,0
kk_grpo_v1_train_003337,rand07,5,0.39159292480619323,1.0383332077974556,6.265486796899092,1.739715282374547,0.8961216640983373,7.1792036214468755,6.215131449794285,7.1792036214468755,6.215131449794285,16,16,0,0
kk_grpo_v1_train_003337,rand08,5,0.13053097493539773,0.22845928369801483,2.0884955989663636,0.5711982268193134,0.9893329628687376,7.1792036214468755,6.861814822162635,7.1792036214468755,6.861814822162636,16,16,0,0
kk_grpo_v1_train_003337,rand09,5,0.13053097493539773,0.22845928369801483,2.0884955989663636,0.5711982268193134,0.9893329628687375,7.1792036214468755,6.861814822162635,7.1792036214468755,6.861814822162636,16,16,0,0
kk_grpo_v1_train_003337,rand10,5,0.39159292480619323,1.0383332077974556,6.265486796899092,1.739715282374547,0.8961216640983373,7.1792036214468755,6.215131449794285,7.1792036214468755,6.215131449794285,16,16,0,0
kk_grpo_v1_train_003337,rand11,5,0.13053097493539773,0.22845928369801483,2.0884955989663636,0.5711982268193134,0.9893329628687376,7.1792036214468755,6.861814822162635,7.1792036214468755,6.861814822162636,16,16,0,0
kk_grpo_v1_train_003337,rand12,5,0.39159292480619323,1.0383332077974556,6.265486796899092,1.7397152823745468,0.8961216640983373,7.1792036214468755,6.215131449794285,7.1792036214468755,6.215131449794285,16,16,0,0
kk_grpo_v1_train_003337,rand13,5,0.39159292480619323,1.0383332077974556,6.265486796899092,1.739715282374547,0.8961216640983373,7.1792036214468755,6.215131449794285,7.1792036214468755,6.215131449794285,16,16,0,0
kk_grpo_v1_train_003337,rand14,5,0.13053097493539773,0.22845928369801483,2.0884955989663636,0.5711982268193135,0.9893329628687376,7.1792036214468755,6.861814822162635,7.1792036214468755,6.861814822162636,16,16,0,0
kk_grpo_v1_train_003337,rand15,5,0.39159292480619323,1.0383332077974556,6.265486796899092,1.739715282374547,0.8961216640983373,7.1792036214468755,6.215131449794285,7.1792036214468755,6.215131449794285,16,16,0,0
kk_grpo_v1_train_003337,rand16,5,0.39159292480619323,1.0383332077974556,6.265486796899092,1.7397152823745468,0.8961216640983373,7.1792036214468755,6.215131449794285,7.1792036214468755,6.215131449794285,16,16,0,0
kk_grpo_v1_train_003337,rand17,5,0.39159292480619323,1.0383332077974556,6.265486796899092,1.739715282374547,0.8961216640983373,7.1792036214468755,6.215131449794285,7.1792036214468755,6.215131449794285,16,16,0,0
kk_grpo_v1_train_003337,rand18,5,0.13053097493539773,0.22845928369801483,2.0884955989663636,0.5711982268193134,0.9893329628687376,7.1792036214468755,6.861814822162635,7.1792036214468755,6.861814822162636,16,16,0,0
kk_grpo_v1_train_003337,rand19,5,0.13053097493539773,0.22845928369801483,2.0884955989663636,0.5711982268193134,0.9893329628687375,7.1792036214468755,6.861814822162635,7.1792036214468755,6.8618148221626365,16,16,0,0
kk_grpo_v1_train_003359,first8_last8,16,0.0,0.0,0.0,0.0,nan,0.0,0.0,0.0,0.0,0,0,0,0
kk_grpo_v1_train_003359,rand00,16,0.0,0.0,0.0,0.0,nan,0.0,0.0,0.0,0.0,0,0,0,0
kk_grpo_v1_train_003359,rand01,16,0.0,0.0,0.0,0.0,nan,0.0,0.0,0.0,0.0,0,0,0,0
kk_grpo_v1_train_003359,rand02,16,0.0,0.0,0.0,0.0,nan,0.0,0.0,0.0,0.0,0,0,0,0
kk_grpo_v1_train_003359,rand03,16,0.0,0.0,0.0,0.0,nan,0.0,0.0,0.0,0.0,0,0,0,0
kk_grpo_v1_train_003359,rand04,16,0.0,0.0,0.0,0.0,nan,0.0,0.0,0.0,0.0,0,0,0,0
kk_grpo_v1_train_003359,rand05,16,0.0,0.0,0.0,0.0,nan,0.0,0.0,0.0,0.0,0,0,0,0
kk_grpo_v1_train_003359,rand06,16,0.0,0.0,0.0,0.0,nan,0.0,0.0,0.0,0.0,0,0,0,0
kk_grpo_v1_train_003359,rand07,16,0.0,0.0,0.0,0.0,nan,0.0,0.0,0.0,0.0,0,0,0,0
kk_grpo_v1_train_003359,rand08,16,0.0,0.0,0.0,0.0,nan,0.0,0.0,0.0,0.0,0,0,0,0
kk_grpo_v1_train_003359,rand09,16,0.0,0.0,0.0,0.0,nan,0.0,0.0,0.0,0.0,0,0,0,0
kk_grpo_v1_train_003359,rand10,16,0.0,0.0,0.0,0.0,nan,0.0,0.0,0.0,0.0,0,0,0,0
kk_grpo_v1_train_003359,rand11,16,0.0,0.0,0.0,0.0,nan,0.0,0.0,0.0,0.0,0,0,0,0
kk_grpo_v1_train_003359,rand12,16,0.0,0.0,0.0,0.0,nan,0.0,0.0,0.0,0.0,0,0,0,0
kk_grpo_v1_train_003359,rand13,16,0.0,0.0,0.0,0.0,nan,0.0,0.0,0.0,0.0,0,0,0,0
kk_grpo_v1_train_003359,rand14,16,0.0,0.0,0.0,0.0,nan,0.0,0.0,0.0,0.0,0,0,0,0
kk_grpo_v1_train_003359,rand15,16,0.0,0.0,0.0,0.0,nan,0.0,0.0,0.0,0.0,0,0,0,0
kk_grpo_v1_train_003359,rand16,16,0.0,0.0,0.0,0.0,nan,0.0,0.0,0.0,0.0,0,0,0,0
kk_grpo_v1_train_003359,rand17,16,0.0,0.0,0.0,0.0,nan,0.0,0.0,0.0,0.0,0,0,0,0
kk_grpo_v1_train_003359,rand18,16,0.0,0.0,0.0,0.0,nan,0.0,0.0,0.0,0.0,0,0,0,0
kk_grpo_v1_train_003359,rand19,16,0.0,0.0,0.0,0.0,nan,0.0,0.0,0.0,0.0,0,0,0,0
kk_grpo_v1_train_003396,first8_last8,0,0.0,0.0,0.0,0.0,nan,0.0,0.0,0.0,0.0,0,0,0,0
kk_grpo_v1_train_003396,rand00,0,0.0,0.0,0.0,0.0,nan,0.0,0.0,0.0,0.0,0,0,0,0
kk_grpo_v1_train_003396,rand01,0,0.0,0.0,0.0,0.0,nan,0.0,0.0,0.0,0.0,0,0,0,0
kk_grpo_v1_train_003396,rand02,0,0.0,0.0,0.0,0.0,nan,0.0,0.0,0.0,0.0,0,0,0,0
kk_grpo_v1_train_003396,rand03,0,0.0,0.0,0.0,0.0,nan,0.0,0.0,0.0,0.0,0,0,0,0
kk_grpo_v1_train_003396,rand04,0,0.0,0.0,0.0,0.0,nan,0.0,0.0,0.0,0.0,0,0,0,0
kk_grpo_v1_train_003396,rand05,0,0.0,0.0,0.0,0.0,nan,0.0,0.0,0.0,0.0,0,0,0,0
kk_grpo_v1_train_003396,rand06,0,0.0,0.0,0.0,0.0,nan,0.0,0.0,0.0,0.0,0,0,0,0
kk_grpo_v1_train_003396,rand07,0,0.0,0.0,0.0,0.0,nan,0.0,0.0,0.0,0.0,0,0,0,0
kk_grpo_v1_train_003396,rand08,0,0.0,0.0,0.0,0.0,nan,0.0,0.0,0.0,0.0,0,0,0,0
kk_grpo_v1_train_003396,rand09,0,0.0,0.0,0.0,0.0,nan,0.0,0.0,0.0,0.0,0,0,0,0
kk_grpo_v1_train_003396,rand10,0,0.0,0.0,0.0,0.0,nan,0.0,0.0,0.0,0.0,0,0,0,0
kk_grpo_v1_train_003396,rand11,0,0.0,0.0,0.0,0.0,nan,0.0,0.0,0.0,0.0,0,0,0,0
kk_grpo_v1_train_003396,rand12,0,0.0,0.0,0.0,0.0,nan,0.0,0.0,0.0,0.0,0,0,0,0
kk_grpo_v1_train_003396,rand13,0,0.0,0.0,0.0,0.0,nan,0.0,0.0,0.0,0.0,0,0,0,0
kk_grpo_v1_train_003396,rand14,0,0.0,0.0,0.0,0.0,nan,0.0,0.0,0.0,0.0,0,0,0,0
kk_grpo_v1_train_003396,rand15,0,0.0,0.0,0.0,0.0,nan,0.0,0.0,0.0,0.0,0,0,0,0
kk_grpo_v1_train_003396,rand16,0,0.0,0.0,0.0,0.0,nan,0.0,0.0,0.0,0.0,0,0,0,0
kk_grpo_v1_train_003396,rand17,0,0.0,0.0,0.0,0.0,nan,0.0,0.0,0.0,0.0,0,0,0,0
kk_grpo_v1_train_003396,rand18,0,0.0,0.0,0.0,0.0,nan,0.0,0.0,0.0,0.0,0,0,0,0
kk_grpo_v1_train_003396,rand19,0,0.0,0.0,0.0,0.0,nan,0.0,0.0,0.0,0.0,0,0,0,0
kk_grpo_v1_train_003423,first8_last8,16,0.0,0.0,0.0,0.0,nan,0.0,0.0,0.0,0.0,0,0,0,0
kk_grpo_v1_train_003423,rand00,16,0.0,0.0,0.0,0.0,nan,0.0,0.0,0.0,0.0,0,0,0,0
kk_grpo_v1_train_003423,rand01,16,0.0,0.0,0.0,0.0,nan,0.0,0.0,0.0,0.0,0,0,0,0
kk_grpo_v1_train_003423,rand02,16,0.0,0.0,0.0,0.0,nan,0.0,0.0,0.0,0.0,0,0,0,0
kk_grpo_v1_train_003423,rand03,16,0.0,0.0,0.0,0.0,nan,0.0,0.0,0.0,0.0,0,0,0,0
kk_grpo_v1_train_003423,rand04,16,0.0,0.0,0.0,0.0,nan,0.0,0.0,0.0,0.0,0,0,0,0
kk_grpo_v1_train_003423,rand05,16,0.0,0.0,0.0,0.0,nan,0.0,0.0,0.0,0.0,0,0,0,0
kk_grpo_v1_train_003423,rand06,16,0.0,0.0,0.0,0.0,nan,0.0,0.0,0.0,0.0,0,0,0,0
kk_grpo_v1_train_003423,rand07,16,0.0,0.0,0.0,0.0,nan,0.0,0.0,0.0,0.0,0,0,0,0
kk_grpo_v1_train_003423,rand08,16,0.0,0.0,0.0,0.0,nan,0.0,0.0,0.0,0.0,0,0,0,0
kk_grpo_v1_train_003423,rand09,16,0.0,0.0,0.0,0.0,nan,0.0,0.0,0.0,0.0,0,0,0,0
kk_grpo_v1_train_003423,rand10,16,0.0,0.0,0.0,0.0,nan,0.0,0.0,0.0,0.0,0,0,0,0
kk_grpo_v1_train_003423,rand11,16,0.0,0.0,0.0,0.0,nan,0.0,0.0,0.0,0.0,0,0,0,0
kk_grpo_v1_train_003423,rand12,16,0.0,0.0,0.0,0.0,nan,0.0,0.0,0.0,0.0,0,0,0,0
kk_grpo_v1_train_003423,rand13,16,0.0,0.0,0.0,0.0,nan,0.0,0.0,0.0,0.0,0,0,0,0
kk_grpo_v1_train_003423,rand14,16,0.0,0.0,0.0,0.0,nan,0.0,0.0,0.0,0.0,0,0,0,0
kk_grpo_v1_train_003423,rand15,16,0.0,0.0,0.0,0.0,nan,0.0,0.0,0.0,0.0,0,0,0,0
kk_grpo_v1_train_003423,rand16,16,0.0,0.0,0.0,0.0,nan,0.0,0.0,0.0,0.0,0,0,0,0
kk_grpo_v1_train_003423,rand17,16,0.0,0.0,0.0,0.0,nan,0.0,0.0,0.0,0.0,0,0,0,0
kk_grpo_v1_train_003423,rand18,16,0.0,0.0,0.0,0.0,nan,0.0,0.0,0.0,0.0,0,0,0,0
kk_grpo_v1_train_003423,rand19,16,0.0,0.0,0.0,0.0,nan,0.0,0.0,0.0,0.0,0,0,0,0
kk_grpo_v1_train_003425,first8_last8,13,0.46501489871044854,0.8076831204872501,7.440238379367177,2.0058526729045334,0.8770580193070292,6.04519368323583,3.622144321774081,6.045193683235832,3.6221443217740807,16,8,0,8
kk_grpo_v1_train_003425,rand00,13,0.15500496623681623,0.45910937100822036,2.4800794597890596,0.8024978335582992,0.9783638454036058,6.04519368323583,5.713844432475384,6.045193683235832,5.713844432475384,16,16,0,0
kk_grpo_v1_train_003425,rand01,13,0.1550049662368162,0.45910937100822036,2.480079459789059,0.8024978335582992,0.9783638454036058,6.04519368323583,5.713844432475384,6.045193683235832,5.713844432475384,16,16,0,0
kk_grpo_v1_train_003425,rand02,13,0.1550049662368162,0.45910937100822036,2.480079459789059,0.8024978335582992,0.9783638454036058,6.04519368323583,5.713844432475384,6.045193683235832,5.713844432475384,16,16,0,0
kk_grpo_v1_train_003425,rand03,13,0.15500496623681623,0.45910937100822036,2.4800794597890596,0.8024978335582992,0.9783638454036058,6.04519368323583,5.713844432475384,6.045193683235832,5.713844432475384,16,16,0,0
kk_grpo_v1_train_003425,rand04,13,0.1550049662368162,0.45910937100822036,2.480079459789059,0.8024978335582992,0.9783638454036058,6.04519368323583,5.713844432475384,6.045193683235832,5.713844432475384,16,16,0,0
kk_grpo_v1_train_003425,rand05,13,0.1550049662368162,0.45910937100822036,2.480079459789059,0.8024978335582992,0.9783638454036058,6.04519368323583,5.713844432475384,6.045193683235832,5.713844432475384,16,16,0,0
kk_grpo_v1_train_003425,rand06,13,0.1550049662368162,0.45910937100822036,2.480079459789059,0.8024978335582992,0.9783638454036058,6.04519368323583,5.713844432475384,6.045193683235832,5.713844432475384,16,16,0,0
kk_grpo_v1_train_003425,rand07,13,0.1550049662368162,0.45910937100822036,2.480079459789059,0.8024978335582992,0.9783638454036058,6.04519368323583,5.713844432475384,6.045193683235832,5.713844432475384,16,16,0,0
kk_grpo_v1_train_003425,rand08,13,0.15500496623681623,0.45910937100822036,2.4800794597890596,0.8024978335582992,0.9783638454036058,6.04519368323583,5.713844432475384,6.045193683235832,5.713844432475384,16,16,0,0
kk_grpo_v1_train_003425,rand09,13,0.1550049662368162,0.45910937100822036,2.480079459789059,0.8024978335582992,0.9783638454036058,6.04519368323583,5.713844432475384,6.045193683235832,5.713844432475384,16,16,0,0
kk_grpo_v1_train_003425,rand10,13,0.1550049662368162,0.45910937100822036,2.480079459789059,0.8024978335582992,0.9783638454036058,6.04519368323583,5.713844432475384,6.045193683235832,5.713844432475384,16,16,0,0
kk_grpo_v1_train_003425,rand11,13,0.1550049662368162,0.45910937100822036,2.480079459789059,0.8024978335582992,0.9783638454036058,6.04519368323583,5.713844432475384,6.045193683235832,5.713844432475384,16,16,0,0
kk_grpo_v1_train_003425,rand12,13,0.1550049662368162,0.45910937100822036,2.480079459789059,0.8024978335582992,0.9783638454036058,6.04519368323583,5.713844432475384,6.045193683235832,5.713844432475384,16,16,0,0
kk_grpo_v1_train_003425,rand13,13,0.1550049662368162,0.45910937100822036,2.480079459789059,0.8024978335582992,0.9783638454036058,6.04519368323583,5.713844432475384,6.045193683235832,5.713844432475384,16,16,0,0
kk_grpo_v1_train_003425,rand14,13,0.1550049662368162,0.45910937100822036,2.480079459789059,0.8024978335582992,0.9783638454036058,6.04519368323583,5.713844432475384,6.045193683235832,5.713844432475384,16,16,0,0
kk_grpo_v1_train_003425,rand15,13,0.46501489871044854,0.8076831204872501,7.440238379367177,2.0058526729045334,0.8770580193070292,6.04519368323583,3.622144321774081,6.045193683235832,3.6221443217740807,16,8,0,8
kk_grpo_v1_train_003425,rand16,13,0.15500496623681623,0.45910937100822036,2.4800794597890596,0.8024978335582992,0.9783638454036058,6.04519368323583,5.713844432475384,6.045193683235832,5.713844432475384,16,16,0,0
kk_grpo_v1_train_003425,rand17,13,0.15500496623681623,0.45910937100822036,2.4800794597890596,0.8024978335582992,0.9783638454036058,6.04519368323583,5.713844432475384,6.045193683235832,5.713844432475384,16,16,0,0
kk_grpo_v1_train_003425,rand18,13,0.1550049662368162,0.45910937100822036,2.480079459789059,0.8024978335582992,0.9783638454036058,6.04519368323583,5.713844432475384,6.045193683235832,5.713844432475384,16,16,0,0
kk_grpo_v1_train_003425,rand19,13,0.15500496623681623,0.45910937100822036,2.4800794597890596,0.8024978335582992,0.9783638454036058,6.04519368323583,5.713844432475384,6.045193683235832,5.713844432475384,16,16,0,0
kk_grpo_v1_train_003433,first8_last8,16,0.0,0.0,0.0,0.0,nan,0.0,0.0,0.0,0.0,0,0,0,0
kk_grpo_v1_train_003433,rand00,16,0.0,0.0,0.0,0.0,nan,0.0,0.0,0.0,0.0,0,0,0,0
kk_grpo_v1_train_003433,rand01,16,0.0,0.0,0.0,0.0,nan,0.0,0.0,0.0,0.0,0,0,0,0
kk_grpo_v1_train_003433,rand02,16,0.0,0.0,0.0,0.0,nan,0.0,0.0,0.0,0.0,0,0,0,0
kk_grpo_v1_train_003433,rand03,16,0.0,0.0,0.0,0.0,nan,0.0,0.0,0.0,0.0,0,0,0,0
kk_grpo_v1_train_003433,rand04,16,0.0,0.0,0.0,0.0,nan,0.0,0.0,0.0,0.0,0,0,0,0
kk_grpo_v1_train_003433,rand05,16,0.0,0.0,0.0,0.0,nan,0.0,0.0,0.0,0.0,0,0,0,0
kk_grpo_v1_train_003433,rand06,16,0.0,0.0,0.0,0.0,nan,0.0,0.0,0.0,0.0,0,0,0,0
kk_grpo_v1_train_003433,rand07,16,0.0,0.0,0.0,0.0,nan,0.0,0.0,0.0,0.0,0,0,0,0
kk_grpo_v1_train_003433,rand08,16,0.0,0.0,0.0,0.0,nan,0.0,0.0,0.0,0.0,0,0,0,0
kk_grpo_v1_train_003433,rand09,16,0.0,0.0,0.0,0.0,nan,0.0,0.0,0.0,0.0,0,0,0,0
kk_grpo_v1_train_003433,rand10,16,0.0,0.0,0.0,0.0,nan,0.0,0.0,0.0,0.0,0,0,0,0
kk_grpo_v1_train_003433,rand11,16,0.0,0.0,0.0,0.0,nan,0.0,0.0,0.0,0.0,0,0,0,0
kk_grpo_v1_train_003433,rand12,16,0.0,0.0,0.0,0.0,nan,0.0,0.0,0.0,0.0,0,0,0,0
kk_grpo_v1_train_003433,rand13,16,0.0,0.0,0.0,0.0,nan,0.0,0.0,0.0,0.0,0,0,0,0
kk_grpo_v1_train_003433,rand14,16,0.0,0.0,0.0,0.0,nan,0.0,0.0,0.0,0.0,0,0,0,0
kk_grpo_v1_train_003433,rand15,16,0.0,0.0,0.0,0.0,nan,0.0,0.0,0.0,0.0,0,0,0,0
kk_grpo_v1_train_003433,rand16,16,0.0,0.0,0.0,0.0,nan,0.0,0.0,0.0,0.0,0,0,0,0
kk_grpo_v1_train_003433,rand17,16,0.0,0.0,0.0,0.0,nan,0.0,0.0,0.0,0.0,0,0,0,0
kk_grpo_v1_train_003433,rand18,16,0.0,0.0,0.0,0.0,nan,0.0,0.0,0.0,0.0,0,0,0,0
kk_grpo_v1_train_003433,rand19,16,0.0,0.0,0.0,0.0,nan,0.0,0.0,0.0,0.0,0,0,0,0
kk_grpo_v1_train_003442,first8_last8,14,0.021703494729079675,0.08681397891631848,0.3472559156652748,0.131250399163762,1.0000000000000002,5.1219758220062985,4.948347864173661,5.1219758220062985,4.948347864173662,16,16,0,0
kk_grpo_v1_train_003442,rand00,14,0.021703494729079675,0.08681397891631848,0.3472559156652748,0.131250399163762,1.0000000000000002,5.1219758220062985,4.948347864173661,5.1219758220062985,4.948347864173662,16,16,0,0
kk_grpo_v1_train_003442,rand01,14,0.36585541585759274,0.9411526608088725,5.853686653721484,1.7390173715233752,0.9258200997725513,5.1219758220062985,3.239670500388554,5.1219758220062985,3.2396705003885535,16,8,0,8
kk_grpo_v1_train_003442,rand02,14,0.3658554158575928,0.9411526608088725,5.853686653721485,1.7390173715233752,0.9258200997725513,5.1219758220062985,3.239670500388554,5.1219758220062985,3.2396705003885535,16,8,0,8
kk_grpo_v1_train_003442,rand03,14,0.3658554158575928,0.9411526608088725,5.853686653721485,1.7390173715233752,0.9258200997725513,5.1219758220062985,3.239670500388554,5.1219758220062985,3.2396705003885535,16,8,0,8
kk_grpo_v1_train_003442,rand04,14,0.021703494729079675,0.08681397891631848,0.3472559156652748,0.131250399163762,1.0000000000000002,5.1219758220062985,4.948347864173661,5.1219758220062985,4.948347864173662,16,16,0,0
kk_grpo_v1_train_003442,rand05,14,0.3658554158575928,0.9411526608088725,5.853686653721485,1.7390173715233752,0.9258200997725513,5.1219758220062985,3.239670500388554,5.1219758220062985,3.2396705003885535,16,8,0,8
kk_grpo_v1_train_003442,rand06,14,0.021703494729079675,0.08681397891631848,0.3472559156652748,0.131250399163762,1.0000000000000002,5.1219758220062985,4.948347864173661,5.1219758220062985,4.948347864173662,16,16,0,0
kk_grpo_v1_train_003442,rand07,14,0.3658554158575928,0.9411526608088725,5.853686653721485,1.7390173715233752,0.9258200997725513,5.1219758220062985,3.239670500388554,5.1219758220062985,3.2396705003885535,16,8,0,8
kk_grpo_v1_train_003442,rand08,14,0.021703494729079675,0.08681397891631848,0.3472559156652748,0.131250399163762,1.0000000000000002,5.1219758220062985,4.948347864173661,5.1219758220062985,4.948347864173662,16,16,0,0
kk_grpo_v1_train_003442,rand09,14,0.3658554158575928,0.9411526608088725,5.853686653721485,1.7390173715233752,0.9258200997725513,5.1219758220062985,3.239670500388554,5.1219758220062985,3.2396705003885535,16,8,0,8
kk_grpo_v1_train_003442,rand10,14,0.3658554158575928,0.9411526608088725,5.853686653721485,1.739017371523375,0.9258200997725513,5.1219758220062985,3.239670500388554,5.1219758220062985,3.2396705003885535,16,8,0,8
kk_grpo_v1_train_003442,rand11,14,0.021703494729079675,0.08681397891631848,0.3472559156652748,0.131250399163762,1.0000000000000002,5.1219758220062985,4.948347864173661,5.1219758220062985,4.948347864173662,16,16,0,0
kk_grpo_v1_train_003442,rand12,14,0.3658554158575928,0.9411526608088725,5.853686653721485,1.7390173715233752,0.9258200997725513,5.1219758220062985,3.239670500388554,5.1219758220062985,3.2396705003885535,16,8,0,8
kk_grpo_v1_train_003442,rand13,14,0.021703494729079675,0.08681397891631848,0.3472559156652748,0.131250399163762,1.0000000000000002,5.1219758220062985,4.948347864173661,5.1219758220062985,4.948347864173662,16,16,0,0
kk_grpo_v1_train_003442,rand14,14,0.021703494729079675,0.08681397891631848,0.3472559156652748,0.131250399163762,1.0000000000000002,5.1219758220062985,4.948347864173661,5.1219758220062985,4.948347864173662,16,16,0,0
kk_grpo_v1_train_003442,rand15,14,0.3658554158575928,0.9411526608088725,5.853686653721485,1.739017371523375,0.9258200997725513,5.1219758220062985,3.239670500388554,5.1219758220062985,3.2396705003885535,16,8,0,8
kk_grpo_v1_train_003442,rand16,14,0.021703494729079675,0.08681397891631848,0.3472559156652748,0.131250399163762,1.0000000000000002,5.1219758220062985,4.948347864173661,5.1219758220062985,4.948347864173662,16,16,0,0
kk_grpo_v1_train_003442,rand17,14,0.021703494729079675,0.08681397891631848,0.3472559156652748,0.131250399163762,1.0000000000000002,5.1219758220062985,4.948347864173661,5.1219758220062985,4.948347864173662,16,16,0,0
kk_grpo_v1_train_003442,rand18,14,0.3658554158575928,0.9411526608088725,5.853686653721485,1.739017371523375,0.9258200997725513,5.1219758220062985,3.239670500388554,5.1219758220062985,3.2396705003885535,16,8,0,8
kk_grpo_v1_train_003442,rand19,14,0.021703494729079675,0.08681397891631848,0.3472559156652748,0.131250399163762,1.0000000000000002,5.1219758220062985,4.948347864173661,5.1219758220062985,4.948347864173662,16,16,0,0
kk_grpo_v1_train_003486,first8_last8,14,0.021703494729079675,0.08681397891631848,0.3472559156652748,0.131250399163762,1.0,5.1219758220062985,4.948347864173661,5.1219758220062985,4.948347864173662,16,16,0,0
kk_grpo_v1_train_003486,rand00,14,0.3658554158575928,0.9411526608088725,5.853686653721485,1.7390173715233752,0.9258200997725513,5.1219758220062985,3.239670500388554,5.1219758220062985,3.2396705003885535,16,8,0,8
kk_grpo_v1_train_003486,rand01,14,0.021703494729079675,0.08681397891631848,0.3472559156652748,0.131250399163762,1.0,5.1219758220062985,4.948347864173661,5.1219758220062985,4.948347864173662,16,16,0,0
kk_grpo_v1_train_003486,rand02,14,0.3658554158575928,0.9411526608088725,5.853686653721485,1.7390173715233752,0.9258200997725513,5.1219758220062985,3.239670500388554,5.1219758220062985,3.2396705003885535,16,8,0,8
kk_grpo_v1_train_003486,rand03,14,0.3658554158575928,0.9411526608088725,5.853686653721485,1.739017371523375,0.9258200997725513,5.1219758220062985,3.239670500388554,5.1219758220062985,3.2396705003885535,16,8,0,8
kk_grpo_v1_train_003486,rand04,14,0.021703494729079675,0.08681397891631848,0.3472559156652748,0.131250399163762,1.0,5.1219758220062985,4.948347864173661,5.1219758220062985,4.948347864173662,16,16,0,0
kk_grpo_v1_train_003486,rand05,14,0.3658554158575928,0.9411526608088725,5.853686653721485,1.7390173715233752,0.9258200997725513,5.1219758220062985,3.239670500388554,5.1219758220062985,3.2396705003885535,16,8,0,8
kk_grpo_v1_train_003486,rand06,14,0.3658554158575928,0.9411526608088725,5.853686653721485,1.739017371523375,0.9258200997725513,5.1219758220062985,3.239670500388554,5.1219758220062985,3.2396705003885535,16,8,0,8
kk_grpo_v1_train_003486,rand07,14,0.021703494729079675,0.08681397891631848,0.3472559156652748,0.131250399163762,1.0,5.1219758220062985,4.948347864173661,5.1219758220062985,4.948347864173662,16,16,0,0
kk_grpo_v1_train_003486,rand08,14,0.021703494729079675,0.08681397891631848,0.3472559156652748,0.131250399163762,1.0,5.1219758220062985,4.948347864173661,5.1219758220062985,4.948347864173662,16,16,0,0
kk_grpo_v1_train_003486,rand09,14,0.3658554158575928,0.9411526608088725,5.853686653721485,1.7390173715233752,0.9258200997725513,5.1219758220062985,3.239670500388554,5.1219758220062985,3.2396705003885535,16,8,0,8
kk_grpo_v1_train_003486,rand10,14,0.021703494729079675,0.08681397891631848,0.3472559156652748,0.131250399163762,1.0,5.1219758220062985,4.948347864173661,5.1219758220062985,4.948347864173662,16,16,0,0
kk_grpo_v1_train_003486,rand11,14,0.3658554158575928,0.9411526608088725,5.853686653721485,1.7390173715233752,0.9258200997725513,5.1219758220062985,3.239670500388554,5.1219758220062985,3.2396705003885535,16,8,0,8
kk_grpo_v1_train_003486,rand12,14,0.3658554158575928,0.9411526608088725,5.853686653721485,1.7390173715233752,0.9258200997725513,5.1219758220062985,3.239670500388554,5.1219758220062985,3.2396705003885535,16,8,0,8
kk_grpo_v1_train_003486,rand13,14,0.3658554158575928,0.9411526608088725,5.853686653721485,1.7390173715233752,0.9258200997725513,5.1219758220062985,3.239670500388554,5.1219758220062985,3.2396705003885535,16,8,0,8
kk_grpo_v1_train_003486,rand14,14,0.3658554158575928,0.9411526608088725,5.853686653721485,1.7390173715233752,0.9258200997725513,5.1219758220062985,3.239670500388554,5.1219758220062985,3.2396705003885535,16,8,0,8
kk_grpo_v1_train_003486,rand15,14,0.021703494729079675,0.08681397891631848,0.3472559156652748,0.131250399163762,1.0,5.1219758220062985,4.948347864173661,5.1219758220062985,4.948347864173662,16,16,0,0
kk_grpo_v1_train_003486,rand16,14,0.021703494729079675,0.08681397891631848,0.3472559156652748,0.131250399163762,1.0,5.1219758220062985,4.948347864173661,5.1219758220062985,4.948347864173662,16,16,0,0
kk_grpo_v1_train_003486,rand17,14,0.3658554158575928,0.9411526608088725,5.853686653721485,1.7390173715233752,0.9258200997725513,5.1219758220062985,3.239670500388554,5.1219758220062985,3.2396705003885535,16,8,0,8
kk_grpo_v1_train_003486,rand18,14,0.021703494729079675,0.08681397891631848,0.3472559156652748,0.131250399163762,1.0,5.1219758220062985,4.948347864173661,5.1219758220062985,4.948347864173662,16,16,0,0
kk_grpo_v1_train_003486,rand19,14,0.021703494729079675,0.08681397891631848,0.3472559156652748,0.131250399163762,1.0,5.1219758220062985,4.948347864173661,5.1219758220062985,4.948347864173662,16,16,0,0
kk_grpo_v1_train_003502,first8_last8,0,0.0,0.0,0.0,0.0,nan,0.0,0.0,0.0,0.0,0,0,0,0
kk_grpo_v1_train_003502,rand00,0,0.0,0.0,0.0,0.0,nan,0.0,0.0,0.0,0.0,0,0,0,0
kk_grpo_v1_train_003502,rand01,0,0.0,0.0,0.0,0.0,nan,0.0,0.0,0.0,0.0,0,0,0,0
kk_grpo_v1_train_003502,rand02,0,0.0,0.0,0.0,0.0,nan,0.0,0.0,0.0,0.0,0,0,0,0
kk_grpo_v1_train_003502,rand03,0,0.0,0.0,0.0,0.0,nan,0.0,0.0,0.0,0.0,0,0,0,0
kk_grpo_v1_train_003502,rand04,0,0.0,0.0,0.0,0.0,nan,0.0,0.0,0.0,0.0,0,0,0,0
kk_grpo_v1_train_003502,rand05,0,0.0,0.0,0.0,0.0,nan,0.0,0.0,0.0,0.0,0,0,0,0
kk_grpo_v1_train_003502,rand06,0,0.0,0.0,0.0,0.0,nan,0.0,0.0,0.0,0.0,0,0,0,0
kk_grpo_v1_train_003502,rand07,0,0.0,0.0,0.0,0.0,nan,0.0,0.0,0.0,0.0,0,0,0,0
kk_grpo_v1_train_003502,rand08,0,0.0,0.0,0.0,0.0,nan,0.0,0.0,0.0,0.0,0,0,0,0
kk_grpo_v1_train_003502,rand09,0,0.0,0.0,0.0,0.0,nan,0.0,0.0,0.0,0.0,0,0,0,0
kk_grpo_v1_train_003502,rand10,0,0.0,0.0,0.0,0.0,nan,0.0,0.0,0.0,0.0,0,0,0,0
kk_grpo_v1_train_003502,rand11,0,0.0,0.0,0.0,0.0,nan,0.0,0.0,0.0,0.0,0,0,0,0
kk_grpo_v1_train_003502,rand12,0,0.0,0.0,0.0,0.0,nan,0.0,0.0,0.0,0.0,0,0,0,0
kk_grpo_v1_train_003502,rand13,0,0.0,0.0,0.0,0.0,nan,0.0,0.0,0.0,0.0,0,0,0,0
kk_grpo_v1_train_003502,rand14,0,0.0,0.0,0.0,0.0,nan,0.0,0.0,0.0,0.0,0,0,0,0
kk_grpo_v1_train_003502,rand15,0,0.0,0.0,0.0,0.0,nan,0.0,0.0,0.0,0.0,0,0,0,0
kk_grpo_v1_train_003502,rand16,0,0.0,0.0,0.0,0.0,nan,0.0,0.0,0.0,0.0,0,0,0,0
kk_grpo_v1_train_003502,rand17,0,0.0,0.0,0.0,0.0,nan,0.0,0.0,0.0,0.0,0,0,0,0
kk_grpo_v1_train_003502,rand18,0,0.0,0.0,0.0,0.0,nan,0.0,0.0,0.0,0.0,0,0,0,0
kk_grpo_v1_train_003502,rand19,0,0.0,0.0,0.0,0.0,nan,0.0,0.0,0.0,0.0,0,0,0,0
kk_grpo_v1_train_003539,first8_last8,16,0.0,0.0,0.0,0.0,nan,0.0,0.0,0.0,0.0,0,0,0,0
kk_grpo_v1_train_003539,rand00,16,0.0,0.0,0.0,0.0,nan,0.0,0.0,0.0,0.0,0,0,0,0
kk_grpo_v1_train_003539,rand01,16,0.0,0.0,0.0,0.0,nan,0.0,0.0,0.0,0.0,0,0,0,0
kk_grpo_v1_train_003539,rand02,16,0.0,0.0,0.0,0.0,nan,0.0,0.0,0.0,0.0,0,0,0,0
kk_grpo_v1_train_003539,rand03,16,0.0,0.0,0.0,0.0,nan,0.0,0.0,0.0,0.0,0,0,0,0
kk_grpo_v1_train_003539,rand04,16,0.0,0.0,0.0,0.0,nan,0.0,0.0,0.0,0.0,0,0,0,0
kk_grpo_v1_train_003539,rand05,16,0.0,0.0,0.0,0.0,nan,0.0,0.0,0.0,0.0,0,0,0,0
kk_grpo_v1_train_003539,rand06,16,0.0,0.0,0.0,0.0,nan,0.0,0.0,0.0,0.0,0,0,0,0
kk_grpo_v1_train_003539,rand07,16,0.0,0.0,0.0,0.0,nan,0.0,0.0,0.0,0.0,0,0,0,0
kk_grpo_v1_train_003539,rand08,16,0.0,0.0,0.0,0.0,nan,0.0,0.0,0.0,0.0,0,0,0,0
kk_grpo_v1_train_003539,rand09,16,0.0,0.0,0.0,0.0,nan,0.0,0.0,0.0,0.0,0,0,0,0
kk_grpo_v1_train_003539,rand10,16,0.0,0.0,0.0,0.0,nan,0.0,0.0,0.0,0.0,0,0,0,0
kk_grpo_v1_train_003539,rand11,16,0.0,0.0,0.0,0.0,nan,0.0,0.0,0.0,0.0,0,0,0,0
kk_grpo_v1_train_003539,rand12,16,0.0,0.0,0.0,0.0,nan,0.0,0.0,0.0,0.0,0,0,0,0
kk_grpo_v1_train_003539,rand13,16,0.0,0.0,0.0,0.0,nan,0.0,0.0,0.0,0.0,0,0,0,0
kk_grpo_v1_train_003539,rand14,16,0.0,0.0,0.0,0.0,nan,0.0,0.0,0.0,0.0,0,0,0,0
kk_grpo_v1_train_003539,rand15,16,0.0,0.0,0.0,0.0,nan,0.0,0.0,0.0,0.0,0,0,0,0
kk_grpo_v1_train_003539,rand16,16,0.0,0.0,0.0,0.0,nan,0.0,0.0,0.0,0.0,0,0,0,0
kk_grpo_v1_train_003539,rand17,16,0.0,0.0,0.0,0.0,nan,0.0,0.0,0.0,0.0,0,0,0,0
kk_grpo_v1_train_003539,rand18,16,0.0,0.0,0.0,0.0,nan,0.0,0.0,0.0,0.0,0,0,0,0
kk_grpo_v1_train_003539,rand19,16,0.0,0.0,0.0,0.0,nan,0.0,0.0,0.0,0.0,0,0,0,0
kk_grpo_v1_train_003545,first8_last8,2,0.3658554158575928,0.9411526608088725,5.853686653721485,1.7390173715233752,0.9258200997725513,5.1219758220062985,3.2396705003885535,5.1219758220062985,3.239670500388554,16,8,8,0
kk_grpo_v1_train_003545,rand00,2,0.021703494729079675,0.08681397891631848,0.3472559156652748,0.131250399163762,1.0,5.1219758220062985,4.948347864173662,5.1219758220062985,4.948347864173661,16,16,0,0
kk_grpo_v1_train_003545,rand01,2,0.021703494729079675,0.08681397891631848,0.3472559156652748,0.131250399163762,1.0,5.1219758220062985,4.948347864173662,5.1219758220062985,4.948347864173661,16,16,0,0
kk_grpo_v1_train_003545,rand02,2,0.3658554158575928,0.9411526608088725,5.853686653721485,1.739017371523375,0.9258200997725513,5.1219758220062985,3.2396705003885535,5.1219758220062985,3.239670500388554,16,8,8,0
kk_grpo_v1_train_003545,rand03,2,0.021703494729079675,0.08681397891631848,0.3472559156652748,0.131250399163762,1.0,5.1219758220062985,4.948347864173662,5.1219758220062985,4.948347864173661,16,16,0,0
kk_grpo_v1_train_003545,rand04,2,0.021703494729079675,0.08681397891631848,0.3472559156652748,0.131250399163762,1.0,5.1219758220062985,4.948347864173662,5.1219758220062985,4.948347864173661,16,16,0,0
kk_grpo_v1_train_003545,rand05,2,0.021703494729079675,0.08681397891631848,0.3472559156652748,0.131250399163762,1.0,5.1219758220062985,4.948347864173662,5.1219758220062985,4.948347864173661,16,16,0,0
kk_grpo_v1_train_003545,rand06,2,0.3658554158575928,0.9411526608088725,5.853686653721485,1.7390173715233752,0.9258200997725513,5.1219758220062985,3.2396705003885535,5.1219758220062985,3.239670500388554,16,8,8,0
kk_grpo_v1_train_003545,rand07,2,0.3658554158575928,0.9411526608088725,5.853686653721485,1.7390173715233752,0.9258200997725513,5.1219758220062985,3.2396705003885535,5.1219758220062985,3.239670500388554,16,8,8,0
kk_grpo_v1_train_003545,rand08,2,0.021703494729079675,0.08681397891631848,0.3472559156652748,0.131250399163762,1.0,5.1219758220062985,4.948347864173662,5.1219758220062985,4.948347864173661,16,16,0,0
kk_grpo_v1_train_003545,rand09,2,0.3658554158575928,0.9411526608088725,5.853686653721485,1.7390173715233752,0.9258200997725513,5.1219758220062985,3.2396705003885535,5.1219758220062985,3.239670500388554,16,8,8,0
kk_grpo_v1_train_003545,rand10,2,0.021703494729079675,0.08681397891631848,0.3472559156652748,0.131250399163762,1.0,5.1219758220062985,4.948347864173662,5.1219758220062985,4.948347864173661,16,16,0,0
kk_grpo_v1_train_003545,rand11,2,0.3658554158575928,0.9411526608088725,5.853686653721485,1.7390173715233752,0.9258200997725513,5.1219758220062985,3.2396705003885535,5.1219758220062985,3.239670500388554,16,8,8,0
kk_grpo_v1_train_003545,rand12,2,0.021703494729079675,0.08681397891631848,0.3472559156652748,0.131250399163762,1.0,5.1219758220062985,4.948347864173662,5.1219758220062985,4.948347864173661,16,16,0,0
kk_grpo_v1_train_003545,rand13,2,0.021703494729079675,0.08681397891631848,0.3472559156652748,0.131250399163762,1.0,5.1219758220062985,4.948347864173662,5.1219758220062985,4.948347864173661,16,16,0,0
kk_grpo_v1_train_003545,rand14,2,0.021703494729079675,0.08681397891631848,0.3472559156652748,0.131250399163762,1.0,5.1219758220062985,4.948347864173662,5.1219758220062985,4.948347864173661,16,16,0,0
kk_grpo_v1_train_003545,rand15,2,0.3658554158575928,0.9411526608088725,5.853686653721485,1.739017371523375,0.9258200997725513,5.1219758220062985,3.2396705003885535,5.1219758220062985,3.239670500388554,16,8,8,0
kk_grpo_v1_train_003545,rand16,2,0.3658554158575928,0.9411526608088725,5.853686653721485,1.739017371523375,0.9258200997725513,5.1219758220062985,3.2396705003885535,5.1219758220062985,3.239670500388554,16,8,8,0
kk_grpo_v1_train_003545,rand17,2,0.3658554158575928,0.9411526608088725,5.853686653721485,1.739017371523375,0.9258200997725513,5.1219758220062985,3.2396705003885535,5.1219758220062985,3.239670500388554,16,8,8,0
kk_grpo_v1_train_003545,rand18,2,0.3658554158575928,0.9411526608088725,5.853686653721485,1.7390173715233752,0.9258200997725513,5.1219758220062985,3.2396705003885535,5.1219758220062985,3.239670500388554,16,8,8,0
kk_grpo_v1_train_003545,rand19,2,0.3658554158575928,0.9411526608088725,5.853686653721485,1.739017371523375,0.9258200997725513,5.1219758220062985,3.2396705003885535,5.1219758220062985,3.239670500388554,16,8,8,0
kk_grpo_v1_train_003567,first8_last8,16,0.0,0.0,0.0,0.0,nan,0.0,0.0,0.0,0.0,0,0,0,0
kk_grpo_v1_train_003567,rand00,16,0.0,0.0,0.0,0.0,nan,0.0,0.0,0.0,0.0,0,0,0,0
kk_grpo_v1_train_003567,rand01,16,0.0,0.0,0.0,0.0,nan,0.0,0.0,0.0,0.0,0,0,0,0
kk_grpo_v1_train_003567,rand02,16,0.0,0.0,0.0,0.0,nan,0.0,0.0,0.0,0.0,0,0,0,0
kk_grpo_v1_train_003567,rand03,16,0.0,0.0,0.0,0.0,nan,0.0,0.0,0.0,0.0,0,0,0,0
kk_grpo_v1_train_003567,rand04,16,0.0,0.0,0.0,0.0,nan,0.0,0.0,0.0,0.0,0,0,0,0
kk_grpo_v1_train_003567,rand05,16,0.0,0.0,0.0,0.0,nan,0.0,0.0,0.0,0.0,0,0,0,0
kk_grpo_v1_train_003567,rand06,16,0.0,0.0,0.0,0.0,nan,0.0,0.0,0.0,0.0,0,0,0,0
kk_grpo_v1_train_003567,rand07,16,0.0,0.0,0.0,0.0,nan,0.0,0.0,0.0,0.0,0,0,0,0
kk_grpo_v1_train_003567,rand08,16,0.0,0.0,0.0,0.0,nan,0.0,0.0,0.0,0.0,0,0,0,0
kk_grpo_v1_train_003567,rand09,16,0.0,0.0,0.0,0.0,nan,0.0,0.0,0.0,0.0,0,0,0,0
kk_grpo_v1_train_003567,rand10,16,0.0,0.0,0.0,0.0,nan,0.0,0.0,0.0,0.0,0,0,0,0
kk_grpo_v1_train_003567,rand11,16,0.0,0.0,0.0,0.0,nan,0.0,0.0,0.0,0.0,0,0,0,0
kk_grpo_v1_train_003567,rand12,16,0.0,0.0,0.0,0.0,nan,0.0,0.0,0.0,0.0,0,0,0,0
kk_grpo_v1_train_003567,rand13,16,0.0,0.0,0.0,0.0,nan,0.0,0.0,0.0,0.0,0,0,0,0
kk_grpo_v1_train_003567,rand14,16,0.0,0.0,0.0,0.0,nan,0.0,0.0,0.0,0.0,0,0,0,0
kk_grpo_v1_train_003567,rand15,16,0.0,0.0,0.0,0.0,nan,0.0,0.0,0.0,0.0,0,0,0,0
kk_grpo_v1_train_003567,rand16,16,0.0,0.0,0.0,0.0,nan,0.0,0.0,0.0,0.0,0,0,0,0
kk_grpo_v1_train_003567,rand17,16,0.0,0.0,0.0,0.0,nan,0.0,0.0,0.0,0.0,0,0,0,0
kk_grpo_v1_train_003567,rand18,16,0.0,0.0,0.0,0.0,nan,0.0,0.0,0.0,0.0,0,0,0,0
kk_grpo_v1_train_003567,rand19,16,0.0,0.0,0.0,0.0,nan,0.0,0.0,0.0,0.0,0,0,0,0
kk_grpo_v1_train_003582,first8_last8,16,0.0,0.0,0.0,0.0,nan,0.0,0.0,0.0,0.0,0,0,0,0
kk_grpo_v1_train_003582,rand00,16,0.0,0.0,0.0,0.0,nan,0.0,0.0,0.0,0.0,0,0,0,0
kk_grpo_v1_train_003582,rand01,16,0.0,0.0,0.0,0.0,nan,0.0,0.0,0.0,0.0,0,0,0,0
kk_grpo_v1_train_003582,rand02,16,0.0,0.0,0.0,0.0,nan,0.0,0.0,0.0,0.0,0,0,0,0
kk_grpo_v1_train_003582,rand03,16,0.0,0.0,0.0,0.0,nan,0.0,0.0,0.0,0.0,0,0,0,0
kk_grpo_v1_train_003582,rand04,16,0.0,0.0,0.0,0.0,nan,0.0,0.0,0.0,0.0,0,0,0,0
kk_grpo_v1_train_003582,rand05,16,0.0,0.0,0.0,0.0,nan,0.0,0.0,0.0,0.0,0,0,0,0
kk_grpo_v1_train_003582,rand06,16,0.0,0.0,0.0,0.0,nan,0.0,0.0,0.0,0.0,0,0,0,0
kk_grpo_v1_train_003582,rand07,16,0.0,0.0,0.0,0.0,nan,0.0,0.0,0.0,0.0,0,0,0,0
kk_grpo_v1_train_003582,rand08,16,0.0,0.0,0.0,0.0,nan,0.0,0.0,0.0,0.0,0,0,0,0
kk_grpo_v1_train_003582,rand09,16,0.0,0.0,0.0,0.0,nan,0.0,0.0,0.0,0.0,0,0,0,0
kk_grpo_v1_train_003582,rand10,16,0.0,0.0,0.0,0.0,nan,0.0,0.0,0.0,0.0,0,0,0,0
kk_grpo_v1_train_003582,rand11,16,0.0,0.0,0.0,0.0,nan,0.0,0.0,0.0,0.0,0,0,0,0
kk_grpo_v1_train_003582,rand12,16,0.0,0.0,0.0,0.0,nan,0.0,0.0,0.0,0.0,0,0,0,0
kk_grpo_v1_train_003582,rand13,16,0.0,0.0,0.0,0.0,nan,0.0,0.0,0.0,0.0,0,0,0,0
kk_grpo_v1_train_003582,rand14,16,0.0,0.0,0.0,0.0,nan,0.0,0.0,0.0,0.0,0,0,0,0
kk_grpo_v1_train_003582,rand15,16,0.0,0.0,0.0,0.0,nan,0.0,0.0,0.0,0.0,0,0,0,0
kk_grpo_v1_train_003582,rand16,16,0.0,0.0,0.0,0.0,nan,0.0,0.0,0.0,0.0,0,0,0,0
kk_grpo_v1_train_003582,rand17,16,0.0,0.0,0.0,0.0,nan,0.0,0.0,0.0,0.0,0,0,0,0
kk_grpo_v1_train_003582,rand18,16,0.0,0.0,0.0,0.0,nan,0.0,0.0,0.0,0.0,0,0,0,0
kk_grpo_v1_train_003582,rand19,16,0.0,0.0,0.0,0.0,nan,0.0,0.0,0.0,0.0,0,0,0,0
kk_grpo_v1_train_003585,first8_last8,16,0.0,0.0,0.0,0.0,nan,0.0,0.0,0.0,0.0,0,0,0,0
kk_grpo_v1_train_003585,rand00,16,0.0,0.0,0.0,0.0,nan,0.0,0.0,0.0,0.0,0,0,0,0
kk_grpo_v1_train_003585,rand01,16,0.0,0.0,0.0,0.0,nan,0.0,0.0,0.0,0.0,0,0,0,0
kk_grpo_v1_train_003585,rand02,16,0.0,0.0,0.0,0.0,nan,0.0,0.0,0.0,0.0,0,0,0,0
kk_grpo_v1_train_003585,rand03,16,0.0,0.0,0.0,0.0,nan,0.0,0.0,0.0,0.0,0,0,0,0
kk_grpo_v1_train_003585,rand04,16,0.0,0.0,0.0,0.0,nan,0.0,0.0,0.0,0.0,0,0,0,0
kk_grpo_v1_train_003585,rand05,16,0.0,0.0,0.0,0.0,nan,0.0,0.0,0.0,0.0,0,0,0,0
kk_grpo_v1_train_003585,rand06,16,0.0,0.0,0.0,0.0,nan,0.0,0.0,0.0,0.0,0,0,0,0
kk_grpo_v1_train_003585,rand07,16,0.0,0.0,0.0,0.0,nan,0.0,0.0,0.0,0.0,0,0,0,0
kk_grpo_v1_train_003585,rand08,16,0.0,0.0,0.0,0.0,nan,0.0,0.0,0.0,0.0,0,0,0,0
kk_grpo_v1_train_003585,rand09,16,0.0,0.0,0.0,0.0,nan,0.0,0.0,0.0,0.0,0,0,0,0
kk_grpo_v1_train_003585,rand10,16,0.0,0.0,0.0,0.0,nan,0.0,0.0,0.0,0.0,0,0,0,0
kk_grpo_v1_train_003585,rand11,16,0.0,0.0,0.0,0.0,nan,0.0,0.0,0.0,0.0,0,0,0,0
kk_grpo_v1_train_003585,rand12,16,0.0,0.0,0.0,0.0,nan,0.0,0.0,0.0,0.0,0,0,0,0
kk_grpo_v1_train_003585,rand13,16,0.0,0.0,0.0,0.0,nan,0.0,0.0,0.0,0.0,0,0,0,0
kk_grpo_v1_train_003585,rand14,16,0.0,0.0,0.0,0.0,nan,0.0,0.0,0.0,0.0,0,0,0,0
kk_grpo_v1_train_003585,rand15,16,0.0,0.0,0.0,0.0,nan,0.0,0.0,0.0,0.0,0,0,0,0
kk_grpo_v1_train_003585,rand16,16,0.0,0.0,0.0,0.0,nan,0.0,0.0,0.0,0.0,0,0,0,0
kk_grpo_v1_train_003585,rand17,16,0.0,0.0,0.0,0.0,nan,0.0,0.0,0.0,0.0,0,0,0,0
kk_grpo_v1_train_003585,rand18,16,0.0,0.0,0.0,0.0,nan,0.0,0.0,0.0,0.0,0,0,0,0
kk_grpo_v1_train_003585,rand19,16,0.0,0.0,0.0,0.0,nan,0.0,0.0,0.0,0.0,0,0,0,0
kk_grpo_v1_train_003593,first8_last8,16,0.0,0.0,0.0,0.0,nan,0.0,0.0,0.0,0.0,0,0,0,0
kk_grpo_v1_train_003593,rand00,16,0.0,0.0,0.0,0.0,nan,0.0,0.0,0.0,0.0,0,0,0,0
kk_grpo_v1_train_003593,rand01,16,0.0,0.0,0.0,0.0,nan,0.0,0.0,0.0,0.0,0,0,0,0
kk_grpo_v1_train_003593,rand02,16,0.0,0.0,0.0,0.0,nan,0.0,0.0,0.0,0.0,0,0,0,0
kk_grpo_v1_train_003593,rand03,16,0.0,0.0,0.0,0.0,nan,0.0,0.0,0.0,0.0,0,0,0,0
kk_grpo_v1_train_003593,rand04,16,0.0,0.0,0.0,0.0,nan,0.0,0.0,0.0,0.0,0,0,0,0
kk_grpo_v1_train_003593,rand05,16,0.0,0.0,0.0,0.0,nan,0.0,0.0,0.0,0.0,0,0,0,0
kk_grpo_v1_train_003593,rand06,16,0.0,0.0,0.0,0.0,nan,0.0,0.0,0.0,0.0,0,0,0,0
kk_grpo_v1_train_003593,rand07,16,0.0,0.0,0.0,0.0,nan,0.0,0.0,0.0,0.0,0,0,0,0
kk_grpo_v1_train_003593,rand08,16,0.0,0.0,0.0,0.0,nan,0.0,0.0,0.0,0.0,0,0,0,0
kk_grpo_v1_train_003593,rand09,16,0.0,0.0,0.0,0.0,nan,0.0,0.0,0.0,0.0,0,0,0,0
kk_grpo_v1_train_003593,rand10,16,0.0,0.0,0.0,0.0,nan,0.0,0.0,0.0,0.0,0,0,0,0
kk_grpo_v1_train_003593,rand11,16,0.0,0.0,0.0,0.0,nan,0.0,0.0,0.0,0.0,0,0,0,0
kk_grpo_v1_train_003593,rand12,16,0.0,0.0,0.0,0.0,nan,0.0,0.0,0.0,0.0,0,0,0,0
kk_grpo_v1_train_003593,rand13,16,0.0,0.0,0.0,0.0,nan,0.0,0.0,0.0,0.0,0,0,0,0
kk_grpo_v1_train_003593,rand14,16,0.0,0.0,0.0,0.0,nan,0.0,0.0,0.0,0.0,0,0,0,0
kk_grpo_v1_train_003593,rand15,16,0.0,0.0,0.0,0.0,nan,0.0,0.0,0.0,0.0,0,0,0,0
kk_grpo_v1_train_003593,rand16,16,0.0,0.0,0.0,0.0,nan,0.0,0.0,0.0,0.0,0,0,0,0
kk_grpo_v1_train_003593,rand17,16,0.0,0.0,0.0,0.0,nan,0.0,0.0,0.0,0.0,0,0,0,0
kk_grpo_v1_train_003593,rand18,16,0.0,0.0,0.0,0.0,nan,0.0,0.0,0.0,0.0,0,0,0,0
kk_grpo_v1_train_003593,rand19,16,0.0,0.0,0.0,0.0,nan,0.0,0.0,0.0,0.0,0,0,0,0
kk_grpo_v1_train_003603,first8_last8,4,0.2794460111597743,0.797497865128185,4.471136178556389,1.3149762555890876,0.9409062372905538,6.706704267834583,6.096318253860911,6.706704267834585,6.096318253860911,16,16,0,0
kk_grpo_v1_train_003603,rand00,4,0.02842040838218446,0.05684081676436903,0.45472653411495134,0.13126824343946647,1.0000000000000002,6.706704267834583,6.479341000777107,6.706704267834585,6.479341000777108,16,16,0,0
kk_grpo_v1_train_003603,rand01,4,0.2794460111597743,0.797497865128185,4.471136178556389,1.3149762555890874,0.9409062372905538,6.706704267834583,6.096318253860912,6.706704267834585,6.096318253860913,16,16,0,0
kk_grpo_v1_train_003603,rand02,4,0.2794460111597743,0.797497865128185,4.471136178556389,1.3149762555890876,0.9409062372905539,6.706704267834583,6.096318253860912,6.706704267834585,6.096318253860913,16,16,0,0
kk_grpo_v1_train_003603,rand03,4,0.02842040838218446,0.05684081676436903,0.45472653411495134,0.13126824343946647,1.0000000000000002,6.706704267834583,6.479341000777107,6.706704267834585,6.479341000777108,16,16,0,0
kk_grpo_v1_train_003603,rand04,4,0.2794460111597743,0.797497865128185,4.471136178556389,1.3149762555890876,0.9409062372905538,6.706704267834583,6.096318253860912,6.706704267834585,6.096318253860911,16,16,0,0
kk_grpo_v1_train_003603,rand05,4,0.5588920223195486,0.7414366875317822,8.942272357112778,2.2944160739017083,0.8164965809277263,6.706704267834583,3.7409575177074545,6.706704267834585,3.7409575177074545,16,8,8,0
kk_grpo_v1_train_003603,rand06,4,0.2794460111597743,0.797497865128185,4.471136178556389,1.3149762555890876,0.9409062372905537,6.706704267834583,6.096318253860912,6.706704267834585,6.096318253860911,16,16,0,0
kk_grpo_v1_train_003603,rand07,4,0.02842040838218446,0.05684081676436903,0.45472653411495134,0.13126824343946647,1.0000000000000002,6.706704267834583,6.479341000777107,6.706704267834585,6.479341000777108,16,16,0,0
kk_grpo_v1_train_003603,rand08,4,0.02842040838218446,0.05684081676436903,0.45472653411495134,0.13126824343946647,1.0000000000000002,6.706704267834583,6.479341000777107,6.706704267834585,6.479341000777108,16,16,0,0
kk_grpo_v1_train_003603,rand09,4,0.27944601115977435,0.797497865128185,4.47113617855639,1.3149762555890876,0.9409062372905538,6.706704267834583,6.096318253860912,6.706704267834585,6.096318253860913,16,16,0,0
kk_grpo_v1_train_003603,rand10,4,0.02842040838218446,0.05684081676436903,0.45472653411495134,0.13126824343946647,1.0000000000000002,6.706704267834583,6.479341000777107,6.706704267834585,6.479341000777108,16,16,0,0
kk_grpo_v1_train_003603,rand11,4,0.02842040838218446,0.05684081676436903,0.45472653411495134,0.13126824343946647,1.0000000000000002,6.706704267834583,6.479341000777107,6.706704267834585,6.479341000777108,16,16,0,0
kk_grpo_v1_train_003603,rand12,4,0.2794460111597743,0.797497865128185,4.471136178556389,1.3149762555890876,0.9409062372905539,6.706704267834583,6.096318253860912,6.706704267834585,6.096318253860911,16,16,0,0
kk_grpo_v1_train_003603,rand13,4,0.2794460111597743,0.797497865128185,4.471136178556389,1.3149762555890876,0.9409062372905539,6.706704267834583,6.096318253860911,6.706704267834585,6.096318253860911,16,16,0,0
kk_grpo_v1_train_003603,rand14,4,0.2794460111597743,0.797497865128185,4.471136178556389,1.3149762555890874,0.9409062372905539,6.706704267834583,6.096318253860912,6.706704267834585,6.096318253860913,16,16,0,0
kk_grpo_v1_train_003603,rand15,4,0.02842040838218446,0.05684081676436903,0.45472653411495134,0.13126824343946647,1.0000000000000002,6.706704267834583,6.479341000777107,6.706704267834585,6.479341000777108,16,16,0,0
kk_grpo_v1_train_003603,rand16,4,0.5588920223195486,0.7414366875317822,8.942272357112778,2.2944160739017083,0.8164965809277263,6.706704267834583,3.7409575177074545,6.706704267834585,3.7409575177074545,16,8,8,0
kk_grpo_v1_train_003603,rand17,4,0.02842040838218446,0.05684081676436903,0.45472653411495134,0.13126824343946647,1.0000000000000002,6.706704267834583,6.479341000777107,6.706704267834585,6.479341000777108,16,16,0,0
kk_grpo_v1_train_003603,rand18,4,0.02842040838218446,0.05684081676436903,0.45472653411495134,0.13126824343946647,1.0000000000000002,6.706704267834583,6.479341000777107,6.706704267834585,6.479341000777108,16,16,0,0
kk_grpo_v1_train_003603,rand19,4,0.2794460111597743,0.797497865128185,4.471136178556389,1.3149762555890876,0.9409062372905539,6.706704267834583,6.096318253860912,6.706704267834585,6.096318253860911,16,16,0,0
kk_grpo_v1_train_003622,first8_last8,9,0.12196370424099345,0.16243395874207756,1.9514192678558953,0.5018226911514689,0.9919027162310939,7.683713367182588,7.363101839481535,7.683713367182588,7.363101839481536,16,16,0,0
kk_grpo_v1_train_003622,rand00,9,0.36589111272298036,0.5221619120253356,5.854257803567686,1.4858880716296636,0.9243864041916474,7.683713367182588,6.861814822162635,7.683713367182588,6.861814822162634,16,16,0,0
kk_grpo_v1_train_003622,rand01,9,0.12196370424099345,0.16243395874207756,1.9514192678558953,0.501822691151469,0.991902716231094,7.683713367182588,7.363101839481535,7.683713367182588,7.363101839481536,16,16,0,0
kk_grpo_v1_train_003622,rand02,9,0.12196370424099345,0.16243395874207756,1.9514192678558953,0.5018226911514689,0.991902716231094,7.683713367182588,7.363101839481535,7.683713367182588,7.363101839481535,16,16,0,0
kk_grpo_v1_train_003622,rand03,9,0.36589111272298036,0.5221619120253356,5.854257803567686,1.4858880716296636,0.9243864041916474,7.683713367182588,6.861814822162635,7.683713367182588,6.861814822162636,16,16,0,0
kk_grpo_v1_train_003622,rand04,9,0.12196370424099345,0.16243395874207756,1.9514192678558953,0.501822691151469,0.9919027162310939,7.683713367182588,7.363101839481536,7.683713367182588,7.363101839481536,16,16,0,0
kk_grpo_v1_train_003622,rand05,9,0.12196370424099345,0.16243395874207756,1.9514192678558953,0.5018226911514689,0.9919027162310939,7.683713367182588,7.363101839481535,7.683713367182588,7.363101839481535,16,16,0,0
kk_grpo_v1_train_003622,rand06,9,0.12196370424099345,0.16243395874207756,1.9514192678558953,0.5018226911514689,0.9919027162310939,7.683713367182588,7.363101839481536,7.683713367182588,7.363101839481536,16,16,0,0
kk_grpo_v1_train_003622,rand07,9,0.12196370424099345,0.16243395874207756,1.9514192678558953,0.501822691151469,0.9919027162310939,7.683713367182588,7.363101839481536,7.683713367182588,7.363101839481535,16,16,0,0
kk_grpo_v1_train_003622,rand08,9,0.12196370424099345,0.16243395874207756,1.9514192678558953,0.501822691151469,0.991902716231094,7.683713367182588,7.363101839481536,7.683713367182588,7.363101839481535,16,16,0,0
kk_grpo_v1_train_003622,rand09,9,0.12196370424099345,0.16243395874207756,1.9514192678558953,0.501822691151469,0.991902716231094,7.683713367182588,7.363101839481536,7.683713367182588,7.363101839481535,16,16,0,0
kk_grpo_v1_train_003622,rand10,9,0.12196370424099345,0.16243395874207756,1.9514192678558953,0.5018226911514689,0.991902716231094,7.683713367182588,7.363101839481536,7.683713367182588,7.363101839481535,16,16,0,0
kk_grpo_v1_train_003622,rand11,9,0.12196370424099345,0.16243395874207756,1.9514192678558953,0.501822691151469,0.9919027162310938,7.683713367182588,7.363101839481535,7.683713367182588,7.363101839481535,16,16,0,0
kk_grpo_v1_train_003622,rand12,9,0.12196370424099345,0.16243395874207756,1.9514192678558953,0.501822691151469,0.9919027162310939,7.683713367182588,7.363101839481536,7.683713367182588,7.363101839481535,16,16,0,0
kk_grpo_v1_train_003622,rand13,9,0.6098185212049673,1.3765005939178896,9.757096339279476,2.585914265927114,0.7697725570677818,7.683713367182588,5.713844432475384,7.683713367182588,5.713844432475384,16,16,0,0
kk_grpo_v1_train_003622,rand14,9,0.12196370424099345,0.16243395874207756,1.9514192678558953,0.501822691151469,0.9919027162310939,7.683713367182588,7.363101839481535,7.683713367182588,7.363101839481535,16,16,0,0
kk_grpo_v1_train_003622,rand15,9,0.36589111272298036,0.5221619120253356,5.854257803567686,1.4858880716296636,0.9243864041916475,7.683713367182588,6.861814822162636,7.683713367182588,6.861814822162635,16,16,0,0
kk_grpo_v1_train_003622,rand16,9,0.36589111272298036,0.5221619120253356,5.854257803567686,1.4858880716296636,0.9243864041916475,7.683713367182588,6.861814822162636,7.683713367182588,6.861814822162636,16,16,0,0
kk_grpo_v1_train_003622,rand17,9,0.12196370424099345,0.16243395874207756,1.9514192678558953,0.5018226911514689,0.991902716231094,7.683713367182588,7.363101839481536,7.683713367182588,7.363101839481536,16,16,0,0
kk_grpo_v1_train_003622,rand18,9,0.12196370424099345,0.16243395874207756,1.9514192678558953,0.501822691151469,0.9919027162310939,7.683713367182588,7.363101839481535,7.683713367182588,7.363101839481536,16,16,0,0
kk_grpo_v1_train_003622,rand19,9,0.36589111272298036,0.5221619120253356,5.854257803567686,1.4858880716296636,0.9243864041916474,7.683713367182588,6.861814822162635,7.683713367182588,6.861814822162634,16,16,0,0
kk_grpo_v1_train_003713,first8_last8,16,0.0,0.0,0.0,0.0,nan,0.0,0.0,0.0,0.0,0,0,0,0
kk_grpo_v1_train_003713,rand00,16,0.0,0.0,0.0,0.0,nan,0.0,0.0,0.0,0.0,0,0,0,0
kk_grpo_v1_train_003713,rand01,16,0.0,0.0,0.0,0.0,nan,0.0,0.0,0.0,0.0,0,0,0,0
kk_grpo_v1_train_003713,rand02,16,0.0,0.0,0.0,0.0,nan,0.0,0.0,0.0,0.0,0,0,0,0
kk_grpo_v1_train_003713,rand03,16,0.0,0.0,0.0,0.0,nan,0.0,0.0,0.0,0.0,0,0,0,0
kk_grpo_v1_train_003713,rand04,16,0.0,0.0,0.0,0.0,nan,0.0,0.0,0.0,0.0,0,0,0,0
kk_grpo_v1_train_003713,rand05,16,0.0,0.0,0.0,0.0,nan,0.0,0.0,0.0,0.0,0,0,0,0
kk_grpo_v1_train_003713,rand06,16,0.0,0.0,0.0,0.0,nan,0.0,0.0,0.0,0.0,0,0,0,0
kk_grpo_v1_train_003713,rand07,16,0.0,0.0,0.0,0.0,nan,0.0,0.0,0.0,0.0,0,0,0,0
kk_grpo_v1_train_003713,rand08,16,0.0,0.0,0.0,0.0,nan,0.0,0.0,0.0,0.0,0,0,0,0
kk_grpo_v1_train_003713,rand09,16,0.0,0.0,0.0,0.0,nan,0.0,0.0,0.0,0.0,0,0,0,0
kk_grpo_v1_train_003713,rand10,16,0.0,0.0,0.0,0.0,nan,0.0,0.0,0.0,0.0,0,0,0,0
kk_grpo_v1_train_003713,rand11,16,0.0,0.0,0.0,0.0,nan,0.0,0.0,0.0,0.0,0,0,0,0
kk_grpo_v1_train_003713,rand12,16,0.0,0.0,0.0,0.0,nan,0.0,0.0,0.0,0.0,0,0,0,0
kk_grpo_v1_train_003713,rand13,16,0.0,0.0,0.0,0.0,nan,0.0,0.0,0.0,0.0,0,0,0,0
kk_grpo_v1_train_003713,rand14,16,0.0,0.0,0.0,0.0,nan,0.0,0.0,0.0,0.0,0,0,0,0
kk_grpo_v1_train_003713,rand15,16,0.0,0.0,0.0,0.0,nan,0.0,0.0,0.0,0.0,0,0,0,0
kk_grpo_v1_train_003713,rand16,16,0.0,0.0,0.0,0.0,nan,0.0,0.0,0.0,0.0,0,0,0,0
kk_grpo_v1_train_003713,rand17,16,0.0,0.0,0.0,0.0,nan,0.0,0.0,0.0,0.0,0,0,0,0
kk_grpo_v1_train_003713,rand18,16,0.0,0.0,0.0,0.0,nan,0.0,0.0,0.0,0.0,0,0,0,0
kk_grpo_v1_train_003713,rand19,16,0.0,0.0,0.0,0.0,nan,0.0,0.0,0.0,0.0,0,0,0,0
kk_grpo_v1_train_003721,first8_last8,16,0.0,0.0,0.0,0.0,nan,0.0,0.0,0.0,0.0,0,0,0,0
kk_grpo_v1_train_003721,rand00,16,0.0,0.0,0.0,0.0,nan,0.0,0.0,0.0,0.0,0,0,0,0
kk_grpo_v1_train_003721,rand01,16,0.0,0.0,0.0,0.0,nan,0.0,0.0,0.0,0.0,0,0,0,0
kk_grpo_v1_train_003721,rand02,16,0.0,0.0,0.0,0.0,nan,0.0,0.0,0.0,0.0,0,0,0,0
kk_grpo_v1_train_003721,rand03,16,0.0,0.0,0.0,0.0,nan,0.0,0.0,0.0,0.0,0,0,0,0
kk_grpo_v1_train_003721,rand04,16,0.0,0.0,0.0,0.0,nan,0.0,0.0,0.0,0.0,0,0,0,0
kk_grpo_v1_train_003721,rand05,16,0.0,0.0,0.0,0.0,nan,0.0,0.0,0.0,0.0,0,0,0,0
kk_grpo_v1_train_003721,rand06,16,0.0,0.0,0.0,0.0,nan,0.0,0.0,0.0,0.0,0,0,0,0
kk_grpo_v1_train_003721,rand07,16,0.0,0.0,0.0,0.0,nan,0.0,0.0,0.0,0.0,0,0,0,0
kk_grpo_v1_train_003721,rand08,16,0.0,0.0,0.0,0.0,nan,0.0,0.0,0.0,0.0,0,0,0,0
kk_grpo_v1_train_003721,rand09,16,0.0,0.0,0.0,0.0,nan,0.0,0.0,0.0,0.0,0,0,0,0
kk_grpo_v1_train_003721,rand10,16,0.0,0.0,0.0,0.0,nan,0.0,0.0,0.0,0.0,0,0,0,0
kk_grpo_v1_train_003721,rand11,16,0.0,0.0,0.0,0.0,nan,0.0,0.0,0.0,0.0,0,0,0,0
kk_grpo_v1_train_003721,rand12,16,0.0,0.0,0.0,0.0,nan,0.0,0.0,0.0,0.0,0,0,0,0
kk_grpo_v1_train_003721,rand13,16,0.0,0.0,0.0,0.0,nan,0.0,0.0,0.0,0.0,0,0,0,0
kk_grpo_v1_train_003721,rand14,16,0.0,0.0,0.0,0.0,nan,0.0,0.0,0.0,0.0,0,0,0,0
kk_grpo_v1_train_003721,rand15,16,0.0,0.0,0.0,0.0,nan,0.0,0.0,0.0,0.0,0,0,0,0
kk_grpo_v1_train_003721,rand16,16,0.0,0.0,0.0,0.0,nan,0.0,0.0,0.0,0.0,0,0,0,0
kk_grpo_v1_train_003721,rand17,16,0.0,0.0,0.0,0.0,nan,0.0,0.0,0.0,0.0,0,0,0,0
kk_grpo_v1_train_003721,rand18,16,0.0,0.0,0.0,0.0,nan,0.0,0.0,0.0,0.0,0,0,0,0
kk_grpo_v1_train_003721,rand19,16,0.0,0.0,0.0,0.0,nan,0.0,0.0,0.0,0.0,0,0,0,0
kk_grpo_v1_train_003746,first8_last8,14,0.3658554158575928,0.9411526608088725,5.853686653721485,1.739017371523375,0.9258200997725513,5.1219758220062985,3.239670500388554,5.1219758220062985,3.2396705003885535,16,8,0,8
kk_grpo_v1_train_003746,rand00,14,0.021703494729079675,0.08681397891631848,0.3472559156652748,0.131250399163762,0.9999999999999998,5.1219758220062985,4.948347864173661,5.1219758220062985,4.948347864173662,16,16,0,0
kk_grpo_v1_train_003746,rand01,14,0.021703494729079675,0.08681397891631848,0.3472559156652748,0.131250399163762,0.9999999999999998,5.1219758220062985,4.948347864173661,5.1219758220062985,4.948347864173662,16,16,0,0
kk_grpo_v1_train_003746,rand02,14,0.3658554158575928,0.9411526608088725,5.853686653721485,1.7390173715233752,0.9258200997725513,5.1219758220062985,3.239670500388554,5.1219758220062985,3.2396705003885535,16,8,0,8
kk_grpo_v1_train_003746,rand03,14,0.021703494729079675,0.08681397891631848,0.3472559156652748,0.131250399163762,0.9999999999999998,5.1219758220062985,4.948347864173661,5.1219758220062985,4.948347864173662,16,16,0,0
kk_grpo_v1_train_003746,rand04,14,0.021703494729079675,0.08681397891631848,0.3472559156652748,0.131250399163762,0.9999999999999998,5.1219758220062985,4.948347864173661,5.1219758220062985,4.948347864173662,16,16,0,0
kk_grpo_v1_train_003746,rand05,14,0.3658554158575928,0.9411526608088725,5.853686653721485,1.739017371523375,0.9258200997725513,5.1219758220062985,3.239670500388554,5.1219758220062985,3.2396705003885535,16,8,0,8
kk_grpo_v1_train_003746,rand06,14,0.3658554158575928,0.9411526608088725,5.853686653721485,1.739017371523375,0.9258200997725513,5.1219758220062985,3.239670500388554,5.1219758220062985,3.2396705003885535,16,8,0,8
kk_grpo_v1_train_003746,rand07,14,0.3658554158575928,0.9411526608088725,5.853686653721485,1.7390173715233752,0.9258200997725513,5.1219758220062985,3.239670500388554,5.1219758220062985,3.2396705003885535,16,8,0,8
kk_grpo_v1_train_003746,rand08,14,0.3658554158575928,0.9411526608088725,5.853686653721485,1.7390173715233752,0.9258200997725513,5.1219758220062985,3.239670500388554,5.1219758220062985,3.2396705003885535,16,8,0,8
kk_grpo_v1_train_003746,rand09,14,0.021703494729079675,0.08681397891631848,0.3472559156652748,0.131250399163762,0.9999999999999998,5.1219758220062985,4.948347864173661,5.1219758220062985,4.948347864173662,16,16,0,0
kk_grpo_v1_train_003746,rand10,14,0.021703494729079675,0.08681397891631848,0.3472559156652748,0.131250399163762,0.9999999999999998,5.1219758220062985,4.948347864173661,5.1219758220062985,4.948347864173662,16,16,0,0
kk_grpo_v1_train_003746,rand11,14,0.3658554158575928,0.9411526608088725,5.853686653721485,1.7390173715233752,0.9258200997725513,5.1219758220062985,3.239670500388554,5.1219758220062985,3.2396705003885535,16,8,0,8
kk_grpo_v1_train_003746,rand12,14,0.021703494729079675,0.08681397891631848,0.3472559156652748,0.131250399163762,0.9999999999999998,5.1219758220062985,4.948347864173661,5.1219758220062985,4.948347864173662,16,16,0,0
kk_grpo_v1_train_003746,rand13,14,0.3658554158575928,0.9411526608088725,5.853686653721485,1.7390173715233752,0.9258200997725513,5.1219758220062985,3.239670500388554,5.1219758220062985,3.2396705003885535,16,8,0,8
kk_grpo_v1_train_003746,rand14,14,0.021703494729079675,0.08681397891631848,0.3472559156652748,0.131250399163762,0.9999999999999998,5.1219758220062985,4.948347864173661,5.1219758220062985,4.948347864173662,16,16,0,0
kk_grpo_v1_train_003746,rand15,14,0.021703494729079675,0.08681397891631848,0.3472559156652748,0.131250399163762,0.9999999999999998,5.1219758220062985,4.948347864173661,5.1219758220062985,4.948347864173662,16,16,0,0
kk_grpo_v1_train_003746,rand16,14,0.3658554158575928,0.9411526608088725,5.853686653721485,1.7390173715233752,0.9258200997725513,5.1219758220062985,3.239670500388554,5.1219758220062985,3.2396705003885535,16,8,0,8
kk_grpo_v1_train_003746,rand17,14,0.3658554158575928,0.9411526608088725,5.853686653721485,1.7390173715233752,0.9258200997725513,5.1219758220062985,3.239670500388554,5.1219758220062985,3.2396705003885535,16,8,0,8
kk_grpo_v1_train_003746,rand18,14,0.021703494729079675,0.08681397891631848,0.3472559156652748,0.131250399163762,0.9999999999999998,5.1219758220062985,4.948347864173661,5.1219758220062985,4.948347864173662,16,16,0,0
kk_grpo_v1_train_003746,rand19,14,0.3658554158575928,0.9411526608088725,5.853686653721485,1.7390173715233752,0.9258200997725513,5.1219758220062985,3.239670500388554,5.1219758220062985,3.2396705003885535,16,8,0,8
kk_grpo_v1_train_003782,first8_last8,6,0.031776457048981244,0.04236860939864173,0.5084233127836999,0.131274334882325,1.0,7.498500299940012,7.244288643548162,7.498500299940012,7.244288643548163,16,16,0,0
kk_grpo_v1_train_003782,rand00,6,0.24995000999800038,0.3700852002042747,3.999200159968006,1.0350996674610249,0.9636123758498016,7.498500299940012,6.980628018096008,7.498500299940012,6.980628018096008,16,16,0,0
kk_grpo_v1_train_003782,rand01,6,0.49990001999600076,1.2244238820968287,7.998400319936012,2.146378920801531,0.8415721228140902,7.498500299940012,6.096318253860913,7.498500299940012,6.096318253860911,16,16,0,0
kk_grpo_v1_train_003782,rand02,6,0.24995000999800038,0.3700852002042747,3.999200159968006,1.0350996674610249,0.9636123758498016,7.498500299940012,6.980628018096008,7.498500299940012,6.980628018096008,16,16,0,0
kk_grpo_v1_train_003782,rand03,6,0.031776457048981244,0.04236860939864173,0.5084233127836999,0.131274334882325,1.0,7.498500299940012,7.244288643548162,7.498500299940012,7.244288643548163,16,16,0,0
kk_grpo_v1_train_003782,rand04,6,0.031776457048981244,0.04236860939864173,0.5084233127836999,0.131274334882325,1.0,7.498500299940012,7.244288643548162,7.498500299940012,7.244288643548163,16,16,0,0
kk_grpo_v1_train_003782,rand05,6,0.24995000999800038,0.3700852002042747,3.999200159968006,1.0350996674610249,0.9636123758498016,7.498500299940012,6.980628018096008,7.498500299940012,6.9806280180960085,16,16,0,0
kk_grpo_v1_train_003782,rand06,6,0.24995000999800038,0.3700852002042747,3.999200159968006,1.0350996674610249,0.9636123758498016,7.498500299940012,6.980628018096008,7.498500299940012,6.9806280180960085,16,16,0,0
kk_grpo_v1_train_003782,rand07,6,0.031776457048981244,0.04236860939864173,0.5084233127836999,0.131274334882325,1.0,7.498500299940012,7.244288643548162,7.498500299940012,7.244288643548163,16,16,0,0
kk_grpo_v1_train_003782,rand08,6,0.24995000999800038,0.3700852002042747,3.999200159968006,1.0350996674610249,0.9636123758498017,7.498500299940012,6.980628018096008,7.498500299940012,6.9806280180960085,16,16,0,0
kk_grpo_v1_train_003782,rand09,6,0.24995000999800038,0.3700852002042747,3.999200159968006,1.0350996674610249,0.9636123758498015,7.498500299940012,6.9806280180960085,7.498500299940012,6.9806280180960085,16,16,0,0
kk_grpo_v1_train_003782,rand10,6,0.031776457048981244,0.04236860939864173,0.5084233127836999,0.131274334882325,1.0,7.498500299940012,7.244288643548162,7.498500299940012,7.244288643548163,16,16,0,0
kk_grpo_v1_train_003782,rand11,6,0.031776457048981244,0.04236860939864173,0.5084233127836999,0.131274334882325,1.0,7.498500299940012,7.244288643548162,7.498500299940012,7.244288643548163,16,16,0,0
kk_grpo_v1_train_003782,rand12,6,0.49990001999600076,1.2244238820968287,7.998400319936012,2.146378920801531,0.8415721228140902,7.498500299940012,6.096318253860913,7.498500299940012,6.096318253860912,16,16,0,0
kk_grpo_v1_train_003782,rand13,6,0.031776457048981244,0.04236860939864173,0.5084233127836999,0.131274334882325,1.0,7.498500299940012,7.244288643548162,7.498500299940012,7.244288643548163,16,16,0,0
kk_grpo_v1_train_003782,rand14,6,0.24995000999800038,0.3700852002042747,3.999200159968006,1.0350996674610249,0.9636123758498017,7.498500299940012,6.980628018096008,7.498500299940012,6.9806280180960085,16,16,0,0
kk_grpo_v1_train_003782,rand15,6,0.031776457048981244,0.04236860939864173,0.5084233127836999,0.131274334882325,1.0,7.498500299940012,7.244288643548162,7.498500299940012,7.244288643548163,16,16,0,0
kk_grpo_v1_train_003782,rand16,6,0.24995000999800038,0.3700852002042747,3.999200159968006,1.0350996674610249,0.9636123758498016,7.498500299940012,6.9806280180960085,7.498500299940012,6.980628018096008,16,16,0,0
kk_grpo_v1_train_003782,rand17,6,0.031776457048981244,0.04236860939864173,0.5084233127836999,0.131274334882325,1.0,7.498500299940012,7.244288643548162,7.498500299940012,7.244288643548163,16,16,0,0
kk_grpo_v1_train_003782,rand18,6,0.24995000999800038,0.3700852002042747,3.999200159968006,1.0350996674610249,0.9636123758498016,7.498500299940012,6.980628018096008,7.498500299940012,6.980628018096008,16,16,0,0
kk_grpo_v1_train_003782,rand19,6,0.031776457048981244,0.04236860939864173,0.5084233127836999,0.131274334882325,1.0,7.498500299940012,7.244288643548162,7.498500299940012,7.244288643548163,16,16,0,0
kk_grpo_v1_train_003799,first8_last8,16,0.0,0.0,0.0,0.0,nan,0.0,0.0,0.0,0.0,0,0,0,0
kk_grpo_v1_train_003799,rand00,16,0.0,0.0,0.0,0.0,nan,0.0,0.0,0.0,0.0,0,0,0,0
kk_grpo_v1_train_003799,rand01,16,0.0,0.0,0.0,0.0,nan,0.0,0.0,0.0,0.0,0,0,0,0
kk_grpo_v1_train_003799,rand02,16,0.0,0.0,0.0,0.0,nan,0.0,0.0,0.0,0.0,0,0,0,0
kk_grpo_v1_train_003799,rand03,16,0.0,0.0,0.0,0.0,nan,0.0,0.0,0.0,0.0,0,0,0,0
kk_grpo_v1_train_003799,rand04,16,0.0,0.0,0.0,0.0,nan,0.0,0.0,0.0,0.0,0,0,0,0
kk_grpo_v1_train_003799,rand05,16,0.0,0.0,0.0,0.0,nan,0.0,0.0,0.0,0.0,0,0,0,0
kk_grpo_v1_train_003799,rand06,16,0.0,0.0,0.0,0.0,nan,0.0,0.0,0.0,0.0,0,0,0,0
kk_grpo_v1_train_003799,rand07,16,0.0,0.0,0.0,0.0,nan,0.0,0.0,0.0,0.0,0,0,0,0
kk_grpo_v1_train_003799,rand08,16,0.0,0.0,0.0,0.0,nan,0.0,0.0,0.0,0.0,0,0,0,0
kk_grpo_v1_train_003799,rand09,16,0.0,0.0,0.0,0.0,nan,0.0,0.0,0.0,0.0,0,0,0,0
kk_grpo_v1_train_003799,rand10,16,0.0,0.0,0.0,0.0,nan,0.0,0.0,0.0,0.0,0,0,0,0
kk_grpo_v1_train_003799,rand11,16,0.0,0.0,0.0,0.0,nan,0.0,0.0,0.0,0.0,0,0,0,0
kk_grpo_v1_train_003799,rand12,16,0.0,0.0,0.0,0.0,nan,0.0,0.0,0.0,0.0,0,0,0,0
kk_grpo_v1_train_003799,rand13,16,0.0,0.0,0.0,0.0,nan,0.0,0.0,0.0,0.0,0,0,0,0
kk_grpo_v1_train_003799,rand14,16,0.0,0.0,0.0,0.0,nan,0.0,0.0,0.0,0.0,0,0,0,0
kk_grpo_v1_train_003799,rand15,16,0.0,0.0,0.0,0.0,nan,0.0,0.0,0.0,0.0,0,0,0,0
kk_grpo_v1_train_003799,rand16,16,0.0,0.0,0.0,0.0,nan,0.0,0.0,0.0,0.0,0,0,0,0
kk_grpo_v1_train_003799,rand17,16,0.0,0.0,0.0,0.0,nan,0.0,0.0,0.0,0.0,0,0,0,0
kk_grpo_v1_train_003799,rand18,16,0.0,0.0,0.0,0.0,nan,0.0,0.0,0.0,0.0,0,0,0,0
kk_grpo_v1_train_003799,rand19,16,0.0,0.0,0.0,0.0,nan,0.0,0.0,0.0,0.0,0,0,0,0
kk_grpo_v1_train_003828,first8_last8,12,0.02842040838218446,0.05684081676436903,0.45472653411495134,0.13126824343946647,1.0,6.706704267834585,6.479341000777108,6.706704267834583,6.479341000777107,16,16,0,0
kk_grpo_v1_train_003828,rand00,12,0.02842040838218446,0.05684081676436903,0.45472653411495134,0.13126824343946647,1.0,6.706704267834585,6.479341000777108,6.706704267834583,6.479341000777107,16,16,0,0
kk_grpo_v1_train_003828,rand01,12,0.02842040838218446,0.05684081676436903,0.45472653411495134,0.13126824343946647,1.0,6.706704267834585,6.479341000777108,6.706704267834583,6.479341000777107,16,16,0,0
kk_grpo_v1_train_003828,rand02,12,0.2794460111597743,0.797497865128185,4.471136178556389,1.3149762555890876,0.9409062372905537,6.706704267834585,6.096318253860911,6.706704267834583,6.096318253860912,16,16,0,0
kk_grpo_v1_train_003828,rand03,12,0.02842040838218446,0.05684081676436903,0.45472653411495134,0.13126824343946647,1.0,6.706704267834585,6.479341000777108,6.706704267834583,6.479341000777107,16,16,0,0
kk_grpo_v1_train_003828,rand04,12,0.2794460111597743,0.797497865128185,4.471136178556389,1.3149762555890874,0.9409062372905537,6.706704267834585,6.096318253860911,6.706704267834583,6.096318253860912,16,16,0,0
kk_grpo_v1_train_003828,rand05,12,0.02842040838218446,0.05684081676436903,0.45472653411495134,0.13126824343946647,1.0,6.706704267834585,6.479341000777108,6.706704267834583,6.479341000777107,16,16,0,0
kk_grpo_v1_train_003828,rand06,12,0.2794460111597743,0.797497865128185,4.471136178556389,1.3149762555890876,0.9409062372905537,6.706704267834585,6.096318253860911,6.706704267834583,6.096318253860912,16,16,0,0
kk_grpo_v1_train_003828,rand07,12,0.2794460111597743,0.797497865128185,4.471136178556389,1.3149762555890876,0.9409062372905537,6.706704267834585,6.096318253860911,6.706704267834583,6.096318253860911,16,16,0,0
kk_grpo_v1_train_003828,rand08,12,0.2794460111597743,0.797497865128185,4.471136178556389,1.3149762555890876,0.9409062372905537,6.706704267834585,6.096318253860911,6.706704267834583,6.096318253860911,16,16,0,0
kk_grpo_v1_train_003828,rand09,12,0.2794460111597743,0.797497865128185,4.471136178556389,1.3149762555890876,0.9409062372905537,6.706704267834585,6.096318253860911,6.706704267834583,6.096318253860912,16,16,0,0
kk_grpo_v1_train_003828,rand10,12,0.02842040838218446,0.05684081676436903,0.45472653411495134,0.13126824343946647,1.0,6.706704267834585,6.479341000777108,6.706704267834583,6.479341000777107,16,16,0,0
kk_grpo_v1_train_003828,rand11,12,0.2794460111597743,0.797497865128185,4.471136178556389,1.3149762555890876,0.9409062372905538,6.706704267834585,6.096318253860911,6.706704267834583,6.096318253860912,16,16,0,0
kk_grpo_v1_train_003828,rand12,12,0.02842040838218446,0.05684081676436903,0.45472653411495134,0.13126824343946647,1.0,6.706704267834585,6.479341000777108,6.706704267834583,6.479341000777107,16,16,0,0
kk_grpo_v1_train_003828,rand13,12,0.2794460111597743,0.797497865128185,4.471136178556389,1.3149762555890876,0.9409062372905538,6.706704267834585,6.096318253860913,6.706704267834583,6.096318253860912,16,16,0,0
kk_grpo_v1_train_003828,rand14,12,0.2794460111597743,0.797497865128185,4.471136178556389,1.3149762555890876,0.9409062372905537,6.706704267834585,6.096318253860911,6.706704267834583,6.096318253860912,16,16,0,0
kk_grpo_v1_train_003828,rand15,12,0.2794460111597743,0.797497865128185,4.471136178556389,1.3149762555890876,0.9409062372905538,6.706704267834585,6.096318253860911,6.706704267834583,6.096318253860912,16,16,0,0
kk_grpo_v1_train_003828,rand16,12,0.2794460111597743,0.797497865128185,4.471136178556389,1.3149762555890876,0.9409062372905537,6.706704267834585,6.096318253860913,6.706704267834583,6.096318253860912,16,16,0,0
kk_grpo_v1_train_003828,rand17,12,0.02842040838218446,0.05684081676436903,0.45472653411495134,0.13126824343946647,1.0,6.706704267834585,6.479341000777108,6.706704267834583,6.479341000777107,16,16,0,0
kk_grpo_v1_train_003828,rand18,12,0.2794460111597743,0.797497865128185,4.471136178556389,1.3149762555890874,0.9409062372905537,6.706704267834585,6.096318253860911,6.706704267834583,6.096318253860911,16,16,0,0
kk_grpo_v1_train_003828,rand19,12,0.2794460111597743,0.797497865128185,4.471136178556389,1.3149762555890876,0.9409062372905536,6.706704267834585,6.096318253860913,6.706704267834583,6.096318253860912,16,16,0,0
kk_grpo_v1_train_003874,first8_last8,15,0.2499000399840064,1.2743266676732654,3.9984006397441023,1.4827581771029286,0.9660917830792959,3.748500599760097,2.4741739320868303,3.748500599760096,2.474173932086831,16,8,0,8
kk_grpo_v1_train_003874,rand00,15,0.2499000399840064,1.2743266676732654,3.9984006397441023,1.4827581771029286,0.9660917830792959,3.748500599760097,2.4741739320868303,3.748500599760096,2.474173932086831,16,8,0,8
kk_grpo_v1_train_003874,rand01,15,0.2499000399840064,1.2743266676732654,3.9984006397441023,1.4827581771029286,0.9660917830792959,3.748500599760097,2.4741739320868303,3.748500599760096,2.474173932086831,16,8,0,8
kk_grpo_v1_train_003874,rand02,15,0.2499000399840064,1.2743266676732654,3.9984006397441023,1.4827581771029286,0.9660917830792959,3.748500599760097,2.4741739320868303,3.748500599760096,2.474173932086831,16,8,0,8
kk_grpo_v1_train_003874,rand03,15,0.2499000399840064,1.2743266676732654,3.9984006397441023,1.4827581771029286,0.9660917830792959,3.748500599760097,2.4741739320868303,3.748500599760096,2.474173932086831,16,8,0,8
kk_grpo_v1_train_003874,rand04,15,0.2499000399840064,1.2743266676732654,3.9984006397441023,1.4827581771029286,0.9660917830792959,3.748500599760097,2.4741739320868303,3.748500599760096,2.474173932086831,16,8,0,8
kk_grpo_v1_train_003874,rand05,15,0.2499000399840064,1.2743266676732654,3.9984006397441023,1.4827581771029286,0.9660917830792959,3.748500599760097,2.4741739320868303,3.748500599760096,2.474173932086831,16,8,0,8
kk_grpo_v1_train_003874,rand06,15,0.2499000399840064,1.2743266676732654,3.9984006397441023,1.4827581771029286,0.9660917830792959,3.748500599760097,2.4741739320868303,3.748500599760096,2.474173932086831,16,8,0,8
kk_grpo_v1_train_003874,rand07,15,0.2499000399840064,1.2743266676732654,3.9984006397441023,1.4827581771029286,0.9660917830792959,3.748500599760097,2.4741739320868303,3.748500599760096,2.474173932086831,16,8,0,8
kk_grpo_v1_train_003874,rand08,15,0.2499000399840064,1.2743266676732654,3.9984006397441023,1.4827581771029286,0.9660917830792959,3.748500599760097,2.4741739320868303,3.748500599760096,2.474173932086831,16,8,0,8
kk_grpo_v1_train_003874,rand09,15,0.2499000399840064,1.2743266676732654,3.9984006397441023,1.4827581771029286,0.9660917830792959,3.748500599760097,2.4741739320868303,3.748500599760096,2.474173932086831,16,8,0,8
kk_grpo_v1_train_003874,rand10,15,0.2499000399840064,1.2743266676732654,3.9984006397441023,1.4827581771029286,0.9660917830792959,3.748500599760097,2.4741739320868303,3.748500599760096,2.474173932086831,16,8,0,8
kk_grpo_v1_train_003874,rand11,15,0.24990003998400642,1.2743266676732654,3.9984006397441028,1.4827581771029286,0.9660917830792959,3.748500599760097,2.4741739320868303,3.748500599760096,2.474173932086831,16,8,0,8
kk_grpo_v1_train_003874,rand12,15,0.2499000399840064,1.2743266676732654,3.9984006397441023,1.4827581771029286,0.9660917830792959,3.748500599760097,2.4741739320868303,3.748500599760096,2.474173932086831,16,8,0,8
kk_grpo_v1_train_003874,rand13,15,0.2499000399840064,1.2743266676732654,3.9984006397441023,1.4827581771029286,0.9660917830792959,3.748500599760097,2.4741739320868303,3.748500599760096,2.474173932086831,16,8,0,8
kk_grpo_v1_train_003874,rand14,15,0.2499000399840064,1.2743266676732654,3.9984006397441023,1.4827581771029286,0.9660917830792959,3.748500599760097,2.4741739320868303,3.748500599760096,2.474173932086831,16,8,0,8
kk_grpo_v1_train_003874,rand15,15,0.24990003998400642,1.2743266676732654,3.9984006397441028,1.4827581771029286,0.9660917830792959,3.748500599760097,2.4741739320868303,3.748500599760096,2.474173932086831,16,8,0,8
kk_grpo_v1_train_003874,rand16,15,0.2499000399840064,1.2743266676732654,3.9984006397441023,1.4827581771029286,0.9660917830792959,3.748500599760097,2.4741739320868303,3.748500599760096,2.474173932086831,16,8,0,8
kk_grpo_v1_train_003874,rand17,15,0.2499000399840064,1.2743266676732654,3.9984006397441023,1.4827581771029286,0.9660917830792959,3.748500599760097,2.4741739320868303,3.748500599760096,2.474173932086831,16,8,0,8
kk_grpo_v1_train_003874,rand18,15,0.24990003998400642,1.2743266676732654,3.9984006397441028,1.4827581771029286,0.9660917830792959,3.748500599760097,2.4741739320868303,3.748500599760096,2.474173932086831,16,8,0,8
kk_grpo_v1_train_003874,rand19,15,0.2499000399840064,1.2743266676732654,3.9984006397441023,1.4827581771029286,0.9660917830792959,3.748500599760097,2.4741739320868303,3.748500599760096,2.474173932086831,16,8,0,8
kk_grpo_v1_train_003889,first8_last8,14,0.021703494729079675,0.08681397891631848,0.3472559156652748,0.131250399163762,1.0000000000000002,5.1219758220062985,4.948347864173661,5.1219758220062985,4.948347864173662,16,16,0,0
kk_grpo_v1_train_003889,rand00,14,0.3658554158575928,0.9411526608088725,5.853686653721485,1.7390173715233752,0.9258200997725513,5.1219758220062985,3.239670500388554,5.1219758220062985,3.2396705003885535,16,8,0,8
kk_grpo_v1_train_003889,rand01,14,0.021703494729079675,0.08681397891631848,0.3472559156652748,0.131250399163762,1.0000000000000002,5.1219758220062985,4.948347864173661,5.1219758220062985,4.948347864173662,16,16,0,0
kk_grpo_v1_train_003889,rand02,14,0.3658554158575928,0.9411526608088725,5.853686653721485,1.7390173715233752,0.9258200997725513,5.1219758220062985,3.239670500388554,5.1219758220062985,3.2396705003885535,16,8,0,8
kk_grpo_v1_train_003889,rand03,14,0.021703494729079675,0.08681397891631848,0.3472559156652748,0.131250399163762,1.0000000000000002,5.1219758220062985,4.948347864173661,5.1219758220062985,4.948347864173662,16,16,0,0
kk_grpo_v1_train_003889,rand04,14,0.021703494729079675,0.08681397891631848,0.3472559156652748,0.131250399163762,1.0000000000000002,5.1219758220062985,4.948347864173661,5.1219758220062985,4.948347864173662,16,16,0,0
kk_grpo_v1_train_003889,rand05,14,0.021703494729079675,0.08681397891631848,0.3472559156652748,0.131250399163762,1.0000000000000002,5.1219758220062985,4.948347864173661,5.1219758220062985,4.948347864173662,16,16,0,0
kk_grpo_v1_train_003889,rand06,14,0.021703494729079675,0.08681397891631848,0.3472559156652748,0.131250399163762,1.0000000000000002,5.1219758220062985,4.948347864173661,5.1219758220062985,4.948347864173662,16,16,0,0
kk_grpo_v1_train_003889,rand07,14,0.021703494729079675,0.08681397891631848,0.3472559156652748,0.131250399163762,1.0000000000000002,5.1219758220062985,4.948347864173661,5.1219758220062985,4.948347864173662,16,16,0,0
kk_grpo_v1_train_003889,rand08,14,0.3658554158575928,0.9411526608088725,5.853686653721485,1.7390173715233752,0.9258200997725513,5.1219758220062985,3.239670500388554,5.1219758220062985,3.2396705003885535,16,8,0,8
kk_grpo_v1_train_003889,rand09,14,0.3658554158575928,0.9411526608088725,5.853686653721485,1.7390173715233752,0.9258200997725513,5.1219758220062985,3.239670500388554,5.1219758220062985,3.2396705003885535,16,8,0,8
kk_grpo_v1_train_003889,rand10,14,0.36585541585759274,0.9411526608088725,5.853686653721484,1.7390173715233752,0.9258200997725513,5.1219758220062985,3.239670500388554,5.1219758220062985,3.2396705003885535,16,8,0,8
kk_grpo_v1_train_003889,rand11,14,0.021703494729079675,0.08681397891631848,0.3472559156652748,0.131250399163762,1.0000000000000002,5.1219758220062985,4.948347864173661,5.1219758220062985,4.948347864173662,16,16,0,0
kk_grpo_v1_train_003889,rand12,14,0.021703494729079675,0.08681397891631848,0.3472559156652748,0.131250399163762,1.0000000000000002,5.1219758220062985,4.948347864173661,5.1219758220062985,4.948347864173662,16,16,0,0
kk_grpo_v1_train_003889,rand13,14,0.021703494729079675,0.08681397891631848,0.3472559156652748,0.131250399163762,1.0000000000000002,5.1219758220062985,4.948347864173661,5.1219758220062985,4.948347864173662,16,16,0,0
kk_grpo_v1_train_003889,rand14,14,0.021703494729079675,0.08681397891631848,0.3472559156652748,0.131250399163762,1.0000000000000002,5.1219758220062985,4.948347864173661,5.1219758220062985,4.948347864173662,16,16,0,0
kk_grpo_v1_train_003889,rand15,14,0.021703494729079675,0.08681397891631848,0.3472559156652748,0.131250399163762,1.0000000000000002,5.1219758220062985,4.948347864173661,5.1219758220062985,4.948347864173662,16,16,0,0
kk_grpo_v1_train_003889,rand16,14,0.3658554158575928,0.9411526608088725,5.853686653721485,1.7390173715233752,0.9258200997725513,5.1219758220062985,3.239670500388554,5.1219758220062985,3.2396705003885535,16,8,0,8
kk_grpo_v1_train_003889,rand17,14,0.021703494729079675,0.08681397891631848,0.3472559156652748,0.131250399163762,1.0000000000000002,5.1219758220062985,4.948347864173661,5.1219758220062985,4.948347864173662,16,16,0,0
kk_grpo_v1_train_003889,rand18,14,0.3658554158575928,0.9411526608088725,5.853686653721485,1.7390173715233752,0.9258200997725513,5.1219758220062985,3.239670500388554,5.1219758220062985,3.2396705003885535,16,8,0,8
kk_grpo_v1_train_003889,rand19,14,0.021703494729079675,0.08681397891631848,0.3472559156652748,0.131250399163762,1.0000000000000002,5.1219758220062985,4.948347864173661,5.1219758220062985,4.948347864173662,16,16,0,0
kk_grpo_v1_train_003896,first8_last8,15,0.2499000399840064,1.2743266676732654,3.9984006397441023,1.4827581771029286,0.9660917830792959,3.748500599760097,2.4741739320868303,3.748500599760096,2.474173932086831,16,8,0,8
kk_grpo_v1_train_003896,rand00,15,0.2499000399840064,1.2743266676732654,3.9984006397441023,1.4827581771029286,0.9660917830792959,3.748500599760097,2.4741739320868303,3.748500599760096,2.474173932086831,16,8,0,8
kk_grpo_v1_train_003896,rand01,15,0.2499000399840064,1.2743266676732654,3.9984006397441023,1.4827581771029286,0.9660917830792959,3.748500599760097,2.4741739320868303,3.748500599760096,2.474173932086831,16,8,0,8
kk_grpo_v1_train_003896,rand02,15,0.2499000399840064,1.2743266676732654,3.9984006397441023,1.4827581771029286,0.9660917830792959,3.748500599760097,2.4741739320868303,3.748500599760096,2.474173932086831,16,8,0,8
kk_grpo_v1_train_003896,rand03,15,0.2499000399840064,1.2743266676732654,3.9984006397441023,1.4827581771029286,0.9660917830792959,3.748500599760097,2.4741739320868303,3.748500599760096,2.474173932086831,16,8,0,8
kk_grpo_v1_train_003896,rand04,15,0.24990003998400642,1.2743266676732654,3.9984006397441028,1.4827581771029286,0.9660917830792959,3.748500599760097,2.4741739320868303,3.748500599760096,2.474173932086831,16,8,0,8
kk_grpo_v1_train_003896,rand05,15,0.2499000399840064,1.2743266676732654,3.9984006397441023,1.4827581771029286,0.9660917830792959,3.748500599760097,2.4741739320868303,3.748500599760096,2.474173932086831,16,8,0,8
kk_grpo_v1_train_003896,rand06,15,0.2499000399840064,1.2743266676732654,3.9984006397441023,1.4827581771029286,0.9660917830792959,3.748500599760097,2.4741739320868303,3.748500599760096,2.474173932086831,16,8,0,8
kk_grpo_v1_train_003896,rand07,15,0.2499000399840064,1.2743266676732654,3.9984006397441023,1.4827581771029286,0.9660917830792959,3.748500599760097,2.4741739320868303,3.748500599760096,2.474173932086831,16,8,0,8
kk_grpo_v1_train_003896,rand08,15,0.2499000399840064,1.2743266676732654,3.9984006397441023,1.4827581771029286,0.9660917830792959,3.748500599760097,2.4741739320868303,3.748500599760096,2.474173932086831,16,8,0,8
kk_grpo_v1_train_003896,rand09,15,0.2499000399840064,1.2743266676732654,3.9984006397441023,1.4827581771029286,0.9660917830792959,3.748500599760097,2.4741739320868303,3.748500599760096,2.474173932086831,16,8,0,8
kk_grpo_v1_train_003896,rand10,15,0.2499000399840064,1.2743266676732654,3.9984006397441023,1.4827581771029286,0.9660917830792959,3.748500599760097,2.4741739320868303,3.748500599760096,2.474173932086831,16,8,0,8
kk_grpo_v1_train_003896,rand11,15,0.24990003998400642,1.2743266676732654,3.9984006397441028,1.4827581771029286,0.9660917830792959,3.748500599760097,2.4741739320868303,3.748500599760096,2.474173932086831,16,8,0,8
kk_grpo_v1_train_003896,rand12,15,0.2499000399840064,1.2743266676732654,3.9984006397441023,1.4827581771029286,0.9660917830792959,3.748500599760097,2.4741739320868303,3.748500599760096,2.474173932086831,16,8,0,8
kk_grpo_v1_train_003896,rand13,15,0.24990003998400642,1.2743266676732654,3.9984006397441028,1.4827581771029286,0.9660917830792959,3.748500599760097,2.4741739320868303,3.748500599760096,2.474173932086831,16,8,0,8
kk_grpo_v1_train_003896,rand14,15,0.24990003998400642,1.2743266676732654,3.9984006397441028,1.4827581771029286,0.9660917830792959,3.748500599760097,2.4741739320868303,3.748500599760096,2.474173932086831,16,8,0,8
kk_grpo_v1_train_003896,rand15,15,0.2499000399840064,1.2743266676732654,3.9984006397441023,1.4827581771029286,0.9660917830792959,3.748500599760097,2.4741739320868303,3.748500599760096,2.474173932086831,16,8,0,8
kk_grpo_v1_train_003896,rand16,15,0.24990003998400642,1.2743266676732654,3.9984006397441028,1.4827581771029286,0.9660917830792959,3.748500599760097,2.4741739320868303,3.748500599760096,2.474173932086831,16,8,0,8
kk_grpo_v1_train_003896,rand17,15,0.2499000399840064,1.2743266676732654,3.9984006397441023,1.4827581771029286,0.9660917830792959,3.748500599760097,2.4741739320868303,3.748500599760096,2.474173932086831,16,8,0,8
kk_grpo_v1_train_003896,rand18,15,0.24990003998400642,1.2743266676732654,3.9984006397441028,1.4827581771029286,0.9660917830792959,3.748500599760097,2.4741739320868303,3.748500599760096,2.474173932086831,16,8,0,8
kk_grpo_v1_train_003896,rand19,15,0.2499000399840064,1.2743266676732654,3.9984006397441023,1.4827581771029286,0.9660917830792959,3.748500599760097,2.4741739320868303,3.748500599760096,2.474173932086831,16,8,0,8
kk_grpo_v1_train_003926,first8_last8,16,0.0,0.0,0.0,0.0,nan,0.0,0.0,0.0,0.0,0,0,0,0
kk_grpo_v1_train_003926,rand00,16,0.0,0.0,0.0,0.0,nan,0.0,0.0,0.0,0.0,0,0,0,0
kk_grpo_v1_train_003926,rand01,16,0.0,0.0,0.0,0.0,nan,0.0,0.0,0.0,0.0,0,0,0,0
kk_grpo_v1_train_003926,rand02,16,0.0,0.0,0.0,0.0,nan,0.0,0.0,0.0,0.0,0,0,0,0
kk_grpo_v1_train_003926,rand03,16,0.0,0.0,0.0,0.0,nan,0.0,0.0,0.0,0.0,0,0,0,0
kk_grpo_v1_train_003926,rand04,16,0.0,0.0,0.0,0.0,nan,0.0,0.0,0.0,0.0,0,0,0,0
kk_grpo_v1_train_003926,rand05,16,0.0,0.0,0.0,0.0,nan,0.0,0.0,0.0,0.0,0,0,0,0
kk_grpo_v1_train_003926,rand06,16,0.0,0.0,0.0,0.0,nan,0.0,0.0,0.0,0.0,0,0,0,0
kk_grpo_v1_train_003926,rand07,16,0.0,0.0,0.0,0.0,nan,0.0,0.0,0.0,0.0,0,0,0,0
kk_grpo_v1_train_003926,rand08,16,0.0,0.0,0.0,0.0,nan,0.0,0.0,0.0,0.0,0,0,0,0
kk_grpo_v1_train_003926,rand09,16,0.0,0.0,0.0,0.0,nan,0.0,0.0,0.0,0.0,0,0,0,0
kk_grpo_v1_train_003926,rand10,16,0.0,0.0,0.0,0.0,nan,0.0,0.0,0.0,0.0,0,0,0,0
kk_grpo_v1_train_003926,rand11,16,0.0,0.0,0.0,0.0,nan,0.0,0.0,0.0,0.0,0,0,0,0
kk_grpo_v1_train_003926,rand12,16,0.0,0.0,0.0,0.0,nan,0.0,0.0,0.0,0.0,0,0,0,0
kk_grpo_v1_train_003926,rand13,16,0.0,0.0,0.0,0.0,nan,0.0,0.0,0.0,0.0,0,0,0,0
kk_grpo_v1_train_003926,rand14,16,0.0,0.0,0.0,0.0,nan,0.0,0.0,0.0,0.0,0,0,0,0
kk_grpo_v1_train_003926,rand15,16,0.0,0.0,0.0,0.0,nan,0.0,0.0,0.0,0.0,0,0,0,0
kk_grpo_v1_train_003926,rand16,16,0.0,0.0,0.0,0.0,nan,0.0,0.0,0.0,0.0,0,0,0,0
kk_grpo_v1_train_003926,rand17,16,0.0,0.0,0.0,0.0,nan,0.0,0.0,0.0,0.0,0,0,0,0
kk_grpo_v1_train_003926,rand18,16,0.0,0.0,0.0,0.0,nan,0.0,0.0,0.0,0.0,0,0,0,0
kk_grpo_v1_train_003926,rand19,16,0.0,0.0,0.0,0.0,nan,0.0,0.0,0.0,0.0,0,0,0,0
kk_grpo_v1_train_003951,first8_last8,11,0.13053097493539773,0.22845928369801483,2.0884955989663636,0.5711982268193134,0.9893329628687377,7.1792036214468755,6.861814822162635,7.1792036214468755,6.861814822162635,16,16,0,0
kk_grpo_v1_train_003951,rand00,11,0.13053097493539773,0.22845928369801483,2.0884955989663636,0.5711982268193134,0.9893329628687376,7.1792036214468755,6.861814822162636,7.1792036214468755,6.861814822162635,16,16,0,0
kk_grpo_v1_train_003951,rand01,11,0.13053097493539773,0.22845928369801483,2.0884955989663636,0.5711982268193134,0.9893329628687376,7.1792036214468755,6.861814822162636,7.1792036214468755,6.861814822162635,16,16,0,0
kk_grpo_v1_train_003951,rand02,11,0.39159292480619323,1.0383332077974556,6.265486796899092,1.739715282374547,0.8961216640983373,7.1792036214468755,6.215131449794285,7.1792036214468755,6.215131449794286,16,16,0,0
kk_grpo_v1_train_003951,rand03,11,0.39159292480619323,1.0383332077974556,6.265486796899092,1.739715282374547,0.8961216640983373,7.1792036214468755,6.215131449794285,7.1792036214468755,6.215131449794286,16,16,0,0
kk_grpo_v1_train_003951,rand04,11,0.13053097493539773,0.22845928369801483,2.0884955989663636,0.5711982268193134,0.9893329628687377,7.1792036214468755,6.8618148221626365,7.1792036214468755,6.861814822162635,16,16,0,0
kk_grpo_v1_train_003951,rand05,11,0.13053097493539773,0.22845928369801483,2.0884955989663636,0.5711982268193134,0.9893329628687377,7.1792036214468755,6.861814822162635,7.1792036214468755,6.861814822162635,16,16,0,0
kk_grpo_v1_train_003951,rand06,11,0.13053097493539773,0.22845928369801483,2.0884955989663636,0.5711982268193135,0.9893329628687376,7.1792036214468755,6.861814822162636,7.1792036214468755,6.861814822162635,16,16,0,0
kk_grpo_v1_train_003951,rand07,11,0.13053097493539773,0.22845928369801483,2.0884955989663636,0.5711982268193134,0.9893329628687376,7.1792036214468755,6.861814822162635,7.1792036214468755,6.861814822162635,16,16,0,0
kk_grpo_v1_train_003951,rand08,11,0.13053097493539773,0.22845928369801483,2.0884955989663636,0.5711982268193134,0.9893329628687376,7.1792036214468755,6.861814822162635,7.1792036214468755,6.861814822162635,16,16,0,0
kk_grpo_v1_train_003951,rand09,11,0.13053097493539773,0.22845928369801483,2.0884955989663636,0.5711982268193134,0.9893329628687377,7.1792036214468755,6.861814822162635,7.1792036214468755,6.861814822162635,16,16,0,0
kk_grpo_v1_train_003951,rand10,11,0.13053097493539773,0.22845928369801483,2.0884955989663636,0.5711982268193134,0.9893329628687377,7.1792036214468755,6.861814822162636,7.1792036214468755,6.861814822162635,16,16,0,0
kk_grpo_v1_train_003951,rand11,11,0.13053097493539773,0.22845928369801483,2.0884955989663636,0.5711982268193135,0.9893329628687375,7.1792036214468755,6.8618148221626365,7.1792036214468755,6.861814822162635,16,16,0,0
kk_grpo_v1_train_003951,rand12,11,0.13053097493539773,0.22845928369801483,2.0884955989663636,0.5711982268193135,0.9893329628687376,7.1792036214468755,6.861814822162636,7.1792036214468755,6.861814822162635,16,16,0,0
kk_grpo_v1_train_003951,rand13,11,0.13053097493539773,0.22845928369801483,2.0884955989663636,0.5711982268193135,0.9893329628687377,7.1792036214468755,6.8618148221626365,7.1792036214468755,6.861814822162635,16,16,0,0
kk_grpo_v1_train_003951,rand14,11,0.13053097493539773,0.22845928369801483,2.0884955989663636,0.5711982268193134,0.9893329628687375,7.1792036214468755,6.861814822162636,7.1792036214468755,6.861814822162635,16,16,0,0
kk_grpo_v1_train_003951,rand15,11,0.13053097493539773,0.22845928369801483,2.0884955989663636,0.5711982268193135,0.9893329628687376,7.1792036214468755,6.861814822162636,7.1792036214468755,6.861814822162635,16,16,0,0
kk_grpo_v1_train_003951,rand16,11,0.13053097493539773,0.22845928369801483,2.0884955989663636,0.5711982268193134,0.9893329628687376,7.1792036214468755,6.861814822162636,7.1792036214468755,6.861814822162635,16,16,0,0
kk_grpo_v1_train_003951,rand17,11,0.39159292480619323,1.0383332077974556,6.265486796899092,1.7397152823745468,0.8961216640983373,7.1792036214468755,6.215131449794285,7.1792036214468755,6.215131449794285,16,16,0,0
kk_grpo_v1_train_003951,rand18,11,0.13053097493539773,0.22845928369801483,2.0884955989663636,0.5711982268193134,0.9893329628687377,7.1792036214468755,6.8618148221626365,7.1792036214468755,6.861814822162635,16,16,0,0
kk_grpo_v1_train_003951,rand19,11,0.13053097493539773,0.22845928369801483,2.0884955989663636,0.5711982268193134,0.9893329628687376,7.1792036214468755,6.861814822162636,7.1792036214468755,6.861814822162635,16,16,0,0
kk_grpo_v1_train_004002,first8_last8,16,0.0,0.0,0.0,0.0,nan,0.0,0.0,0.0,0.0,0,0,0,0
kk_grpo_v1_train_004002,rand00,16,0.0,0.0,0.0,0.0,nan,0.0,0.0,0.0,0.0,0,0,0,0
kk_grpo_v1_train_004002,rand01,16,0.0,0.0,0.0,0.0,nan,0.0,0.0,0.0,0.0,0,0,0,0
kk_grpo_v1_train_004002,rand02,16,0.0,0.0,0.0,0.0,nan,0.0,0.0,0.0,0.0,0,0,0,0
kk_grpo_v1_train_004002,rand03,16,0.0,0.0,0.0,0.0,nan,0.0,0.0,0.0,0.0,0,0,0,0
kk_grpo_v1_train_004002,rand04,16,0.0,0.0,0.0,0.0,nan,0.0,0.0,0.0,0.0,0,0,0,0
kk_grpo_v1_train_004002,rand05,16,0.0,0.0,0.0,0.0,nan,0.0,0.0,0.0,0.0,0,0,0,0
kk_grpo_v1_train_004002,rand06,16,0.0,0.0,0.0,0.0,nan,0.0,0.0,0.0,0.0,0,0,0,0
kk_grpo_v1_train_004002,rand07,16,0.0,0.0,0.0,0.0,nan,0.0,0.0,0.0,0.0,0,0,0,0
kk_grpo_v1_train_004002,rand08,16,0.0,0.0,0.0,0.0,nan,0.0,0.0,0.0,0.0,0,0,0,0
kk_grpo_v1_train_004002,rand09,16,0.0,0.0,0.0,0.0,nan,0.0,0.0,0.0,0.0,0,0,0,0
kk_grpo_v1_train_004002,rand10,16,0.0,0.0,0.0,0.0,nan,0.0,0.0,0.0,0.0,0,0,0,0
kk_grpo_v1_train_004002,rand11,16,0.0,0.0,0.0,0.0,nan,0.0,0.0,0.0,0.0,0,0,0,0
kk_grpo_v1_train_004002,rand12,16,0.0,0.0,0.0,0.0,nan,0.0,0.0,0.0,0.0,0,0,0,0
kk_grpo_v1_train_004002,rand13,16,0.0,0.0,0.0,0.0,nan,0.0,0.0,0.0,0.0,0,0,0,0
kk_grpo_v1_train_004002,rand14,16,0.0,0.0,0.0,0.0,nan,0.0,0.0,0.0,0.0,0,0,0,0
kk_grpo_v1_train_004002,rand15,16,0.0,0.0,0.0,0.0,nan,0.0,0.0,0.0,0.0,0,0,0,0
kk_grpo_v1_train_004002,rand16,16,0.0,0.0,0.0,0.0,nan,0.0,0.0,0.0,0.0,0,0,0,0
kk_grpo_v1_train_004002,rand17,16,0.0,0.0,0.0,0.0,nan,0.0,0.0,0.0,0.0,0,0,0,0
kk_grpo_v1_train_004002,rand18,16,0.0,0.0,0.0,0.0,nan,0.0,0.0,0.0,0.0,0,0,0,0
kk_grpo_v1_train_004002,rand19,16,0.0,0.0,0.0,0.0,nan,0.0,0.0,0.0,0.0,0,0,0,0
kk_grpo_v1_train_004019,first8_last8,16,0.0,0.0,0.0,0.0,nan,0.0,0.0,0.0,0.0,0,0,0,0
kk_grpo_v1_train_004019,rand00,16,0.0,0.0,0.0,0.0,nan,0.0,0.0,0.0,0.0,0,0,0,0
kk_grpo_v1_train_004019,rand01,16,0.0,0.0,0.0,0.0,nan,0.0,0.0,0.0,0.0,0,0,0,0
kk_grpo_v1_train_004019,rand02,16,0.0,0.0,0.0,0.0,nan,0.0,0.0,0.0,0.0,0,0,0,0
kk_grpo_v1_train_004019,rand03,16,0.0,0.0,0.0,0.0,nan,0.0,0.0,0.0,0.0,0,0,0,0
kk_grpo_v1_train_004019,rand04,16,0.0,0.0,0.0,0.0,nan,0.0,0.0,0.0,0.0,0,0,0,0
kk_grpo_v1_train_004019,rand05,16,0.0,0.0,0.0,0.0,nan,0.0,0.0,0.0,0.0,0,0,0,0
kk_grpo_v1_train_004019,rand06,16,0.0,0.0,0.0,0.0,nan,0.0,0.0,0.0,0.0,0,0,0,0
kk_grpo_v1_train_004019,rand07,16,0.0,0.0,0.0,0.0,nan,0.0,0.0,0.0,0.0,0,0,0,0
kk_grpo_v1_train_004019,rand08,16,0.0,0.0,0.0,0.0,nan,0.0,0.0,0.0,0.0,0,0,0,0
kk_grpo_v1_train_004019,rand09,16,0.0,0.0,0.0,0.0,nan,0.0,0.0,0.0,0.0,0,0,0,0
kk_grpo_v1_train_004019,rand10,16,0.0,0.0,0.0,0.0,nan,0.0,0.0,0.0,0.0,0,0,0,0
kk_grpo_v1_train_004019,rand11,16,0.0,0.0,0.0,0.0,nan,0.0,0.0,0.0,0.0,0,0,0,0
kk_grpo_v1_train_004019,rand12,16,0.0,0.0,0.0,0.0,nan,0.0,0.0,0.0,0.0,0,0,0,0
kk_grpo_v1_train_004019,rand13,16,0.0,0.0,0.0,0.0,nan,0.0,0.0,0.0,0.0,0,0,0,0
kk_grpo_v1_train_004019,rand14,16,0.0,0.0,0.0,0.0,nan,0.0,0.0,0.0,0.0,0,0,0,0
kk_grpo_v1_train_004019,rand15,16,0.0,0.0,0.0,0.0,nan,0.0,0.0,0.0,0.0,0,0,0,0
kk_grpo_v1_train_004019,rand16,16,0.0,0.0,0.0,0.0,nan,0.0,0.0,0.0,0.0,0,0,0,0
kk_grpo_v1_train_004019,rand17,16,0.0,0.0,0.0,0.0,nan,0.0,0.0,0.0,0.0,0,0,0,0
kk_grpo_v1_train_004019,rand18,16,0.0,0.0,0.0,0.0,nan,0.0,0.0,0.0,0.0,0,0,0,0
kk_grpo_v1_train_004019,rand19,16,0.0,0.0,0.0,0.0,nan,0.0,0.0,0.0,0.0,0,0,0,0
kk_grpo_v1_train_004020,first8_last8,10,0.24995000999800038,0.3700852002042747,3.999200159968006,1.0350996674610249,0.9636123758498016,7.498500299940012,6.9806280180960085,7.498500299940012,6.9806280180960085,16,16,0,0
kk_grpo_v1_train_004020,rand00,10,0.24995000999800038,0.3700852002042747,3.999200159968006,1.0350996674610249,0.9636123758498016,7.498500299940012,6.980628018096008,7.498500299940012,6.9806280180960085,16,16,0,0
kk_grpo_v1_train_004020,rand01,10,0.24995000999800038,0.3700852002042747,3.999200159968006,1.0350996674610249,0.9636123758498016,7.498500299940012,6.9806280180960085,7.498500299940012,6.980628018096008,16,16,0,0
kk_grpo_v1_train_004020,rand02,10,0.24995000999800038,0.3700852002042747,3.999200159968006,1.0350996674610249,0.9636123758498016,7.498500299940012,6.980628018096008,7.498500299940012,6.980628018096008,16,16,0,0
kk_grpo_v1_train_004020,rand03,10,0.031776457048981244,0.04236860939864173,0.5084233127836999,0.131274334882325,1.0,7.498500299940012,7.244288643548163,7.498500299940012,7.244288643548162,16,16,0,0
kk_grpo_v1_train_004020,rand04,10,0.24995000999800038,0.3700852002042747,3.999200159968006,1.0350996674610249,0.9636123758498016,7.498500299940012,6.980628018096008,7.498500299940012,6.980628018096008,16,16,0,0
kk_grpo_v1_train_004020,rand05,10,0.24995000999800038,0.3700852002042747,3.999200159968006,1.0350996674610249,0.9636123758498016,7.498500299940012,6.9806280180960085,7.498500299940012,6.980628018096008,16,16,0,0
kk_grpo_v1_train_004020,rand06,10,0.24995000999800038,0.3700852002042747,3.999200159968006,1.0350996674610249,0.9636123758498016,7.498500299940012,6.980628018096008,7.498500299940012,6.980628018096008,16,16,0,0
kk_grpo_v1_train_004020,rand07,10,0.031776457048981244,0.04236860939864173,0.5084233127836999,0.131274334882325,1.0,7.498500299940012,7.244288643548163,7.498500299940012,7.244288643548162,16,16,0,0
kk_grpo_v1_train_004020,rand08,10,0.031776457048981244,0.04236860939864173,0.5084233127836999,0.131274334882325,1.0,7.498500299940012,7.244288643548163,7.498500299940012,7.244288643548162,16,16,0,0
kk_grpo_v1_train_004020,rand09,10,0.4999000199960008,1.2244238820968287,7.998400319936013,2.146378920801531,0.8415721228140904,7.498500299940012,6.096318253860912,7.498500299940012,6.096318253860913,16,16,0,0
kk_grpo_v1_train_004020,rand10,10,0.031776457048981244,0.04236860939864173,0.5084233127836999,0.131274334882325,1.0,7.498500299940012,7.244288643548163,7.498500299940012,7.244288643548162,16,16,0,0
kk_grpo_v1_train_004020,rand11,10,0.49990001999600076,1.2244238820968287,7.998400319936012,2.146378920801531,0.8415721228140902,7.498500299940012,6.096318253860911,7.498500299940012,6.096318253860912,16,16,0,0
kk_grpo_v1_train_004020,rand12,10,0.24995000999800038,0.3700852002042747,3.999200159968006,1.0350996674610249,0.9636123758498016,7.498500299940012,6.980628018096008,7.498500299940012,6.9806280180960085,16,16,0,0
kk_grpo_v1_train_004020,rand13,10,0.031776457048981244,0.04236860939864173,0.5084233127836999,0.131274334882325,1.0,7.498500299940012,7.244288643548163,7.498500299940012,7.244288643548162,16,16,0,0
kk_grpo_v1_train_004020,rand14,10,0.24995000999800038,0.3700852002042747,3.999200159968006,1.0350996674610249,0.9636123758498016,7.498500299940012,6.9806280180960085,7.498500299940012,6.9806280180960085,16,16,0,0
kk_grpo_v1_train_004020,rand15,10,0.4999000199960008,1.2244238820968287,7.998400319936013,2.146378920801531,0.8415721228140906,7.498500299940012,6.096318253860911,7.498500299940012,6.096318253860913,16,16,0,0
kk_grpo_v1_train_004020,rand16,10,0.24995000999800038,0.3700852002042747,3.999200159968006,1.0350996674610249,0.9636123758498016,7.498500299940012,6.980628018096008,7.498500299940012,6.980628018096008,16,16,0,0
kk_grpo_v1_train_004020,rand17,10,0.031776457048981244,0.04236860939864173,0.5084233127836999,0.131274334882325,1.0,7.498500299940012,7.244288643548163,7.498500299940012,7.244288643548162,16,16,0,0
kk_grpo_v1_train_004020,rand18,10,0.031776457048981244,0.04236860939864173,0.5084233127836999,0.131274334882325,1.0,7.498500299940012,7.244288643548163,7.498500299940012,7.244288643548162,16,16,0,0
kk_grpo_v1_train_004020,rand19,10,0.24995000999800038,0.3700852002042747,3.999200159968006,1.0350996674610249,0.9636123758498016,7.498500299940012,6.980628018096008,7.498500299940012,6.980628018096008,16,16,0,0
kk_grpo_v1_train_004039,first8_last8,15,0.2499000399840064,1.2743266676732654,3.9984006397441023,1.4827581771029286,0.9660917830792959,3.748500599760097,2.4741739320868303,3.748500599760096,2.474173932086831,16,8,0,8
kk_grpo_v1_train_004039,rand00,15,0.2499000399840064,1.2743266676732654,3.9984006397441023,1.4827581771029286,0.9660917830792959,3.748500599760097,2.4741739320868303,3.748500599760096,2.474173932086831,16,8,0,8
kk_grpo_v1_train_004039,rand01,15,0.24990003998400642,1.2743266676732654,3.9984006397441028,1.4827581771029286,0.9660917830792959,3.748500599760097,2.4741739320868303,3.748500599760096,2.474173932086831,16,8,0,8
kk_grpo_v1_train_004039,rand02,15,0.2499000399840064,1.2743266676732654,3.9984006397441023,1.4827581771029286,0.9660917830792959,3.748500599760097,2.4741739320868303,3.748500599760096,2.474173932086831,16,8,0,8
kk_grpo_v1_train_004039,rand03,15,0.2499000399840064,1.2743266676732654,3.9984006397441023,1.4827581771029286,0.9660917830792959,3.748500599760097,2.4741739320868303,3.748500599760096,2.474173932086831,16,8,0,8
kk_grpo_v1_train_004039,rand04,15,0.2499000399840064,1.2743266676732654,3.9984006397441023,1.4827581771029286,0.9660917830792959,3.748500599760097,2.4741739320868303,3.748500599760096,2.474173932086831,16,8,0,8
kk_grpo_v1_train_004039,rand05,15,0.2499000399840064,1.2743266676732654,3.9984006397441023,1.4827581771029286,0.9660917830792959,3.748500599760097,2.4741739320868303,3.748500599760096,2.474173932086831,16,8,0,8
kk_grpo_v1_train_004039,rand06,15,0.2499000399840064,1.2743266676732654,3.9984006397441023,1.4827581771029286,0.9660917830792959,3.748500599760097,2.4741739320868303,3.748500599760096,2.474173932086831,16,8,0,8
kk_grpo_v1_train_004039,rand07,15,0.2499000399840064,1.2743266676732654,3.9984006397441023,1.4827581771029286,0.9660917830792959,3.748500599760097,2.4741739320868303,3.748500599760096,2.474173932086831,16,8,0,8
kk_grpo_v1_train_004039,rand08,15,0.24990003998400642,1.2743266676732654,3.9984006397441028,1.4827581771029286,0.9660917830792959,3.748500599760097,2.4741739320868303,3.748500599760096,2.474173932086831,16,8,0,8
kk_grpo_v1_train_004039,rand09,15,0.2499000399840064,1.2743266676732654,3.9984006397441023,1.4827581771029286,0.9660917830792959,3.748500599760097,2.4741739320868303,3.748500599760096,2.474173932086831,16,8,0,8
kk_grpo_v1_train_004039,rand10,15,0.2499000399840064,1.2743266676732654,3.9984006397441023,1.4827581771029286,0.9660917830792959,3.748500599760097,2.4741739320868303,3.748500599760096,2.474173932086831,16,8,0,8
kk_grpo_v1_train_004039,rand11,15,0.24990003998400642,1.2743266676732654,3.9984006397441028,1.4827581771029286,0.9660917830792959,3.748500599760097,2.4741739320868303,3.748500599760096,2.474173932086831,16,8,0,8
kk_grpo_v1_train_004039,rand12,15,0.2499000399840064,1.2743266676732654,3.9984006397441023,1.4827581771029286,0.9660917830792959,3.748500599760097,2.4741739320868303,3.748500599760096,2.474173932086831,16,8,0,8
kk_grpo_v1_train_004039,rand13,15,0.2499000399840064,1.2743266676732654,3.9984006397441023,1.4827581771029286,0.9660917830792959,3.748500599760097,2.4741739320868303,3.748500599760096,2.474173932086831,16,8,0,8
kk_grpo_v1_train_004039,rand14,15,0.24990003998400642,1.2743266676732654,3.9984006397441028,1.4827581771029286,0.9660917830792959,3.748500599760097,2.4741739320868303,3.748500599760096,2.474173932086831,16,8,0,8
kk_grpo_v1_train_004039,rand15,15,0.2499000399840064,1.2743266676732654,3.9984006397441023,1.4827581771029286,0.9660917830792959,3.748500599760097,2.4741739320868303,3.748500599760096,2.474173932086831,16,8,0,8
kk_grpo_v1_train_004039,rand16,15,0.2499000399840064,1.2743266676732654,3.9984006397441023,1.4827581771029286,0.9660917830792959,3.748500599760097,2.4741739320868303,3.748500599760096,2.474173932086831,16,8,0,8
kk_grpo_v1_train_004039,rand17,15,0.2499000399840064,1.2743266676732654,3.9984006397441023,1.4827581771029286,0.9660917830792959,3.748500599760097,2.4741739320868303,3.748500599760096,2.474173932086831,16,8,0,8
kk_grpo_v1_train_004039,rand18,15,0.2499000399840064,1.2743266676732654,3.9984006397441023,1.4827581771029286,0.9660917830792959,3.748500599760097,2.4741739320868303,3.748500599760096,2.474173932086831,16,8,0,8
kk_grpo_v1_train_004039,rand19,15,0.2499000399840064,1.2743266676732654,3.9984006397441023,1.4827581771029286,0.9660917830792959,3.748500599760097,2.4741739320868303,3.748500599760096,2.474173932086831,16,8,0,8
kk_grpo_v1_train_004054,first8_last8,16,0.0,0.0,0.0,0.0,nan,0.0,0.0,0.0,0.0,0,0,0,0
kk_grpo_v1_train_004054,rand00,16,0.0,0.0,0.0,0.0,nan,0.0,0.0,0.0,0.0,0,0,0,0
kk_grpo_v1_train_004054,rand01,16,0.0,0.0,0.0,0.0,nan,0.0,0.0,0.0,0.0,0,0,0,0
kk_grpo_v1_train_004054,rand02,16,0.0,0.0,0.0,0.0,nan,0.0,0.0,0.0,0.0,0,0,0,0
kk_grpo_v1_train_004054,rand03,16,0.0,0.0,0.0,0.0,nan,0.0,0.0,0.0,0.0,0,0,0,0
kk_grpo_v1_train_004054,rand04,16,0.0,0.0,0.0,0.0,nan,0.0,0.0,0.0,0.0,0,0,0,0
kk_grpo_v1_train_004054,rand05,16,0.0,0.0,0.0,0.0,nan,0.0,0.0,0.0,0.0,0,0,0,0
kk_grpo_v1_train_004054,rand06,16,0.0,0.0,0.0,0.0,nan,0.0,0.0,0.0,0.0,0,0,0,0
kk_grpo_v1_train_004054,rand07,16,0.0,0.0,0.0,0.0,nan,0.0,0.0,0.0,0.0,0,0,0,0
kk_grpo_v1_train_004054,rand08,16,0.0,0.0,0.0,0.0,nan,0.0,0.0,0.0,0.0,0,0,0,0
kk_grpo_v1_train_004054,rand09,16,0.0,0.0,0.0,0.0,nan,0.0,0.0,0.0,0.0,0,0,0,0
kk_grpo_v1_train_004054,rand10,16,0.0,0.0,0.0,0.0,nan,0.0,0.0,0.0,0.0,0,0,0,0
kk_grpo_v1_train_004054,rand11,16,0.0,0.0,0.0,0.0,nan,0.0,0.0,0.0,0.0,0,0,0,0
kk_grpo_v1_train_004054,rand12,16,0.0,0.0,0.0,0.0,nan,0.0,0.0,0.0,0.0,0,0,0,0
kk_grpo_v1_train_004054,rand13,16,0.0,0.0,0.0,0.0,nan,0.0,0.0,0.0,0.0,0,0,0,0
kk_grpo_v1_train_004054,rand14,16,0.0,0.0,0.0,0.0,nan,0.0,0.0,0.0,0.0,0,0,0,0
kk_grpo_v1_train_004054,rand15,16,0.0,0.0,0.0,0.0,nan,0.0,0.0,0.0,0.0,0,0,0,0
kk_grpo_v1_train_004054,rand16,16,0.0,0.0,0.0,0.0,nan,0.0,0.0,0.0,0.0,0,0,0,0
kk_grpo_v1_train_004054,rand17,16,0.0,0.0,0.0,0.0,nan,0.0,0.0,0.0,0.0,0,0,0,0
kk_grpo_v1_train_004054,rand18,16,0.0,0.0,0.0,0.0,nan,0.0,0.0,0.0,0.0,0,0,0,0
kk_grpo_v1_train_004054,rand19,16,0.0,0.0,0.0,0.0,nan,0.0,0.0,0.0,0.0,0,0,0,0
kk_grpo_v1_train_004061,first8_last8,16,0.0,0.0,0.0,0.0,nan,0.0,0.0,0.0,0.0,0,0,0,0
kk_grpo_v1_train_004061,rand00,16,0.0,0.0,0.0,0.0,nan,0.0,0.0,0.0,0.0,0,0,0,0
kk_grpo_v1_train_004061,rand01,16,0.0,0.0,0.0,0.0,nan,0.0,0.0,0.0,0.0,0,0,0,0
kk_grpo_v1_train_004061,rand02,16,0.0,0.0,0.0,0.0,nan,0.0,0.0,0.0,0.0,0,0,0,0
kk_grpo_v1_train_004061,rand03,16,0.0,0.0,0.0,0.0,nan,0.0,0.0,0.0,0.0,0,0,0,0
kk_grpo_v1_train_004061,rand04,16,0.0,0.0,0.0,0.0,nan,0.0,0.0,0.0,0.0,0,0,0,0
kk_grpo_v1_train_004061,rand05,16,0.0,0.0,0.0,0.0,nan,0.0,0.0,0.0,0.0,0,0,0,0
kk_grpo_v1_train_004061,rand06,16,0.0,0.0,0.0,0.0,nan,0.0,0.0,0.0,0.0,0,0,0,0
kk_grpo_v1_train_004061,rand07,16,0.0,0.0,0.0,0.0,nan,0.0,0.0,0.0,0.0,0,0,0,0
kk_grpo_v1_train_004061,rand08,16,0.0,0.0,0.0,0.0,nan,0.0,0.0,0.0,0.0,0,0,0,0
kk_grpo_v1_train_004061,rand09,16,0.0,0.0,0.0,0.0,nan,0.0,0.0,0.0,0.0,0,0,0,0
kk_grpo_v1_train_004061,rand10,16,0.0,0.0,0.0,0.0,nan,0.0,0.0,0.0,0.0,0,0,0,0
kk_grpo_v1_train_004061,rand11,16,0.0,0.0,0.0,0.0,nan,0.0,0.0,0.0,0.0,0,0,0,0
kk_grpo_v1_train_004061,rand12,16,0.0,0.0,0.0,0.0,nan,0.0,0.0,0.0,0.0,0,0,0,0
kk_grpo_v1_train_004061,rand13,16,0.0,0.0,0.0,0.0,nan,0.0,0.0,0.0,0.0,0,0,0,0
kk_grpo_v1_train_004061,rand14,16,0.0,0.0,0.0,0.0,nan,0.0,0.0,0.0,0.0,0,0,0,0
kk_grpo_v1_train_004061,rand15,16,0.0,0.0,0.0,0.0,nan,0.0,0.0,0.0,0.0,0,0,0,0
kk_grpo_v1_train_004061,rand16,16,0.0,0.0,0.0,0.0,nan,0.0,0.0,0.0,0.0,0,0,0,0
kk_grpo_v1_train_004061,rand17,16,0.0,0.0,0.0,0.0,nan,0.0,0.0,0.0,0.0,0,0,0,0
kk_grpo_v1_train_004061,rand18,16,0.0,0.0,0.0,0.0,nan,0.0,0.0,0.0,0.0,0,0,0,0
kk_grpo_v1_train_004061,rand19,16,0.0,0.0,0.0,0.0,nan,0.0,0.0,0.0,0.0,0,0,0,0
kk_grpo_v1_train_004096,first8_last8,12,0.02842040838218446,0.05684081676436903,0.45472653411495134,0.13126824343946647,1.0000000000000002,6.706704267834585,6.479341000777108,6.706704267834583,6.479341000777107,16,16,0,0
kk_grpo_v1_train_004096,rand00,12,0.02842040838218446,0.05684081676436903,0.45472653411495134,0.13126824343946647,1.0000000000000002,6.706704267834585,6.479341000777108,6.706704267834583,6.479341000777107,16,16,0,0
kk_grpo_v1_train_004096,rand01,12,0.02842040838218446,0.05684081676436903,0.45472653411495134,0.13126824343946647,1.0000000000000002,6.706704267834585,6.479341000777108,6.706704267834583,6.479341000777107,16,16,0,0
kk_grpo_v1_train_004096,rand02,12,0.02842040838218446,0.05684081676436903,0.45472653411495134,0.13126824343946647,1.0000000000000002,6.706704267834585,6.479341000777108,6.706704267834583,6.479341000777107,16,16,0,0
kk_grpo_v1_train_004096,rand03,12,0.2794460111597743,0.797497865128185,4.471136178556389,1.3149762555890876,0.9409062372905538,6.706704267834585,6.096318253860913,6.706704267834583,6.096318253860911,16,16,0,0
kk_grpo_v1_train_004096,rand04,12,0.2794460111597743,0.797497865128185,4.471136178556389,1.3149762555890876,0.9409062372905537,6.706704267834585,6.096318253860913,6.706704267834583,6.096318253860912,16,16,0,0
kk_grpo_v1_train_004096,rand05,12,0.2794460111597743,0.797497865128185,4.471136178556389,1.3149762555890876,0.9409062372905538,6.706704267834585,6.096318253860913,6.706704267834583,6.096318253860911,16,16,0,0
kk_grpo_v1_train_004096,rand06,12,0.2794460111597743,0.797497865128185,4.471136178556389,1.3149762555890876,0.9409062372905539,6.706704267834585,6.096318253860913,6.706704267834583,6.096318253860912,16,16,0,0
kk_grpo_v1_train_004096,rand07,12,0.02842040838218446,0.05684081676436903,0.45472653411495134,0.13126824343946647,1.0000000000000002,6.706704267834585,6.479341000777108,6.706704267834583,6.479341000777107,16,16,0,0
kk_grpo_v1_train_004096,rand08,12,0.02842040838218446,0.05684081676436903,0.45472653411495134,0.13126824343946647,1.0000000000000002,6.706704267834585,6.479341000777108,6.706704267834583,6.479341000777107,16,16,0,0
kk_grpo_v1_train_004096,rand09,12,0.02842040838218446,0.05684081676436903,0.45472653411495134,0.13126824343946647,1.0000000000000002,6.706704267834585,6.479341000777108,6.706704267834583,6.479341000777107,16,16,0,0
kk_grpo_v1_train_004096,rand10,12,0.02842040838218446,0.05684081676436903,0.45472653411495134,0.13126824343946647,1.0000000000000002,6.706704267834585,6.479341000777108,6.706704267834583,6.479341000777107,16,16,0,0
kk_grpo_v1_train_004096,rand11,12,0.2794460111597743,0.797497865128185,4.471136178556389,1.3149762555890876,0.9409062372905538,6.706704267834585,6.096318253860913,6.706704267834583,6.096318253860912,16,16,0,0
kk_grpo_v1_train_004096,rand12,12,0.2794460111597743,0.797497865128185,4.471136178556389,1.3149762555890876,0.9409062372905538,6.706704267834585,6.096318253860911,6.706704267834583,6.096318253860911,16,16,0,0
kk_grpo_v1_train_004096,rand13,12,0.02842040838218446,0.05684081676436903,0.45472653411495134,0.13126824343946647,1.0000000000000002,6.706704267834585,6.479341000777108,6.706704267834583,6.479341000777107,16,16,0,0
kk_grpo_v1_train_004096,rand14,12,0.2794460111597743,0.797497865128185,4.471136178556389,1.3149762555890876,0.9409062372905539,6.706704267834585,6.096318253860913,6.706704267834583,6.096318253860912,16,16,0,0
kk_grpo_v1_train_004096,rand15,12,0.2794460111597743,0.797497865128185,4.471136178556389,1.3149762555890876,0.9409062372905539,6.706704267834585,6.096318253860911,6.706704267834583,6.096318253860911,16,16,0,0
kk_grpo_v1_train_004096,rand16,12,0.2794460111597743,0.797497865128185,4.471136178556389,1.3149762555890876,0.9409062372905537,6.706704267834585,6.096318253860911,6.706704267834583,6.096318253860912,16,16,0,0
kk_grpo_v1_train_004096,rand17,12,0.02842040838218446,0.05684081676436903,0.45472653411495134,0.13126824343946647,1.0000000000000002,6.706704267834585,6.479341000777108,6.706704267834583,6.479341000777107,16,16,0,0
kk_grpo_v1_train_004096,rand18,12,0.27944601115977435,0.797497865128185,4.47113617855639,1.3149762555890876,0.9409062372905539,6.706704267834585,6.096318253860911,6.706704267834583,6.096318253860912,16,16,0,0
kk_grpo_v1_train_004096,rand19,12,0.5588920223195486,0.7414366875317822,8.942272357112778,2.2944160739017083,0.8164965809277263,6.706704267834585,3.7409575177074545,6.706704267834583,3.7409575177074545,16,8,0,8
kk_grpo_v1_train_004100,first8_last8,16,0.0,0.0,0.0,0.0,nan,0.0,0.0,0.0,0.0,0,0,0,0
kk_grpo_v1_train_004100,rand00,16,0.0,0.0,0.0,0.0,nan,0.0,0.0,0.0,0.0,0,0,0,0
kk_grpo_v1_train_004100,rand01,16,0.0,0.0,0.0,0.0,nan,0.0,0.0,0.0,0.0,0,0,0,0
kk_grpo_v1_train_004100,rand02,16,0.0,0.0,0.0,0.0,nan,0.0,0.0,0.0,0.0,0,0,0,0
kk_grpo_v1_train_004100,rand03,16,0.0,0.0,0.0,0.0,nan,0.0,0.0,0.0,0.0,0,0,0,0
kk_grpo_v1_train_004100,rand04,16,0.0,0.0,0.0,0.0,nan,0.0,0.0,0.0,0.0,0,0,0,0
kk_grpo_v1_train_004100,rand05,16,0.0,0.0,0.0,0.0,nan,0.0,0.0,0.0,0.0,0,0,0,0
kk_grpo_v1_train_004100,rand06,16,0.0,0.0,0.0,0.0,nan,0.0,0.0,0.0,0.0,0,0,0,0
kk_grpo_v1_train_004100,rand07,16,0.0,0.0,0.0,0.0,nan,0.0,0.0,0.0,0.0,0,0,0,0
kk_grpo_v1_train_004100,rand08,16,0.0,0.0,0.0,0.0,nan,0.0,0.0,0.0,0.0,0,0,0,0
kk_grpo_v1_train_004100,rand09,16,0.0,0.0,0.0,0.0,nan,0.0,0.0,0.0,0.0,0,0,0,0
kk_grpo_v1_train_004100,rand10,16,0.0,0.0,0.0,0.0,nan,0.0,0.0,0.0,0.0,0,0,0,0
kk_grpo_v1_train_004100,rand11,16,0.0,0.0,0.0,0.0,nan,0.0,0.0,0.0,0.0,0,0,0,0
kk_grpo_v1_train_004100,rand12,16,0.0,0.0,0.0,0.0,nan,0.0,0.0,0.0,0.0,0,0,0,0
kk_grpo_v1_train_004100,rand13,16,0.0,0.0,0.0,0.0,nan,0.0,0.0,0.0,0.0,0,0,0,0
kk_grpo_v1_train_004100,rand14,16,0.0,0.0,0.0,0.0,nan,0.0,0.0,0.0,0.0,0,0,0,0
kk_grpo_v1_train_004100,rand15,16,0.0,0.0,0.0,0.0,nan,0.0,0.0,0.0,0.0,0,0,0,0
kk_grpo_v1_train_004100,rand16,16,0.0,0.0,0.0,0.0,nan,0.0,0.0,0.0,0.0,0,0,0,0
kk_grpo_v1_train_004100,rand17,16,0.0,0.0,0.0,0.0,nan,0.0,0.0,0.0,0.0,0,0,0,0
kk_grpo_v1_train_004100,rand18,16,0.0,0.0,0.0,0.0,nan,0.0,0.0,0.0,0.0,0,0,0,0
kk_grpo_v1_train_004100,rand19,16,0.0,0.0,0.0,0.0,nan,0.0,0.0,0.0,0.0,0,0,0,0
kk_grpo_v1_train_004120,first8_last8,0,0.0,0.0,0.0,0.0,nan,0.0,0.0,0.0,0.0,0,0,0,0
kk_grpo_v1_train_004120,rand00,0,0.0,0.0,0.0,0.0,nan,0.0,0.0,0.0,0.0,0,0,0,0
kk_grpo_v1_train_004120,rand01,0,0.0,0.0,0.0,0.0,nan,0.0,0.0,0.0,0.0,0,0,0,0
kk_grpo_v1_train_004120,rand02,0,0.0,0.0,0.0,0.0,nan,0.0,0.0,0.0,0.0,0,0,0,0
kk_grpo_v1_train_004120,rand03,0,0.0,0.0,0.0,0.0,nan,0.0,0.0,0.0,0.0,0,0,0,0
kk_grpo_v1_train_004120,rand04,0,0.0,0.0,0.0,0.0,nan,0.0,0.0,0.0,0.0,0,0,0,0
kk_grpo_v1_train_004120,rand05,0,0.0,0.0,0.0,0.0,nan,0.0,0.0,0.0,0.0,0,0,0,0
kk_grpo_v1_train_004120,rand06,0,0.0,0.0,0.0,0.0,nan,0.0,0.0,0.0,0.0,0,0,0,0
kk_grpo_v1_train_004120,rand07,0,0.0,0.0,0.0,0.0,nan,0.0,0.0,0.0,0.0,0,0,0,0
kk_grpo_v1_train_004120,rand08,0,0.0,0.0,0.0,0.0,nan,0.0,0.0,0.0,0.0,0,0,0,0
kk_grpo_v1_train_004120,rand09,0,0.0,0.0,0.0,0.0,nan,0.0,0.0,0.0,0.0,0,0,0,0
kk_grpo_v1_train_004120,rand10,0,0.0,0.0,0.0,0.0,nan,0.0,0.0,0.0,0.0,0,0,0,0
kk_grpo_v1_train_004120,rand11,0,0.0,0.0,0.0,0.0,nan,0.0,0.0,0.0,0.0,0,0,0,0
kk_grpo_v1_train_004120,rand12,0,0.0,0.0,0.0,0.0,nan,0.0,0.0,0.0,0.0,0,0,0,0
kk_grpo_v1_train_004120,rand13,0,0.0,0.0,0.0,0.0,nan,0.0,0.0,0.0,0.0,0,0,0,0
kk_grpo_v1_train_004120,rand14,0,0.0,0.0,0.0,0.0,nan,0.0,0.0,0.0,0.0,0,0,0,0
kk_grpo_v1_train_004120,rand15,0,0.0,0.0,0.0,0.0,nan,0.0,0.0,0.0,0.0,0,0,0,0
kk_grpo_v1_train_004120,rand16,0,0.0,0.0,0.0,0.0,nan,0.0,0.0,0.0,0.0,0,0,0,0
kk_grpo_v1_train_004120,rand17,0,0.0,0.0,0.0,0.0,nan,0.0,0.0,0.0,0.0,0,0,0,0
kk_grpo_v1_train_004120,rand18,0,0.0,0.0,0.0,0.0,nan,0.0,0.0,0.0,0.0,0,0,0,0
kk_grpo_v1_train_004120,rand19,0,0.0,0.0,0.0,0.0,nan,0.0,0.0,0.0,0.0,0,0,0,0
kk_grpo_v1_train_004131,first8_last8,16,0.0,0.0,0.0,0.0,nan,0.0,0.0,0.0,0.0,0,0,0,0
kk_grpo_v1_train_004131,rand00,16,0.0,0.0,0.0,0.0,nan,0.0,0.0,0.0,0.0,0,0,0,0
kk_grpo_v1_train_004131,rand01,16,0.0,0.0,0.0,0.0,nan,0.0,0.0,0.0,0.0,0,0,0,0
kk_grpo_v1_train_004131,rand02,16,0.0,0.0,0.0,0.0,nan,0.0,0.0,0.0,0.0,0,0,0,0
kk_grpo_v1_train_004131,rand03,16,0.0,0.0,0.0,0.0,nan,0.0,0.0,0.0,0.0,0,0,0,0
kk_grpo_v1_train_004131,rand04,16,0.0,0.0,0.0,0.0,nan,0.0,0.0,0.0,0.0,0,0,0,0
kk_grpo_v1_train_004131,rand05,16,0.0,0.0,0.0,0.0,nan,0.0,0.0,0.0,0.0,0,0,0,0
kk_grpo_v1_train_004131,rand06,16,0.0,0.0,0.0,0.0,nan,0.0,0.0,0.0,0.0,0,0,0,0
kk_grpo_v1_train_004131,rand07,16,0.0,0.0,0.0,0.0,nan,0.0,0.0,0.0,0.0,0,0,0,0
kk_grpo_v1_train_004131,rand08,16,0.0,0.0,0.0,0.0,nan,0.0,0.0,0.0,0.0,0,0,0,0
kk_grpo_v1_train_004131,rand09,16,0.0,0.0,0.0,0.0,nan,0.0,0.0,0.0,0.0,0,0,0,0
kk_grpo_v1_train_004131,rand10,16,0.0,0.0,0.0,0.0,nan,0.0,0.0,0.0,0.0,0,0,0,0
kk_grpo_v1_train_004131,rand11,16,0.0,0.0,0.0,0.0,nan,0.0,0.0,0.0,0.0,0,0,0,0
kk_grpo_v1_train_004131,rand12,16,0.0,0.0,0.0,0.0,nan,0.0,0.0,0.0,0.0,0,0,0,0
kk_grpo_v1_train_004131,rand13,16,0.0,0.0,0.0,0.0,nan,0.0,0.0,0.0,0.0,0,0,0,0
kk_grpo_v1_train_004131,rand14,16,0.0,0.0,0.0,0.0,nan,0.0,0.0,0.0,0.0,0,0,0,0
kk_grpo_v1_train_004131,rand15,16,0.0,0.0,0.0,0.0,nan,0.0,0.0,0.0,0.0,0,0,0,0
kk_grpo_v1_train_004131,rand16,16,0.0,0.0,0.0,0.0,nan,0.0,0.0,0.0,0.0,0,0,0,0
kk_grpo_v1_train_004131,rand17,16,0.0,0.0,0.0,0.0,nan,0.0,0.0,0.0,0.0,0,0,0,0
kk_grpo_v1_train_004131,rand18,16,0.0,0.0,0.0,0.0,nan,0.0,0.0,0.0,0.0,0,0,0,0
kk_grpo_v1_train_004131,rand19,16,0.0,0.0,0.0,0.0,nan,0.0,0.0,0.0,0.0,0,0,0,0
kk_grpo_v1_train_004159,first8_last8,15,0.2499000399840064,1.2743266676732654,3.9984006397441023,1.4827581771029286,0.9660917830792959,3.748500599760097,2.4741739320868303,3.748500599760096,2.474173932086831,16,8,0,8
kk_grpo_v1_train_004159,rand00,15,0.2499000399840064,1.2743266676732654,3.9984006397441023,1.4827581771029286,0.9660917830792959,3.748500599760097,2.4741739320868303,3.748500599760096,2.474173932086831,16,8,0,8
kk_grpo_v1_train_004159,rand01,15,0.2499000399840064,1.2743266676732654,3.9984006397441023,1.4827581771029286,0.9660917830792959,3.748500599760097,2.4741739320868303,3.748500599760096,2.474173932086831,16,8,0,8
kk_grpo_v1_train_004159,rand02,15,0.2499000399840064,1.2743266676732654,3.9984006397441023,1.4827581771029286,0.9660917830792959,3.748500599760097,2.4741739320868303,3.748500599760096,2.474173932086831,16,8,0,8
kk_grpo_v1_train_004159,rand03,15,0.2499000399840064,1.2743266676732654,3.9984006397441023,1.4827581771029286,0.9660917830792959,3.748500599760097,2.4741739320868303,3.748500599760096,2.474173932086831,16,8,0,8
kk_grpo_v1_train_004159,rand04,15,0.2499000399840064,1.2743266676732654,3.9984006397441023,1.4827581771029286,0.9660917830792959,3.748500599760097,2.4741739320868303,3.748500599760096,2.474173932086831,16,8,0,8
kk_grpo_v1_train_004159,rand05,15,0.2499000399840064,1.2743266676732654,3.9984006397441023,1.4827581771029286,0.9660917830792959,3.748500599760097,2.4741739320868303,3.748500599760096,2.474173932086831,16,8,0,8
kk_grpo_v1_train_004159,rand06,15,0.2499000399840064,1.2743266676732654,3.9984006397441023,1.4827581771029286,0.9660917830792959,3.748500599760097,2.4741739320868303,3.748500599760096,2.474173932086831,16,8,0,8
kk_grpo_v1_train_004159,rand07,15,0.2499000399840064,1.2743266676732654,3.9984006397441023,1.4827581771029286,0.9660917830792959,3.748500599760097,2.4741739320868303,3.748500599760096,2.474173932086831,16,8,0,8
kk_grpo_v1_train_004159,rand08,15,0.2499000399840064,1.2743266676732654,3.9984006397441023,1.4827581771029286,0.9660917830792959,3.748500599760097,2.4741739320868303,3.748500599760096,2.474173932086831,16,8,0,8
kk_grpo_v1_train_004159,rand09,15,0.24990003998400642,1.2743266676732654,3.9984006397441028,1.4827581771029286,0.9660917830792959,3.748500599760097,2.4741739320868303,3.748500599760096,2.474173932086831,16,8,0,8
kk_grpo_v1_train_004159,rand10,15,0.2499000399840064,1.2743266676732654,3.9984006397441023,1.4827581771029286,0.9660917830792959,3.748500599760097,2.4741739320868303,3.748500599760096,2.474173932086831,16,8,0,8
kk_grpo_v1_train_004159,rand11,15,0.24990003998400642,1.2743266676732654,3.9984006397441028,1.4827581771029286,0.9660917830792959,3.748500599760097,2.4741739320868303,3.748500599760096,2.474173932086831,16,8,0,8
kk_grpo_v1_train_004159,rand12,15,0.2499000399840064,1.2743266676732654,3.9984006397441023,1.4827581771029286,0.9660917830792959,3.748500599760097,2.4741739320868303,3.748500599760096,2.474173932086831,16,8,0,8
kk_grpo_v1_train_004159,rand13,15,0.2499000399840064,1.2743266676732654,3.9984006397441023,1.4827581771029286,0.9660917830792959,3.748500599760097,2.4741739320868303,3.748500599760096,2.474173932086831,16,8,0,8
kk_grpo_v1_train_004159,rand14,15,0.2499000399840064,1.2743266676732654,3.9984006397441023,1.4827581771029286,0.9660917830792959,3.748500599760097,2.4741739320868303,3.748500599760096,2.474173932086831,16,8,0,8
kk_grpo_v1_train_004159,rand15,15,0.2499000399840064,1.2743266676732654,3.9984006397441023,1.4827581771029286,0.9660917830792959,3.748500599760097,2.4741739320868303,3.748500599760096,2.474173932086831,16,8,0,8
kk_grpo_v1_train_004159,rand16,15,0.2499000399840064,1.2743266676732654,3.9984006397441023,1.4827581771029286,0.9660917830792959,3.748500599760097,2.4741739320868303,3.748500599760096,2.474173932086831,16,8,0,8
kk_grpo_v1_train_004159,rand17,15,0.24990003998400642,1.2743266676732654,3.9984006397441028,1.4827581771029286,0.9660917830792959,3.748500599760097,2.4741739320868303,3.748500599760096,2.474173932086831,16,8,0,8
kk_grpo_v1_train_004159,rand18,15,0.2499000399840064,1.2743266676732654,3.9984006397441023,1.4827581771029286,0.9660917830792959,3.748500599760097,2.4741739320868303,3.748500599760096,2.474173932086831,16,8,0,8
kk_grpo_v1_train_004159,rand19,15,0.2499000399840064,1.2743266676732654,3.9984006397441023,1.4827581771029286,0.9660917830792959,3.748500599760097,2.4741739320868303,3.748500599760096,2.474173932086831,16,8,0,8
kk_grpo_v1_train_004163,first8_last8,16,0.0,0.0,0.0,0.0,nan,0.0,0.0,0.0,0.0,0,0,0,0
kk_grpo_v1_train_004163,rand00,16,0.0,0.0,0.0,0.0,nan,0.0,0.0,0.0,0.0,0,0,0,0
kk_grpo_v1_train_004163,rand01,16,0.0,0.0,0.0,0.0,nan,0.0,0.0,0.0,0.0,0,0,0,0
kk_grpo_v1_train_004163,rand02,16,0.0,0.0,0.0,0.0,nan,0.0,0.0,0.0,0.0,0,0,0,0
kk_grpo_v1_train_004163,rand03,16,0.0,0.0,0.0,0.0,nan,0.0,0.0,0.0,0.0,0,0,0,0
kk_grpo_v1_train_004163,rand04,16,0.0,0.0,0.0,0.0,nan,0.0,0.0,0.0,0.0,0,0,0,0
kk_grpo_v1_train_004163,rand05,16,0.0,0.0,0.0,0.0,nan,0.0,0.0,0.0,0.0,0,0,0,0
kk_grpo_v1_train_004163,rand06,16,0.0,0.0,0.0,0.0,nan,0.0,0.0,0.0,0.0,0,0,0,0
kk_grpo_v1_train_004163,rand07,16,0.0,0.0,0.0,0.0,nan,0.0,0.0,0.0,0.0,0,0,0,0
kk_grpo_v1_train_004163,rand08,16,0.0,0.0,0.0,0.0,nan,0.0,0.0,0.0,0.0,0,0,0,0
kk_grpo_v1_train_004163,rand09,16,0.0,0.0,0.0,0.0,nan,0.0,0.0,0.0,0.0,0,0,0,0
kk_grpo_v1_train_004163,rand10,16,0.0,0.0,0.0,0.0,nan,0.0,0.0,0.0,0.0,0,0,0,0
kk_grpo_v1_train_004163,rand11,16,0.0,0.0,0.0,0.0,nan,0.0,0.0,0.0,0.0,0,0,0,0
kk_grpo_v1_train_004163,rand12,16,0.0,0.0,0.0,0.0,nan,0.0,0.0,0.0,0.0,0,0,0,0
kk_grpo_v1_train_004163,rand13,16,0.0,0.0,0.0,0.0,nan,0.0,0.0,0.0,0.0,0,0,0,0
kk_grpo_v1_train_004163,rand14,16,0.0,0.0,0.0,0.0,nan,0.0,0.0,0.0,0.0,0,0,0,0
kk_grpo_v1_train_004163,rand15,16,0.0,0.0,0.0,0.0,nan,0.0,0.0,0.0,0.0,0,0,0,0
kk_grpo_v1_train_004163,rand16,16,0.0,0.0,0.0,0.0,nan,0.0,0.0,0.0,0.0,0,0,0,0
kk_grpo_v1_train_004163,rand17,16,0.0,0.0,0.0,0.0,nan,0.0,0.0,0.0,0.0,0,0,0,0
kk_grpo_v1_train_004163,rand18,16,0.0,0.0,0.0,0.0,nan,0.0,0.0,0.0,0.0,0,0,0,0
kk_grpo_v1_train_004163,rand19,16,0.0,0.0,0.0,0.0,nan,0.0,0.0,0.0,0.0,0,0,0,0
kk_grpo_v1_train_004189,first8_last8,4,0.2794460111597743,0.797497865128185,4.471136178556389,1.3149762555890876,0.9409062372905537,6.706704267834583,6.096318253860912,6.706704267834585,6.096318253860913,16,16,0,0
kk_grpo_v1_train_004189,rand00,4,0.2794460111597743,0.797497865128185,4.471136178556389,1.3149762555890876,0.9409062372905537,6.706704267834583,6.096318253860912,6.706704267834585,6.096318253860911,16,16,0,0
kk_grpo_v1_train_004189,rand01,4,0.2794460111597743,0.797497865128185,4.471136178556389,1.3149762555890876,0.9409062372905536,6.706704267834583,6.096318253860912,6.706704267834585,6.096318253860911,16,16,0,0
kk_grpo_v1_train_004189,rand02,4,0.2794460111597743,0.797497865128185,4.471136178556389,1.3149762555890874,0.9409062372905536,6.706704267834583,6.096318253860912,6.706704267834585,6.096318253860913,16,16,0,0
kk_grpo_v1_train_004189,rand03,4,0.2794460111597743,0.797497865128185,4.471136178556389,1.3149762555890874,0.9409062372905536,6.706704267834583,6.096318253860912,6.706704267834585,6.096318253860911,16,16,0,0
kk_grpo_v1_train_004189,rand04,4,0.2794460111597743,0.797497865128185,4.471136178556389,1.3149762555890876,0.9409062372905537,6.706704267834583,6.096318253860912,6.706704267834585,6.096318253860913,16,16,0,0
kk_grpo_v1_train_004189,rand05,4,0.02842040838218446,0.05684081676436903,0.45472653411495134,0.13126824343946647,1.0,6.706704267834583,6.479341000777107,6.706704267834585,6.479341000777108,16,16,0,0
kk_grpo_v1_train_004189,rand06,4,0.2794460111597743,0.797497865128185,4.471136178556389,1.3149762555890874,0.9409062372905536,6.706704267834583,6.096318253860912,6.706704267834585,6.096318253860911,16,16,0,0
kk_grpo_v1_train_004189,rand07,4,0.2794460111597743,0.797497865128185,4.471136178556389,1.3149762555890874,0.9409062372905536,6.706704267834583,6.096318253860912,6.706704267834585,6.096318253860913,16,16,0,0
kk_grpo_v1_train_004189,rand08,4,0.2794460111597743,0.797497865128185,4.471136178556389,1.3149762555890876,0.9409062372905534,6.706704267834583,6.096318253860911,6.706704267834585,6.096318253860911,16,16,0,0
kk_grpo_v1_train_004189,rand09,4,0.02842040838218446,0.05684081676436903,0.45472653411495134,0.13126824343946647,1.0,6.706704267834583,6.479341000777107,6.706704267834585,6.479341000777108,16,16,0,0
kk_grpo_v1_train_004189,rand10,4,0.02842040838218446,0.05684081676436903,0.45472653411495134,0.13126824343946647,1.0,6.706704267834583,6.479341000777107,6.706704267834585,6.479341000777108,16,16,0,0
kk_grpo_v1_train_004189,rand11,4,0.2794460111597743,0.797497865128185,4.471136178556389,1.3149762555890876,0.9409062372905534,6.706704267834583,6.096318253860912,6.706704267834585,6.096318253860911,16,16,0,0
kk_grpo_v1_train_004189,rand12,4,0.02842040838218446,0.05684081676436903,0.45472653411495134,0.13126824343946647,1.0,6.706704267834583,6.479341000777107,6.706704267834585,6.479341000777108,16,16,0,0
kk_grpo_v1_train_004189,rand13,4,0.02842040838218446,0.05684081676436903,0.45472653411495134,0.13126824343946647,1.0,6.706704267834583,6.479341000777107,6.706704267834585,6.479341000777108,16,16,0,0
kk_grpo_v1_train_004189,rand14,4,0.2794460111597743,0.797497865128185,4.471136178556389,1.3149762555890874,0.9409062372905536,6.706704267834583,6.096318253860912,6.706704267834585,6.096318253860913,16,16,0,0
kk_grpo_v1_train_004189,rand15,4,0.2794460111597743,0.797497865128185,4.471136178556389,1.3149762555890876,0.9409062372905537,6.706704267834583,6.096318253860911,6.706704267834585,6.096318253860913,16,16,0,0
kk_grpo_v1_train_004189,rand16,4,0.02842040838218446,0.05684081676436903,0.45472653411495134,0.13126824343946647,1.0,6.706704267834583,6.479341000777107,6.706704267834585,6.479341000777108,16,16,0,0
kk_grpo_v1_train_004189,rand17,4,0.5588920223195486,0.7414366875317822,8.942272357112778,2.2944160739017083,0.816496580927726,6.706704267834583,3.7409575177074545,6.706704267834585,3.7409575177074545,16,8,8,0
kk_grpo_v1_train_004189,rand18,4,0.2794460111597743,0.797497865128185,4.471136178556389,1.3149762555890876,0.9409062372905537,6.706704267834583,6.096318253860911,6.706704267834585,6.096318253860913,16,16,0,0
kk_grpo_v1_train_004189,rand19,4,0.02842040838218446,0.05684081676436903,0.45472653411495134,0.13126824343946647,1.0,6.706704267834583,6.479341000777107,6.706704267834585,6.479341000777108,16,16,0,0
kk_grpo_v1_train_004237,first8_last8,15,0.2499000399840064,1.2743266676732654,3.9984006397441023,1.4827581771029286,0.9660917830792959,3.748500599760097,2.4741739320868303,3.748500599760096,2.474173932086831,16,8,0,8
kk_grpo_v1_train_004237,rand00,15,0.2499000399840064,1.2743266676732654,3.9984006397441023,1.4827581771029286,0.9660917830792959,3.748500599760097,2.4741739320868303,3.748500599760096,2.474173932086831,16,8,0,8
kk_grpo_v1_train_004237,rand01,15,0.2499000399840064,1.2743266676732654,3.9984006397441023,1.4827581771029286,0.9660917830792959,3.748500599760097,2.4741739320868303,3.748500599760096,2.474173932086831,16,8,0,8
kk_grpo_v1_train_004237,rand02,15,0.2499000399840064,1.2743266676732654,3.9984006397441023,1.4827581771029286,0.9660917830792959,3.748500599760097,2.4741739320868303,3.748500599760096,2.474173932086831,16,8,0,8
kk_grpo_v1_train_004237,rand03,15,0.2499000399840064,1.2743266676732654,3.9984006397441023,1.4827581771029286,0.9660917830792959,3.748500599760097,2.4741739320868303,3.748500599760096,2.474173932086831,16,8,0,8
kk_grpo_v1_train_004237,rand04,15,0.2499000399840064,1.2743266676732654,3.9984006397441023,1.4827581771029286,0.9660917830792959,3.748500599760097,2.4741739320868303,3.748500599760096,2.474173932086831,16,8,0,8
kk_grpo_v1_train_004237,rand05,15,0.2499000399840064,1.2743266676732654,3.9984006397441023,1.4827581771029286,0.9660917830792959,3.748500599760097,2.4741739320868303,3.748500599760096,2.474173932086831,16,8,0,8
kk_grpo_v1_train_004237,rand06,15,0.2499000399840064,1.2743266676732654,3.9984006397441023,1.4827581771029286,0.9660917830792959,3.748500599760097,2.4741739320868303,3.748500599760096,2.474173932086831,16,8,0,8
kk_grpo_v1_train_004237,rand07,15,0.2499000399840064,1.2743266676732654,3.9984006397441023,1.4827581771029286,0.9660917830792959,3.748500599760097,2.4741739320868303,3.748500599760096,2.474173932086831,16,8,0,8
kk_grpo_v1_train_004237,rand08,15,0.24990003998400642,1.2743266676732654,3.9984006397441028,1.4827581771029286,0.9660917830792959,3.748500599760097,2.4741739320868303,3.748500599760096,2.474173932086831,16,8,0,8
kk_grpo_v1_train_004237,rand09,15,0.2499000399840064,1.2743266676732654,3.9984006397441023,1.4827581771029286,0.9660917830792959,3.748500599760097,2.4741739320868303,3.748500599760096,2.474173932086831,16,8,0,8
kk_grpo_v1_train_004237,rand10,15,0.2499000399840064,1.2743266676732654,3.9984006397441023,1.4827581771029286,0.9660917830792959,3.748500599760097,2.4741739320868303,3.748500599760096,2.474173932086831,16,8,0,8
kk_grpo_v1_train_004237,rand11,15,0.2499000399840064,1.2743266676732654,3.9984006397441023,1.4827581771029286,0.9660917830792959,3.748500599760097,2.4741739320868303,3.748500599760096,2.474173932086831,16,8,0,8
kk_grpo_v1_train_004237,rand12,15,0.2499000399840064,1.2743266676732654,3.9984006397441023,1.4827581771029286,0.9660917830792959,3.748500599760097,2.4741739320868303,3.748500599760096,2.474173932086831,16,8,0,8
kk_grpo_v1_train_004237,rand13,15,0.2499000399840064,1.2743266676732654,3.9984006397441023,1.4827581771029286,0.9660917830792959,3.748500599760097,2.4741739320868303,3.748500599760096,2.474173932086831,16,8,0,8
kk_grpo_v1_train_004237,rand14,15,0.24990003998400642,1.2743266676732654,3.9984006397441028,1.4827581771029286,0.9660917830792959,3.748500599760097,2.4741739320868303,3.748500599760096,2.474173932086831,16,8,0,8
kk_grpo_v1_train_004237,rand15,15,0.2499000399840064,1.2743266676732654,3.9984006397441023,1.4827581771029286,0.9660917830792959,3.748500599760097,2.4741739320868303,3.748500599760096,2.474173932086831,16,8,0,8
kk_grpo_v1_train_004237,rand16,15,0.2499000399840064,1.2743266676732654,3.9984006397441023,1.4827581771029286,0.9660917830792959,3.748500599760097,2.4741739320868303,3.748500599760096,2.474173932086831,16,8,0,8
kk_grpo_v1_train_004237,rand17,15,0.2499000399840064,1.2743266676732654,3.9984006397441023,1.4827581771029286,0.9660917830792959,3.748500599760097,2.4741739320868303,3.748500599760096,2.474173932086831,16,8,0,8
kk_grpo_v1_train_004237,rand18,15,0.24990003998400642,1.2743266676732654,3.9984006397441028,1.4827581771029286,0.9660917830792959,3.748500599760097,2.4741739320868303,3.748500599760096,2.474173932086831,16,8,0,8
kk_grpo_v1_train_004237,rand19,15,0.24990003998400642,1.2743266676732654,3.9984006397441028,1.4827581771029286,0.9660917830792959,3.748500599760097,2.4741739320868303,3.748500599760096,2.474173932086831,16,8,0,8
kk_grpo_v1_train_004253,first8_last8,13,0.46501489871044854,0.8076831204872501,7.440238379367177,2.0058526729045334,0.8770580193070292,6.04519368323583,3.622144321774081,6.045193683235832,3.6221443217740807,16,8,0,8
kk_grpo_v1_train_004253,rand00,13,0.1550049662368162,0.45910937100822036,2.480079459789059,0.8024978335582991,0.9783638454036059,6.04519368323583,5.713844432475384,6.045193683235832,5.713844432475384,16,16,0,0
kk_grpo_v1_train_004253,rand01,13,0.1550049662368162,0.45910937100822036,2.480079459789059,0.8024978335582991,0.9783638454036058,6.04519368323583,5.713844432475384,6.045193683235832,5.713844432475384,16,16,0,0
kk_grpo_v1_train_004253,rand02,13,0.1550049662368162,0.45910937100822036,2.480079459789059,0.8024978335582992,0.9783638454036059,6.04519368323583,5.713844432475384,6.045193683235832,5.713844432475384,16,16,0,0
kk_grpo_v1_train_004253,rand03,13,0.1550049662368162,0.45910937100822036,2.480079459789059,0.8024978335582992,0.9783638454036058,6.04519368323583,5.713844432475384,6.045193683235832,5.713844432475384,16,16,0,0
kk_grpo_v1_train_004253,rand04,13,0.1550049662368162,0.45910937100822036,2.480079459789059,0.8024978335582991,0.9783638454036058,6.04519368323583,5.713844432475384,6.045193683235832,5.713844432475384,16,16,0,0
kk_grpo_v1_train_004253,rand05,13,0.1550049662368162,0.45910937100822036,2.480079459789059,0.8024978335582992,0.9783638454036058,6.04519368323583,5.713844432475384,6.045193683235832,5.713844432475384,16,16,0,0
kk_grpo_v1_train_004253,rand06,13,0.1550049662368162,0.45910937100822036,2.480079459789059,0.8024978335582991,0.9783638454036059,6.04519368323583,5.713844432475384,6.045193683235832,5.713844432475384,16,16,0,0
kk_grpo_v1_train_004253,rand07,13,0.1550049662368162,0.45910937100822036,2.480079459789059,0.8024978335582991,0.9783638454036058,6.04519368323583,5.713844432475384,6.045193683235832,5.713844432475384,16,16,0,0
kk_grpo_v1_train_004253,rand08,13,0.1550049662368162,0.45910937100822036,2.480079459789059,0.8024978335582992,0.9783638454036059,6.04519368323583,5.713844432475384,6.045193683235832,5.713844432475384,16,16,0,0
kk_grpo_v1_train_004253,rand09,13,0.1550049662368162,0.45910937100822036,2.480079459789059,0.8024978335582991,0.9783638454036059,6.04519368323583,5.713844432475384,6.045193683235832,5.713844432475384,16,16,0,0
kk_grpo_v1_train_004253,rand10,13,0.1550049662368162,0.45910937100822036,2.480079459789059,0.8024978335582992,0.9783638454036059,6.04519368323583,5.713844432475384,6.045193683235832,5.713844432475384,16,16,0,0
kk_grpo_v1_train_004253,rand11,13,0.1550049662368162,0.45910937100822036,2.480079459789059,0.8024978335582992,0.9783638454036058,6.04519368323583,5.713844432475384,6.045193683235832,5.713844432475384,16,16,0,0
kk_grpo_v1_train_004253,rand12,13,0.1550049662368162,0.45910937100822036,2.480079459789059,0.8024978335582992,0.9783638454036058,6.04519368323583,5.713844432475384,6.045193683235832,5.713844432475384,16,16,0,0
kk_grpo_v1_train_004253,rand13,13,0.1550049662368162,0.45910937100822036,2.480079459789059,0.8024978335582992,0.9783638454036058,6.04519368323583,5.713844432475384,6.045193683235832,5.713844432475384,16,16,0,0
kk_grpo_v1_train_004253,rand14,13,0.1550049662368162,0.45910937100822036,2.480079459789059,0.8024978335582991,0.9783638454036059,6.04519368323583,5.713844432475384,6.045193683235832,5.713844432475384,16,16,0,0
kk_grpo_v1_train_004253,rand15,13,0.1550049662368162,0.45910937100822036,2.480079459789059,0.8024978335582992,0.9783638454036057,6.04519368323583,5.713844432475384,6.045193683235832,5.713844432475384,16,16,0,0
kk_grpo_v1_train_004253,rand16,13,0.1550049662368162,0.45910937100822036,2.480079459789059,0.8024978335582991,0.9783638454036058,6.04519368323583,5.713844432475384,6.045193683235832,5.713844432475384,16,16,0,0
kk_grpo_v1_train_004253,rand17,13,0.15500496623681623,0.45910937100822036,2.4800794597890596,0.8024978335582991,0.9783638454036059,6.04519368323583,5.713844432475384,6.045193683235832,5.713844432475384,16,16,0,0
kk_grpo_v1_train_004253,rand18,13,0.46501489871044854,0.8076831204872501,7.440238379367177,2.0058526729045334,0.8770580193070293,6.04519368323583,3.622144321774081,6.045193683235832,3.6221443217740807,16,8,0,8
kk_grpo_v1_train_004253,rand19,13,0.1550049662368162,0.45910937100822036,2.480079459789059,0.8024978335582992,0.9783638454036058,6.04519368323583,5.713844432475384,6.045193683235832,5.713844432475384,16,16,0,0
kk_grpo_v1_train_004286,first8_last8,16,0.0,0.0,0.0,0.0,nan,0.0,0.0,0.0,0.0,0,0,0,0
kk_grpo_v1_train_004286,rand00,16,0.0,0.0,0.0,0.0,nan,0.0,0.0,0.0,0.0,0,0,0,0
kk_grpo_v1_train_004286,rand01,16,0.0,0.0,0.0,0.0,nan,0.0,0.0,0.0,0.0,0,0,0,0
kk_grpo_v1_train_004286,rand02,16,0.0,0.0,0.0,0.0,nan,0.0,0.0,0.0,0.0,0,0,0,0
kk_grpo_v1_train_004286,rand03,16,0.0,0.0,0.0,0.0,nan,0.0,0.0,0.0,0.0,0,0,0,0
kk_grpo_v1_train_004286,rand04,16,0.0,0.0,0.0,0.0,nan,0.0,0.0,0.0,0.0,0,0,0,0
kk_grpo_v1_train_004286,rand05,16,0.0,0.0,0.0,0.0,nan,0.0,0.0,0.0,0.0,0,0,0,0
kk_grpo_v1_train_004286,rand06,16,0.0,0.0,0.0,0.0,nan,0.0,0.0,0.0,0.0,0,0,0,0
kk_grpo_v1_train_004286,rand07,16,0.0,0.0,0.0,0.0,nan,0.0,0.0,0.0,0.0,0,0,0,0
kk_grpo_v1_train_004286,rand08,16,0.0,0.0,0.0,0.0,nan,0.0,0.0,0.0,0.0,0,0,0,0
kk_grpo_v1_train_004286,rand09,16,0.0,0.0,0.0,0.0,nan,0.0,0.0,0.0,0.0,0,0,0,0
kk_grpo_v1_train_004286,rand10,16,0.0,0.0,0.0,0.0,nan,0.0,0.0,0.0,0.0,0,0,0,0
kk_grpo_v1_train_004286,rand11,16,0.0,0.0,0.0,0.0,nan,0.0,0.0,0.0,0.0,0,0,0,0
kk_grpo_v1_train_004286,rand12,16,0.0,0.0,0.0,0.0,nan,0.0,0.0,0.0,0.0,0,0,0,0
kk_grpo_v1_train_004286,rand13,16,0.0,0.0,0.0,0.0,nan,0.0,0.0,0.0,0.0,0,0,0,0
kk_grpo_v1_train_004286,rand14,16,0.0,0.0,0.0,0.0,nan,0.0,0.0,0.0,0.0,0,0,0,0
kk_grpo_v1_train_004286,rand15,16,0.0,0.0,0.0,0.0,nan,0.0,0.0,0.0,0.0,0,0,0,0
kk_grpo_v1_train_004286,rand16,16,0.0,0.0,0.0,0.0,nan,0.0,0.0,0.0,0.0,0,0,0,0
kk_grpo_v1_train_004286,rand17,16,0.0,0.0,0.0,0.0,nan,0.0,0.0,0.0,0.0,0,0,0,0
kk_grpo_v1_train_004286,rand18,16,0.0,0.0,0.0,0.0,nan,0.0,0.0,0.0,0.0,0,0,0,0
kk_grpo_v1_train_004286,rand19,16,0.0,0.0,0.0,0.0,nan,0.0,0.0,0.0,0.0,0,0,0,0
kk_grpo_v1_train_004353,first8_last8,16,0.0,0.0,0.0,0.0,nan,0.0,0.0,0.0,0.0,0,0,0,0
kk_grpo_v1_train_004353,rand00,16,0.0,0.0,0.0,0.0,nan,0.0,0.0,0.0,0.0,0,0,0,0
kk_grpo_v1_train_004353,rand01,16,0.0,0.0,0.0,0.0,nan,0.0,0.0,0.0,0.0,0,0,0,0
kk_grpo_v1_train_004353,rand02,16,0.0,0.0,0.0,0.0,nan,0.0,0.0,0.0,0.0,0,0,0,0
kk_grpo_v1_train_004353,rand03,16,0.0,0.0,0.0,0.0,nan,0.0,0.0,0.0,0.0,0,0,0,0
kk_grpo_v1_train_004353,rand04,16,0.0,0.0,0.0,0.0,nan,0.0,0.0,0.0,0.0,0,0,0,0
kk_grpo_v1_train_004353,rand05,16,0.0,0.0,0.0,0.0,nan,0.0,0.0,0.0,0.0,0,0,0,0
kk_grpo_v1_train_004353,rand06,16,0.0,0.0,0.0,0.0,nan,0.0,0.0,0.0,0.0,0,0,0,0
kk_grpo_v1_train_004353,rand07,16,0.0,0.0,0.0,0.0,nan,0.0,0.0,0.0,0.0,0,0,0,0
kk_grpo_v1_train_004353,rand08,16,0.0,0.0,0.0,0.0,nan,0.0,0.0,0.0,0.0,0,0,0,0
kk_grpo_v1_train_004353,rand09,16,0.0,0.0,0.0,0.0,nan,0.0,0.0,0.0,0.0,0,0,0,0
kk_grpo_v1_train_004353,rand10,16,0.0,0.0,0.0,0.0,nan,0.0,0.0,0.0,0.0,0,0,0,0
kk_grpo_v1_train_004353,rand11,16,0.0,0.0,0.0,0.0,nan,0.0,0.0,0.0,0.0,0,0,0,0
kk_grpo_v1_train_004353,rand12,16,0.0,0.0,0.0,0.0,nan,0.0,0.0,0.0,0.0,0,0,0,0
kk_grpo_v1_train_004353,rand13,16,0.0,0.0,0.0,0.0,nan,0.0,0.0,0.0,0.0,0,0,0,0
kk_grpo_v1_train_004353,rand14,16,0.0,0.0,0.0,0.0,nan,0.0,0.0,0.0,0.0,0,0,0,0
kk_grpo_v1_train_004353,rand15,16,0.0,0.0,0.0,0.0,nan,0.0,0.0,0.0,0.0,0,0,0,0
kk_grpo_v1_train_004353,rand16,16,0.0,0.0,0.0,0.0,nan,0.0,0.0,0.0,0.0,0,0,0,0
kk_grpo_v1_train_004353,rand17,16,0.0,0.0,0.0,0.0,nan,0.0,0.0,0.0,0.0,0,0,0,0
kk_grpo_v1_train_004353,rand18,16,0.0,0.0,0.0,0.0,nan,0.0,0.0,0.0,0.0,0,0,0,0
kk_grpo_v1_train_004353,rand19,16,0.0,0.0,0.0,0.0,nan,0.0,0.0,0.0,0.0,0,0,0,0
kk_grpo_v1_train_004386,first8_last8,7,0.12196370424099345,0.16243395874207756,1.9514192678558953,0.5018226911514689,0.991902716231094,7.683713367182588,7.363101839481534,7.683713367182588,7.363101839481535,16,16,0,0
kk_grpo_v1_train_004386,rand00,7,0.36589111272298036,0.5221619120253356,5.854257803567686,1.4858880716296636,0.9243864041916475,7.683713367182588,6.861814822162635,7.683713367182588,6.861814822162636,16,16,0,0
kk_grpo_v1_train_004386,rand01,7,0.12196370424099345,0.16243395874207756,1.9514192678558953,0.501822691151469,0.991902716231094,7.683713367182588,7.363101839481535,7.683713367182588,7.363101839481536,16,16,0,0
kk_grpo_v1_train_004386,rand02,7,0.36589111272298036,0.5221619120253356,5.854257803567686,1.4858880716296636,0.9243864041916476,7.683713367182588,6.861814822162635,7.683713367182588,6.861814822162636,16,16,0,0
kk_grpo_v1_train_004386,rand03,7,0.12196370424099345,0.16243395874207756,1.9514192678558953,0.501822691151469,0.9919027162310939,7.683713367182588,7.363101839481536,7.683713367182588,7.363101839481535,16,16,0,0
kk_grpo_v1_train_004386,rand04,7,0.36589111272298036,0.5221619120253356,5.854257803567686,1.4858880716296636,0.9243864041916475,7.683713367182588,6.861814822162636,7.683713367182588,6.861814822162635,16,16,0,0
kk_grpo_v1_train_004386,rand05,7,0.12196370424099345,0.16243395874207756,1.9514192678558953,0.501822691151469,0.9919027162310942,7.683713367182588,7.363101839481536,7.683713367182588,7.363101839481535,16,16,0,0
kk_grpo_v1_train_004386,rand06,7,0.12196370424099345,0.16243395874207756,1.9514192678558953,0.501822691151469,0.9919027162310942,7.683713367182588,7.363101839481535,7.683713367182588,7.363101839481535,16,16,0,0
kk_grpo_v1_train_004386,rand07,7,0.36589111272298036,0.5221619120253356,5.854257803567686,1.4858880716296636,0.9243864041916475,7.683713367182588,6.861814822162635,7.683713367182588,6.861814822162635,16,16,0,0
kk_grpo_v1_train_004386,rand08,7,0.12196370424099345,0.16243395874207756,1.9514192678558953,0.501822691151469,0.991902716231094,7.683713367182588,7.363101839481535,7.683713367182588,7.363101839481536,16,16,0,0
kk_grpo_v1_train_004386,rand09,7,0.12196370424099345,0.16243395874207756,1.9514192678558953,0.501822691151469,0.991902716231094,7.683713367182588,7.363101839481536,7.683713367182588,7.363101839481536,16,16,0,0
kk_grpo_v1_train_004386,rand10,7,0.12196370424099345,0.16243395874207756,1.9514192678558953,0.501822691151469,0.9919027162310939,7.683713367182588,7.363101839481535,7.683713367182588,7.363101839481535,16,16,0,0
kk_grpo_v1_train_004386,rand11,7,0.12196370424099345,0.16243395874207756,1.9514192678558953,0.5018226911514689,0.9919027162310942,7.683713367182588,7.363101839481535,7.683713367182588,7.363101839481535,16,16,0,0
kk_grpo_v1_train_004386,rand12,7,0.12196370424099345,0.16243395874207756,1.9514192678558953,0.501822691151469,0.9919027162310939,7.683713367182588,7.363101839481536,7.683713367182588,7.363101839481535,16,16,0,0
kk_grpo_v1_train_004386,rand13,7,0.12196370424099345,0.16243395874207756,1.9514192678558953,0.5018226911514689,0.9919027162310942,7.683713367182588,7.363101839481535,7.683713367182588,7.363101839481535,16,16,0,0
kk_grpo_v1_train_004386,rand14,7,0.36589111272298036,0.5221619120253356,5.854257803567686,1.4858880716296636,0.9243864041916475,7.683713367182588,6.861814822162636,7.683713367182588,6.861814822162635,16,16,0,0
kk_grpo_v1_train_004386,rand15,7,0.12196370424099345,0.16243395874207756,1.9514192678558953,0.501822691151469,0.991902716231094,7.683713367182588,7.363101839481535,7.683713367182588,7.363101839481535,16,16,0,0
kk_grpo_v1_train_004386,rand16,7,0.36589111272298036,0.5221619120253356,5.854257803567686,1.4858880716296636,0.9243864041916475,7.683713367182588,6.861814822162636,7.683713367182588,6.861814822162635,16,16,0,0
kk_grpo_v1_train_004386,rand17,7,0.36589111272298036,0.5221619120253356,5.854257803567686,1.4858880716296636,0.9243864041916475,7.683713367182588,6.861814822162636,7.683713367182588,6.861814822162635,16,16,0,0
kk_grpo_v1_train_004386,rand18,7,0.12196370424099345,0.16243395874207756,1.9514192678558953,0.501822691151469,0.991902716231094,7.683713367182588,7.363101839481535,7.683713367182588,7.363101839481536,16,16,0,0
kk_grpo_v1_train_004386,rand19,7,0.36589111272298036,0.5221619120253356,5.854257803567686,1.4858880716296636,0.9243864041916475,7.683713367182588,6.861814822162636,7.683713367182588,6.861814822162636,16,16,0,0
kk_grpo_v1_train_004410,first8_last8,16,0.0,0.0,0.0,0.0,nan,0.0,0.0,0.0,0.0,0,0,0,0
kk_grpo_v1_train_004410,rand00,16,0.0,0.0,0.0,0.0,nan,0.0,0.0,0.0,0.0,0,0,0,0
kk_grpo_v1_train_004410,rand01,16,0.0,0.0,0.0,0.0,nan,0.0,0.0,0.0,0.0,0,0,0,0
kk_grpo_v1_train_004410,rand02,16,0.0,0.0,0.0,0.0,nan,0.0,0.0,0.0,0.0,0,0,0,0
kk_grpo_v1_train_004410,rand03,16,0.0,0.0,0.0,0.0,nan,0.0,0.0,0.0,0.0,0,0,0,0
kk_grpo_v1_train_004410,rand04,16,0.0,0.0,0.0,0.0,nan,0.0,0.0,0.0,0.0,0,0,0,0
kk_grpo_v1_train_004410,rand05,16,0.0,0.0,0.0,0.0,nan,0.0,0.0,0.0,0.0,0,0,0,0
kk_grpo_v1_train_004410,rand06,16,0.0,0.0,0.0,0.0,nan,0.0,0.0,0.0,0.0,0,0,0,0
kk_grpo_v1_train_004410,rand07,16,0.0,0.0,0.0,0.0,nan,0.0,0.0,0.0,0.0,0,0,0,0
kk_grpo_v1_train_004410,rand08,16,0.0,0.0,0.0,0.0,nan,0.0,0.0,0.0,0.0,0,0,0,0
kk_grpo_v1_train_004410,rand09,16,0.0,0.0,0.0,0.0,nan,0.0,0.0,0.0,0.0,0,0,0,0
kk_grpo_v1_train_004410,rand10,16,0.0,0.0,0.0,0.0,nan,0.0,0.0,0.0,0.0,0,0,0,0
kk_grpo_v1_train_004410,rand11,16,0.0,0.0,0.0,0.0,nan,0.0,0.0,0.0,0.0,0,0,0,0
kk_grpo_v1_train_004410,rand12,16,0.0,0.0,0.0,0.0,nan,0.0,0.0,0.0,0.0,0,0,0,0
kk_grpo_v1_train_004410,rand13,16,0.0,0.0,0.0,0.0,nan,0.0,0.0,0.0,0.0,0,0,0,0
kk_grpo_v1_train_004410,rand14,16,0.0,0.0,0.0,0.0,nan,0.0,0.0,0.0,0.0,0,0,0,0
kk_grpo_v1_train_004410,rand15,16,0.0,0.0,0.0,0.0,nan,0.0,0.0,0.0,0.0,0,0,0,0
kk_grpo_v1_train_004410,rand16,16,0.0,0.0,0.0,0.0,nan,0.0,0.0,0.0,0.0,0,0,0,0
kk_grpo_v1_train_004410,rand17,16,0.0,0.0,0.0,0.0,nan,0.0,0.0,0.0,0.0,0,0,0,0
kk_grpo_v1_train_004410,rand18,16,0.0,0.0,0.0,0.0,nan,0.0,0.0,0.0,0.0,0,0,0,0
kk_grpo_v1_train_004410,rand19,16,0.0,0.0,0.0,0.0,nan,0.0,0.0,0.0,0.0,0,0,0,0
kk_grpo_v1_train_004437,first8_last8,7,0.36589111272298036,0.5221619120253356,5.854257803567686,1.4858880716296636,0.9243864041916475,7.683713367182588,6.861814822162636,7.683713367182588,6.861814822162636,16,16,0,0
kk_grpo_v1_train_004437,rand00,7,0.12196370424099345,0.16243395874207756,1.9514192678558953,0.501822691151469,0.991902716231094,7.683713367182588,7.363101839481535,7.683713367182588,7.363101839481535,16,16,0,0
kk_grpo_v1_train_004437,rand01,7,0.36589111272298036,0.5221619120253356,5.854257803567686,1.4858880716296636,0.9243864041916475,7.683713367182588,6.861814822162636,7.683713367182588,6.861814822162635,16,16,0,0
kk_grpo_v1_train_004437,rand02,7,0.12196370424099345,0.16243395874207756,1.9514192678558953,0.5018226911514689,0.991902716231094,7.683713367182588,7.363101839481535,7.683713367182588,7.363101839481536,16,16,0,0
kk_grpo_v1_train_004437,rand03,7,0.12196370424099345,0.16243395874207756,1.9514192678558953,0.501822691151469,0.9919027162310942,7.683713367182588,7.363101839481535,7.683713367182588,7.363101839481536,16,16,0,0
kk_grpo_v1_train_004437,rand04,7,0.12196370424099345,0.16243395874207756,1.9514192678558953,0.501822691151469,0.991902716231094,7.683713367182588,7.363101839481536,7.683713367182588,7.363101839481536,16,16,0,0
kk_grpo_v1_train_004437,rand05,7,0.12196370424099345,0.16243395874207756,1.9514192678558953,0.501822691151469,0.991902716231094,7.683713367182588,7.363101839481535,7.683713367182588,7.363101839481536,16,16,0,0
kk_grpo_v1_train_004437,rand06,7,0.36589111272298036,0.5221619120253356,5.854257803567686,1.4858880716296636,0.9243864041916475,7.683713367182588,6.861814822162634,7.683713367182588,6.861814822162635,16,16,0,0
kk_grpo_v1_train_004437,rand07,7,0.36589111272298036,0.5221619120253356,5.854257803567686,1.4858880716296636,0.9243864041916475,7.683713367182588,6.861814822162636,7.683713367182588,6.861814822162635,16,16,0,0
kk_grpo_v1_train_004437,rand08,7,0.12196370424099345,0.16243395874207756,1.9514192678558953,0.5018226911514689,0.9919027162310942,7.683713367182588,7.363101839481535,7.683713367182588,7.363101839481536,16,16,0,0
kk_grpo_v1_train_004437,rand09,7,0.36589111272298036,0.5221619120253356,5.854257803567686,1.4858880716296636,0.9243864041916475,7.683713367182588,6.861814822162635,7.683713367182588,6.861814822162636,16,16,0,0
kk_grpo_v1_train_004437,rand10,7,0.12196370424099345,0.16243395874207756,1.9514192678558953,0.501822691151469,0.991902716231094,7.683713367182588,7.363101839481535,7.683713367182588,7.363101839481536,16,16,0,0
kk_grpo_v1_train_004437,rand11,7,0.12196370424099345,0.16243395874207756,1.9514192678558953,0.501822691151469,0.9919027162310939,7.683713367182588,7.363101839481536,7.683713367182588,7.363101839481535,16,16,0,0
kk_grpo_v1_train_004437,rand12,7,0.12196370424099345,0.16243395874207756,1.9514192678558953,0.501822691151469,0.9919027162310938,7.683713367182588,7.363101839481536,7.683713367182588,7.363101839481536,16,16,0,0
kk_grpo_v1_train_004437,rand13,7,0.12196370424099345,0.16243395874207756,1.9514192678558953,0.501822691151469,0.9919027162310942,7.683713367182588,7.363101839481535,7.683713367182588,7.363101839481536,16,16,0,0
kk_grpo_v1_train_004437,rand14,7,0.36589111272298036,0.5221619120253356,5.854257803567686,1.4858880716296636,0.9243864041916475,7.683713367182588,6.861814822162635,7.683713367182588,6.861814822162635,16,16,0,0
kk_grpo_v1_train_004437,rand15,7,0.12196370424099345,0.16243395874207756,1.9514192678558953,0.501822691151469,0.991902716231094,7.683713367182588,7.363101839481535,7.683713367182588,7.363101839481535,16,16,0,0
kk_grpo_v1_train_004437,rand16,7,0.12196370424099345,0.16243395874207756,1.9514192678558953,0.501822691151469,0.9919027162310942,7.683713367182588,7.363101839481535,7.683713367182588,7.363101839481535,16,16,0,0
kk_grpo_v1_train_004437,rand17,7,0.12196370424099345,0.16243395874207756,1.9514192678558953,0.501822691151469,0.9919027162310939,7.683713367182588,7.363101839481535,7.683713367182588,7.363101839481536,16,16,0,0
kk_grpo_v1_train_004437,rand18,7,0.12196370424099345,0.16243395874207756,1.9514192678558953,0.501822691151469,0.9919027162310939,7.683713367182588,7.363101839481535,7.683713367182588,7.363101839481535,16,16,0,0
kk_grpo_v1_train_004437,rand19,7,0.36589111272298036,0.5221619120253356,5.854257803567686,1.4858880716296636,0.9243864041916475,7.683713367182588,6.861814822162634,7.683713367182588,6.861814822162636,16,16,0,0
kk_grpo_v1_train_004491,first8_last8,9,0.12196370424099345,0.16243395874207756,1.9514192678558953,0.501822691151469,0.991902716231094,7.683713367182588,7.363101839481535,7.683713367182588,7.363101839481536,16,16,0,0
kk_grpo_v1_train_004491,rand00,9,0.12196370424099345,0.16243395874207756,1.9514192678558953,0.501822691151469,0.9919027162310942,7.683713367182588,7.363101839481535,7.683713367182588,7.363101839481535,16,16,0,0
kk_grpo_v1_train_004491,rand01,9,0.36589111272298036,0.5221619120253356,5.854257803567686,1.4858880716296636,0.9243864041916475,7.683713367182588,6.861814822162635,7.683713367182588,6.861814822162636,16,16,0,0
kk_grpo_v1_train_004491,rand02,9,0.36589111272298036,0.5221619120253356,5.854257803567686,1.4858880716296636,0.9243864041916475,7.683713367182588,6.861814822162635,7.683713367182588,6.861814822162636,16,16,0,0
kk_grpo_v1_train_004491,rand03,9,0.12196370424099345,0.16243395874207756,1.9514192678558953,0.501822691151469,0.991902716231094,7.683713367182588,7.363101839481535,7.683713367182588,7.363101839481535,16,16,0,0
kk_grpo_v1_train_004491,rand04,9,0.36589111272298036,0.5221619120253356,5.854257803567686,1.4858880716296636,0.9243864041916475,7.683713367182588,6.861814822162635,7.683713367182588,6.861814822162635,16,16,0,0
kk_grpo_v1_train_004491,rand05,9,0.12196370424099345,0.16243395874207756,1.9514192678558953,0.501822691151469,0.9919027162310942,7.683713367182588,7.363101839481535,7.683713367182588,7.363101839481535,16,16,0,0
kk_grpo_v1_train_004491,rand06,9,0.12196370424099345,0.16243395874207756,1.9514192678558953,0.501822691151469,0.9919027162310939,7.683713367182588,7.363101839481535,7.683713367182588,7.363101839481535,16,16,0,0
kk_grpo_v1_train_004491,rand07,9,0.12196370424099345,0.16243395874207756,1.9514192678558953,0.5018226911514689,0.991902716231094,7.683713367182588,7.363101839481535,7.683713367182588,7.363101839481535,16,16,0,0
kk_grpo_v1_train_004491,rand08,9,0.12196370424099345,0.16243395874207756,1.9514192678558953,0.501822691151469,0.991902716231094,7.683713367182588,7.363101839481535,7.683713367182588,7.363101839481535,16,16,0,0
kk_grpo_v1_train_004491,rand09,9,0.36589111272298036,0.5221619120253356,5.854257803567686,1.4858880716296636,0.9243864041916475,7.683713367182588,6.861814822162635,7.683713367182588,6.861814822162636,16,16,0,0
kk_grpo_v1_train_004491,rand10,9,0.36589111272298036,0.5221619120253356,5.854257803567686,1.4858880716296636,0.9243864041916475,7.683713367182588,6.861814822162635,7.683713367182588,6.861814822162636,16,16,0,0
kk_grpo_v1_train_004491,rand11,9,0.12196370424099345,0.16243395874207756,1.9514192678558953,0.501822691151469,0.991902716231094,7.683713367182588,7.363101839481535,7.683713367182588,7.363101839481535,16,16,0,0
kk_grpo_v1_train_004491,rand12,9,0.12196370424099345,0.16243395874207756,1.9514192678558953,0.501822691151469,0.991902716231094,7.683713367182588,7.363101839481535,7.683713367182588,7.363101839481535,16,16,0,0
kk_grpo_v1_train_004491,rand13,9,0.12196370424099345,0.16243395874207756,1.9514192678558953,0.501822691151469,0.991902716231094,7.683713367182588,7.363101839481535,7.683713367182588,7.363101839481536,16,16,0,0
kk_grpo_v1_train_004491,rand14,9,0.36589111272298036,0.5221619120253356,5.854257803567686,1.4858880716296636,0.9243864041916475,7.683713367182588,6.861814822162635,7.683713367182588,6.861814822162636,16,16,0,0
kk_grpo_v1_train_004491,rand15,9,0.36589111272298036,0.5221619120253356,5.854257803567686,1.4858880716296636,0.9243864041916475,7.683713367182588,6.861814822162635,7.683713367182588,6.861814822162636,16,16,0,0
kk_grpo_v1_train_004491,rand16,9,0.12196370424099345,0.16243395874207756,1.9514192678558953,0.5018226911514689,0.9919027162310942,7.683713367182588,7.363101839481535,7.683713367182588,7.363101839481536,16,16,0,0
kk_grpo_v1_train_004491,rand17,9,0.12196370424099345,0.16243395874207756,1.9514192678558953,0.501822691151469,0.991902716231094,7.683713367182588,7.363101839481535,7.683713367182588,7.363101839481535,16,16,0,0
kk_grpo_v1_train_004491,rand18,9,0.12196370424099345,0.16243395874207756,1.9514192678558953,0.501822691151469,0.991902716231094,7.683713367182588,7.363101839481536,7.683713367182588,7.363101839481535,16,16,0,0
kk_grpo_v1_train_004491,rand19,9,0.36589111272298036,0.5221619120253356,5.854257803567686,1.4858880716296636,0.9243864041916475,7.683713367182588,6.861814822162635,7.683713367182588,6.861814822162636,16,16,0,0
kk_grpo_v1_train_004550,first8_last8,11,0.13053097493539773,0.22845928369801483,2.0884955989663636,0.5711982268193134,0.9893329628687377,7.1792036214468755,6.861814822162635,7.1792036214468755,6.861814822162635,16,16,0,0
kk_grpo_v1_train_004550,rand00,11,0.13053097493539773,0.22845928369801483,2.0884955989663636,0.5711982268193134,0.9893329628687376,7.1792036214468755,6.861814822162636,7.1792036214468755,6.861814822162635,16,16,0,0
kk_grpo_v1_train_004550,rand01,11,0.13053097493539773,0.22845928369801483,2.0884955989663636,0.5711982268193134,0.9893329628687376,7.1792036214468755,6.861814822162636,7.1792036214468755,6.861814822162635,16,16,0,0
kk_grpo_v1_train_004550,rand02,11,0.39159292480619323,1.0383332077974556,6.265486796899092,1.739715282374547,0.8961216640983372,7.1792036214468755,6.215131449794285,7.1792036214468755,6.215131449794285,16,16,0,0
kk_grpo_v1_train_004550,rand03,11,0.3915929248061932,1.0383332077974556,6.265486796899091,1.7397152823745468,0.8961216640983372,7.1792036214468755,6.215131449794285,7.1792036214468755,6.215131449794285,16,16,0,0
kk_grpo_v1_train_004550,rand04,11,0.6526548746769887,0.7114118599345589,10.442477994831819,2.6194209177961993,0.7385489458759964,7.1792036214468755,3.6221443217740807,7.1792036214468755,3.622144321774081,16,8,0,8
kk_grpo_v1_train_004550,rand05,11,0.13053097493539773,0.22845928369801483,2.0884955989663636,0.5711982268193134,0.9893329628687377,7.1792036214468755,6.861814822162636,7.1792036214468755,6.861814822162635,16,16,0,0
kk_grpo_v1_train_004550,rand06,11,0.39159292480619323,1.0383332077974556,6.265486796899092,1.7397152823745468,0.8961216640983373,7.1792036214468755,6.215131449794285,7.1792036214468755,6.215131449794285,16,16,0,0
kk_grpo_v1_train_004550,rand07,11,0.13053097493539773,0.22845928369801483,2.0884955989663636,0.5711982268193134,0.9893329628687376,7.1792036214468755,6.8618148221626365,7.1792036214468755,6.861814822162635,16,16,0,0
kk_grpo_v1_train_004550,rand08,11,0.39159292480619323,1.0383332077974556,6.265486796899092,1.7397152823745468,0.8961216640983373,7.1792036214468755,6.215131449794285,7.1792036214468755,6.215131449794285,16,16,0,0
kk_grpo_v1_train_004550,rand09,11,0.6526548746769887,0.7114118599345589,10.442477994831819,2.6194209177961993,0.7385489458759964,7.1792036214468755,3.6221443217740807,7.1792036214468755,3.622144321774081,16,8,0,8
kk_grpo_v1_train_004550,rand10,11,0.13053097493539773,0.22845928369801483,2.0884955989663636,0.5711982268193134,0.9893329628687376,7.1792036214468755,6.861814822162636,7.1792036214468755,6.861814822162635,16,16,0,0
kk_grpo_v1_train_004550,rand11,11,0.39159292480619323,1.0383332077974556,6.265486796899092,1.739715282374547,0.8961216640983372,7.1792036214468755,6.215131449794285,7.1792036214468755,6.215131449794285,16,16,0,0
kk_grpo_v1_train_004550,rand12,11,0.39159292480619323,1.0383332077974556,6.265486796899092,1.739715282374547,0.8961216640983373,7.1792036214468755,6.215131449794285,7.1792036214468755,6.215131449794285,16,16,0,0
kk_grpo_v1_train_004550,rand13,11,0.13053097493539773,0.22845928369801483,2.0884955989663636,0.5711982268193135,0.9893329628687376,7.1792036214468755,6.861814822162635,7.1792036214468755,6.861814822162635,16,16,0,0
kk_grpo_v1_train_004550,rand14,11,0.13053097493539773,0.22845928369801483,2.0884955989663636,0.5711982268193134,0.9893329628687377,7.1792036214468755,6.861814822162636,7.1792036214468755,6.861814822162635,16,16,0,0
kk_grpo_v1_train_004550,rand15,11,0.13053097493539773,0.22845928369801483,2.0884955989663636,0.5711982268193134,0.9893329628687377,7.1792036214468755,6.861814822162635,7.1792036214468755,6.861814822162635,16,16,0,0
kk_grpo_v1_train_004550,rand16,11,0.39159292480619323,1.0383332077974556,6.265486796899092,1.739715282374547,0.8961216640983373,7.1792036214468755,6.215131449794285,7.1792036214468755,6.215131449794285,16,16,0,0
kk_grpo_v1_train_004550,rand17,11,0.13053097493539773,0.22845928369801483,2.0884955989663636,0.5711982268193134,0.9893329628687376,7.1792036214468755,6.861814822162635,7.1792036214468755,6.861814822162635,16,16,0,0
kk_grpo_v1_train_004550,rand18,11,0.13053097493539773,0.22845928369801483,2.0884955989663636,0.5711982268193134,0.9893329628687377,7.1792036214468755,6.861814822162636,7.1792036214468755,6.861814822162635,16,16,0,0
kk_grpo_v1_train_004550,rand19,11,0.13053097493539773,0.22845928369801483,2.0884955989663636,0.5711982268193134,0.9893329628687375,7.1792036214468755,6.861814822162636,7.1792036214468755,6.861814822162635,16,16,0,0
kk_grpo_v1_train_004585,first8_last8,13,0.1550049662368162,0.45910937100822036,2.480079459789059,0.8024978335582992,0.9783638454036059,6.04519368323583,5.713844432475384,6.045193683235832,5.713844432475384,16,16,0,0
kk_grpo_v1_train_004585,rand00,13,0.1550049662368162,0.45910937100822036,2.480079459789059,0.8024978335582991,0.9783638454036058,6.04519368323583,5.713844432475384,6.045193683235832,5.713844432475384,16,16,0,0
kk_grpo_v1_train_004585,rand01,13,0.1550049662368162,0.45910937100822036,2.480079459789059,0.8024978335582991,0.9783638454036059,6.04519368323583,5.713844432475384,6.045193683235832,5.713844432475384,16,16,0,0
kk_grpo_v1_train_004585,rand02,13,0.1550049662368162,0.45910937100822036,2.480079459789059,0.8024978335582992,0.9783638454036059,6.04519368323583,5.713844432475384,6.045193683235832,5.713844432475384,16,16,0,0
kk_grpo_v1_train_004585,rand03,13,0.46501489871044854,0.8076831204872501,7.440238379367177,2.0058526729045334,0.8770580193070292,6.04519368323583,3.622144321774081,6.045193683235832,3.6221443217740807,16,8,0,8
kk_grpo_v1_train_004585,rand04,13,0.1550049662368162,0.45910937100822036,2.480079459789059,0.8024978335582992,0.9783638454036059,6.04519368323583,5.713844432475384,6.045193683235832,5.713844432475384,16,16,0,0
kk_grpo_v1_train_004585,rand05,13,0.1550049662368162,0.45910937100822036,2.480079459789059,0.8024978335582992,0.9783638454036058,6.04519368323583,5.713844432475384,6.045193683235832,5.713844432475384,16,16,0,0
kk_grpo_v1_train_004585,rand06,13,0.1550049662368162,0.45910937100822036,2.480079459789059,0.8024978335582991,0.9783638454036059,6.04519368323583,5.713844432475384,6.045193683235832,5.713844432475384,16,16,0,0
kk_grpo_v1_train_004585,rand07,13,0.15500496623681623,0.45910937100822036,2.4800794597890596,0.8024978335582991,0.9783638454036059,6.04519368323583,5.713844432475384,6.045193683235832,5.713844432475384,16,16,0,0
kk_grpo_v1_train_004585,rand08,13,0.1550049662368162,0.45910937100822036,2.480079459789059,0.8024978335582992,0.9783638454036059,6.04519368323583,5.713844432475384,6.045193683235832,5.713844432475384,16,16,0,0
kk_grpo_v1_train_004585,rand09,13,0.1550049662368162,0.45910937100822036,2.480079459789059,0.8024978335582992,0.9783638454036058,6.04519368323583,5.713844432475384,6.045193683235832,5.713844432475384,16,16,0,0
kk_grpo_v1_train_004585,rand10,13,0.1550049662368162,0.45910937100822036,2.480079459789059,0.8024978335582991,0.9783638454036059,6.04519368323583,5.713844432475384,6.045193683235832,5.713844432475384,16,16,0,0
kk_grpo_v1_train_004585,rand11,13,0.1550049662368162,0.45910937100822036,2.480079459789059,0.8024978335582991,0.9783638454036059,6.04519368323583,5.713844432475384,6.045193683235832,5.713844432475384,16,16,0,0
kk_grpo_v1_train_004585,rand12,13,0.15500496623681623,0.45910937100822036,2.4800794597890596,0.8024978335582991,0.9783638454036057,6.04519368323583,5.713844432475384,6.045193683235832,5.713844432475384,16,16,0,0
kk_grpo_v1_train_004585,rand13,13,0.15500496623681623,0.45910937100822036,2.4800794597890596,0.8024978335582992,0.9783638454036059,6.04519368323583,5.713844432475384,6.045193683235832,5.713844432475384,16,16,0,0
kk_grpo_v1_train_004585,rand14,13,0.1550049662368162,0.45910937100822036,2.480079459789059,0.8024978335582992,0.9783638454036059,6.04519368323583,5.713844432475384,6.045193683235832,5.713844432475384,16,16,0,0
kk_grpo_v1_train_004585,rand15,13,0.1550049662368162,0.45910937100822036,2.480079459789059,0.8024978335582992,0.9783638454036059,6.04519368323583,5.713844432475384,6.045193683235832,5.713844432475384,16,16,0,0
kk_grpo_v1_train_004585,rand16,13,0.1550049662368162,0.45910937100822036,2.480079459789059,0.8024978335582992,0.9783638454036059,6.04519368323583,5.713844432475384,6.045193683235832,5.713844432475384,16,16,0,0
kk_grpo_v1_train_004585,rand17,13,0.15500496623681623,0.45910937100822036,2.4800794597890596,0.8024978335582992,0.9783638454036058,6.04519368323583,5.713844432475384,6.045193683235832,5.713844432475384,16,16,0,0
kk_grpo_v1_train_004585,rand18,13,0.1550049662368162,0.45910937100822036,2.480079459789059,0.8024978335582991,0.9783638454036057,6.04519368323583,5.713844432475384,6.045193683235832,5.713844432475384,16,16,0,0
kk_grpo_v1_train_004585,rand19,13,0.1550049662368162,0.45910937100822036,2.480079459789059,0.8024978335582992,0.9783638454036059,6.04519368323583,5.713844432475384,6.045193683235832,5.713844432475384,16,16,0,0
kk_grpo_v1_train_004600,first8_last8,3,0.1550049662368162,0.45910937100822036,2.480079459789059,0.8024978335582992,0.9783638454036059,6.045193683235832,5.713844432475384,6.04519368323583,5.713844432475384,16,16,0,0
kk_grpo_v1_train_004600,rand00,3,0.1550049662368162,0.45910937100822036,2.480079459789059,0.8024978335582992,0.9783638454036059,6.045193683235832,5.713844432475384,6.04519368323583,5.713844432475384,16,16,0,0
kk_grpo_v1_train_004600,rand01,3,0.46501489871044854,0.8076831204872501,7.440238379367177,2.0058526729045334,0.8770580193070292,6.045193683235832,3.6221443217740807,6.04519368323583,3.622144321774081,16,8,8,0
kk_grpo_v1_train_004600,rand02,3,0.1550049662368162,0.45910937100822036,2.480079459789059,0.8024978335582992,0.978363845403606,6.045193683235832,5.713844432475384,6.04519368323583,5.713844432475384,16,16,0,0
kk_grpo_v1_train_004600,rand03,3,0.1550049662368162,0.45910937100822036,2.480079459789059,0.8024978335582992,0.9783638454036059,6.045193683235832,5.713844432475384,6.04519368323583,5.713844432475384,16,16,0,0
kk_grpo_v1_train_004600,rand04,3,0.1550049662368162,0.45910937100822036,2.480079459789059,0.8024978335582992,0.978363845403606,6.045193683235832,5.713844432475384,6.04519368323583,5.713844432475384,16,16,0,0
kk_grpo_v1_train_004600,rand05,3,0.46501489871044854,0.8076831204872501,7.440238379367177,2.0058526729045334,0.8770580193070292,6.045193683235832,3.6221443217740807,6.04519368323583,3.622144321774081,16,8,8,0
kk_grpo_v1_train_004600,rand06,3,0.1550049662368162,0.45910937100822036,2.480079459789059,0.8024978335582992,0.978363845403606,6.045193683235832,5.713844432475384,6.04519368323583,5.713844432475384,16,16,0,0
kk_grpo_v1_train_004600,rand07,3,0.1550049662368162,0.45910937100822036,2.480079459789059,0.8024978335582992,0.9783638454036062,6.045193683235832,5.713844432475384,6.04519368323583,5.713844432475384,16,16,0,0
kk_grpo_v1_train_004600,rand08,3,0.46501489871044854,0.8076831204872501,7.440238379367177,2.0058526729045334,0.877058019307029,6.045193683235832,3.6221443217740807,6.04519368323583,3.622144321774081,16,8,8,0
kk_grpo_v1_train_004600,rand09,3,0.1550049662368162,0.45910937100822036,2.480079459789059,0.8024978335582992,0.9783638454036059,6.045193683235832,5.713844432475384,6.04519368323583,5.713844432475384,16,16,0,0
kk_grpo_v1_train_004600,rand10,3,0.1550049662368162,0.45910937100822036,2.480079459789059,0.8024978335582992,0.978363845403606,6.045193683235832,5.713844432475384,6.04519368323583,5.713844432475384,16,16,0,0
kk_grpo_v1_train_004600,rand11,3,0.46501489871044854,0.8076831204872501,7.440238379367177,2.0058526729045334,0.8770580193070292,6.045193683235832,3.6221443217740807,6.04519368323583,3.622144321774081,16,8,8,0
kk_grpo_v1_train_004600,rand12,3,0.1550049662368162,0.45910937100822036,2.480079459789059,0.8024978335582991,0.978363845403606,6.045193683235832,5.713844432475384,6.04519368323583,5.713844432475384,16,16,0,0
kk_grpo_v1_train_004600,rand13,3,0.1550049662368162,0.45910937100822036,2.480079459789059,0.8024978335582992,0.978363845403606,6.045193683235832,5.713844432475384,6.04519368323583,5.713844432475384,16,16,0,0
kk_grpo_v1_train_004600,rand14,3,0.1550049662368162,0.45910937100822036,2.480079459789059,0.8024978335582992,0.978363845403606,6.045193683235832,5.713844432475384,6.04519368323583,5.713844432475384,16,16,0,0
kk_grpo_v1_train_004600,rand15,3,0.1550049662368162,0.45910937100822036,2.480079459789059,0.8024978335582992,0.978363845403606,6.045193683235832,5.713844432475384,6.04519368323583,5.713844432475384,16,16,0,0
kk_grpo_v1_train_004600,rand16,3,0.1550049662368162,0.45910937100822036,2.480079459789059,0.8024978335582992,0.9783638454036059,6.045193683235832,5.713844432475384,6.04519368323583,5.713844432475384,16,16,0,0
kk_grpo_v1_train_004600,rand17,3,0.1550049662368162,0.45910937100822036,2.480079459789059,0.8024978335582991,0.978363845403606,6.045193683235832,5.713844432475384,6.04519368323583,5.713844432475384,16,16,0,0
kk_grpo_v1_train_004600,rand18,3,0.1550049662368162,0.45910937100822036,2.480079459789059,0.8024978335582992,0.9783638454036058,6.045193683235832,5.713844432475384,6.04519368323583,5.713844432475384,16,16,0,0
kk_grpo_v1_train_004600,rand19,3,0.46501489871044854,0.8076831204872501,7.440238379367177,2.0058526729045334,0.8770580193070292,6.045193683235832,3.6221443217740807,6.04519368323583,3.622144321774081,16,8,8,0
kk_grpo_v1_train_004605,first8_last8,8,0.7260437796405323,1.5061155592327875,11.616700474248518,3.1345043703906628,0.6614378277661477,7.744466982832346,4.948347864173662,7.744466982832346,4.948347864173662,16,16,0,0
kk_grpo_v1_train_004605,rand00,8,0.2420145932135108,0.24362950849922704,3.8722334914161727,0.9680942922169059,0.9682458365518543,7.744466982832346,7.2442886435481615,7.744466982832346,7.2442886435481615,16,16,0,0
kk_grpo_v1_train_004605,rand01,8,0.2420145932135108,0.24362950849922704,3.8722334914161727,0.9680942922169059,0.9682458365518543,7.744466982832346,7.2442886435481615,7.744466982832346,7.244288643548162,16,16,0,0
kk_grpo_v1_train_004605,rand02,8,0.032818993427179644,0.032818993427179644,0.5251038948348743,0.13127597370871857,1.0,7.744466982832346,7.481915035414909,7.744466982832346,7.481915035414909,16,16,0,0
kk_grpo_v1_train_004605,rand03,8,0.2420145932135108,0.24362950849922704,3.8722334914161727,0.9680942922169059,0.9682458365518543,7.744466982832346,7.2442886435481615,7.744466982832346,7.2442886435481615,16,16,0,0
kk_grpo_v1_train_004605,rand04,8,0.2420145932135108,0.24362950849922704,3.8722334914161727,0.9680942922169059,0.9682458365518543,7.744466982832346,7.244288643548162,7.744466982832346,7.2442886435481615,16,16,0,0
kk_grpo_v1_train_004605,rand05,8,0.4840291864270216,0.6517768773402335,7.744466982832345,1.9744934172204986,0.8660254037844387,7.744466982832346,6.479341000777108,7.744466982832346,6.479341000777108,16,16,0,0
kk_grpo_v1_train_004605,rand06,8,0.032818993427179644,0.032818993427179644,0.5251038948348743,0.13127597370871857,1.0,7.744466982832346,7.481915035414909,7.744466982832346,7.481915035414909,16,16,0,0
kk_grpo_v1_train_004605,rand07,8,0.032818993427179644,0.032818993427179644,0.5251038948348743,0.13127597370871857,1.0,7.744466982832346,7.481915035414909,7.744466982832346,7.481915035414909,16,16,0,0
kk_grpo_v1_train_004605,rand08,8,0.4840291864270216,0.6517768773402335,7.744466982832345,1.9744934172204984,0.8660254037844386,7.744466982832346,6.479341000777108,7.744466982832346,6.479341000777108,16,16,0,0
kk_grpo_v1_train_004605,rand09,8,0.2420145932135108,0.24362950849922704,3.8722334914161727,0.9680942922169059,0.9682458365518543,7.744466982832346,7.2442886435481615,7.744466982832346,7.2442886435481615,16,16,0,0
kk_grpo_v1_train_004605,rand10,8,0.2420145932135108,0.24362950849922704,3.8722334914161727,0.9680942922169059,0.9682458365518543,7.744466982832346,7.2442886435481615,7.744466982832346,7.2442886435481615,16,16,0,0
kk_grpo_v1_train_004605,rand11,8,0.032818993427179644,0.032818993427179644,0.5251038948348743,0.13127597370871857,1.0,7.744466982832346,7.481915035414909,7.744466982832346,7.481915035414909,16,16,0,0
kk_grpo_v1_train_004605,rand12,8,0.2420145932135108,0.24362950849922704,3.8722334914161727,0.9680942922169059,0.9682458365518543,7.744466982832346,7.2442886435481615,7.744466982832346,7.2442886435481615,16,16,0,0
kk_grpo_v1_train_004605,rand13,8,0.2420145932135108,0.24362950849922704,3.8722334914161727,0.9680942922169059,0.9682458365518541,7.744466982832346,7.2442886435481615,7.744466982832346,7.2442886435481615,16,16,0,0
kk_grpo_v1_train_004605,rand14,8,0.2420145932135108,0.24362950849922704,3.8722334914161727,0.9680942922169059,0.9682458365518543,7.744466982832346,7.2442886435481615,7.744466982832346,7.2442886435481615,16,16,0,0
kk_grpo_v1_train_004605,rand15,8,0.032818993427179644,0.032818993427179644,0.5251038948348743,0.13127597370871857,1.0,7.744466982832346,7.481915035414909,7.744466982832346,7.481915035414909,16,16,0,0
kk_grpo_v1_train_004605,rand16,8,0.2420145932135108,0.24362950849922704,3.8722334914161727,0.9680942922169059,0.9682458365518543,7.744466982832346,7.2442886435481615,7.744466982832346,7.2442886435481615,16,16,0,0
kk_grpo_v1_train_004605,rand17,8,0.2420145932135108,0.24362950849922704,3.8722334914161727,0.9680942922169059,0.9682458365518543,7.744466982832346,7.2442886435481615,7.744466982832346,7.2442886435481615,16,16,0,0
kk_grpo_v1_train_004605,rand18,8,0.2420145932135108,0.24362950849922704,3.8722334914161727,0.9680942922169059,0.9682458365518543,7.744466982832346,7.2442886435481615,7.744466982832346,7.2442886435481615,16,16,0,0
kk_grpo_v1_train_004605,rand19,8,0.2420145932135108,0.24362950849922704,3.8722334914161727,0.9680942922169059,0.9682458365518543,7.744466982832346,7.244288643548162,7.744466982832346,7.2442886435481615,16,16,0,0
kk_grpo_v1_train_004607,first8_last8,16,0.0,0.0,0.0,0.0,nan,0.0,0.0,0.0,0.0,0,0,0,0
kk_grpo_v1_train_004607,rand00,16,0.0,0.0,0.0,0.0,nan,0.0,0.0,0.0,0.0,0,0,0,0
kk_grpo_v1_train_004607,rand01,16,0.0,0.0,0.0,0.0,nan,0.0,0.0,0.0,0.0,0,0,0,0
kk_grpo_v1_train_004607,rand02,16,0.0,0.0,0.0,0.0,nan,0.0,0.0,0.0,0.0,0,0,0,0
kk_grpo_v1_train_004607,rand03,16,0.0,0.0,0.0,0.0,nan,0.0,0.0,0.0,0.0,0,0,0,0
kk_grpo_v1_train_004607,rand04,16,0.0,0.0,0.0,0.0,nan,0.0,0.0,0.0,0.0,0,0,0,0
kk_grpo_v1_train_004607,rand05,16,0.0,0.0,0.0,0.0,nan,0.0,0.0,0.0,0.0,0,0,0,0
kk_grpo_v1_train_004607,rand06,16,0.0,0.0,0.0,0.0,nan,0.0,0.0,0.0,0.0,0,0,0,0
kk_grpo_v1_train_004607,rand07,16,0.0,0.0,0.0,0.0,nan,0.0,0.0,0.0,0.0,0,0,0,0
kk_grpo_v1_train_004607,rand08,16,0.0,0.0,0.0,0.0,nan,0.0,0.0,0.0,0.0,0,0,0,0
kk_grpo_v1_train_004607,rand09,16,0.0,0.0,0.0,0.0,nan,0.0,0.0,0.0,0.0,0,0,0,0
kk_grpo_v1_train_004607,rand10,16,0.0,0.0,0.0,0.0,nan,0.0,0.0,0.0,0.0,0,0,0,0
kk_grpo_v1_train_004607,rand11,16,0.0,0.0,0.0,0.0,nan,0.0,0.0,0.0,0.0,0,0,0,0
kk_grpo_v1_train_004607,rand12,16,0.0,0.0,0.0,0.0,nan,0.0,0.0,0.0,0.0,0,0,0,0
kk_grpo_v1_train_004607,rand13,16,0.0,0.0,0.0,0.0,nan,0.0,0.0,0.0,0.0,0,0,0,0
kk_grpo_v1_train_004607,rand14,16,0.0,0.0,0.0,0.0,nan,0.0,0.0,0.0,0.0,0,0,0,0
kk_grpo_v1_train_004607,rand15,16,0.0,0.0,0.0,0.0,nan,0.0,0.0,0.0,0.0,0,0,0,0
kk_grpo_v1_train_004607,rand16,16,0.0,0.0,0.0,0.0,nan,0.0,0.0,0.0,0.0,0,0,0,0
kk_grpo_v1_train_004607,rand17,16,0.0,0.0,0.0,0.0,nan,0.0,0.0,0.0,0.0,0,0,0,0
kk_grpo_v1_train_004607,rand18,16,0.0,0.0,0.0,0.0,nan,0.0,0.0,0.0,0.0,0,0,0,0
kk_grpo_v1_train_004607,rand19,16,0.0,0.0,0.0,0.0,nan,0.0,0.0,0.0,0.0,0,0,0,0
kk_grpo_v1_train_004617,first8_last8,16,0.0,0.0,0.0,0.0,nan,0.0,0.0,0.0,0.0,0,0,0,0
kk_grpo_v1_train_004617,rand00,16,0.0,0.0,0.0,0.0,nan,0.0,0.0,0.0,0.0,0,0,0,0
kk_grpo_v1_train_004617,rand01,16,0.0,0.0,0.0,0.0,nan,0.0,0.0,0.0,0.0,0,0,0,0
kk_grpo_v1_train_004617,rand02,16,0.0,0.0,0.0,0.0,nan,0.0,0.0,0.0,0.0,0,0,0,0
kk_grpo_v1_train_004617,rand03,16,0.0,0.0,0.0,0.0,nan,0.0,0.0,0.0,0.0,0,0,0,0
kk_grpo_v1_train_004617,rand04,16,0.0,0.0,0.0,0.0,nan,0.0,0.0,0.0,0.0,0,0,0,0
kk_grpo_v1_train_004617,rand05,16,0.0,0.0,0.0,0.0,nan,0.0,0.0,0.0,0.0,0,0,0,0
kk_grpo_v1_train_004617,rand06,16,0.0,0.0,0.0,0.0,nan,0.0,0.0,0.0,0.0,0,0,0,0
kk_grpo_v1_train_004617,rand07,16,0.0,0.0,0.0,0.0,nan,0.0,0.0,0.0,0.0,0,0,0,0
kk_grpo_v1_train_004617,rand08,16,0.0,0.0,0.0,0.0,nan,0.0,0.0,0.0,0.0,0,0,0,0
kk_grpo_v1_train_004617,rand09,16,0.0,0.0,0.0,0.0,nan,0.0,0.0,0.0,0.0,0,0,0,0
kk_grpo_v1_train_004617,rand10,16,0.0,0.0,0.0,0.0,nan,0.0,0.0,0.0,0.0,0,0,0,0
kk_grpo_v1_train_004617,rand11,16,0.0,0.0,0.0,0.0,nan,0.0,0.0,0.0,0.0,0,0,0,0
kk_grpo_v1_train_004617,rand12,16,0.0,0.0,0.0,0.0,nan,0.0,0.0,0.0,0.0,0,0,0,0
kk_grpo_v1_train_004617,rand13,16,0.0,0.0,0.0,0.0,nan,0.0,0.0,0.0,0.0,0,0,0,0
kk_grpo_v1_train_004617,rand14,16,0.0,0.0,0.0,0.0,nan,0.0,0.0,0.0,0.0,0,0,0,0
kk_grpo_v1_train_004617,rand15,16,0.0,0.0,0.0,0.0,nan,0.0,0.0,0.0,0.0,0,0,0,0
kk_grpo_v1_train_004617,rand16,16,0.0,0.0,0.0,0.0,nan,0.0,0.0,0.0,0.0,0,0,0,0
kk_grpo_v1_train_004617,rand17,16,0.0,0.0,0.0,0.0,nan,0.0,0.0,0.0,0.0,0,0,0,0
kk_grpo_v1_train_004617,rand18,16,0.0,0.0,0.0,0.0,nan,0.0,0.0,0.0,0.0,0,0,0,0
kk_grpo_v1_train_004617,rand19,16,0.0,0.0,0.0,0.0,nan,0.0,0.0,0.0,0.0,0,0,0,0
kk_grpo_v1_train_004664,first8_last8,6,0.031776457048981244,0.04236860939864173,0.5084233127836999,0.131274334882325,1.0,7.498500299940012,7.244288643548162,7.498500299940012,7.244288643548163,16,16,0,0
kk_grpo_v1_train_004664,rand00,6,0.031776457048981244,0.04236860939864173,0.5084233127836999,0.131274334882325,1.0,7.498500299940012,7.244288643548162,7.498500299940012,7.244288643548163,16,16,0,0
kk_grpo_v1_train_004664,rand01,6,0.031776457048981244,0.04236860939864173,0.5084233127836999,0.131274334882325,1.0,7.498500299940012,7.244288643548162,7.498500299940012,7.244288643548163,16,16,0,0
kk_grpo_v1_train_004664,rand02,6,0.24995000999800038,0.3700852002042747,3.999200159968006,1.0350996674610249,0.9636123758498016,7.498500299940012,6.980628018096008,7.498500299940012,6.9806280180960085,16,16,0,0
kk_grpo_v1_train_004664,rand03,6,0.24995000999800038,0.3700852002042747,3.999200159968006,1.0350996674610249,0.9636123758498015,7.498500299940012,6.980628018096008,7.498500299940012,6.980628018096008,16,16,0,0
kk_grpo_v1_train_004664,rand04,6,0.24995000999800038,0.3700852002042747,3.999200159968006,1.0350996674610249,0.9636123758498016,7.498500299940012,6.980628018096008,7.498500299940012,6.980628018096008,16,16,0,0
kk_grpo_v1_train_004664,rand05,6,0.24995000999800038,0.3700852002042747,3.999200159968006,1.0350996674610249,0.9636123758498015,7.498500299940012,6.980628018096008,7.498500299940012,6.9806280180960085,16,16,0,0
kk_grpo_v1_train_004664,rand06,6,0.031776457048981244,0.04236860939864173,0.5084233127836999,0.131274334882325,1.0,7.498500299940012,7.244288643548162,7.498500299940012,7.244288643548163,16,16,0,0
kk_grpo_v1_train_004664,rand07,6,0.24995000999800038,0.3700852002042747,3.999200159968006,1.0350996674610249,0.9636123758498016,7.498500299940012,6.9806280180960085,7.498500299940012,6.980628018096008,16,16,0,0
kk_grpo_v1_train_004664,rand08,6,0.24995000999800038,0.3700852002042747,3.999200159968006,1.0350996674610249,0.9636123758498016,7.498500299940012,6.980628018096008,7.498500299940012,6.9806280180960085,16,16,0,0
kk_grpo_v1_train_004664,rand09,6,0.24995000999800038,0.3700852002042747,3.999200159968006,1.0350996674610249,0.9636123758498016,7.498500299940012,6.980628018096008,7.498500299940012,6.980628018096008,16,16,0,0
kk_grpo_v1_train_004664,rand10,6,0.49990001999600076,1.2244238820968287,7.998400319936012,2.146378920801531,0.8415721228140904,7.498500299940012,6.096318253860913,7.498500299940012,6.096318253860912,16,16,0,0
kk_grpo_v1_train_004664,rand11,6,0.031776457048981244,0.04236860939864173,0.5084233127836999,0.131274334882325,1.0,7.498500299940012,7.244288643548162,7.498500299940012,7.244288643548163,16,16,0,0
kk_grpo_v1_train_004664,rand12,6,0.24995000999800038,0.3700852002042747,3.999200159968006,1.0350996674610249,0.9636123758498016,7.498500299940012,6.980628018096008,7.498500299940012,6.9806280180960085,16,16,0,0
kk_grpo_v1_train_004664,rand13,6,0.031776457048981244,0.04236860939864173,0.5084233127836999,0.131274334882325,1.0,7.498500299940012,7.244288643548162,7.498500299940012,7.244288643548163,16,16,0,0
kk_grpo_v1_train_004664,rand14,6,0.031776457048981244,0.04236860939864173,0.5084233127836999,0.131274334882325,1.0,7.498500299940012,7.244288643548162,7.498500299940012,7.244288643548163,16,16,0,0
kk_grpo_v1_train_004664,rand15,6,0.24995000999800038,0.3700852002042747,3.999200159968006,1.0350996674610249,0.9636123758498015,7.498500299940012,6.980628018096008,7.498500299940012,6.9806280180960085,16,16,0,0
kk_grpo_v1_train_004664,rand16,6,0.24995000999800038,0.3700852002042747,3.999200159968006,1.0350996674610249,0.9636123758498016,7.498500299940012,6.980628018096008,7.498500299940012,6.980628018096008,16,16,0,0
kk_grpo_v1_train_004664,rand17,6,0.031776457048981244,0.04236860939864173,0.5084233127836999,0.131274334882325,1.0,7.498500299940012,7.244288643548162,7.498500299940012,7.244288643548163,16,16,0,0
kk_grpo_v1_train_004664,rand18,6,0.49990001999600076,1.2244238820968287,7.998400319936012,2.146378920801531,0.8415721228140904,7.498500299940012,6.096318253860913,7.498500299940012,6.096318253860911,16,16,0,0
kk_grpo_v1_train_004664,rand19,6,0.24995000999800038,0.3700852002042747,3.999200159968006,1.0350996674610249,0.9636123758498016,7.498500299940012,6.980628018096008,7.498500299940012,6.980628018096008,16,16,0,0
kk_grpo_v1_train_004682,first8_last8,16,0.0,0.0,0.0,0.0,nan,0.0,0.0,0.0,0.0,0,0,0,0
kk_grpo_v1_train_004682,rand00,16,0.0,0.0,0.0,0.0,nan,0.0,0.0,0.0,0.0,0,0,0,0
kk_grpo_v1_train_004682,rand01,16,0.0,0.0,0.0,0.0,nan,0.0,0.0,0.0,0.0,0,0,0,0
kk_grpo_v1_train_004682,rand02,16,0.0,0.0,0.0,0.0,nan,0.0,0.0,0.0,0.0,0,0,0,0
kk_grpo_v1_train_004682,rand03,16,0.0,0.0,0.0,0.0,nan,0.0,0.0,0.0,0.0,0,0,0,0
kk_grpo_v1_train_004682,rand04,16,0.0,0.0,0.0,0.0,nan,0.0,0.0,0.0,0.0,0,0,0,0
kk_grpo_v1_train_004682,rand05,16,0.0,0.0,0.0,0.0,nan,0.0,0.0,0.0,0.0,0,0,0,0
kk_grpo_v1_train_004682,rand06,16,0.0,0.0,0.0,0.0,nan,0.0,0.0,0.0,0.0,0,0,0,0
kk_grpo_v1_train_004682,rand07,16,0.0,0.0,0.0,0.0,nan,0.0,0.0,0.0,0.0,0,0,0,0
kk_grpo_v1_train_004682,rand08,16,0.0,0.0,0.0,0.0,nan,0.0,0.0,0.0,0.0,0,0,0,0
kk_grpo_v1_train_004682,rand09,16,0.0,0.0,0.0,0.0,nan,0.0,0.0,0.0,0.0,0,0,0,0
kk_grpo_v1_train_004682,rand10,16,0.0,0.0,0.0,0.0,nan,0.0,0.0,0.0,0.0,0,0,0,0
kk_grpo_v1_train_004682,rand11,16,0.0,0.0,0.0,0.0,nan,0.0,0.0,0.0,0.0,0,0,0,0
kk_grpo_v1_train_004682,rand12,16,0.0,0.0,0.0,0.0,nan,0.0,0.0,0.0,0.0,0,0,0,0
kk_grpo_v1_train_004682,rand13,16,0.0,0.0,0.0,0.0,nan,0.0,0.0,0.0,0.0,0,0,0,0
kk_grpo_v1_train_004682,rand14,16,0.0,0.0,0.0,0.0,nan,0.0,0.0,0.0,0.0,0,0,0,0
kk_grpo_v1_train_004682,rand15,16,0.0,0.0,0.0,0.0,nan,0.0,0.0,0.0,0.0,0,0,0,0
kk_grpo_v1_train_004682,rand16,16,0.0,0.0,0.0,0.0,nan,0.0,0.0,0.0,0.0,0,0,0,0
kk_grpo_v1_train_004682,rand17,16,0.0,0.0,0.0,0.0,nan,0.0,0.0,0.0,0.0,0,0,0,0
kk_grpo_v1_train_004682,rand18,16,0.0,0.0,0.0,0.0,nan,0.0,0.0,0.0,0.0,0,0,0,0
kk_grpo_v1_train_004682,rand19,16,0.0,0.0,0.0,0.0,nan,0.0,0.0,0.0,0.0,0,0,0,0
kk_grpo_v1_train_004726,first8_last8,8,0.2420145932135108,0.24362950849922704,3.8722334914161727,0.9680942922169059,0.9682458365518543,7.744466982832346,7.244288643548162,7.744466982832346,7.244288643548162,16,16,0,0
kk_grpo_v1_train_004726,rand00,8,0.2420145932135108,0.24362950849922704,3.8722334914161727,0.9680942922169059,0.9682458365518543,7.744466982832346,7.2442886435481615,7.744466982832346,7.2442886435481615,16,16,0,0
kk_grpo_v1_train_004726,rand01,8,0.2420145932135108,0.24362950849922704,3.8722334914161727,0.9680942922169059,0.9682458365518543,7.744466982832346,7.2442886435481615,7.744466982832346,7.2442886435481615,16,16,0,0
kk_grpo_v1_train_004726,rand02,8,0.032818993427179644,0.032818993427179644,0.5251038948348743,0.13127597370871857,1.0,7.744466982832346,7.481915035414909,7.744466982832346,7.481915035414909,16,16,0,0
kk_grpo_v1_train_004726,rand03,8,0.032818993427179644,0.032818993427179644,0.5251038948348743,0.13127597370871857,1.0,7.744466982832346,7.481915035414909,7.744466982832346,7.481915035414909,16,16,0,0
kk_grpo_v1_train_004726,rand04,8,0.2420145932135108,0.24362950849922704,3.8722334914161727,0.9680942922169059,0.9682458365518541,7.744466982832346,7.2442886435481615,7.744466982832346,7.2442886435481615,16,16,0,0
kk_grpo_v1_train_004726,rand05,8,0.032818993427179644,0.032818993427179644,0.5251038948348743,0.13127597370871857,1.0,7.744466982832346,7.481915035414909,7.744466982832346,7.481915035414909,16,16,0,0
kk_grpo_v1_train_004726,rand06,8,0.2420145932135108,0.24362950849922704,3.8722334914161727,0.9680942922169059,0.9682458365518543,7.744466982832346,7.2442886435481615,7.744466982832346,7.2442886435481615,16,16,0,0
kk_grpo_v1_train_004726,rand07,8,0.2420145932135108,0.24362950849922704,3.8722334914161727,0.9680942922169059,0.9682458365518541,7.744466982832346,7.2442886435481615,7.744466982832346,7.2442886435481615,16,16,0,0
kk_grpo_v1_train_004726,rand08,8,0.2420145932135108,0.24362950849922704,3.8722334914161727,0.9680942922169059,0.9682458365518543,7.744466982832346,7.2442886435481615,7.744466982832346,7.2442886435481615,16,16,0,0
kk_grpo_v1_train_004726,rand09,8,0.2420145932135108,0.24362950849922704,3.8722334914161727,0.9680942922169059,0.9682458365518543,7.744466982832346,7.2442886435481615,7.744466982832346,7.2442886435481615,16,16,0,0
kk_grpo_v1_train_004726,rand10,8,0.2420145932135108,0.24362950849922704,3.8722334914161727,0.9680942922169059,0.9682458365518543,7.744466982832346,7.2442886435481615,7.744466982832346,7.2442886435481615,16,16,0,0
kk_grpo_v1_train_004726,rand11,8,0.032818993427179644,0.032818993427179644,0.5251038948348743,0.13127597370871857,1.0,7.744466982832346,7.481915035414909,7.744466982832346,7.481915035414909,16,16,0,0
kk_grpo_v1_train_004726,rand12,8,0.2420145932135108,0.24362950849922704,3.8722334914161727,0.9680942922169059,0.9682458365518543,7.744466982832346,7.2442886435481615,7.744466982832346,7.2442886435481615,16,16,0,0
kk_grpo_v1_train_004726,rand13,8,0.4840291864270216,0.6517768773402335,7.744466982832345,1.9744934172204984,0.8660254037844386,7.744466982832346,6.479341000777108,7.744466982832346,6.479341000777108,16,16,0,0
kk_grpo_v1_train_004726,rand14,8,0.2420145932135108,0.24362950849922704,3.8722334914161727,0.9680942922169059,0.9682458365518543,7.744466982832346,7.2442886435481615,7.744466982832346,7.2442886435481615,16,16,0,0
kk_grpo_v1_train_004726,rand15,8,0.2420145932135108,0.24362950849922704,3.8722334914161727,0.9680942922169059,0.9682458365518543,7.744466982832346,7.244288643548162,7.744466982832346,7.2442886435481615,16,16,0,0
kk_grpo_v1_train_004726,rand16,8,0.4840291864270216,0.6517768773402335,7.744466982832345,1.9744934172204984,0.8660254037844386,7.744466982832346,6.479341000777108,7.744466982832346,6.479341000777108,16,16,0,0
kk_grpo_v1_train_004726,rand17,8,0.032818993427179644,0.032818993427179644,0.5251038948348743,0.13127597370871857,1.0,7.744466982832346,7.481915035414909,7.744466982832346,7.481915035414909,16,16,0,0
kk_grpo_v1_train_004726,rand18,8,0.032818993427179644,0.032818993427179644,0.5251038948348743,0.13127597370871857,1.0,7.744466982832346,7.481915035414909,7.744466982832346,7.481915035414909,16,16,0,0
kk_grpo_v1_train_004726,rand19,8,0.032818993427179644,0.032818993427179644,0.5251038948348743,0.13127597370871857,1.0,7.744466982832346,7.481915035414909,7.744466982832346,7.481915035414909,16,16,0,0
kk_grpo_v1_train_004729,first8_last8,0,0.0,0.0,0.0,0.0,nan,0.0,0.0,0.0,0.0,0,0,0,0
kk_grpo_v1_train_004729,rand00,0,0.0,0.0,0.0,0.0,nan,0.0,0.0,0.0,0.0,0,0,0,0
kk_grpo_v1_train_004729,rand01,0,0.0,0.0,0.0,0.0,nan,0.0,0.0,0.0,0.0,0,0,0,0
kk_grpo_v1_train_004729,rand02,0,0.0,0.0,0.0,0.0,nan,0.0,0.0,0.0,0.0,0,0,0,0
kk_grpo_v1_train_004729,rand03,0,0.0,0.0,0.0,0.0,nan,0.0,0.0,0.0,0.0,0,0,0,0
kk_grpo_v1_train_004729,rand04,0,0.0,0.0,0.0,0.0,nan,0.0,0.0,0.0,0.0,0,0,0,0
kk_grpo_v1_train_004729,rand05,0,0.0,0.0,0.0,0.0,nan,0.0,0.0,0.0,0.0,0,0,0,0
kk_grpo_v1_train_004729,rand06,0,0.0,0.0,0.0,0.0,nan,0.0,0.0,0.0,0.0,0,0,0,0
kk_grpo_v1_train_004729,rand07,0,0.0,0.0,0.0,0.0,nan,0.0,0.0,0.0,0.0,0,0,0,0
kk_grpo_v1_train_004729,rand08,0,0.0,0.0,0.0,0.0,nan,0.0,0.0,0.0,0.0,0,0,0,0
kk_grpo_v1_train_004729,rand09,0,0.0,0.0,0.0,0.0,nan,0.0,0.0,0.0,0.0,0,0,0,0
kk_grpo_v1_train_004729,rand10,0,0.0,0.0,0.0,0.0,nan,0.0,0.0,0.0,0.0,0,0,0,0
kk_grpo_v1_train_004729,rand11,0,0.0,0.0,0.0,0.0,nan,0.0,0.0,0.0,0.0,0,0,0,0
kk_grpo_v1_train_004729,rand12,0,0.0,0.0,0.0,0.0,nan,0.0,0.0,0.0,0.0,0,0,0,0
kk_grpo_v1_train_004729,rand13,0,0.0,0.0,0.0,0.0,nan,0.0,0.0,0.0,0.0,0,0,0,0
kk_grpo_v1_train_004729,rand14,0,0.0,0.0,0.0,0.0,nan,0.0,0.0,0.0,0.0,0,0,0,0
kk_grpo_v1_train_004729,rand15,0,0.0,0.0,0.0,0.0,nan,0.0,0.0,0.0,0.0,0,0,0,0
kk_grpo_v1_train_004729,rand16,0,0.0,0.0,0.0,0.0,nan,0.0,0.0,0.0,0.0,0,0,0,0
kk_grpo_v1_train_004729,rand17,0,0.0,0.0,0.0,0.0,nan,0.0,0.0,0.0,0.0,0,0,0,0
kk_grpo_v1_train_004729,rand18,0,0.0,0.0,0.0,0.0,nan,0.0,0.0,0.0,0.0,0,0,0,0
kk_grpo_v1_train_004729,rand19,0,0.0,0.0,0.0,0.0,nan,0.0,0.0,0.0,0.0,0,0,0,0
kk_grpo_v1_train_004734,first8_last8,16,0.0,0.0,0.0,0.0,nan,0.0,0.0,0.0,0.0,0,0,0,0
kk_grpo_v1_train_004734,rand00,16,0.0,0.0,0.0,0.0,nan,0.0,0.0,0.0,0.0,0,0,0,0
kk_grpo_v1_train_004734,rand01,16,0.0,0.0,0.0,0.0,nan,0.0,0.0,0.0,0.0,0,0,0,0
kk_grpo_v1_train_004734,rand02,16,0.0,0.0,0.0,0.0,nan,0.0,0.0,0.0,0.0,0,0,0,0
kk_grpo_v1_train_004734,rand03,16,0.0,0.0,0.0,0.0,nan,0.0,0.0,0.0,0.0,0,0,0,0
kk_grpo_v1_train_004734,rand04,16,0.0,0.0,0.0,0.0,nan,0.0,0.0,0.0,0.0,0,0,0,0
kk_grpo_v1_train_004734,rand05,16,0.0,0.0,0.0,0.0,nan,0.0,0.0,0.0,0.0,0,0,0,0
kk_grpo_v1_train_004734,rand06,16,0.0,0.0,0.0,0.0,nan,0.0,0.0,0.0,0.0,0,0,0,0
kk_grpo_v1_train_004734,rand07,16,0.0,0.0,0.0,0.0,nan,0.0,0.0,0.0,0.0,0,0,0,0
kk_grpo_v1_train_004734,rand08,16,0.0,0.0,0.0,0.0,nan,0.0,0.0,0.0,0.0,0,0,0,0
kk_grpo_v1_train_004734,rand09,16,0.0,0.0,0.0,0.0,nan,0.0,0.0,0.0,0.0,0,0,0,0
kk_grpo_v1_train_004734,rand10,16,0.0,0.0,0.0,0.0,nan,0.0,0.0,0.0,0.0,0,0,0,0
kk_grpo_v1_train_004734,rand11,16,0.0,0.0,0.0,0.0,nan,0.0,0.0,0.0,0.0,0,0,0,0
kk_grpo_v1_train_004734,rand12,16,0.0,0.0,0.0,0.0,nan,0.0,0.0,0.0,0.0,0,0,0,0
kk_grpo_v1_train_004734,rand13,16,0.0,0.0,0.0,0.0,nan,0.0,0.0,0.0,0.0,0,0,0,0
kk_grpo_v1_train_004734,rand14,16,0.0,0.0,0.0,0.0,nan,0.0,0.0,0.0,0.0,0,0,0,0
kk_grpo_v1_train_004734,rand15,16,0.0,0.0,0.0,0.0,nan,0.0,0.0,0.0,0.0,0,0,0,0
kk_grpo_v1_train_004734,rand16,16,0.0,0.0,0.0,0.0,nan,0.0,0.0,0.0,0.0,0,0,0,0
kk_grpo_v1_train_004734,rand17,16,0.0,0.0,0.0,0.0,nan,0.0,0.0,0.0,0.0,0,0,0,0
kk_grpo_v1_train_004734,rand18,16,0.0,0.0,0.0,0.0,nan,0.0,0.0,0.0,0.0,0,0,0,0
kk_grpo_v1_train_004734,rand19,16,0.0,0.0,0.0,0.0,nan,0.0,0.0,0.0,0.0,0,0,0,0
kk_grpo_v1_train_004748,first8_last8,13,0.1550049662368162,0.45910937100822036,2.480079459789059,0.8024978335582992,0.9783638454036059,6.04519368323583,5.713844432475384,6.045193683235832,5.713844432475384,16,16,0,0
kk_grpo_v1_train_004748,rand00,13,0.46501489871044854,0.8076831204872501,7.440238379367177,2.0058526729045334,0.8770580193070292,6.04519368323583,3.622144321774081,6.045193683235832,3.6221443217740807,16,8,0,8
kk_grpo_v1_train_004748,rand01,13,0.1550049662368162,0.45910937100822036,2.480079459789059,0.8024978335582991,0.9783638454036059,6.04519368323583,5.713844432475384,6.045193683235832,5.713844432475384,16,16,0,0
kk_grpo_v1_train_004748,rand02,13,0.46501489871044854,0.8076831204872501,7.440238379367177,2.0058526729045334,0.8770580193070293,6.04519368323583,3.622144321774081,6.045193683235832,3.6221443217740807,16,8,0,8
kk_grpo_v1_train_004748,rand03,13,0.1550049662368162,0.45910937100822036,2.480079459789059,0.8024978335582992,0.9783638454036062,6.04519368323583,5.713844432475384,6.045193683235832,5.713844432475384,16,16,0,0
kk_grpo_v1_train_004748,rand04,13,0.15500496623681623,0.45910937100822036,2.4800794597890596,0.8024978335582992,0.978363845403606,6.04519368323583,5.713844432475384,6.045193683235832,5.713844432475384,16,16,0,0
kk_grpo_v1_train_004748,rand05,13,0.15500496623681623,0.45910937100822036,2.4800794597890596,0.8024978335582991,0.978363845403606,6.04519368323583,5.713844432475384,6.045193683235832,5.713844432475384,16,16,0,0
kk_grpo_v1_train_004748,rand06,13,0.1550049662368162,0.45910937100822036,2.480079459789059,0.8024978335582992,0.9783638454036059,6.04519368323583,5.713844432475384,6.045193683235832,5.713844432475384,16,16,0,0
kk_grpo_v1_train_004748,rand07,13,0.15500496623681623,0.45910937100822036,2.4800794597890596,0.8024978335582992,0.9783638454036059,6.04519368323583,5.713844432475384,6.045193683235832,5.713844432475384,16,16,0,0
kk_grpo_v1_train_004748,rand08,13,0.1550049662368162,0.45910937100822036,2.480079459789059,0.8024978335582992,0.9783638454036059,6.04519368323583,5.713844432475384,6.045193683235832,5.713844432475384,16,16,0,0
kk_grpo_v1_train_004748,rand09,13,0.15500496623681623,0.45910937100822036,2.4800794597890596,0.8024978335582992,0.9783638454036059,6.04519368323583,5.713844432475384,6.045193683235832,5.713844432475384,16,16,0,0
kk_grpo_v1_train_004748,rand10,13,0.1550049662368162,0.45910937100822036,2.480079459789059,0.8024978335582991,0.9783638454036059,6.04519368323583,5.713844432475384,6.045193683235832,5.713844432475384,16,16,0,0
kk_grpo_v1_train_004748,rand11,13,0.15500496623681623,0.45910937100822036,2.4800794597890596,0.8024978335582991,0.978363845403606,6.04519368323583,5.713844432475384,6.045193683235832,5.713844432475384,16,16,0,0
kk_grpo_v1_train_004748,rand12,13,0.1550049662368162,0.45910937100822036,2.480079459789059,0.8024978335582992,0.978363845403606,6.04519368323583,5.713844432475384,6.045193683235832,5.713844432475384,16,16,0,0
kk_grpo_v1_train_004748,rand13,13,0.1550049662368162,0.45910937100822036,2.480079459789059,0.8024978335582992,0.9783638454036059,6.04519368323583,5.713844432475384,6.045193683235832,5.713844432475384,16,16,0,0
kk_grpo_v1_train_004748,rand14,13,0.15500496623681623,0.45910937100822036,2.4800794597890596,0.8024978335582992,0.978363845403606,6.04519368323583,5.713844432475384,6.045193683235832,5.713844432475384,16,16,0,0
kk_grpo_v1_train_004748,rand15,13,0.1550049662368162,0.45910937100822036,2.480079459789059,0.8024978335582992,0.9783638454036059,6.04519368323583,5.713844432475384,6.045193683235832,5.713844432475384,16,16,0,0
kk_grpo_v1_train_004748,rand16,13,0.4650148987104486,0.8076831204872501,7.440238379367178,2.0058526729045334,0.8770580193070293,6.04519368323583,3.622144321774081,6.045193683235832,3.6221443217740807,16,8,0,8
kk_grpo_v1_train_004748,rand17,13,0.15500496623681623,0.45910937100822036,2.4800794597890596,0.8024978335582991,0.9783638454036059,6.04519368323583,5.713844432475384,6.045193683235832,5.713844432475384,16,16,0,0
kk_grpo_v1_train_004748,rand18,13,0.15500496623681623,0.45910937100822036,2.4800794597890596,0.8024978335582992,0.9783638454036062,6.04519368323583,5.713844432475384,6.045193683235832,5.713844432475384,16,16,0,0
kk_grpo_v1_train_004748,rand19,13,0.15500496623681623,0.45910937100822036,2.4800794597890596,0.8024978335582991,0.978363845403606,6.04519368323583,5.713844432475384,6.045193683235832,5.713844432475384,16,16,0,0
kk_grpo_v1_train_004796,first8_last8,12,0.02842040838218446,0.05684081676436903,0.45472653411495134,0.13126824343946647,1.0,6.706704267834585,6.479341000777108,6.706704267834583,6.479341000777107,16,16,0,0
kk_grpo_v1_train_004796,rand00,12,0.2794460111597743,0.797497865128185,4.471136178556389,1.3149762555890874,0.9409062372905537,6.706704267834585,6.096318253860913,6.706704267834583,6.096318253860912,16,16,0,0
kk_grpo_v1_train_004796,rand01,12,0.02842040838218446,0.05684081676436903,0.45472653411495134,0.13126824343946647,1.0,6.706704267834585,6.479341000777108,6.706704267834583,6.479341000777107,16,16,0,0
kk_grpo_v1_train_004796,rand02,12,0.2794460111597743,0.797497865128185,4.471136178556389,1.3149762555890876,0.9409062372905538,6.706704267834585,6.096318253860911,6.706704267834583,6.096318253860912,16,16,0,0
kk_grpo_v1_train_004796,rand03,12,0.2794460111597743,0.797497865128185,4.471136178556389,1.3149762555890876,0.9409062372905536,6.706704267834585,6.096318253860913,6.706704267834583,6.096318253860912,16,16,0,0
kk_grpo_v1_train_004796,rand04,12,0.2794460111597743,0.797497865128185,4.471136178556389,1.3149762555890876,0.9409062372905538,6.706704267834585,6.096318253860911,6.706704267834583,6.096318253860912,16,16,0,0
kk_grpo_v1_train_004796,rand05,12,0.2794460111597743,0.797497865128185,4.471136178556389,1.3149762555890876,0.9409062372905537,6.706704267834585,6.096318253860911,6.706704267834583,6.096318253860912,16,16,0,0
kk_grpo_v1_train_004796,rand06,12,0.2794460111597743,0.797497865128185,4.471136178556389,1.3149762555890876,0.9409062372905536,6.706704267834585,6.096318253860911,6.706704267834583,6.096318253860912,16,16,0,0
kk_grpo_v1_train_004796,rand07,12,0.2794460111597743,0.797497865128185,4.471136178556389,1.3149762555890876,0.9409062372905537,6.706704267834585,6.096318253860913,6.706704267834583,6.096318253860911,16,16,0,0
kk_grpo_v1_train_004796,rand08,12,0.02842040838218446,0.05684081676436903,0.45472653411495134,0.13126824343946647,1.0,6.706704267834585,6.479341000777108,6.706704267834583,6.479341000777107,16,16,0,0
kk_grpo_v1_train_004796,rand09,12,0.5588920223195486,0.7414366875317822,8.942272357112778,2.294416073901708,0.8164965809277261,6.706704267834585,3.7409575177074545,6.706704267834583,3.7409575177074545,16,8,0,8
kk_grpo_v1_train_004796,rand10,12,0.02842040838218446,0.05684081676436903,0.45472653411495134,0.13126824343946647,1.0,6.706704267834585,6.479341000777108,6.706704267834583,6.479341000777107,16,16,0,0
kk_grpo_v1_train_004796,rand11,12,0.02842040838218446,0.05684081676436903,0.45472653411495134,0.13126824343946647,1.0,6.706704267834585,6.479341000777108,6.706704267834583,6.479341000777107,16,16,0,0
kk_grpo_v1_train_004796,rand12,12,0.5588920223195486,0.7414366875317822,8.942272357112778,2.294416073901708,0.8164965809277261,6.706704267834585,3.7409575177074545,6.706704267834583,3.7409575177074545,16,8,0,8
kk_grpo_v1_train_004796,rand13,12,0.2794460111597743,0.797497865128185,4.471136178556389,1.3149762555890876,0.9409062372905538,6.706704267834585,6.096318253860913,6.706704267834583,6.096318253860912,16,16,0,0
kk_grpo_v1_train_004796,rand14,12,0.02842040838218446,0.05684081676436903,0.45472653411495134,0.13126824343946647,1.0,6.706704267834585,6.479341000777108,6.706704267834583,6.479341000777107,16,16,0,0
kk_grpo_v1_train_004796,rand15,12,0.02842040838218446,0.05684081676436903,0.45472653411495134,0.13126824343946647,1.0,6.706704267834585,6.479341000777108,6.706704267834583,6.479341000777107,16,16,0,0
kk_grpo_v1_train_004796,rand16,12,0.2794460111597743,0.797497865128185,4.471136178556389,1.3149762555890876,0.9409062372905538,6.706704267834585,6.096318253860911,6.706704267834583,6.096318253860912,16,16,0,0
kk_grpo_v1_train_004796,rand17,12,0.02842040838218446,0.05684081676436903,0.45472653411495134,0.13126824343946647,1.0,6.706704267834585,6.479341000777108,6.706704267834583,6.479341000777107,16,16,0,0
kk_grpo_v1_train_004796,rand18,12,0.2794460111597743,0.797497865128185,4.471136178556389,1.3149762555890876,0.9409062372905536,6.706704267834585,6.096318253860913,6.706704267834583,6.096318253860912,16,16,0,0
kk_grpo_v1_train_004796,rand19,12,0.2794460111597743,0.797497865128185,4.471136178556389,1.3149762555890876,0.9409062372905538,6.706704267834585,6.096318253860913,6.706704267834583,6.096318253860911,16,16,0,0
kk_grpo_v1_train_004874,first8_last8,14,0.021703494729079675,0.08681397891631848,0.3472559156652748,0.131250399163762,1.0000000000000002,5.1219758220062985,4.948347864173661,5.1219758220062985,4.948347864173662,16,16,0,0
kk_grpo_v1_train_004874,rand00,14,0.021703494729079675,0.08681397891631848,0.3472559156652748,0.131250399163762,1.0000000000000002,5.1219758220062985,4.948347864173661,5.1219758220062985,4.948347864173662,16,16,0,0
kk_grpo_v1_train_004874,rand01,14,0.021703494729079675,0.08681397891631848,0.3472559156652748,0.131250399163762,1.0000000000000002,5.1219758220062985,4.948347864173661,5.1219758220062985,4.948347864173662,16,16,0,0
kk_grpo_v1_train_004874,rand02,14,0.021703494729079675,0.08681397891631848,0.3472559156652748,0.131250399163762,1.0000000000000002,5.1219758220062985,4.948347864173661,5.1219758220062985,4.948347864173662,16,16,0,0
kk_grpo_v1_train_004874,rand03,14,0.021703494729079675,0.08681397891631848,0.3472559156652748,0.131250399163762,1.0000000000000002,5.1219758220062985,4.948347864173661,5.1219758220062985,4.948347864173662,16,16,0,0
kk_grpo_v1_train_004874,rand04,14,0.3658554158575928,0.9411526608088725,5.853686653721485,1.7390173715233752,0.9258200997725513,5.1219758220062985,3.239670500388554,5.1219758220062985,3.2396705003885535,16,8,0,8
kk_grpo_v1_train_004874,rand05,14,0.021703494729079675,0.08681397891631848,0.3472559156652748,0.131250399163762,1.0000000000000002,5.1219758220062985,4.948347864173661,5.1219758220062985,4.948347864173662,16,16,0,0
kk_grpo_v1_train_004874,rand06,14,0.3658554158575928,0.9411526608088725,5.853686653721485,1.739017371523375,0.9258200997725514,5.1219758220062985,3.239670500388554,5.1219758220062985,3.2396705003885535,16,8,0,8
kk_grpo_v1_train_004874,rand07,14,0.021703494729079675,0.08681397891631848,0.3472559156652748,0.131250399163762,1.0000000000000002,5.1219758220062985,4.948347864173661,5.1219758220062985,4.948347864173662,16,16,0,0
kk_grpo_v1_train_004874,rand08,14,0.021703494729079675,0.08681397891631848,0.3472559156652748,0.131250399163762,1.0000000000000002,5.1219758220062985,4.948347864173661,5.1219758220062985,4.948347864173662,16,16,0,0
kk_grpo_v1_train_004874,rand09,14,0.021703494729079675,0.08681397891631848,0.3472559156652748,0.131250399163762,1.0000000000000002,5.1219758220062985,4.948347864173661,5.1219758220062985,4.948347864173662,16,16,0,0
kk_grpo_v1_train_004874,rand10,14,0.021703494729079675,0.08681397891631848,0.3472559156652748,0.131250399163762,1.0000000000000002,5.1219758220062985,4.948347864173661,5.1219758220062985,4.948347864173662,16,16,0,0
kk_grpo_v1_train_004874,rand11,14,0.021703494729079675,0.08681397891631848,0.3472559156652748,0.131250399163762,1.0000000000000002,5.1219758220062985,4.948347864173661,5.1219758220062985,4.948347864173662,16,16,0,0
kk_grpo_v1_train_004874,rand12,14,0.3658554158575928,0.9411526608088725,5.853686653721485,1.7390173715233752,0.9258200997725513,5.1219758220062985,3.239670500388554,5.1219758220062985,3.2396705003885535,16,8,0,8
kk_grpo_v1_train_004874,rand13,14,0.021703494729079675,0.08681397891631848,0.3472559156652748,0.131250399163762,1.0000000000000002,5.1219758220062985,4.948347864173661,5.1219758220062985,4.948347864173662,16,16,0,0
kk_grpo_v1_train_004874,rand14,14,0.3658554158575928,0.9411526608088725,5.853686653721485,1.739017371523375,0.9258200997725514,5.1219758220062985,3.239670500388554,5.1219758220062985,3.2396705003885535,16,8,0,8
kk_grpo_v1_train_004874,rand15,14,0.021703494729079675,0.08681397891631848,0.3472559156652748,0.131250399163762,1.0000000000000002,5.1219758220062985,4.948347864173661,5.1219758220062985,4.948347864173662,16,16,0,0
kk_grpo_v1_train_004874,rand16,14,0.3658554158575928,0.9411526608088725,5.853686653721485,1.739017371523375,0.9258200997725513,5.1219758220062985,3.239670500388554,5.1219758220062985,3.2396705003885535,16,8,0,8
kk_grpo_v1_train_004874,rand17,14,0.3658554158575928,0.9411526608088725,5.853686653721485,1.739017371523375,0.9258200997725513,5.1219758220062985,3.239670500388554,5.1219758220062985,3.2396705003885535,16,8,0,8
kk_grpo_v1_train_004874,rand18,14,0.021703494729079675,0.08681397891631848,0.3472559156652748,0.131250399163762,1.0000000000000002,5.1219758220062985,4.948347864173661,5.1219758220062985,4.948347864173662,16,16,0,0
kk_grpo_v1_train_004874,rand19,14,0.3658554158575928,0.9411526608088725,5.853686653721485,1.739017371523375,0.9258200997725513,5.1219758220062985,3.239670500388554,5.1219758220062985,3.2396705003885535,16,8,0,8
kk_grpo_v1_train_004875,first8_last8,14,0.3658554158575928,0.9411526608088725,5.853686653721485,1.739017371523375,0.9258200997725513,5.1219758220062985,3.239670500388554,5.1219758220062985,3.2396705003885535,16,8,0,8
kk_grpo_v1_train_004875,rand00,14,0.021703494729079675,0.08681397891631848,0.3472559156652748,0.131250399163762,0.9999999999999998,5.1219758220062985,4.948347864173661,5.1219758220062985,4.948347864173662,16,16,0,0
kk_grpo_v1_train_004875,rand01,14,0.021703494729079675,0.08681397891631848,0.3472559156652748,0.131250399163762,0.9999999999999998,5.1219758220062985,4.948347864173661,5.1219758220062985,4.948347864173662,16,16,0,0
kk_grpo_v1_train_004875,rand02,14,0.021703494729079675,0.08681397891631848,0.3472559156652748,0.131250399163762,0.9999999999999998,5.1219758220062985,4.948347864173661,5.1219758220062985,4.948347864173662,16,16,0,0
kk_grpo_v1_train_004875,rand03,14,0.021703494729079675,0.08681397891631848,0.3472559156652748,0.131250399163762,0.9999999999999998,5.1219758220062985,4.948347864173661,5.1219758220062985,4.948347864173662,16,16,0,0
kk_grpo_v1_train_004875,rand04,14,0.021703494729079675,0.08681397891631848,0.3472559156652748,0.131250399163762,0.9999999999999998,5.1219758220062985,4.948347864173661,5.1219758220062985,4.948347864173662,16,16,0,0
kk_grpo_v1_train_004875,rand05,14,0.021703494729079675,0.08681397891631848,0.3472559156652748,0.131250399163762,0.9999999999999998,5.1219758220062985,4.948347864173661,5.1219758220062985,4.948347864173662,16,16,0,0
kk_grpo_v1_train_004875,rand06,14,0.3658554158575928,0.9411526608088725,5.853686653721485,1.7390173715233752,0.9258200997725513,5.1219758220062985,3.239670500388554,5.1219758220062985,3.2396705003885535,16,8,0,8
kk_grpo_v1_train_004875,rand07,14,0.3658554158575928,0.9411526608088725,5.853686653721485,1.7390173715233752,0.9258200997725513,5.1219758220062985,3.239670500388554,5.1219758220062985,3.2396705003885535,16,8,0,8
kk_grpo_v1_train_004875,rand08,14,0.021703494729079675,0.08681397891631848,0.3472559156652748,0.131250399163762,0.9999999999999998,5.1219758220062985,4.948347864173661,5.1219758220062985,4.948347864173662,16,16,0,0
kk_grpo_v1_train_004875,rand09,14,0.021703494729079675,0.08681397891631848,0.3472559156652748,0.131250399163762,0.9999999999999998,5.1219758220062985,4.948347864173661,5.1219758220062985,4.948347864173662,16,16,0,0
kk_grpo_v1_train_004875,rand10,14,0.021703494729079675,0.08681397891631848,0.3472559156652748,0.131250399163762,0.9999999999999998,5.1219758220062985,4.948347864173661,5.1219758220062985,4.948347864173662,16,16,0,0
kk_grpo_v1_train_004875,rand11,14,0.3658554158575928,0.9411526608088725,5.853686653721485,1.739017371523375,0.9258200997725513,5.1219758220062985,3.239670500388554,5.1219758220062985,3.2396705003885535,16,8,0,8
kk_grpo_v1_train_004875,rand12,14,0.021703494729079675,0.08681397891631848,0.3472559156652748,0.131250399163762,0.9999999999999998,5.1219758220062985,4.948347864173661,5.1219758220062985,4.948347864173662,16,16,0,0
kk_grpo_v1_train_004875,rand13,14,0.3658554158575928,0.9411526608088725,5.853686653721485,1.7390173715233752,0.9258200997725513,5.1219758220062985,3.239670500388554,5.1219758220062985,3.2396705003885535,16,8,0,8
kk_grpo_v1_train_004875,rand14,14,0.3658554158575928,0.9411526608088725,5.853686653721485,1.739017371523375,0.9258200997725513,5.1219758220062985,3.239670500388554,5.1219758220062985,3.2396705003885535,16,8,0,8
kk_grpo_v1_train_004875,rand15,14,0.3658554158575928,0.9411526608088725,5.853686653721485,1.7390173715233752,0.9258200997725513,5.1219758220062985,3.239670500388554,5.1219758220062985,3.2396705003885535,16,8,0,8
kk_grpo_v1_train_004875,rand16,14,0.021703494729079675,0.08681397891631848,0.3472559156652748,0.131250399163762,0.9999999999999998,5.1219758220062985,4.948347864173661,5.1219758220062985,4.948347864173662,16,16,0,0
kk_grpo_v1_train_004875,rand17,14,0.3658554158575928,0.9411526608088725,5.853686653721485,1.7390173715233752,0.9258200997725513,5.1219758220062985,3.239670500388554,5.1219758220062985,3.2396705003885535,16,8,0,8
kk_grpo_v1_train_004875,rand18,14,0.021703494729079675,0.08681397891631848,0.3472559156652748,0.131250399163762,0.9999999999999998,5.1219758220062985,4.948347864173661,5.1219758220062985,4.948347864173662,16,16,0,0
kk_grpo_v1_train_004875,rand19,14,0.021703494729079675,0.08681397891631848,0.3472559156652748,0.131250399163762,0.9999999999999998,5.1219758220062985,4.948347864173661,5.1219758220062985,4.948347864173662,16,16,0,0
kk_grpo_v1_train_004946,first8_last8,12,0.2794460111597743,0.797497865128185,4.471136178556389,1.3149762555890874,0.9409062372905537,6.706704267834585,6.096318253860911,6.706704267834583,6.096318253860911,16,16,0,0
kk_grpo_v1_train_004946,rand00,12,0.2794460111597743,0.797497865128185,4.471136178556389,1.3149762555890874,0.9409062372905538,6.706704267834585,6.096318253860911,6.706704267834583,6.096318253860911,16,16,0,0
kk_grpo_v1_train_004946,rand01,12,0.02842040838218446,0.05684081676436903,0.45472653411495134,0.13126824343946647,1.0,6.706704267834585,6.479341000777108,6.706704267834583,6.479341000777107,16,16,0,0
kk_grpo_v1_train_004946,rand02,12,0.02842040838218446,0.05684081676436903,0.45472653411495134,0.13126824343946647,1.0,6.706704267834585,6.479341000777108,6.706704267834583,6.479341000777107,16,16,0,0
kk_grpo_v1_train_004946,rand03,12,0.02842040838218446,0.05684081676436903,0.45472653411495134,0.13126824343946647,1.0,6.706704267834585,6.479341000777108,6.706704267834583,6.479341000777107,16,16,0,0
kk_grpo_v1_train_004946,rand04,12,0.02842040838218446,0.05684081676436903,0.45472653411495134,0.13126824343946647,1.0,6.706704267834585,6.479341000777108,6.706704267834583,6.479341000777107,16,16,0,0
kk_grpo_v1_train_004946,rand05,12,0.2794460111597743,0.797497865128185,4.471136178556389,1.3149762555890876,0.9409062372905538,6.706704267834585,6.096318253860911,6.706704267834583,6.096318253860911,16,16,0,0
kk_grpo_v1_train_004946,rand06,12,0.02842040838218446,0.05684081676436903,0.45472653411495134,0.13126824343946647,1.0,6.706704267834585,6.479341000777108,6.706704267834583,6.479341000777107,16,16,0,0
kk_grpo_v1_train_004946,rand07,12,0.2794460111597743,0.797497865128185,4.471136178556389,1.3149762555890874,0.9409062372905537,6.706704267834585,6.096318253860911,6.706704267834583,6.096318253860911,16,16,0,0
kk_grpo_v1_train_004946,rand08,12,0.2794460111597743,0.797497865128185,4.471136178556389,1.3149762555890874,0.9409062372905537,6.706704267834585,6.096318253860911,6.706704267834583,6.096318253860911,16,16,0,0
kk_grpo_v1_train_004946,rand09,12,0.2794460111597743,0.797497865128185,4.471136178556389,1.3149762555890876,0.9409062372905538,6.706704267834585,6.096318253860913,6.706704267834583,6.096318253860911,16,16,0,0
kk_grpo_v1_train_004946,rand10,12,0.02842040838218446,0.05684081676436903,0.45472653411495134,0.13126824343946647,1.0,6.706704267834585,6.479341000777108,6.706704267834583,6.479341000777107,16,16,0,0
kk_grpo_v1_train_004946,rand11,12,0.02842040838218446,0.05684081676436903,0.45472653411495134,0.13126824343946647,1.0,6.706704267834585,6.479341000777108,6.706704267834583,6.479341000777107,16,16,0,0
kk_grpo_v1_train_004946,rand12,12,0.2794460111597743,0.797497865128185,4.471136178556389,1.3149762555890876,0.9409062372905537,6.706704267834585,6.096318253860911,6.706704267834583,6.096318253860912,16,16,0,0
kk_grpo_v1_train_004946,rand13,12,0.2794460111597743,0.797497865128185,4.471136178556389,1.3149762555890876,0.9409062372905537,6.706704267834585,6.096318253860913,6.706704267834583,6.096318253860912,16,16,0,0
kk_grpo_v1_train_004946,rand14,12,0.02842040838218446,0.05684081676436903,0.45472653411495134,0.13126824343946647,1.0,6.706704267834585,6.479341000777108,6.706704267834583,6.479341000777107,16,16,0,0
kk_grpo_v1_train_004946,rand15,12,0.2794460111597743,0.797497865128185,4.471136178556389,1.3149762555890876,0.9409062372905538,6.706704267834585,6.096318253860913,6.706704267834583,6.096318253860911,16,16,0,0
kk_grpo_v1_train_004946,rand16,12,0.02842040838218446,0.05684081676436903,0.45472653411495134,0.13126824343946647,1.0,6.706704267834585,6.479341000777108,6.706704267834583,6.479341000777107,16,16,0,0
kk_grpo_v1_train_004946,rand17,12,0.2794460111597743,0.797497865128185,4.471136178556389,1.3149762555890876,0.9409062372905538,6.706704267834585,6.096318253860911,6.706704267834583,6.096318253860912,16,16,0,0
kk_grpo_v1_train_004946,rand18,12,0.2794460111597743,0.797497865128185,4.471136178556389,1.3149762555890876,0.9409062372905538,6.706704267834585,6.096318253860911,6.706704267834583,6.096318253860912,16,16,0,0
kk_grpo_v1_train_004946,rand19,12,0.2794460111597743,0.797497865128185,4.471136178556389,1.3149762555890874,0.9409062372905537,6.706704267834585,6.096318253860911,6.706704267834583,6.096318253860911,16,16,0,0
kk_grpo_v1_train_004948,first8_last8,16,0.0,0.0,0.0,0.0,nan,0.0,0.0,0.0,0.0,0,0,0,0
kk_grpo_v1_train_004948,rand00,16,0.0,0.0,0.0,0.0,nan,0.0,0.0,0.0,0.0,0,0,0,0
kk_grpo_v1_train_004948,rand01,16,0.0,0.0,0.0,0.0,nan,0.0,0.0,0.0,0.0,0,0,0,0
kk_grpo_v1_train_004948,rand02,16,0.0,0.0,0.0,0.0,nan,0.0,0.0,0.0,0.0,0,0,0,0
kk_grpo_v1_train_004948,rand03,16,0.0,0.0,0.0,0.0,nan,0.0,0.0,0.0,0.0,0,0,0,0
kk_grpo_v1_train_004948,rand04,16,0.0,0.0,0.0,0.0,nan,0.0,0.0,0.0,0.0,0,0,0,0
kk_grpo_v1_train_004948,rand05,16,0.0,0.0,0.0,0.0,nan,0.0,0.0,0.0,0.0,0,0,0,0
kk_grpo_v1_train_004948,rand06,16,0.0,0.0,0.0,0.0,nan,0.0,0.0,0.0,0.0,0,0,0,0
kk_grpo_v1_train_004948,rand07,16,0.0,0.0,0.0,0.0,nan,0.0,0.0,0.0,0.0,0,0,0,0
kk_grpo_v1_train_004948,rand08,16,0.0,0.0,0.0,0.0,nan,0.0,0.0,0.0,0.0,0,0,0,0
kk_grpo_v1_train_004948,rand09,16,0.0,0.0,0.0,0.0,nan,0.0,0.0,0.0,0.0,0,0,0,0
kk_grpo_v1_train_004948,rand10,16,0.0,0.0,0.0,0.0,nan,0.0,0.0,0.0,0.0,0,0,0,0
kk_grpo_v1_train_004948,rand11,16,0.0,0.0,0.0,0.0,nan,0.0,0.0,0.0,0.0,0,0,0,0
kk_grpo_v1_train_004948,rand12,16,0.0,0.0,0.0,0.0,nan,0.0,0.0,0.0,0.0,0,0,0,0
kk_grpo_v1_train_004948,rand13,16,0.0,0.0,0.0,0.0,nan,0.0,0.0,0.0,0.0,0,0,0,0
kk_grpo_v1_train_004948,rand14,16,0.0,0.0,0.0,0.0,nan,0.0,0.0,0.0,0.0,0,0,0,0
kk_grpo_v1_train_004948,rand15,16,0.0,0.0,0.0,0.0,nan,0.0,0.0,0.0,0.0,0,0,0,0
kk_grpo_v1_train_004948,rand16,16,0.0,0.0,0.0,0.0,nan,0.0,0.0,0.0,0.0,0,0,0,0
kk_grpo_v1_train_004948,rand17,16,0.0,0.0,0.0,0.0,nan,0.0,0.0,0.0,0.0,0,0,0,0
kk_grpo_v1_train_004948,rand18,16,0.0,0.0,0.0,0.0,nan,0.0,0.0,0.0,0.0,0,0,0,0
kk_grpo_v1_train_004948,rand19,16,0.0,0.0,0.0,0.0,nan,0.0,0.0,0.0,0.0,0,0,0,0
kk_grpo_v1_train_004995,first8_last8,13,0.1550049662368162,0.45910937100822036,2.480079459789059,0.8024978335582992,0.9783638454036061,6.04519368323583,5.713844432475384,6.045193683235832,5.713844432475384,16,16,0,0
kk_grpo_v1_train_004995,rand00,13,0.1550049662368162,0.45910937100822036,2.480079459789059,0.8024978335582992,0.9783638454036058,6.04519368323583,5.713844432475384,6.045193683235832,5.713844432475384,16,16,0,0
kk_grpo_v1_train_004995,rand01,13,0.46501489871044854,0.8076831204872501,7.440238379367177,2.0058526729045334,0.8770580193070293,6.04519368323583,3.622144321774081,6.045193683235832,3.6221443217740807,16,8,0,8
kk_grpo_v1_train_004995,rand02,13,0.1550049662368162,0.45910937100822036,2.480079459789059,0.8024978335582992,0.9783638454036059,6.04519368323583,5.713844432475384,6.045193683235832,5.713844432475384,16,16,0,0
kk_grpo_v1_train_004995,rand03,13,0.46501489871044854,0.8076831204872501,7.440238379367177,2.0058526729045334,0.8770580193070293,6.04519368323583,3.622144321774081,6.045193683235832,3.6221443217740807,16,8,0,8
kk_grpo_v1_train_004995,rand04,13,0.1550049662368162,0.45910937100822036,2.480079459789059,0.8024978335582991,0.9783638454036058,6.04519368323583,5.713844432475384,6.045193683235832,5.713844432475384,16,16,0,0
kk_grpo_v1_train_004995,rand05,13,0.1550049662368162,0.45910937100822036,2.480079459789059,0.8024978335582992,0.9783638454036059,6.04519368323583,5.713844432475384,6.045193683235832,5.713844432475384,16,16,0,0
kk_grpo_v1_train_004995,rand06,13,0.1550049662368162,0.45910937100822036,2.480079459789059,0.8024978335582992,0.9783638454036059,6.04519368323583,5.713844432475384,6.045193683235832,5.713844432475384,16,16,0,0
kk_grpo_v1_train_004995,rand07,13,0.15500496623681623,0.45910937100822036,2.4800794597890596,0.8024978335582991,0.978363845403606,6.04519368323583,5.713844432475384,6.045193683235832,5.713844432475384,16,16,0,0
kk_grpo_v1_train_004995,rand08,13,0.46501489871044854,0.8076831204872501,7.440238379367177,2.0058526729045334,0.8770580193070292,6.04519368323583,3.622144321774081,6.045193683235832,3.6221443217740807,16,8,0,8
kk_grpo_v1_train_004995,rand09,13,0.46501489871044854,0.8076831204872501,7.440238379367177,2.0058526729045334,0.8770580193070292,6.04519368323583,3.622144321774081,6.045193683235832,3.6221443217740807,16,8,0,8
kk_grpo_v1_train_004995,rand10,13,0.1550049662368162,0.45910937100822036,2.480079459789059,0.8024978335582992,0.9783638454036059,6.04519368323583,5.713844432475384,6.045193683235832,5.713844432475384,16,16,0,0
kk_grpo_v1_train_004995,rand11,13,0.46501489871044854,0.8076831204872501,7.440238379367177,2.0058526729045334,0.8770580193070293,6.04519368323583,3.622144321774081,6.045193683235832,3.6221443217740807,16,8,0,8
kk_grpo_v1_train_004995,rand12,13,0.15500496623681623,0.45910937100822036,2.4800794597890596,0.8024978335582991,0.9783638454036058,6.04519368323583,5.713844432475384,6.045193683235832,5.713844432475384,16,16,0,0
kk_grpo_v1_train_004995,rand13,13,0.1550049662368162,0.45910937100822036,2.480079459789059,0.8024978335582992,0.9783638454036059,6.04519368323583,5.713844432475384,6.045193683235832,5.713844432475384,16,16,0,0
kk_grpo_v1_train_004995,rand14,13,0.15500496623681623,0.45910937100822036,2.4800794597890596,0.8024978335582991,0.9783638454036062,6.04519368323583,5.713844432475384,6.045193683235832,5.713844432475384,16,16,0,0
kk_grpo_v1_train_004995,rand15,13,0.46501489871044854,0.8076831204872501,7.440238379367177,2.0058526729045334,0.8770580193070292,6.04519368323583,3.622144321774081,6.045193683235832,3.6221443217740807,16,8,0,8
kk_grpo_v1_train_004995,rand16,13,0.15500496623681623,0.45910937100822036,2.4800794597890596,0.8024978335582992,0.9783638454036058,6.04519368323583,5.713844432475384,6.045193683235832,5.713844432475384,16,16,0,0
kk_grpo_v1_train_004995,rand17,13,0.1550049662368162,0.45910937100822036,2.480079459789059,0.8024978335582992,0.9783638454036059,6.04519368323583,5.713844432475384,6.045193683235832,5.713844432475384,16,16,0,0
kk_grpo_v1_train_004995,rand18,13,0.1550049662368162,0.45910937100822036,2.480079459789059,0.8024978335582992,0.9783638454036058,6.04519368323583,5.713844432475384,6.045193683235832,5.713844432475384,16,16,0,0
kk_grpo_v1_train_004995,rand19,13,0.1550049662368162,0.45910937100822036,2.480079459789059,0.8024978335582992,0.9783638454036058,6.04519368323583,5.713844432475384,6.045193683235832,5.713844432475384,16,16,0,0
