id,gt_pattern,same_count,different_count,and_count,or_count,not_count,person_is_count,expression_nodes,expression_depth,top_ops,top_ops_multiset,op_signature,statement_chars,epoch4_pred,epoch4_correct,epoch5_pred,epoch5_correct,v1_pred,v1_correct,v2_pred,v2_correct,v3_pred,v3_correct
row_0000,KKN,4,1,1,2,0,1,9,3,and+same+or,and|or|same,person_is:1+same:4+different:1+and:1+or:2,220,KKN,1,KKN,1,KKN,1,KKN,1,KKN,1
row_0001,KKN,3,2,2,1,0,1,9,3,different+or+and,and|different|or,person_is:1+same:3+different:2+and:2+or:1,224,KKN,1,KKN,1,KKN,1,KKN,1,KKN,1
row_0002,NKN,2,2,2,2,0,3,11,3,and+or+same,and|or|same,person_is:3+same:2+different:2+and:2+or:2,239,NKN,1,NKN,1,NKK,0,NKN,1,NKN,1
row_0003,KNN,1,3,1,2,0,2,9,3,or+different+person_is,different|or|person_is,person_is:2+same:1+different:3+and:1+or:2,212,KNN,1,KNN,1,KNN,1,KNN,1,KNN,1
row_0004,KKN,1,2,1,2,1,3,10,3,and+different+or,and|different|or,person_is:3+same:1+different:2+not:1+and:1+or:2,213,NNN,0,NNN,0,NNN,0,NNN,0,NNN,0
row_0005,NNK,1,2,2,0,1,2,8,3,not+same+and,and|not|same,person_is:2+same:1+different:2+not:1+and:2,181,NNK,1,NNK,1,NNK,1,NNK,1,NNK,1
row_0006,KKK,3,1,1,1,0,1,7,3,or+same+same,or|same|same,person_is:1+same:3+different:1+and:1+or:1,176,KKK,1,KKK,1,KKK,1,KKK,1,KKK,1
row_0007,NNN,1,3,1,0,1,0,6,2,different+and+not,and|different|not,same:1+different:3+not:1+and:1,167,NNN,1,NNN,1,NNN,1,NNN,1,NNN,1
row_0008,NNK,2,0,0,1,1,2,6,3,or+same+person_is,or|person_is|same,person_is:2+same:2+not:1+or:1,134,KNN,0,NNK,1,KNN,0,KNN,0,KNN,0
row_0009,KNN,4,2,3,1,0,1,11,3,same+and+and,and|and|same,person_is:1+same:4+different:2+and:3+or:1,272,KNN,1,KNN,1,KNN,1,KNN,1,KNN,1
row_0010,KKK,0,1,0,1,1,3,6,3,person_is+person_is+or,or|person_is|person_is,person_is:3+different:1+not:1+or:1,119,KKK,1,KKK,1,KKK,1,KKK,1,KKK,1
row_0011,KNN,2,1,1,1,0,2,7,3,same+person_is+and,and|person_is|same,person_is:2+same:2+different:1+and:1+or:1,161,NKN,0,NKN,0,NKN,0,KNN,1,KNN,1
row_0012,NNN,1,5,5,0,0,2,13,3,and+and+and,and|and|and,person_is:2+same:1+different:5+and:5,304,NNN,1,NNN,1,NNN,1,NNN,1,NNN,1
row_0013,NNK,1,2,2,1,2,3,11,3,and+and+or,and|and|or,person_is:3+same:1+different:2+not:2+and:2+or:1,230,NNK,1,NNK,1,NNK,1,NNK,1,KNN,0
row_0014,NNN,0,3,1,1,0,2,7,3,or+person_is+different,different|or|person_is,person_is:2+different:3+and:1+or:1,169,NNN,1,NNN,1,NNN,1,NNN,1,NNN,1
row_0015,KNK,0,2,0,0,3,1,6,3,not+not+person_is,not|not|person_is,person_is:1+different:2+not:3,143,NKN,0,NKN,0,NKK,0,KNK,1,NKK,0
row_0016,KNK,2,5,2,2,0,0,11,3,or+and+different,and|different|or,same:2+different:5+and:2+or:2,294,KNK,1,KNK,1,KNK,1,KNK,1,KNK,1
row_0017,KKN,2,0,0,0,1,1,4,2,not+person_is+same,not|person_is|same,person_is:1+same:2+not:1,104,KKN,1,KKN,1,KKN,1,KKN,1,KKN,1
row_0018,NKN,1,0,0,0,2,2,5,3,person_is+not+person_is,not|person_is|person_is,person_is:2+same:1+not:2,107,NKN,1,NKN,1,NKN,1,NKN,1,NKN,1
row_0019,KKN,2,1,0,1,1,1,6,3,not+different+same,different|not|same,person_is:1+same:2+different:1+not:1+or:1,149,KNN,0,KKN,1,KKN,1,KKN,1,KKN,1
row_0020,KKK,3,1,0,1,0,0,5,2,or+same+same,or|same|same,same:3+different:1+or:1,148,KKK,1,KKK,1,KKK,1,KKK,1,KKK,1
row_0021,NNN,2,1,4,0,0,4,11,3,person_is+and+and,and|and|person_is,person_is:4+same:2+different:1+and:4,218,NNN,1,NNN,1,NNN,1,NNN,1,NNN,1
row_0022,KNK,1,1,2,0,1,3,8,3,not+and+person_is,and|not|person_is,person_is:3+same:1+different:1+not:1+and:2,163,KNK,1,KNK,1,KNK,1,KNK,1,KNK,1
row_0023,NKK,2,4,1,4,2,2,15,3,and+or+or,and|or|or,person_is:2+same:2+different:4+not:2+and:1+or:4,345,NKK,1,NKK,1,NKK,1,NKK,1,NKK,1
row_0024,KNN,1,2,0,1,1,1,6,3,different+not+same,different|not|same,person_is:1+same:1+different:2+not:1+or:1,158,KNN,1,KNN,1,KNN,1,KNN,1,KNN,1
row_0025,NNK,2,1,0,2,0,2,7,3,same+or+different,different|or|same,person_is:2+same:2+different:1+or:2,161,NNK,1,NNK,1,NNK,1,NNK,1,NNK,1
row_0026,NNK,3,2,1,2,2,1,11,3,not+not+or,not|not|or,person_is:1+same:3+different:2+not:2+and:1+or:2,264,NKK,0,NKK,0,NKK,0,NKK,0,NKK,0
row_0027,NNK,2,0,0,1,1,2,6,3,person_is+same+or,or|person_is|same,person_is:2+same:2+not:1+or:1,135,NNK,1,NNK,1,NNK,1,NNK,1,NNK,1
row_0028,NNK,1,3,3,0,1,2,10,3,and+and+and,and|and|and,person_is:2+same:1+different:3+not:1+and:3,229,NNK,1,NNK,1,NNK,1,NNK,1,NNK,1
row_0029,NKK,2,1,0,1,1,1,6,3,same+different+or,different|or|same,person_is:1+same:2+different:1+not:1+or:1,155,NKK,1,NKK,1,NKK,1,NKK,1,NKK,1
row_0030,KKK,2,0,0,0,2,1,5,3,not+same+person_is,not|person_is|same,person_is:1+same:2+not:2,122,KKK,1,KKK,1,KKK,1,KKK,1,KKK,1
row_0031,KNK,4,1,1,2,0,1,9,3,same+and+or,and|or|same,person_is:1+same:4+different:1+and:1+or:2,226,KNK,1,KNK,1,KNK,1,KNK,1,KNK,1
row_0032,NNK,1,2,0,0,2,0,5,3,different+same+not,different|not|same,same:1+different:2+not:2,144,NNK,1,NNK,1,NNK,1,NNK,1,NNK,1
row_0033,NNN,1,4,2,1,0,1,9,3,or+different+and,and|different|or,person_is:1+same:1+different:4+and:2+or:1,227,NNN,1,NNN,1,NNN,1,NNN,1,NNN,1
row_0034,KKN,0,3,0,0,1,0,4,2,not+different+different,different|different|not,different:3+not:1,122,KKN,1,KKN,1,NKK,0,KKN,1,KKN,1
row_0035,NNN,0,4,0,1,0,0,5,2,or+different+different,different|different|or,different:4+or:1,156,NNN,1,NNN,1,NNN,1,NNN,1,NNN,1
row_0036,KKN,0,2,0,0,1,1,4,2,not+person_is+different,different|not|person_is,person_is:1+different:2+not:1,106,NNK,0,KKN,1,NNN,0,NNK,0,KKN,1
row_0037,KNN,2,0,2,0,0,3,7,3,person_is+person_is+and,and|person_is|person_is,person_is:3+same:2+and:2,138,NKK,0,NKK,0,NKK,0,KNN,1,NKN,0
row_0038,KKK,2,1,0,0,1,0,4,2,same+same+not,not|same|same,same:2+different:1+not:1,118,KKK,1,KKK,1,KKK,1,KKK,1,KKK,1
row_0039,NKK,1,2,1,0,1,1,6,3,same+person_is+not,not|person_is|same,person_is:1+same:1+different:2+not:1+and:1,152,NKN,0,NKK,1,NKK,1,NKK,1,NKK,1
row_0040,NNN,0,4,2,0,0,1,7,3,different+and+different,and|different|different,person_is:1+different:4+and:2,186,NNN,1,NNN,1,NNN,1,NNN,1,NNN,1
row_0041,KKK,2,0,0,4,0,5,11,3,or+same+or,or|or|same,person_is:5+same:2+or:4,204,KKN,0,KKN,0,KKK,1,KKN,0,KKK,1
row_0042,NKK,1,3,3,4,0,6,17,3,and+and+or,and|and|or,person_is:6+same:1+different:3+and:3+or:4,335,NNK,0,NNK,0,NNK,0,NNK,0,NNK,0
row_0043,KNK,2,3,1,1,1,0,8,3,and+or+different,and|different|or,same:2+different:3+not:1+and:1+or:1,215,KNK,1,KNK,1,KNK,1,KNK,1,KNK,1
row_0044,KKK,2,1,0,1,0,1,5,2,or+person_is+same,or|person_is|same,person_is:1+same:2+different:1+or:1,132,KKK,1,KKK,1,KKK,1,KKK,1,KKK,1
row_0045,NKN,3,0,0,0,1,0,4,2,same+not+same,not|same|same,same:3+not:1,116,NKN,1,NKN,1,NKN,1,NKN,1,NKN,1
row_0046,KNN,1,1,0,1,0,2,5,2,person_is+or+person_is,or|person_is|person_is,person_is:2+same:1+different:1+or:1,114,KNN,1,KNN,1,NKK,0,KNN,1,KNN,1
row_0047,KKK,6,2,1,6,0,2,17,3,or+and+or,and|or|or,person_is:2+same:6+different:2+and:1+or:6,404,KKK,1,KKK,1,KKK,1,KKK,1,KKK,1
row_0048,KKK,3,1,0,1,0,0,5,2,same+same+or,or|same|same,same:3+different:1+or:1,146,KKK,1,KKK,1,KKK,1,KKK,1,KKK,1
row_0049,KKN,2,1,0,1,0,1,5,2,different+or+person_is,different|or|person_is,person_is:1+same:2+different:1+or:1,129,KNK,0,KKN,1,KKN,1,KKN,1,KKN,1
row_0050,KNN,3,2,2,1,0,1,9,3,or+and+same,and|or|same,person_is:1+same:3+different:2+and:2+or:1,222,KNN,1,KNN,1,KNN,1,KNN,1,KNN,1
row_0051,KNK,2,0,1,1,2,3,9,3,or+not+person_is,not|or|person_is,person_is:3+same:2+not:2+and:1+or:1,189,KNK,1,KKK,0,KKK,0,KKK,0,KKK,0
row_0052,KKN,0,2,1,1,0,3,7,2,or+person_is+and,and|or|person_is,person_is:3+different:2+and:1+or:1,145,KKN,1,KKN,1,KKN,1,KKN,1,KKN,1
row_0053,NKN,1,0,2,0,1,4,8,3,and+not+person_is,and|not|person_is,person_is:4+same:1+not:1+and:2,148,NNN,0,NKN,1,NKN,1,NKN,1,NKN,1
row_0054,KNK,1,2,0,2,0,2,7,3,different+person_is+or,different|or|person_is,person_is:2+same:1+different:2+or:2,161,NNK,0,NNK,0,NNK,0,KNK,1,NNK,0
row_0055,KNN,1,0,0,0,2,2,5,3,person_is+person_is+not,not|person_is|person_is,person_is:2+same:1+not:2,109,KNN,1,KNN,1,KNN,1,KNN,1,KNN,1
row_0056,NNK,3,1,5,0,0,4,13,3,and+and+person_is,and|and|person_is,person_is:4+same:3+different:1+and:5,257,NNK,1,NNK,1,NNK,1,NNK,1,NNK,1
row_0057,NKK,4,2,0,3,2,0,11,3,same+or+not,not|or|same,same:4+different:2+not:2+or:3,282,NKN,0,NKK,1,NKK,1,NKK,1,NKK,1
row_0058,NKN,1,0,1,0,0,3,5,2,and+person_is+person_is,and|person_is|person_is,person_is:3+same:1+and:1,96,NKN,1,NKN,1,NKN,1,NKN,1,NKN,1
row_0059,KKN,1,0,1,1,2,4,9,3,same+or+and,and|or|same,person_is:4+same:1+not:2+and:1+or:1,168,KKN,1,KKN,1,NKN,0,KKN,1,NKN,0
row_0060,NKK,2,1,0,0,1,0,4,2,same+not+different,different|not|same,same:2+different:1+not:1,120,NKK,1,NKK,1,NKK,1,NKK,1,NKK,1
row_0061,KKN,1,3,2,1,1,2,10,3,and+same+not,and|not|same,person_is:2+same:1+different:3+not:1+and:2+or:1,232,KNN,0,KKN,1,KKN,1,KNN,0,KKN,1
row_0062,NNK,3,2,0,2,2,0,9,3,not+same+not,not|not|same,same:3+different:2+not:2+or:2,234,NKK,0,NKK,0,NKK,0,NNK,1,NNK,1
row_0063,KNN,2,0,0,0,1,1,4,2,not+same+person_is,not|person_is|same,person_is:1+same:2+not:1,102,KNN,1,KNN,1,KNN,1,KNN,1,KNN,1
row_0064,NKK,0,1,0,0,1,2,4,2,person_is+different+not,different|not|person_is,person_is:2+different:1+not:1,87,NKK,1,NKK,1,NKK,1,NKK,1,NKK,1
row_0065,KKN,2,0,0,0,2,1,5,2,not+not+same,not|not|same,person_is:1+same:2+not:2,121,KKN,1,KKN,1,KKN,1,KKN,1,KKN,1
row_0066,NKK,2,3,2,0,0,0,7,3,and+same+same,and|same|same,same:2+different:3+and:2,192,NKN,0,NKK,1,NKK,1,NKK,1,NKK,1
row_0067,NKN,2,4,2,2,0,1,11,3,and+and+same,and|and|same,person_is:1+same:2+different:4+and:2+or:2,275,NNK,0,NNK,0,NNK,0,NKN,1,NKN,1
row_0068,NKN,3,2,0,2,0,0,7,3,same+or+different,different|or|same,same:3+different:2+or:2,198,NKN,1,NKN,1,NKN,1,NKN,1,NKN,1
row_0069,NKN,3,0,1,0,0,1,5,2,and+person_is+same,and|person_is|same,person_is:1+same:3+and:1,126,NKN,1,NKN,1,NKN,1,NKN,1,NKN,1
row_0070,KKN,3,3,3,2,0,2,13,3,or+or+and,and|or|or,person_is:2+same:3+different:3+and:3+or:2,301,KNK,0,KKN,1,KKN,1,KKN,1,KKN,1
row_0071,KKK,0,3,0,1,2,1,7,3,not+not+person_is,not|not|person_is,person_is:1+different:3+not:2+or:1,174,KKK,1,KKK,1,KKK,1,KKK,1,KKK,1
row_0072,NNK,2,1,1,0,0,1,5,2,and+person_is+different,and|different|person_is,person_is:1+same:2+different:1+and:1,130,NNK,1,NNK,1,NNK,1,NNK,1,NNK,1
row_0073,NKK,3,1,2,1,1,2,10,3,and+not+or,and|not|or,person_is:2+same:3+different:1+not:1+and:2+or:1,224,NKK,1,NKK,1,NKK,1,NKK,1,NKK,1
row_0074,KKN,1,3,1,1,1,1,8,3,and+different+not,and|different|not,person_is:1+same:1+different:3+not:1+and:1+or:1,198,NKN,0,NKN,0,NKN,0,NKN,0,NKN,0
row_0075,NKK,2,1,0,0,2,0,5,3,not+different+same,different|not|same,same:2+different:1+not:2,142,NKK,1,NKK,1,NKK,1,NKK,1,NKK,1
row_0076,NNN,1,2,0,2,2,2,9,3,or+not+not,not|not|or,person_is:2+same:1+different:2+not:2+or:2,205,NNN,1,NNN,1,NNN,1,NNN,1,NNN,1
row_0077,KKK,2,3,2,1,2,1,11,3,not+and+person_is,and|not|person_is,person_is:1+same:2+different:3+not:2+and:2+or:1,264,KKK,1,KKK,1,KKK,1,KKK,1,KKK,1
row_0078,KNK,2,1,1,1,1,2,8,3,different+and+not,and|different|not,person_is:2+same:2+different:1+not:1+and:1+or:1,180,KNN,0,KNK,1,KNN,0,KNK,1,KNK,1
row_0079,NKK,2,3,2,1,1,1,10,3,and+person_is+not,and|not|person_is,person_is:1+same:2+different:3+not:1+and:2+or:1,247,NKK,1,NKK,1,NKK,1,NKK,1,NKK,1
row_0080,NKK,1,2,0,1,0,1,5,2,different+or+person_is,different|or|person_is,person_is:1+same:1+different:2+or:1,132,KNK,0,KKN,0,KKN,0,KKN,0,KKN,0
row_0081,NKK,2,0,0,0,1,1,4,2,same+person_is+not,not|person_is|same,person_is:1+same:2+not:1,106,NNK,0,NNK,0,NNK,0,NNK,0,NNK,0
row_0082,KKN,2,3,1,2,0,1,9,3,or+and+same,and|or|same,person_is:1+same:2+different:3+and:1+or:2,230,KKN,1,KKN,1,KKN,1,KKN,1,KKN,1
row_0083,NKN,2,0,2,1,0,4,9,3,person_is+same+and,and|person_is|same,person_is:4+same:2+and:2+or:1,172,NKN,1,KKK,0,NKN,1,NKN,1,NKN,1
row_0084,NNK,1,2,0,1,1,1,6,3,different+different+or,different|different|or,person_is:1+same:1+different:2+not:1+or:1,151,NNK,1,NNK,1,NNK,1,NNK,1,NNK,1
row_0085,NKK,1,2,3,0,1,3,10,3,and+and+and,and|and|and,person_is:3+same:1+different:2+not:1+and:3,212,NNK,0,NNK,0,NNK,0,NNK,0,NNK,0
row_0086,KKK,1,0,0,0,3,2,6,3,not+person_is+not,not|not|person_is,person_is:2+same:1+not:3,125,KKK,1,KKK,1,KKK,1,KKK,1,KKK,1
row_0087,NNN,1,1,0,2,1,3,8,3,or+person_is+different,different|or|person_is,person_is:3+same:1+different:1+not:1+or:2,168,NNN,1,NNN,1,NNN,1,NNN,1,NNN,1
row_0088,NNK,1,3,3,0,0,2,9,3,and+same+and,and|and|same,person_is:2+same:1+different:3+and:3,210,NNK,1,NNK,1,NNK,1,NNK,1,NNK,1
row_0089,NNN,0,2,0,0,0,1,3,1,different+person_is+different,different|different|person_is,person_is:1+different:2,88,NNN,1,NNN,1,NNN,1,NNN,1,NNN,1
row_0090,NNN,0,1,1,0,0,3,5,2,person_is+and+person_is,and|person_is|person_is,person_is:3+different:1+and:1,98,NNN,1,NNN,1,NNN,1,NNN,1,NNN,1
row_0091,KKN,3,2,0,2,0,0,7,2,different+or+or,different|or|or,same:3+different:2+or:2,196,KNN,0,KKN,1,KKN,1,KKN,1,KKN,1
row_0092,NKN,1,1,0,0,1,1,4,2,same+person_is+not,not|person_is|same,person_is:1+same:1+different:1+not:1,103,NKN,1,NKN,1,NKN,1,NKN,1,NKN,1
row_0093,KNK,2,1,3,0,0,3,9,3,same+and+different,and|different|same,person_is:3+same:2+different:1+and:3,185,NKK,0,NKK,0,NKK,0,KNK,1,KKK,0
row_0094,NNN,1,2,2,0,0,2,7,3,and+different+person_is,and|different|person_is,person_is:2+same:1+different:2+and:2,162,NNN,1,NNN,1,NNN,1,NNN,1,NNN,1
row_0095,KNN,1,3,1,0,3,0,8,3,different+and+not,and|different|not,same:1+different:3+not:3+and:1,213,KNN,1,KNN,1,NNN,0,KNN,1,NNN,0
row_0096,NNK,3,3,2,2,0,1,11,3,and+and+or,and|and|or,person_is:1+same:3+different:3+and:2+or:2,272,NNK,1,NNK,1,NNK,1,NNK,1,NNK,1
row_0097,NNK,0,1,1,0,1,3,6,3,and+person_is+different,and|different|person_is,person_is:3+different:1+not:1+and:1,115,NNK,1,NNK,1,NNK,1,NNK,1,NNK,1
row_0098,KKN,0,1,0,0,2,2,5,3,different+person_is+not,different|not|person_is,person_is:2+different:1+not:2,109,KKN,1,KKN,1,NNN,0,KKN,1,NNN,0
row_0099,NKN,2,3,1,2,1,1,10,3,different+or+and,and|different|or,person_is:1+same:2+different:3+not:1+and:1+or:2,246,NKN,1,NKN,1,NKN,1,NNN,0,NNN,0
row_0100,NKK,1,2,1,1,0,2,7,2,different+or+and,and|different|or,person_is:2+same:1+different:2+and:1+or:1,162,NKK,1,NKK,1,NKK,1,NKK,1,NKK,1
row_0101,KKN,2,1,0,1,2,1,7,3,or+same+not,not|or|same,person_is:1+same:2+different:1+not:2+or:1,172,KNK,0,KNK,0,KNK,0,KNK,0,KNN,0
row_0102,KKK,1,1,0,1,0,2,5,2,person_is+or+same,or|person_is|same,person_is:2+same:1+different:1+or:1,118,KKK,1,KKK,1,KKK,1,KKK,1,KKK,1
row_0103,KNN,1,2,0,0,1,0,4,2,different+not+same,different|not|same,same:1+different:2+not:1,120,KNN,1,KNN,1,KNN,1,KNN,1,KNN,1
row_0104,KKK,3,2,0,2,0,0,7,3,same+or+same,or|same|same,same:3+different:2+or:2,194,NNK,0,NKK,0,NKK,0,NKK,0,INVALID,0
row_0105,KNN,2,3,2,0,3,0,10,3,and+and+same,and|and|same,same:2+different:3+not:3+and:2,254,KNN,1,KNN,1,KNN,1,NNK,0,KNN,1
row_0106,NKN,2,0,1,1,1,3,8,3,same+same+and,and|same|same,person_is:3+same:2+not:1+and:1+or:1,167,NKN,1,NKN,1,NKN,1,NKN,1,NKN,1
row_0107,NNK,2,3,2,0,0,0,7,3,same+and+different,and|different|same,same:2+different:3+and:2,196,NNK,1,NNK,1,NNK,1,NNK,1,NNK,1
row_0108,KNN,1,3,1,0,0,0,5,2,different+same+and,and|different|same,same:1+different:3+and:1,151,NKN,0,KNN,1,KNN,1,KNN,1,KNN,1
row_0109,NKN,1,1,1,0,1,2,6,3,same+and+person_is,and|person_is|same,person_is:2+same:1+different:1+not:1+and:1,135,NKN,1,NKN,1,NKN,1,NKN,1,NKN,1
row_0110,KKK,0,1,1,0,1,3,6,3,person_is+not+person_is,not|person_is|person_is,person_is:3+different:1+not:1+and:1,117,NNN,0,KKK,1,KKK,1,KKK,1,KKK,1
row_0111,KKK,1,0,0,0,0,2,3,1,person_is+same+person_is,person_is|person_is|same,person_is:2+same:1,66,KKK,1,KKK,1,KKK,1,KKK,1,KKK,1
row_0112,KNN,1,1,1,0,0,2,5,2,person_is+and+same,and|person_is|same,person_is:2+same:1+different:1+and:1,114,KNN,1,KNN,1,KNN,1,KNN,1,KNN,1
row_0113,NKN,1,0,1,0,1,3,6,3,same+person_is+and,and|person_is|same,person_is:3+same:1+not:1+and:1,116,NKN,1,NKN,1,NKN,1,NKN,1,NKN,1
row_0114,NKK,1,3,1,1,2,1,9,3,and+person_is+not,and|not|person_is,person_is:1+same:1+different:3+not:2+and:1+or:1,219,NKK,1,NKK,1,NKK,1,NKK,1,NKN,0
row_0115,NKN,3,1,0,2,2,1,9,3,same+or+not,not|or|same,person_is:1+same:3+different:1+not:2+or:2,217,NKN,1,NKN,1,NKN,1,NKN,1,NKN,1
row_0116,NNN,0,2,0,1,1,2,6,3,person_is+not+different,different|not|person_is,person_is:2+different:2+not:1+or:1,139,NNN,1,NNN,1,NNN,1,NNN,1,NNN,1
row_0117,KNN,2,0,0,0,1,1,4,2,not+same+person_is,not|person_is|same,person_is:1+same:2+not:1,105,NKK,0,NKK,0,NKK,0,KNN,1,NKK,0
row_0118,KNN,2,3,3,2,1,3,14,3,or+and+and,and|and|or,person_is:3+same:2+different:3+not:1+and:3+or:2,305,KNN,1,KNN,1,KNN,1,KNN,1,KNN,1
row_0119,NNK,2,2,1,1,0,1,7,3,different+or+different,different|different|or,person_is:1+same:2+different:2+and:1+or:1,181,NNK,1,NNK,1,NNK,1,NNK,1,NNK,1
row_0120,KKN,2,2,1,2,0,2,9,3,or+different+person_is,different|or|person_is,person_is:2+same:2+different:2+and:1+or:2,211,KKN,1,KKN,1,KKN,1,KKN,1,KKN,1
row_0121,KNK,2,3,1,1,3,0,10,3,not+not+and,and|not|not,same:2+different:3+not:3+and:1+or:1,253,NNK,0,NNK,0,NNK,0,NNK,0,NNK,0
row_0122,NKK,1,1,1,0,2,2,7,3,not+and+same,and|not|same,person_is:2+same:1+different:1+not:2+and:1,152,NKK,1,KKN,0,NKK,1,NKK,1,NKK,1
row_0123,NKK,1,0,1,0,0,3,5,2,person_is+same+and,and|person_is|same,person_is:3+same:1+and:1,93,NKK,1,KNK,0,NKK,1,KNK,0,KNK,0
row_0124,NKK,0,1,2,0,2,4,9,3,and+and+not,and|and|not,person_is:4+different:1+not:2+and:2,165,NKN,0,NKK,1,NKK,1,NKK,1,NKK,1
row_0125,NKN,2,1,0,2,2,2,9,3,different+or+or,different|or|or,person_is:2+same:2+different:1+not:2+or:2,203,KKN,0,KKN,0,KKN,0,KKN,0,KKN,0
row_0126,KNN,3,0,1,1,0,2,7,3,same+or+person_is,or|person_is|same,person_is:2+same:3+and:1+or:1,160,NNK,0,NNK,0,NNK,0,KKN,0,NNK,0
row_0127,KNN,2,1,2,1,1,3,10,3,or+same+and,and|or|same,person_is:3+same:2+different:1+not:1+and:2+or:1,210,KNN,1,KNN,1,KNN,1,KNN,1,KNN,1
row_0128,KNK,0,2,0,0,1,1,4,2,different+not+different,different|different|not,person_is:1+different:2+not:1,106,NNN,0,KNK,1,NNN,0,KNK,1,KNK,1
row_0129,NKN,0,3,1,1,0,2,7,3,and+different+person_is,and|different|person_is,person_is:2+different:3+and:1+or:1,162,NNK,0,NNK,0,NNK,0,NNK,0,NNN,0
row_0130,KKN,2,2,1,1,1,1,8,3,or+different+and,and|different|or,person_is:1+same:2+different:2+not:1+and:1+or:1,194,KNN,0,KKN,1,KKN,1,KKN,1,KKN,1
row_0131,KKN,4,1,2,1,1,1,10,3,or+different+and,and|different|or,person_is:1+same:4+different:1+not:1+and:2+or:1,239,KNK,0,KNK,0,KNK,0,KNK,0,KNK,0
row_0132,NKK,1,1,1,1,1,3,8,3,same+not+and,and|not|same,person_is:3+same:1+different:1+not:1+and:1+or:1,163,NKN,0,NKK,1,NKK,1,NKK,1,NKN,0
row_0133,NNN,1,2,1,0,0,1,5,2,and+different+different,and|different|different,person_is:1+same:1+different:2+and:1,129,NNN,1,NNN,1,NNN,1,NNN,1,NNN,1
row_0134,NNK,2,3,0,2,0,0,7,3,same+same+or,or|same|same,same:2+different:3+or:2,202,NNK,1,NNK,1,NNK,1,NNK,1,NNK,1
row_0135,KKK,3,2,1,2,1,1,10,3,same+not+or,not|or|same,person_is:1+same:3+different:2+not:1+and:1+or:2,243,KKK,1,KKK,1,KKK,1,KKK,1,KKK,1
row_0136,KKK,3,2,2,1,1,1,10,3,not+or+same,not|or|same,person_is:1+same:3+different:2+not:1+and:2+or:1,244,KKK,1,KKK,1,KKK,1,KKK,1,KKK,1
row_0137,KKN,4,1,3,2,2,3,15,3,or+not+and,and|not|or,person_is:3+same:4+different:1+not:2+and:3+or:2,321,KNN,0,KNN,0,KNN,0,KNN,0,KNK,0
row_0138,NKK,2,2,0,2,2,1,9,3,same+not+or,not|or|same,person_is:1+same:2+different:2+not:2+or:2,222,NKK,1,NKK,1,NKK,1,NKK,1,NKK,1
row_0139,KNN,3,1,2,1,0,2,9,3,different+and+or,and|different|or,person_is:2+same:3+different:1+and:2+or:1,209,KNN,1,KNN,1,KNN,1,KNN,1,KNN,1
row_0140,NNK,2,1,0,1,3,1,8,3,person_is+or+not,not|or|person_is,person_is:1+same:2+different:1+not:3+or:1,190,NNK,1,NNK,1,NNK,1,NNK,1,NNK,1
row_0141,KNN,1,2,0,2,0,2,7,3,or+different+person_is,different|or|person_is,person_is:2+same:1+different:2+or:2,163,KNN,1,KNN,1,KNN,1,KNN,1,KNN,1
row_0142,KNK,3,2,0,3,0,1,9,3,or+or+different,different|or|or,person_is:1+same:3+different:2+or:3,224,KNN,0,KNK,1,KNK,1,KNK,1,KNK,1
row_0143,NKN,2,0,0,0,1,1,4,2,person_is+not+same,not|person_is|same,person_is:1+same:2+not:1,102,NKN,1,NKN,1,NKN,1,NKN,1,NKN,1
row_0144,NKK,2,2,0,3,0,2,9,3,person_is+or+or,or|or|person_is,person_is:2+same:2+different:2+or:3,210,KNK,0,KNK,0,KNK,0,KNK,0,KNK,0
row_0145,KNN,0,2,2,0,1,3,8,3,different+and+not,and|different|not,person_is:3+different:2+not:1+and:2,167,NNN,0,KNN,1,NNN,0,KNN,1,NNN,0
row_0146,NKK,2,0,0,0,1,1,4,2,person_is+same+not,not|person_is|same,person_is:1+same:2+not:1,101,NKK,1,NKK,1,NKK,1,NKK,1,NKK,1
row_0147,KKN,1,2,0,2,2,2,9,3,or+not+person_is,not|or|person_is,person_is:2+same:1+different:2+not:2+or:2,202,KNK,0,KNK,0,KNK,0,KNK,0,KKN,1
row_0148,KKK,1,1,1,0,1,2,6,3,person_is+same+and,and|person_is|same,person_is:2+same:1+different:1+not:1+and:1,133,KKK,1,KKK,1,KKK,1,KKK,1,KKK,1
row_0149,NKK,0,1,0,1,0,3,5,2,person_is+or+person_is,or|person_is|person_is,person_is:3+different:1+or:1,101,NKK,1,NKK,1,NKK,1,NKK,1,NKK,1
row_0150,NNK,3,5,2,4,1,1,16,3,and+and+or,and|and|or,person_is:1+same:3+different:5+not:1+and:2+or:4,390,NNK,1,NNK,1,NKK,0,NNK,1,NNK,1
row_0151,KNN,2,0,0,1,2,2,7,3,person_is+or+person_is,or|person_is|person_is,person_is:2+same:2+not:2+or:1,151,NKK,0,NKK,0,NKK,0,NKK,0,NNK,0
row_0152,KNN,2,2,0,1,1,0,6,3,different+not+same,different|not|same,same:2+different:2+not:1+or:1,172,KNN,1,KNN,1,KNN,1,KNN,1,KNN,1
row_0153,KKK,1,0,1,0,1,3,6,3,not+same+person_is,not|person_is|same,person_is:3+same:1+not:1+and:1,114,KKK,1,KKK,1,KKK,1,KKK,1,KKK,1
row_0154,KNN,1,3,2,1,1,2,10,3,different+not+and,and|different|not,person_is:2+same:1+different:3+not:1+and:2+or:1,231,KNN,1,KKN,0,KKN,0,KNN,1,KKN,0
row_0155,KKK,4,0,0,2,1,1,8,3,or+same+same,or|same|same,person_is:1+same:4+not:1+or:2,194,KKN,0,KKN,0,KKN,0,KKN,0,KKN,0
row_0156,KKN,2,0,1,0,0,2,5,2,same+and+same,and|same|same,person_is:2+same:2+and:1,112,NKN,0,NKN,0,NKN,0,NKN,0,NKN,0
row_0157,NKK,1,2,0,1,0,1,5,2,different+or+person_is,different|or|person_is,person_is:1+same:1+different:2+or:1,130,NKK,1,NKK,1,NKK,1,KKN,0,NKK,1
row_0158,NKK,0,1,1,0,1,3,6,3,and+person_is+different,and|different|person_is,person_is:3+different:1+not:1+and:1,118,NKK,1,NKK,1,NKK,1,NKK,1,NKN,0
row_0159,KKK,3,1,1,1,1,1,8,3,same+not+or,not|or|same,person_is:1+same:3+different:1+not:1+and:1+or:1,198,KKK,1,KKK,1,KKK,1,KKK,1,KKK,1
row_0160,NNK,3,2,4,0,1,2,12,3,and+and+same,and|and|same,person_is:2+same:3+different:2+not:1+and:4,273,NNK,1,NNK,1,NNK,1,NNK,1,NNK,1
row_0161,KNN,0,4,0,1,1,0,6,3,different+or+different,different|different|or,different:4+not:1+or:1,172,NNK,0,NNK,0,NNK,0,NNK,0,NNK,0
row_0162,NKN,0,2,0,1,1,2,6,3,or+different+person_is,different|or|person_is,person_is:2+different:2+not:1+or:1,138,NKN,1,NKK,0,NKN,1,NKN,1,NKN,1
row_0163,NNN,0,3,0,1,1,1,6,3,or+different+different,different|different|or,person_is:1+different:3+not:1+or:1,155,NNN,1,NNN,1,NNN,1,NNN,1,NNN,1
row_0164,NKN,3,1,2,1,0,2,9,3,or+same+and,and|or|same,person_is:2+same:3+different:1+and:2+or:1,206,KNN,0,KNN,0,KKN,0,KKN,0,KKN,0
row_0165,NKN,2,3,3,0,2,1,11,3,and+not+not,and|not|not,person_is:1+same:2+different:3+not:2+and:3,267,NKN,1,NKN,1,NKN,1,NKN,1,NKN,1
row_0166,NKK,2,1,1,0,1,1,6,3,same+different+and,and|different|same,person_is:1+same:2+different:1+not:1+and:1,148,NKN,0,NKN,0,NKN,0,NKN,0,NKN,0
row_0167,NKK,3,2,1,2,1,1,10,3,and+or+different,and|different|or,person_is:1+same:3+different:2+not:1+and:1+or:2,243,KNK,0,KNK,0,NKK,1,KKN,0,KKN,0
row_0168,KNK,0,0,0,1,1,4,6,3,person_is+person_is+or,or|person_is|person_is,person_is:4+not:1+or:1,102,NKN,0,NKN,0,NKN,0,NKN,0,NKN,0
row_0169,NNK,2,2,2,1,1,2,10,3,different+and+and,and|and|different,person_is:2+same:2+different:2+not:1+and:2+or:1,228,NNN,0,NNN,0,NNN,0,NNN,0,NNN,0
row_0170,KKN,2,2,1,0,2,0,7,3,different+not+and,and|different|not,same:2+different:2+not:2+and:1,185,KKN,1,KKN,1,KKN,1,KKN,1,KKN,1
row_0171,KKK,3,1,1,2,0,2,9,3,same+same+and,and|same|same,person_is:2+same:3+different:1+and:1+or:2,207,KKK,1,KKK,1,KKK,1,KKK,1,KKK,1
row_0172,NNN,1,1,0,0,1,1,4,2,person_is+different+not,different|not|person_is,person_is:1+same:1+different:1+not:1,104,NNN,1,NNN,1,NNN,1,NNN,1,NNN,1
row_0173,NKN,2,1,1,0,0,1,5,2,and+same+same,and|same|same,person_is:1+same:2+different:1+and:1,132,NKN,1,NKN,1,NKN,1,NKN,1,NKN,1
row_0174,KKK,4,2,0,3,0,0,9,3,or+or+same,or|or|same,same:4+different:2+or:3,240,KKK,1,KKK,1,KKK,1,KKK,1,KKK,1
row_0175,NKK,2,3,0,2,0,0,7,3,same+same+or,or|same|same,same:2+different:3+or:2,198,NKK,1,NKK,1,NKK,1,NKK,1,NKK,1
row_0176,KKK,1,0,0,1,0,3,5,2,person_is+person_is+or,or|person_is|person_is,person_is:3+same:1+or:1,99,KKK,1,KKK,1,KKK,1,KKK,1,KKK,1
row_0177,NKK,1,2,1,2,0,3,9,3,and+or+same,and|or|same,person_is:3+same:1+different:2+and:1+or:2,193,NKK,1,NKK,1,NKK,1,NKK,1,NKK,1
row_0178,KNK,1,1,1,1,1,3,8,3,and+same+person_is,and|person_is|same,person_is:3+same:1+different:1+not:1+and:1+or:1,165,KNK,1,KNK,1,KNK,1,KNK,1,KNK,1
row_0179,KNK,1,2,1,1,1,2,8,3,or+and+person_is,and|or|person_is,person_is:2+same:1+different:2+not:1+and:1+or:1,179,KNK,1,KNK,1,KNK,1,KNK,1,KNK,1
row_0180,NKN,0,1,1,0,2,3,7,3,person_is+not+and,and|not|person_is,person_is:3+different:1+not:2+and:1,141,NKN,1,KNN,0,NKN,1,NKN,1,NKN,1
row_0181,NKK,3,1,3,0,2,2,11,3,and+and+not,and|and|not,person_is:2+same:3+different:1+not:2+and:3,244,NKN,0,NKN,0,NKK,1,NKK,1,NKK,1
row_0182,NKK,2,1,0,1,1,1,6,3,not+different+person_is,different|not|person_is,person_is:1+same:2+different:1+not:1+or:1,151,KNN,0,KKN,0,KNN,0,KNN,0,KNN,0
row_0183,KNK,2,2,1,1,0,1,7,3,or+different+same,different|or|same,person_is:1+same:2+different:2+and:1+or:1,182,KNK,1,KNK,1,KNK,1,KNK,1,KNK,1
row_0184,NKK,3,0,1,0,0,1,5,2,same+person_is+and,and|person_is|same,person_is:1+same:3+and:1,128,NKK,1,NKK,1,NKK,1,NKK,1,NKK,1
row_0185,NNK,3,1,2,0,0,1,7,3,same+and+different,and|different|same,person_is:1+same:3+different:1+and:2,180,NNK,1,NNK,1,NNK,1,NNK,1,NNK,1
row_0186,NNK,2,2,2,0,1,1,8,3,same+and+person_is,and|person_is|same,person_is:1+same:2+different:2+not:1+and:2,199,NNK,1,NNK,1,KNK,0,KNN,0,NNK,1
row_0187,KKN,2,2,2,1,0,2,9,3,different+or+and,and|different|or,person_is:2+same:2+different:2+and:2+or:1,208,KNK,0,KNK,0,KKN,1,KKN,1,KKN,1
row_0188,NNN,0,4,1,1,1,1,8,3,different+or+and,and|different|or,person_is:1+different:4+not:1+and:1+or:1,201,NNN,1,NNN,1,NNN,1,NNN,1,NNN,1
row_0189,KKN,2,1,1,0,0,1,5,2,different+person_is+and,and|different|person_is,person_is:1+same:2+different:1+and:1,129,NNN,0,KKN,1,NNN,0,KKN,1,KKN,1
row_0190,KKK,4,1,0,3,1,1,10,3,same+or+or,or|or|same,person_is:1+same:4+different:1+not:1+or:3,244,KKK,1,KKK,1,KKK,1,KKK,1,KKK,1
row_0191,NKN,2,2,1,0,0,0,5,2,same+different+and,and|different|same,same:2+different:2+and:1,147,NKN,1,NKN,1,NKN,1,NKN,1,NKN,1
row_0192,KKN,1,1,0,0,1,1,4,2,not+different+person_is,different|not|person_is,person_is:1+same:1+different:1+not:1,105,KKN,1,KKN,1,KKN,1,KKN,1,KKN,1
row_0193,NKN,2,3,1,1,0,0,7,2,and+different+or,and|different|or,same:2+different:3+and:1+or:1,199,NKN,1,NKN,1,NKN,1,NKN,1,NKN,1
row_0194,NNN,0,1,0,0,1,2,4,2,person_is+not+different,different|not|person_is,person_is:2+different:1+not:1,91,NNN,1,NNN,1,NNN,1,NNN,1,NNN,1
row_0195,NNN,0,5,3,1,1,2,12,3,and+and+and,and|and|and,person_is:2+different:5+not:1+and:3+or:1,282,NNN,1,NNN,1,NNN,1,NNN,1,NNN,1
row_0196,NKK,0,3,0,1,0,1,5,2,different+or+different,different|different|or,person_is:1+different:3+or:1,135,NKK,1,NKK,1,NKK,1,NKK,1,NKK,1
row_0197,NKK,1,3,1,0,2,0,7,3,and+same+not,and|not|same,same:1+different:3+not:2+and:1,189,NKK,1,NKK,1,NKK,1,NKK,1,NKK,1
row_0198,KNK,1,1,1,1,0,3,7,3,and+different+person_is,and|different|person_is,person_is:3+same:1+different:1+and:1+or:1,142,NKN,0,NKN,0,NKN,0,NKN,0,NKK,0
row_0199,NKK,1,3,1,0,1,0,6,3,different+different+not,different|different|not,same:1+different:3+not:1+and:1,169,NNN,0,NKK,1,NNN,0,NNN,0,NNN,0
row_0200,KKN,1,0,0,0,1,2,4,2,not+person_is+same,not|person_is|same,person_is:2+same:1+not:1,88,NKK,0,NKK,0,NKK,0,NKK,0,NKK,0
row_0201,KKN,0,3,0,3,0,3,9,3,person_is+or+different,different|or|person_is,person_is:3+different:3+or:3,194,NNN,0,NNN,0,NNN,0,NNN,0,NNN,0
row_0202,KKK,3,1,1,1,0,1,7,3,same+person_is+and,and|person_is|same,person_is:1+same:3+different:1+and:1+or:1,181,KKK,1,KKK,1,KKK,1,KKK,1,KKK,1
row_0203,KKK,1,1,0,1,0,2,5,2,person_is+or+same,or|person_is|same,person_is:2+same:1+different:1+or:1,120,KKK,1,KKK,1,KKK,1,KKK,1,KKK,1
row_0204,NNK,2,0,0,0,3,1,6,3,same+not+not,not|not|same,person_is:1+same:2+not:3,144,NNK,1,NNK,1,NNK,1,NNK,1,NNK,1
row_0205,KKK,1,0,0,1,1,3,6,3,same+person_is+or,or|person_is|same,person_is:3+same:1+not:1+or:1,116,KKK,1,KKK,1,KKK,1,KKN,0,KKK,1
row_0206,KNK,0,2,0,0,1,1,4,2,person_is+not+different,different|not|person_is,person_is:1+different:2+not:1,106,KNK,1,KNK,1,KNK,1,KNK,1,KNK,1
row_0207,KKN,2,0,0,0,1,1,4,2,not+same+person_is,not|person_is|same,person_is:1+same:2+not:1,101,KNN,0,KNN,0,KNN,0,KKN,1,KKN,1
row_0208,KNN,5,0,3,2,1,3,14,3,or+and+or,and|or|or,person_is:3+same:5+not:1+and:3+or:2,304,NNK,0,KNN,1,KNN,1,KNN,1,KNN,1
row_0209,KNN,0,2,0,0,2,1,5,2,not+not+different,different|not|not,person_is:1+different:2+not:2,126,KNN,1,KNN,1,KNN,1,KNN,1,KNN,1
row_0210,KNK,1,1,0,0,1,1,4,2,different+person_is+not,different|not|person_is,person_is:1+same:1+different:1+not:1,103,KNK,1,KNK,1,KNK,1,KNK,1,KNK,1
row_0211,KKK,1,1,0,0,2,1,5,2,not+not+same,not|not|same,person_is:1+same:1+different:1+not:2,125,KKK,1,KKK,1,KKK,1,KKK,1,KKK,1
row_0212,NNN,1,0,0,1,1,3,6,3,not+person_is+person_is,not|person_is|person_is,person_is:3+same:1+not:1+or:1,118,NNN,1,NNN,1,NNN,1,NNN,1,NNN,1
row_0213,KKN,1,3,2,0,1,1,8,3,same+not+and,and|not|same,person_is:1+same:1+different:3+not:1+and:2,197,KKN,1,KKN,1,KKN,1,KKN,1,KKN,1
row_0214,KNN,1,2,0,1,0,1,5,2,different+or+different,different|different|or,person_is:1+same:1+different:2+or:1,134,KNN,1,KNN,1,KNN,1,KNN,1,KNN,1
row_0215,NNK,2,3,1,2,0,1,9,3,person_is+and+or,and|or|person_is,person_is:1+same:2+different:3+and:1+or:2,225,NNK,1,NNK,1,NNK,1,NNK,1,NNN,0
row_0216,KNN,1,3,0,1,0,0,5,2,or+same+different,different|or|same,same:1+different:3+or:1,152,KNN,1,KNN,1,KNN,1,KNN,1,KNN,1
row_0217,KNK,1,1,0,1,1,2,6,3,different+same+or,different|or|same,person_is:2+same:1+different:1+not:1+or:1,134,NKK,0,NKK,0,NKK,0,KNK,1,NKK,0
row_0218,NKK,1,3,1,2,1,2,10,3,and+or+different,and|different|or,person_is:2+same:1+different:3+not:1+and:1+or:2,231,NKK,1,NKK,1,NKK,1,NKK,1,NKK,1
row_0219,NNK,2,0,1,0,2,2,7,3,not+same+and,and|not|same,person_is:2+same:2+not:2+and:1,153,NNK,1,NNK,1,NNK,1,NNK,1,NNK,1
row_0220,KNK,3,2,1,1,1,0,8,3,not+same+or,not|or|same,same:3+different:2+not:1+and:1+or:1,215,KNK,1,KNK,1,KNK,1,KNK,1,KNK,1
row_0221,KNK,0,3,1,1,3,2,10,3,different+and+not,and|different|not,person_is:2+different:3+not:3+and:1+or:1,224,KNK,1,KNK,1,KNK,1,KNK,1,KNK,1
row_0222,KKN,2,0,1,1,0,3,7,2,or+and+person_is,and|or|person_is,person_is:3+same:2+and:1+or:1,144,KNN,0,KNN,0,KNN,0,KKN,1,KKN,1
row_0223,KKK,1,1,0,1,0,2,5,2,person_is+person_is+or,or|person_is|person_is,person_is:2+same:1+different:1+or:1,114,KKK,1,KKK,1,KKK,1,KKK,1,KKK,1
row_0224,KNN,2,0,2,0,0,3,7,2,person_is+and+and,and|and|person_is,person_is:3+same:2+and:2,145,KNN,1,KNN,1,KNN,1,KNN,1,KNN,1
row_0225,KKN,1,1,1,1,1,3,8,3,or+different+person_is,different|or|person_is,person_is:3+same:1+different:1+not:1+and:1+or:1,164,KKN,1,KKN,1,KKN,1,KKN,1,KKN,1
row_0226,NKK,1,0,2,0,1,4,8,3,and+person_is+not,and|not|person_is,person_is:4+same:1+not:1+and:2,147,NKN,0,NKK,1,NKK,1,NKN,0,NKK,1
row_0227,KKN,1,0,0,1,1,3,6,3,person_is+person_is+not,not|person_is|person_is,person_is:3+same:1+not:1+or:1,116,NNK,0,KNK,0,NNK,0,KNK,0,NNK,0
row_0228,KKN,1,2,0,1,0,1,5,2,or+different+person_is,different|or|person_is,person_is:1+same:1+different:2+or:1,135,KKN,1,KKN,1,KKN,1,KKN,1,KKN,1
row_0229,KKN,2,2,1,1,1,1,8,3,or+different+and,and|different|or,person_is:1+same:2+different:2+not:1+and:1+or:1,198,KNK,0,NKK,0,KKN,1,NKK,0,NKK,0
row_0230,KKN,3,0,3,1,0,4,11,3,or+and+and,and|and|or,person_is:4+same:3+and:3+or:1,222,KKN,1,KKN,1,KNN,0,KNN,0,KKN,1
row_0231,KKK,3,0,1,1,0,2,7,3,person_is+same+or,or|person_is|same,person_is:2+same:3+and:1+or:1,156,KKK,1,KKK,1,KKK,1,KKK,1,KKK,1
row_0232,KNN,2,2,3,0,1,2,10,3,not+and+and,and|and|not,person_is:2+same:2+different:2+not:1+and:3,229,NNN,0,NNN,0,NNN,0,NNN,0,NNN,0
row_0233,NKN,1,2,1,2,2,3,11,3,same+or+or,or|or|same,person_is:3+same:1+different:2+not:2+and:1+or:2,229,NKN,1,NKN,1,NKN,1,NKN,1,NKN,1
row_0234,NKK,1,0,0,1,0,3,5,2,same+person_is+or,or|person_is|same,person_is:3+same:1+or:1,100,NNK,0,NNK,0,NNK,0,NNK,0,NNK,0
row_0235,KKN,1,1,0,0,1,1,4,2,not+person_is+different,different|not|person_is,person_is:1+same:1+different:1+not:1,105,KKN,1,KKN,1,KKN,1,KKN,1,KKN,1
row_0236,KNN,3,2,1,2,0,1,9,3,or+and+different,and|different|or,person_is:1+same:3+different:2+and:1+or:2,227,KNN,1,KNN,1,KNN,1,KNN,1,KNN,1
row_0237,KKN,2,2,0,3,2,2,11,3,or+not+same,not|or|same,person_is:2+same:2+different:2+not:2+or:3,250,KKN,1,KKN,1,KKN,1,KKN,1,KKN,1
row_0238,KKN,2,1,0,1,1,1,6,3,person_is+not+same,not|person_is|same,person_is:1+same:2+different:1+not:1+or:1,149,KKN,1,KKN,1,KKN,1,KKN,1,KKN,1
row_0239,KNK,1,0,0,0,0,2,3,1,same+person_is+person_is,person_is|person_is|same,person_is:2+same:1,69,NNK,0,KNK,1,KNK,1,KNK,1,KNK,1
row_0240,KNK,3,1,2,1,1,2,10,3,or+and+same,and|or|same,person_is:2+same:3+different:1+not:1+and:2+or:1,225,KNK,1,KNK,1,KNK,1,KNK,1,KNK,1
row_0241,KKK,5,0,1,1,1,0,8,3,same+and+or,and|or|same,same:5+not:1+and:1+or:1,213,KKK,1,KKK,1,KKK,1,KKK,1,KKK,1
row_0242,KNK,3,2,2,0,1,0,8,3,same+and+different,and|different|same,same:3+different:2+not:1+and:2,212,NKK,0,NKK,0,NKK,0,NNK,0,NKK,0
row_0243,NKK,0,1,1,0,1,3,6,3,person_is+different+not,different|not|person_is,person_is:3+different:1+not:1+and:1,116,NKK,1,NKK,1,NKK,1,NKK,1,NNK,0
row_0244,KNK,0,2,0,0,1,1,4,2,different+person_is+not,different|not|person_is,person_is:1+different:2+not:1,107,KNK,1,KNK,1,KNK,1,KNK,1,KNK,1
row_0245,NNN,4,2,6,1,0,4,17,3,and+and+and,and|and|and,person_is:4+same:4+different:2+and:6+or:1,364,NNN,1,NNN,1,NNN,1,NNN,1,NNN,1
row_0246,NNK,0,2,0,1,0,2,5,2,or+different+person_is,different|or|person_is,person_is:2+different:2+or:1,114,NNK,1,NNK,1,NKN,0,NNK,1,NNK,1
row_0247,KNN,1,3,1,1,0,1,7,2,or+different+and,and|different|or,person_is:1+same:1+different:3+and:1+or:1,178,KNN,1,KNN,1,KNN,1,KNN,1,KNN,1
row_0248,KKN,1,3,0,1,0,0,5,2,or+different+different,different|different|or,same:1+different:3+or:1,148,KKN,1,KKN,1,KKN,1,KNK,0,KKN,1
row_0249,NKK,2,1,0,0,2,0,5,2,same+not+not,not|not|same,same:2+different:1+not:2,138,NKK,1,NKK,1,NKK,1,NKK,1,NKK,1
row_0250,KKN,1,1,0,0,1,1,4,2,not+different+same,different|not|same,person_is:1+same:1+different:1+not:1,104,NKK,0,NKK,0,NKK,0,KKN,1,NKK,0
row_0251,NKN,2,1,0,1,2,1,7,3,same+not+not,not|not|same,person_is:1+same:2+different:1+not:2+or:1,174,NNK,0,NNK,0,NNK,0,NNK,0,NNK,0
row_0252,NKK,1,2,1,1,1,2,8,3,not+and+same,and|not|same,person_is:2+same:1+different:2+not:1+and:1+or:1,183,NKK,1,NKK,1,NKK,1,NKK,1,NKK,1
row_0253,NNK,1,3,0,1,1,0,6,2,not+or+different,different|not|or,same:1+different:3+not:1+or:1,168,NNK,1,NNK,1,NNK,1,NNK,1,NNK,1
row_0254,KKN,0,1,0,1,1,3,6,2,person_is+or+not,not|or|person_is,person_is:3+different:1+not:1+or:1,116,KKN,1,KKN,1,KKN,1,KKN,1,KKN,1
row_0255,NNN,1,2,1,0,1,1,6,2,not+different+and,and|different|not,person_is:1+same:1+different:2+not:1+and:1,152,KNK,0,KNK,0,KNK,0,NNN,1,KNK,0
row_0256,KNN,1,0,1,0,1,3,6,3,same+person_is+and,and|person_is|same,person_is:3+same:1+not:1+and:1,116,NNK,0,KNN,1,NNK,0,NNK,0,NNK,0
row_0257,NKK,2,1,0,2,1,2,8,3,not+same+or,not|or|same,person_is:2+same:2+different:1+not:1+or:2,181,NKK,1,NKK,1,NKK,1,NKK,1,NKK,1
row_0258,NKN,3,0,1,0,1,1,6,3,same+not+same,not|same|same,person_is:1+same:3+not:1+and:1,145,KKK,0,KKK,0,KKK,0,KKK,0,KKK,0
row_0259,KNK,1,1,0,0,0,1,3,1,different+same+person_is,different|person_is|same,person_is:1+same:1+different:1,84,NKK,0,NKN,0,NKK,0,KNK,1,NKN,0
row_0260,NNN,1,2,0,0,3,0,6,3,not+different+not,different|not|not,same:1+different:2+not:3,162,NNN,1,NNN,1,NNN,1,NNN,1,NNN,1
row_0261,KNK,1,5,0,4,0,1,11,3,or+or+or,or|or|or,person_is:1+same:1+different:5+or:4,277,KKN,0,KKN,0,KKN,0,KKN,0,KKN,0
row_0262,NKN,2,1,1,0,3,1,8,3,not+not+and,and|not|not,person_is:1+same:2+different:1+not:3+and:1,186,NKN,1,NKN,1,NKN,1,NKN,1,NKN,1
row_0263,KKK,1,3,0,3,0,2,9,3,or+or+person_is,or|or|person_is,person_is:2+same:1+different:3+or:3,212,KKK,1,KKK,1,KKK,1,KKK,1,KKK,1
row_0264,KNN,1,3,1,1,1,1,8,3,not+or+person_is,not|or|person_is,person_is:1+same:1+different:3+not:1+and:1+or:1,198,NKK,0,NKK,0,NKK,0,KNN,1,NKK,0
row_0265,KKN,2,0,1,2,0,4,9,3,person_is+or+and,and|or|person_is,person_is:4+same:2+and:1+or:2,170,NKK,0,NKK,0,NKK,0,KKN,1,NKK,0
row_0266,KNN,2,2,1,1,2,1,9,3,not+different+or,different|not|or,person_is:1+same:2+different:2+not:2+and:1+or:1,218,KNN,1,KNN,1,KNN,1,KNN,1,KNN,1
row_0267,NNN,0,3,1,1,1,2,8,3,and+person_is+different,and|different|person_is,person_is:2+different:3+not:1+and:1+or:1,186,NNN,1,NNN,1,NNN,1,NNN,1,NNN,1
row_0268,NKK,1,3,1,0,0,0,5,2,same+different+and,and|different|same,same:1+different:3+and:1,151,NKK,1,NKK,1,NKK,1,NKK,1,NKK,1
row_0269,KNN,3,0,0,1,1,1,6,3,same+same+not,not|same|same,person_is:1+same:3+not:1+or:1,147,KNN,1,KNN,1,KNN,1,KNN,1,KNN,1
row_0270,NNN,0,3,1,0,0,1,5,2,and+different+different,and|different|different,person_is:1+different:3+and:1,133,NNN,1,NNN,1,NNN,1,NNN,1,NNN,1
row_0271,KKK,4,1,1,1,0,0,7,3,same+same+or,or|same|same,same:4+different:1+and:1+or:1,193,KNN,0,KKK,1,KKK,1,KKK,1,KKK,1
row_0272,KKN,1,2,2,1,2,3,11,3,or+and+different,and|different|or,person_is:3+same:1+different:2+not:2+and:2+or:1,234,KNK,0,KNK,0,KNK,0,KNK,0,KNK,0
row_0273,KNN,2,0,1,0,0,2,5,2,person_is+and+same,and|person_is|same,person_is:2+same:2+and:1,109,KNN,1,KNN,1,KNN,1,KNN,1,KNN,1
row_0274,KNK,1,1,0,0,0,1,3,1,person_is+same+different,different|person_is|same,person_is:1+same:1+different:1,84,KNK,1,KNK,1,KNK,1,KNK,1,KNK,1
row_0275,NKK,0,3,0,2,0,2,7,3,person_is+or+different,different|or|person_is,person_is:2+different:3+or:2,164,KNK,0,KNK,0,KNK,0,NKK,1,NKK,1
row_0276,NNK,2,1,3,0,0,3,9,3,and+and+same,and|and|same,person_is:3+same:2+different:1+and:3,189,NNK,1,NNK,1,NNK,1,NNK,1,NNK,1
row_0277,KNK,1,3,2,0,0,1,7,3,different+person_is+and,and|different|person_is,person_is:1+same:1+different:3+and:2,179,KNK,1,KNK,1,KNK,1,KNK,1,KNK,1
row_0278,NKN,3,1,0,2,0,1,7,3,or+different+same,different|or|same,person_is:1+same:3+different:1+or:2,176,NKN,1,NKN,1,NKN,1,NKN,1,NKN,1
row_0279,KKK,1,1,1,4,0,6,13,3,or+or+or,or|or|or,person_is:6+same:1+different:1+and:1+or:4,242,KKK,1,KKK,1,KKK,1,KKK,1,KKK,1
row_0280,NKN,2,1,0,1,2,1,7,3,person_is+or+not,not|or|person_is,person_is:1+same:2+different:1+not:2+or:1,167,NKN,1,NKN,1,NKN,1,NKN,1,NKN,1
row_0281,NNN,0,3,0,2,0,2,7,3,or+different+person_is,different|or|person_is,person_is:2+different:3+or:2,166,NNN,1,NNN,1,NNN,1,NNN,1,NNN,1
row_0282,NNK,3,2,1,2,0,1,9,3,person_is+or+or,or|or|person_is,person_is:1+same:3+different:2+and:1+or:2,222,NKK,0,NKK,0,NKK,0,NKK,0,NKK,0
row_0283,NNK,3,1,1,0,1,0,6,3,different+and+same,and|different|same,same:3+different:1+not:1+and:1,165,NNK,1,KNN,0,NNK,1,KNN,0,NNK,1
row_0284,NNK,2,2,1,2,1,2,10,3,and+person_is+or,and|or|person_is,person_is:2+same:2+different:2+not:1+and:1+or:2,230,NKN,0,NKN,0,NNK,1,NKN,0,NNK,1
row_0285,KNN,3,2,2,2,1,2,12,3,or+and+not,and|not|or,person_is:2+same:3+different:2+not:1+and:2+or:2,274,KNN,1,KNN,1,KNN,1,KNN,1,KNN,1
row_0286,NNN,1,2,1,1,0,2,7,3,person_is+or+person_is,or|person_is|person_is,person_is:2+same:1+different:2+and:1+or:1,163,NNN,1,NNN,1,NNN,1,NNN,1,NNN,1
row_0287,NKK,2,1,2,1,0,3,9,3,same+or+person_is,or|person_is|same,person_is:3+same:2+different:1+and:2+or:1,189,NKK,1,NKK,1,NKK,1,NKK,1,NKK,1
row_0288,NKN,1,2,1,0,2,1,7,3,not+same+and,and|not|same,person_is:1+same:1+different:2+not:2+and:1,174,NNK,0,NNK,0,NNK,0,NNK,0,NNK,0
row_0289,NNK,1,4,2,1,2,1,11,3,not+and+or,and|not|or,person_is:1+same:1+different:4+not:2+and:2+or:1,272,NNK,1,NNK,1,NNK,1,NNK,1,NNK,1
row_0290,KNN,1,1,1,1,0,3,7,3,different+person_is+and,and|different|person_is,person_is:3+same:1+different:1+and:1+or:1,144,KNN,1,KNN,1,KNN,1,KNN,1,KNN,1
row_0291,KKN,2,1,1,3,0,4,11,3,or+and+same,and|or|same,person_is:4+same:2+different:1+and:1+or:3,222,KKN,1,KKN,1,KKN,1,KKN,1,KKN,1
row_0292,NNK,2,1,2,2,2,4,13,3,and+and+or,and|and|or,person_is:4+same:2+different:1+not:2+and:2+or:2,259,NNK,1,NNK,1,NNK,1,NNK,1,NNN,0
row_0293,NKN,2,2,2,0,0,1,7,3,and+same+same,and|same|same,person_is:1+same:2+different:2+and:2,180,NKN,1,NKN,1,NKN,1,NKN,1,NKN,1
row_0294,NNK,2,2,1,1,1,1,8,3,or+and+same,and|or|same,person_is:1+same:2+different:2+not:1+and:1+or:1,194,NNK,1,NNK,1,NNK,1,NNK,1,NNK,1
row_0295,KKN,1,0,1,1,1,4,8,3,person_is+person_is+and,and|person_is|person_is,person_is:4+same:1+not:1+and:1+or:1,147,NKK,0,NKK,0,NKK,0,NKK,0,NKK,0
row_0296,KNN,5,0,3,1,0,2,11,3,or+and+and,and|and|or,person_is:2+same:5+and:3+or:1,252,KNN,1,KKN,0,KKK,0,KNN,1,KKK,0
row_0297,KKN,0,1,0,0,2,2,5,3,person_is+person_is+not,not|person_is|person_is,person_is:2+different:1+not:2,109,NNK,0,KKN,1,NNK,0,KKN,1,NNK,0
row_0298,KNN,2,1,0,0,2,0,5,3,different+same+not,different|not|same,same:2+different:1+not:2,144,KNN,1,KNN,1,KNN,1,KNN,1,KNN,1
row_0299,KKN,1,2,1,1,1,2,8,3,person_is+or+not,not|or|person_is,person_is:2+same:1+different:2+not:1+and:1+or:1,186,KKN,1,KKN,1,KKN,1,KKN,1,KKN,1
row_0300,NKN,1,1,0,1,0,2,5,2,different+or+same,different|or|same,person_is:2+same:1+different:1+or:1,117,KKN,0,KKN,0,NKN,1,KKN,0,NKN,1
row_0301,NNK,0,3,0,2,0,2,7,3,different+different+or,different|different|or,person_is:2+different:3+or:2,165,NNK,1,NNK,1,NNK,1,NNK,1,NNK,1
row_0302,NKK,2,1,1,0,0,1,5,2,and+same+different,and|different|same,person_is:1+same:2+different:1+and:1,126,NKK,1,NKK,1,NKK,1,NKK,1,NKK,1
row_0303,KNN,1,3,1,0,1,0,6,3,different+different+not,different|different|not,same:1+different:3+not:1+and:1,171,KKN,0,KKN,0,KKN,0,KNN,1,KKN,0
row_0304,NKK,2,1,1,1,0,2,7,3,different+same+or,different|or|same,person_is:2+same:2+different:1+and:1+or:1,160,NKK,1,NKK,1,NKK,1,KNK,0,NKK,1
row_0305,NKK,3,0,2,0,1,2,8,3,and+and+same,and|and|same,person_is:2+same:3+not:1+and:2,176,NKK,1,NKK,1,NKK,1,NKK,1,NKK,1
row_0306,NNK,0,2,0,1,0,2,5,2,person_is+person_is+or,or|person_is|person_is,person_is:2+different:2+or:1,118,NNK,1,NNK,1,NNK,1,NNK,1,NNK,1
row_0307,NNN,0,2,0,0,1,1,4,2,not+different+different,different|different|not,person_is:1+different:2+not:1,103,NNN,1,NNN,1,NNN,1,NNN,1,NNN,1
row_0308,NKK,2,1,1,0,0,1,5,2,same+and+same,and|same|same,person_is:1+same:2+different:1+and:1,133,NKK,1,NKK,1,NKK,1,NKK,1,NKK,1
row_0309,NNK,1,3,1,1,1,1,8,3,or+and+different,and|different|or,person_is:1+same:1+different:3+not:1+and:1+or:1,205,NNK,1,NNK,1,NNK,1,NNK,1,NNK,1
row_0310,NNK,0,2,1,0,0,2,5,2,person_is+and+different,and|different|person_is,person_is:2+different:2+and:1,116,NNK,1,NNK,1,NNK,1,NNK,1,NNK,1
row_0311,NKK,1,1,0,1,0,2,5,2,same+or+different,different|or|same,person_is:2+same:1+different:1+or:1,119,NKK,1,NKK,1,NKK,1,NKK,1,NKK,1
row_0312,KNK,3,2,1,1,2,0,9,3,different+and+or,and|different|or,same:3+different:2+not:2+and:1+or:1,235,KNK,1,KNK,1,KNK,1,KNK,1,KNK,1
row_0313,NNN,1,3,2,0,0,1,7,2,and+different+and,and|and|different,person_is:1+same:1+different:3+and:2,179,NKN,0,NKN,0,NKN,0,NKN,0,NKN,0
row_0314,KKK,2,0,0,0,1,1,4,2,not+same+same,not|same|same,person_is:1+same:2+not:1,101,KKK,1,KKK,1,KKK,1,KKK,1,KKK,1
row_0315,NNK,3,1,1,1,1,1,8,3,or+not+person_is,not|or|person_is,person_is:1+same:3+different:1+not:1+and:1+or:1,197,NKN,0,NKN,0,NKN,0,NKN,0,NKN,0
row_0316,NKK,2,4,3,2,0,2,13,3,and+and+or,and|and|or,person_is:2+same:2+different:4+and:3+or:2,310,NNK,0,NNK,0,NKK,1,NNK,0,NNK,0
row_0317,KNN,3,1,1,0,1,0,6,3,not+different+same,different|not|same,same:3+different:1+not:1+and:1,165,KNN,1,KNN,1,KNN,1,KNN,1,KNN,1
row_0318,KNK,0,4,0,2,2,1,9,3,or+not+different,different|not|or,person_is:1+different:4+not:2+or:2,222,KNK,1,KNK,1,KKN,0,KNK,1,KNK,1
row_0319,NKK,1,1,2,0,0,3,7,3,and+person_is+different,and|different|person_is,person_is:3+same:1+different:1+and:2,143,NKK,1,NKK,1,NKK,1,NKK,1,NKK,1
row_0320,KNN,1,2,2,1,0,3,9,3,person_is+and+different,and|different|person_is,person_is:3+same:1+different:2+and:2+or:1,192,KNN,1,KNN,1,KNN,1,KNN,1,KNN,1
row_0321,NKK,1,2,0,1,1,1,6,3,same+or+different,different|or|same,person_is:1+same:1+different:2+not:1+or:1,157,NKK,1,NKK,1,NKK,1,NKK,1,NKK,1
row_0322,NKN,3,0,2,0,1,2,8,3,and+same+same,and|same|same,person_is:2+same:3+not:1+and:2,177,NKN,1,NKN,1,NKN,1,NKN,1,NNK,0
row_0323,NKN,3,3,1,3,0,1,11,3,or+or+same,or|or|same,person_is:1+same:3+different:3+and:1+or:3,270,KNN,0,KNN,0,KKN,0,KKN,0,KKN,0
row_0324,KKK,6,0,1,2,1,0,10,3,and+same+or,and|or|same,same:6+not:1+and:1+or:2,253,KKK,1,KKK,1,KKK,1,KKK,1,KKK,1
row_0325,KKN,1,3,2,0,0,1,7,3,same+different+and,and|different|same,person_is:1+same:1+different:3+and:2,176,KKN,1,KKN,1,KKN,1,NKN,0,KKN,1
row_0326,NKN,2,3,0,2,0,0,7,3,same+different+or,different|or|same,same:2+different:3+or:2,198,KNN,0,KNN,0,NNK,0,NNK,0,NNK,0
row_0327,KKN,2,1,1,0,1,1,6,3,different+not+same,different|not|same,person_is:1+same:2+different:1+not:1+and:1,151,KKN,1,KKN,1,KKN,1,KKN,1,KKN,1
row_0328,KKK,4,0,1,1,0,1,7,2,and+same+or,and|or|same,person_is:1+same:4+and:1+or:1,175,KKK,1,KKK,1,KKK,1,KKK,1,KKK,1
row_0329,KNK,4,0,1,2,1,2,10,3,or+same+not,not|or|same,person_is:2+same:4+not:1+and:1+or:2,225,KNK,1,NKK,0,KKK,0,KKN,0,KKK,0
row_0330,KNK,1,1,1,0,1,2,6,2,not+and+same,and|not|same,person_is:2+same:1+different:1+not:1+and:1,137,KNK,1,KNK,1,KNK,1,KNK,1,KNK,1
row_0331,NKN,2,2,1,1,1,1,8,3,and+different+person_is,and|different|person_is,person_is:1+same:2+different:2+not:1+and:1+or:1,199,NKN,1,NKN,1,NKN,1,NKN,1,NKN,1
row_0332,KKN,2,1,0,1,0,1,5,2,or+same+same,or|same|same,person_is:1+same:2+different:1+or:1,129,KKN,1,KKN,1,KKN,1,KKN,1,KKN,1
row_0333,KKN,1,3,1,3,1,3,12,3,and+or+or,and|or|or,person_is:3+same:1+different:3+not:1+and:1+or:3,263,NKK,0,NKK,0,NKK,0,NKK,0,NKK,0
row_0334,NKK,1,2,1,1,0,2,7,3,different+person_is+and,and|different|person_is,person_is:2+same:1+different:2+and:1+or:1,162,KNK,0,KNK,0,NKK,1,KNK,0,KNK,0
row_0335,NKN,1,1,1,0,0,2,5,2,same+different+and,and|different|same,person_is:2+same:1+different:1+and:1,114,NKN,1,NKN,1,NNK,0,NNK,0,NNK,0
row_0336,NKN,0,4,0,2,0,1,7,3,or+different+person_is,different|or|person_is,person_is:1+different:4+or:2,185,NNK,0,NNK,0,NKN,1,NKN,1,NNK,0
row_0337,NKN,1,2,1,0,2,1,7,3,not+not+different,different|not|not,person_is:1+same:1+different:2+not:2+and:1,174,NKN,1,NKK,0,NKK,0,NKN,1,NKK,0
row_0338,NNK,2,1,1,0,0,1,5,2,different+same+and,and|different|same,person_is:1+same:2+different:1+and:1,128,KNK,0,KNK,0,KNK,0,KNK,0,KNK,0
row_0339,NNK,2,1,1,1,1,2,8,3,and+not+same,and|not|same,person_is:2+same:2+different:1+not:1+and:1+or:1,185,NNK,1,NNK,1,NNK,1,NNN,0,NNN,0
row_0340,NKN,2,1,1,1,0,2,7,3,and+different+same,and|different|same,person_is:2+same:2+different:1+and:1+or:1,160,NKN,1,NKK,0,NKK,0,NKN,1,NKN,1
row_0341,KNN,2,1,1,1,1,2,8,3,not+different+or,different|not|or,person_is:2+same:2+different:1+not:1+and:1+or:1,179,KNN,1,KNN,1,KNN,1,KNN,1,KNN,1
row_0342,NKK,0,4,0,1,1,0,6,2,not+different+or,different|not|or,different:4+not:1+or:1,172,KKN,0,KKN,0,NKK,1,NKK,1,KKN,0
row_0343,NNK,4,1,3,1,1,2,12,3,and+and+different,and|and|different,person_is:2+same:4+different:1+not:1+and:3+or:1,277,NNK,1,NNK,1,NNK,1,NNK,1,NNK,1
row_0344,KKN,1,1,0,0,0,1,3,1,same+person_is+different,different|person_is|same,person_is:1+same:1+different:1,84,NKK,0,NKK,0,NKK,0,NKK,0,NKK,0
row_0345,NNN,0,3,0,0,0,0,3,1,different+different+different,different|different|different,different:3,102,NNN,1,NNN,1,NNN,1,NNN,1,NNN,1
row_0346,KNK,3,3,2,2,0,1,11,3,or+or+different,different|or|or,person_is:1+same:3+different:3+and:2+or:2,271,KNK,1,KNK,1,KNK,1,KNK,1,KNK,1
row_0347,NNK,3,0,0,2,1,2,8,3,same+or+not,not|or|same,person_is:2+same:3+not:1+or:2,182,NKK,0,NKK,0,NKK,0,NKK,0,NKK,0
row_0348,KNN,2,1,0,1,0,1,5,2,or+same+same,or|same|same,person_is:1+same:2+different:1+or:1,127,KNN,1,KNN,1,KNN,1,KNN,1,KNN,1
row_0349,KKN,2,0,0,1,1,2,6,2,not+or+person_is,not|or|person_is,person_is:2+same:2+not:1+or:1,130,NNK,0,KKN,1,KKN,1,KKN,1,KKN,1
row_0350,KKN,2,0,0,0,1,1,4,2,not+same+person_is,not|person_is|same,person_is:1+same:2+not:1,101,KNN,0,KNN,0,KNN,0,KKN,1,KKN,1
row_0351,KNK,0,3,0,1,0,1,5,2,different+different+or,different|different|or,person_is:1+different:3+or:1,135,KNK,1,KNK,1,KNK,1,KNK,1,KNK,1
row_0352,NKN,2,0,0,0,0,1,3,1,same+person_is+same,person_is|same|same,person_is:1+same:2,81,NKN,1,NKN,1,NKN,1,NKN,1,NKN,1
row_0353,KKK,2,2,0,3,1,2,10,3,or+person_is+or,or|or|person_is,person_is:2+same:2+different:2+not:1+or:3,235,KKK,1,KKK,1,KKK,1,KKK,1,KKK,1
row_0354,NKK,2,1,2,1,2,3,11,3,and+or+not,and|not|or,person_is:3+same:2+different:1+not:2+and:2+or:1,230,NKK,1,NKK,1,NKK,1,NKK,1,NKK,1
row_0355,KKN,3,3,1,3,1,1,12,3,or+or+different,different|or|or,person_is:1+same:3+different:3+not:1+and:1+or:3,293,KKN,1,KKN,1,KKN,1,KKN,1,KKN,1
row_0356,KNN,2,0,1,1,1,3,8,3,not+person_is+and,and|not|person_is,person_is:3+same:2+not:1+and:1+or:1,165,NNN,0,KNK,0,NNN,0,NNN,0,NNN,0
row_0357,KKK,2,2,1,1,1,1,8,3,same+or+not,not|or|same,person_is:1+same:2+different:2+not:1+and:1+or:1,197,KKK,1,KKK,1,KKK,1,KKK,1,KKK,1
row_0358,KNN,3,0,1,1,1,2,8,3,and+person_is+same,and|person_is|same,person_is:2+same:3+not:1+and:1+or:1,179,KNN,1,KNN,1,KNN,1,KNN,1,KNN,1
row_0359,NNK,3,2,2,0,0,0,7,3,and+same+different,and|different|same,same:3+different:2+and:2,190,NNK,1,NNK,1,NNK,1,NNK,1,NNK,1
row_0360,NNK,0,3,2,1,1,3,10,3,and+not+or,and|not|or,person_is:3+different:3+not:1+and:2+or:1,214,NNK,1,NNK,1,NNK,1,NNK,1,NNK,1
row_0361,KKN,2,1,2,1,1,3,10,3,different+or+and,and|different|or,person_is:3+same:2+different:1+not:1+and:2+or:1,210,KKN,1,KKN,1,NNN,0,KKN,1,KKN,1
row_0362,KKK,0,1,0,1,2,3,7,3,not+not+person_is,not|not|person_is,person_is:3+different:1+not:2+or:1,138,KKK,1,KKK,1,KKK,1,KKK,1,KKK,1
row_0363,KKN,2,3,2,3,0,3,13,3,and+different+or,and|different|or,person_is:3+same:2+different:3+and:2+or:3,286,NKN,0,NKN,0,NKN,0,NKN,0,NKN,0
row_0364,KNK,3,3,2,1,1,0,10,3,same+and+or,and|or|same,same:3+different:3+not:1+and:2+or:1,266,KNK,1,KNK,1,KNK,1,KNK,1,KNK,1
row_0365,KNN,3,0,1,0,1,1,6,3,not+same+same,not|same|same,person_is:1+same:3+not:1+and:1,149,KNN,1,KNN,1,KNN,1,KNN,1,KNN,1
row_0366,NKN,1,1,1,0,1,2,6,2,same+not+and,and|not|same,person_is:2+same:1+different:1+not:1+and:1,135,NKN,1,NKN,1,NKN,1,NKN,1,NKN,1
row_0367,KKN,1,2,0,1,1,1,6,3,different+or+different,different|different|or,person_is:1+same:1+different:2+not:1+or:1,151,KKN,1,KKN,1,KKN,1,KKN,1,KKN,1
row_0368,KKN,1,2,1,1,0,2,7,3,person_is+or+same,or|person_is|same,person_is:2+same:1+different:2+and:1+or:1,160,KKN,1,KKN,1,KKN,1,KKN,1,KKN,1
row_0369,KKK,3,0,1,1,0,2,7,3,or+same+person_is,or|person_is|same,person_is:2+same:3+and:1+or:1,158,KKK,1,KKK,1,KKK,1,KKK,1,KKK,1
row_0370,NKN,3,0,2,0,0,2,7,3,same+person_is+and,and|person_is|same,person_is:2+same:3+and:2,155,NNK,0,NNK,0,NNK,0,NNK,0,NNK,0
row_0371,NNN,0,1,0,0,1,2,4,2,different+person_is+not,different|not|person_is,person_is:2+different:1+not:1,89,NNN,1,NNN,1,NNN,1,NNN,1,NNN,1
row_0372,KKK,1,2,1,2,0,3,9,3,or+person_is+or,or|or|person_is,person_is:3+same:1+different:2+and:1+or:2,198,NNK,0,NNK,0,KKK,1,KKK,1,KKK,1
row_0373,NKK,1,3,2,1,1,2,10,3,different+and+not,and|different|not,person_is:2+same:1+different:3+not:1+and:2+or:1,230,KNK,0,KNK,0,KNK,0,KNK,0,KNK,0
row_0374,KKK,2,1,1,0,1,1,6,3,person_is+and+same,and|person_is|same,person_is:1+same:2+different:1+not:1+and:1,151,KKK,1,KKK,1,KKK,1,KKK,1,KKK,1
row_0375,KNN,2,1,1,1,0,2,7,3,different+or+person_is,different|or|person_is,person_is:2+same:2+different:1+and:1+or:1,163,NNN,0,KNN,1,NNN,0,KNN,1,NNN,0
row_0376,NKK,3,1,2,0,0,1,7,3,same+and+person_is,and|person_is|same,person_is:1+same:3+different:1+and:2,173,NKK,1,NKK,1,NKK,1,NKK,1,NKK,1
row_0377,NNN,0,2,0,1,0,2,5,2,different+or+person_is,different|or|person_is,person_is:2+different:2+or:1,116,NNN,1,NNN,1,NNN,1,NNN,1,NNN,1
row_0378,KKK,1,0,0,0,1,2,4,2,person_is+not+same,not|person_is|same,person_is:2+same:1+not:1,87,KKK,1,KKK,1,KKK,1,KKK,1,KKK,1
row_0379,KKN,2,2,1,1,0,1,7,3,and+same+different,and|different|same,person_is:1+same:2+different:2+and:1+or:1,178,KKN,1,KKN,1,KKN,1,KKN,1,KKN,1
row_0380,KKN,2,3,1,4,0,3,13,3,and+or+same,and|or|same,person_is:3+same:2+different:3+and:1+or:4,292,KNK,0,KKN,1,KKN,1,KKN,1,KKN,1
row_0381,NNK,1,1,0,0,0,1,3,1,person_is+same+different,different|person_is|same,person_is:1+same:1+different:1,82,NNK,1,NNK,1,NNK,1,NNK,1,NNK,1
row_0382,NNN,2,1,0,1,2,1,7,3,not+or+different,different|not|or,person_is:1+same:2+different:1+not:2+or:1,170,NNN,1,NNN,1,NNN,1,NNN,1,NNN,1
row_0383,KNN,1,2,1,0,1,1,6,3,not+different+person_is,different|not|person_is,person_is:1+same:1+different:2+not:1+and:1,153,NKN,0,KNN,1,KNN,1,KNN,1,KNN,1
row_0384,KKK,2,1,1,0,1,1,6,2,same+not+and,and|not|same,person_is:1+same:2+different:1+not:1+and:1,153,KKK,1,KKK,1,KKK,1,KKK,1,KKK,1
row_0385,NNK,4,2,1,4,1,2,14,3,or+or+or,or|or|or,person_is:2+same:4+different:2+not:1+and:1+or:4,321,KNN,0,KKN,0,KKK,0,KKN,0,KKN,0
row_0386,KNN,1,3,1,2,1,2,10,3,person_is+or+and,and|or|person_is,person_is:2+same:1+different:3+not:1+and:1+or:2,231,KKN,0,KKN,0,KKN,0,KKN,0,KKN,0
row_0387,NKK,0,2,0,0,1,1,4,2,different+not+person_is,different|not|person_is,person_is:1+different:2+not:1,104,NKK,1,KNK,0,NKK,1,KNK,0,NKK,1
row_0388,NNK,3,0,0,2,0,2,7,3,same+person_is+or,or|person_is|same,person_is:2+same:3+or:2,161,NNK,1,NNK,1,NNK,1,KNN,0,NNK,1
row_0389,KNK,1,1,1,0,1,2,6,3,different+same+and,and|different|same,person_is:2+same:1+different:1+not:1+and:1,131,NKK,0,NKK,0,NKK,0,KNK,1,NKK,0
row_0390,KKN,1,2,1,2,0,3,9,3,or+or+different,different|or|or,person_is:3+same:1+different:2+and:1+or:2,195,KKN,1,KKN,1,KKN,1,KKN,1,KKN,1
row_0391,KNN,3,1,0,1,1,0,6,2,or+same+not,not|or|same,same:3+different:1+not:1+or:1,170,KNN,1,NNK,0,KNK,0,NNK,0,KNK,0
row_0392,KKK,2,2,0,4,0,3,11,3,or+person_is+or,or|or|person_is,person_is:3+same:2+different:2+or:4,242,KKK,1,KKK,1,KKK,1,KKK,1,KKK,1
row_0393,KKK,2,1,0,1,1,1,6,3,same+same+or,or|same|same,person_is:1+same:2+different:1+not:1+or:1,152,KKK,1,KKK,1,KKK,1,KKK,1,KKK,1
row_0394,NKN,1,2,1,1,1,2,8,3,not+or+same,not|or|same,person_is:2+same:1+different:2+not:1+and:1+or:1,182,NKN,1,NKN,1,NKN,1,KNN,0,NKN,1
row_0395,KNN,2,2,0,1,0,0,5,2,or+same+same,or|same|same,same:2+different:2+or:1,148,KNN,1,KNN,1,KNN,1,KNN,1,KNN,1
row_0396,NKK,2,0,0,0,1,1,4,2,same+not+person_is,not|person_is|same,person_is:1+same:2+not:1,102,NKK,1,NKK,1,NKK,1,NKK,1,NKK,1
row_0397,NNK,1,2,0,1,1,1,6,3,not+same+different,different|not|same,person_is:1+same:1+different:2+not:1+or:1,151,NNK,1,NNK,1,NNK,1,NNK,1,NNK,1
row_0398,KKK,2,1,0,1,0,1,5,2,same+same+or,or|same|same,person_is:1+same:2+different:1+or:1,130,KKK,1,KKK,1,KKK,1,KKK,1,KKK,1
row_0399,KKK,1,0,0,2,0,4,7,3,same+person_is+or,or|person_is|same,person_is:4+same:1+or:2,130,KKK,1,KKK,1,KKK,1,KKK,1,KKK,1
row_0400,KNK,3,1,1,2,1,2,10,3,or+same+and,and|or|same,person_is:2+same:3+different:1+not:1+and:1+or:2,229,KNK,1,KNK,1,KNK,1,KNK,1,KNK,1
row_0401,NKK,3,0,1,2,0,3,9,3,and+person_is+or,and|or|person_is,person_is:3+same:3+and:1+or:2,188,NKN,0,NKN,0,NKK,1,NKK,1,NKK,1
row_0402,NNK,1,2,1,0,0,1,5,2,same+different+and,and|different|same,person_is:1+same:1+different:2+and:1,130,NNK,1,NNK,1,NNK,1,NNK,1,NNK,1
row_0403,NNN,2,1,1,1,2,2,9,3,and+not+person_is,and|not|person_is,person_is:2+same:2+different:1+not:2+and:1+or:1,199,NNN,1,NNN,1,NNN,1,NNN,1,NNN,1
row_0404,KNK,2,1,1,1,1,2,8,3,or+same+and,and|or|same,person_is:2+same:2+different:1+not:1+and:1+or:1,177,KNK,1,KNK,1,KNK,1,KNK,1,KNK,1
row_0405,KKK,4,2,2,1,1,0,10,3,and+same+and,and|and|same,same:4+different:2+not:1+and:2+or:1,256,KKK,1,KKK,1,KKK,1,KKK,1,KKK,1
row_0406,KKN,1,2,0,2,2,2,9,3,or+or+different,different|or|or,person_is:2+same:1+different:2+not:2+or:2,203,KKN,1,KKN,1,KKN,1,KKN,1,KKN,1
row_0407,NNK,3,0,1,2,1,3,10,3,and+person_is+not,and|not|person_is,person_is:3+same:3+not:1+and:1+or:2,212,NNK,1,NNK,1,NNK,1,NNK,1,NNK,1
row_0408,KKN,3,1,0,2,0,1,7,3,different+or+same,different|or|same,person_is:1+same:3+different:1+or:2,179,KNN,0,KNN,0,KKN,1,KKN,1,KKN,1
row_0409,NKN,2,1,0,2,0,2,7,3,same+or+different,different|or|same,person_is:2+same:2+different:1+or:2,163,NKN,1,NKN,1,NKN,1,NKN,1,NKN,1
row_0410,KKN,2,1,1,1,1,2,8,3,or+and+person_is,and|or|person_is,person_is:2+same:2+different:1+not:1+and:1+or:1,181,KNK,0,KNK,0,KNK,0,KNK,0,KNN,0
row_0411,KKN,2,0,0,2,2,3,9,3,or+not+not,not|not|or,person_is:3+same:2+not:2+or:2,179,KNN,0,KNN,0,KKK,0,KNN,0,KNN,0
row_0412,KNN,2,2,0,1,0,0,5,2,or+same+different,different|or|same,same:2+different:2+or:1,148,KNN,1,KNN,1,KNN,1,KNN,1,KNN,1
row_0413,NNK,3,0,1,0,2,1,7,3,and+not+person_is,and|not|person_is,person_is:1+same:3+not:2+and:1,166,NNK,1,NNK,1,NNK,1,NNK,1,NNK,1
row_0414,KNN,0,1,1,1,1,4,8,3,or+and+person_is,and|or|person_is,person_is:4+different:1+not:1+and:1+or:1,150,KNN,1,KNN,1,KNN,1,KNN,1,KNN,1
row_0415,KKN,1,2,0,1,0,1,5,2,different+or+different,different|different|or,person_is:1+same:1+different:2+or:1,132,KKN,1,KKN,1,KKN,1,KKN,1,KKN,1
row_0416,NKN,2,3,2,1,1,1,10,3,person_is+or+and,and|or|person_is,person_is:1+same:2+different:3+not:1+and:2+or:1,250,KNK,0,KNK,0,KNK,0,KNK,0,KKK,0
row_0417,NNK,2,3,2,0,0,0,7,3,and+same+different,and|different|same,same:2+different:3+and:2,192,NNK,1,NNK,1,NNK,1,NNK,1,NNK,1
row_0418,NKN,1,2,3,1,1,4,12,3,and+person_is+and,and|and|person_is,person_is:4+same:1+different:2+not:1+and:3+or:1,241,NKN,1,NKN,1,NKN,1,NKN,1,NKN,1
row_0419,KKK,5,1,0,4,1,1,12,3,or+or+or,or|or|or,person_is:1+same:5+different:1+not:1+or:4,292,KKK,1,KKK,1,KKK,1,KKK,1,KKK,1
row_0420,NNK,1,1,0,2,0,3,7,3,person_is+or+different,different|or|person_is,person_is:3+same:1+different:1+or:2,147,NNK,1,NNK,1,NNK,1,NNK,1,NNK,1
row_0421,KNN,0,1,2,0,0,4,7,2,and+and+person_is,and|and|person_is,person_is:4+different:1+and:2,127,NNK,0,KNN,1,NNK,0,NNK,0,NNK,0
row_0422,KKN,3,1,2,0,2,1,9,3,not+and+and,and|and|not,person_is:1+same:3+different:1+not:2+and:2,213,KKN,1,KKN,1,KKN,1,KKN,1,KKN,1
row_0423,NNK,3,1,2,0,2,1,9,3,and+and+not,and|and|not,person_is:1+same:3+different:1+not:2+and:2,214,NKN,0,NKN,0,NKN,0,NKN,0,NKN,0
row_0424,NKN,1,1,0,0,0,1,3,1,same+person_is+different,different|person_is|same,person_is:1+same:1+different:1,85,NKN,1,NKN,1,NKN,1,NKN,1,NKN,1
row_0425,KNN,2,1,0,1,1,1,6,2,different+or+not,different|not|or,person_is:1+same:2+different:1+not:1+or:1,151,KNN,1,KNN,1,KKN,0,KNN,1,KKN,0
row_0426,NNK,1,0,1,1,0,4,7,3,person_is+or+person_is,or|person_is|person_is,person_is:4+same:1+and:1+or:1,124,KKN,0,KKN,0,NNK,1,NNK,1,NNK,1
row_0427,NKN,5,0,2,2,1,2,12,3,or+and+person_is,and|or|person_is,person_is:2+same:5+not:1+and:2+or:2,268,KNK,0,KNK,0,KNK,0,KNK,0,KNK,0
row_0428,KNN,0,2,0,0,3,1,6,3,not+person_is+not,not|not|person_is,person_is:1+different:2+not:3,148,KNN,1,KNN,1,KNN,1,KNN,1,INVALID,0
row_0429,NNK,1,1,1,0,1,2,6,3,person_is+person_is+not,not|person_is|person_is,person_is:2+same:1+different:1+not:1+and:1,133,NKK,0,KKN,0,NKK,0,KKN,0,KKN,0
row_0430,NKK,1,2,0,1,0,1,5,2,same+different+or,different|or|same,person_is:1+same:1+different:2+or:1,137,NKK,1,NKK,1,NKK,1,NKK,1,NKK,1
row_0431,NNN,2,2,0,1,3,0,8,3,not+not+different,different|not|not,same:2+different:2+not:3+or:1,206,NNN,1,NNN,1,NNN,1,NNN,1,NNN,1
row_0432,KNN,2,3,1,2,0,1,9,2,or+or+and,and|or|or,person_is:1+same:2+different:3+and:1+or:2,231,KNN,1,KNN,1,KNN,1,KNN,1,KNN,1
row_0433,KNN,1,3,0,2,0,1,7,3,or+same+different,different|or|same,person_is:1+same:1+different:3+or:2,181,KNN,1,KNN,1,KNN,1,KNN,1,KNN,1
row_0434,NKK,1,2,0,0,2,0,5,3,not+different+different,different|different|not,same:1+different:2+not:2,142,NKK,1,NKK,1,NKK,1,NKK,1,NKK,1
row_0435,KNK,2,3,1,3,2,2,13,3,or+not+not,not|not|or,person_is:2+same:2+different:3+not:2+and:1+or:3,299,KNK,1,KNK,1,KNK,1,KNK,1,KNK,1
row_0436,NNK,1,3,1,2,0,2,9,3,or+and+person_is,and|or|person_is,person_is:2+same:1+different:3+and:1+or:2,207,KNN,0,KNN,0,KNN,0,NNK,1,KNN,0
row_0437,KKK,3,0,0,2,0,2,7,3,person_is+or+same,or|person_is|same,person_is:2+same:3+or:2,159,KKK,1,KKK,1,KKK,1,KKK,1,KKK,1
row_0438,KNK,1,2,0,0,1,0,4,2,different+not+same,different|not|same,same:1+different:2+not:1,122,KNK,1,KNK,1,KNK,1,KNK,1,KNK,1
row_0439,KKK,2,0,1,0,0,2,5,2,and+same+person_is,and|person_is|same,person_is:2+same:2+and:1,111,KKK,1,KKK,1,KKK,1,KKK,1,KKK,1
row_0440,NNK,3,2,3,2,0,3,13,3,same+or+or,or|or|same,person_is:3+same:3+different:2+and:3+or:2,286,NKN,0,NKN,0,NKN,0,NKN,0,NKN,0
row_0441,KKK,2,1,1,0,1,1,6,3,same+same+and,and|same|same,person_is:1+same:2+different:1+not:1+and:1,149,KKK,1,KKK,1,KKK,1,KKK,1,KKK,1
row_0442,NKK,1,1,1,1,0,3,7,3,different+person_is+or,different|or|person_is,person_is:3+same:1+different:1+and:1+or:1,143,NKK,1,NKK,1,NNN,0,KNK,0,NKK,1
row_0443,NNN,1,3,2,2,0,3,11,3,and+person_is+or,and|or|person_is,person_is:3+same:1+different:3+and:2+or:2,243,NNN,1,NNN,1,NNN,1,NNN,1,NNN,1
row_0444,KKK,4,1,1,3,0,2,11,3,or+or+or,or|or|or,person_is:2+same:4+different:1+and:1+or:3,255,KKK,1,KKK,1,KKK,1,KKK,1,KKK,1
row_0445,KNK,4,1,2,0,1,0,8,2,not+and+and,and|and|not,same:4+different:1+not:1+and:2,212,KNK,1,KNK,1,KNK,1,KNK,1,KNK,1
row_0446,NKN,2,1,0,0,2,0,5,2,not+not+same,not|not|same,same:2+different:1+not:2,138,NKN,1,NKN,1,NKN,1,NKN,1,NKN,1
row_0447,NKN,2,2,0,2,0,1,7,3,different+or+same,different|or|same,person_is:1+same:2+different:2+or:2,182,NKN,1,NKN,1,NKN,1,NKN,1,NKN,1
row_0448,NKK,0,0,0,1,0,4,5,2,person_is+or+person_is,or|person_is|person_is,person_is:4+or:1,82,KNN,0,KNN,0,KKK,0,KNN,0,KKN,0
row_0449,KKK,2,0,0,0,2,1,5,3,not+same+person_is,not|person_is|same,person_is:1+same:2+not:2,122,KKK,1,KKK,1,KKK,1,KKK,1,KKK,1
row_0450,NKN,2,2,1,0,0,0,5,2,same+and+same,and|same|same,same:2+different:2+and:1,145,NKN,1,NKN,1,NKN,1,NKN,1,NKN,1
row_0451,KKK,1,1,0,1,0,2,5,2,person_is+person_is+or,or|person_is|person_is,person_is:2+same:1+different:1+or:1,116,KKK,1,KKK,1,KKK,1,KKK,1,KKK,1
row_0452,KKN,2,2,0,2,0,1,7,3,same+or+different,different|or|same,person_is:1+same:2+different:2+or:2,178,KKN,1,KKN,1,KKN,1,KKN,1,KKN,1
row_0453,NNK,2,1,2,2,1,4,12,3,and+person_is+or,and|or|person_is,person_is:4+same:2+different:1+not:1+and:2+or:2,245,NNK,1,NNK,1,NNK,1,NNK,1,NNK,1
row_0454,KKN,1,1,0,2,2,3,9,3,not+or+same,not|or|same,person_is:3+same:1+different:1+not:2+or:2,186,KNK,0,KNK,0,KKN,1,KNN,0,KNK,0
row_0455,KNK,1,1,0,2,0,3,7,3,or+different+person_is,different|or|person_is,person_is:3+same:1+different:1+or:2,143,KNK,1,KNK,1,KNK,1,KNK,1,KKN,0
row_0456,KNN,2,2,1,0,1,0,6,2,not+same+and,and|not|same,same:2+different:2+not:1+and:1,167,NNK,0,KNN,1,NNK,0,KNN,1,KNN,1
row_0457,KKK,2,0,0,1,1,2,6,3,person_is+same+or,or|person_is|same,person_is:2+same:2+not:1+or:1,136,KKK,1,KKK,1,KKK,1,KKK,1,KKK,1
row_0458,NNN,0,3,2,0,0,2,7,3,different+and+different,and|different|different,person_is:2+different:3+and:2,163,NNN,1,NNN,1,NNN,1,NNN,1,NNN,1
row_0459,NKN,1,1,0,0,1,1,4,2,not+different+same,different|not|same,person_is:1+same:1+different:1+not:1,103,NKN,1,NKN,1,NKN,1,NKN,1,NKN,1
row_0460,KKK,3,0,1,0,0,1,5,2,same+same+and,and|same|same,person_is:1+same:3+and:1,127,KKK,1,KKK,1,KKK,1,KKK,1,KKK,1
row_0461,NNK,3,0,0,0,1,0,4,2,same+same+not,not|same|same,same:3+not:1,122,NNK,1,NNK,1,NNK,1,NNK,1,NNK,1
row_0462,NKK,2,1,1,1,0,2,7,3,person_is+or+person_is,or|person_is|person_is,person_is:2+same:2+different:1+and:1+or:1,158,NKK,1,NKK,1,NKK,1,NKK,1,NKK,1
row_0463,KNK,0,1,0,0,1,2,4,2,person_is+not+person_is,not|person_is|person_is,person_is:2+different:1+not:1,87,KNK,1,KNK,1,KNK,1,KNK,1,KNK,1
row_0464,NNN,1,2,0,0,1,0,4,2,not+different+different,different|different|not,same:1+different:2+not:1,124,NNN,1,NNN,1,NNN,1,NNN,1,NNN,1
row_0465,KNN,1,1,0,0,1,1,4,2,not+same+different,different|not|same,person_is:1+same:1+different:1+not:1,104,KNN,1,KNN,1,KNN,1,KNN,1,KNN,1
row_0466,NNK,3,2,1,1,2,0,9,3,and+same+or,and|or|same,same:3+different:2+not:2+and:1+or:1,233,NKN,0,NKN,0,NKN,0,NKN,0,NKN,0
row_0467,NKN,0,2,0,0,0,1,3,1,different+person_is+different,different|different|person_is,person_is:1+different:2,89,NKN,1,NKN,1,NKN,1,NKN,1,NKN,1
row_0468,NKN,1,1,1,0,1,2,6,3,person_is+and+same,and|person_is|same,person_is:2+same:1+different:1+not:1+and:1,135,NNN,0,NNN,0,NNN,0,NKN,1,NNN,0
row_0469,NNK,3,1,2,2,0,3,11,3,and+person_is+or,and|or|person_is,person_is:3+same:3+different:1+and:2+or:2,236,NNK,1,NNK,1,NNK,1,NNK,1,NNK,1
row_0470,KKN,2,1,1,2,1,3,10,3,or+and+same,and|or|same,person_is:3+same:2+different:1+not:1+and:1+or:2,213,KNK,0,KKN,1,KKN,1,KNK,0,KKN,1
row_0471,KNK,2,2,0,1,1,0,6,2,not+different+or,different|not|or,same:2+different:2+not:1+or:1,174,KNK,1,KNK,1,KNK,1,KNK,1,KNK,1
row_0472,NNN,1,4,2,0,0,0,7,3,different+different+and,and|different|different,same:1+different:4+and:2,196,NNN,1,NNN,1,NNN,1,NNN,1,NNN,1
row_0473,NNN,0,1,0,0,0,2,3,1,different+person_is+person_is,different|person_is|person_is,person_is:2+different:1,70,NNN,1,NNN,1,NNN,1,NNN,1,NNN,1
row_0474,NNN,3,2,2,1,1,1,10,3,or+person_is+and,and|or|person_is,person_is:1+same:3+different:2+not:1+and:2+or:1,244,KKN,0,KKN,0,KKN,0,KNN,0,KKN,0
row_0475,NNK,0,3,1,0,1,1,6,3,different+and+different,and|different|different,person_is:1+different:3+not:1+and:1,156,NNK,1,NNK,1,NNK,1,NNK,1,NNK,1
row_0476,NNN,2,2,2,0,0,1,7,3,different+and+person_is,and|different|person_is,person_is:1+same:2+different:2+and:2,178,NNN,1,NNN,1,NNN,1,NNN,1,NNN,1
row_0477,NKN,1,1,0,0,2,1,5,3,different+person_is+not,different|not|person_is,person_is:1+same:1+different:1+not:2,125,KNN,0,KNN,0,NKN,1,KNN,0,KNN,0
row_0478,KNN,1,2,0,0,0,0,3,1,different+same+different,different|different|same,same:1+different:2,104,KNN,1,KNN,1,KNN,1,KNN,1,KNN,1
row_0479,KKN,0,2,0,1,1,2,6,3,different+person_is+or,different|or|person_is,person_is:2+different:2+not:1+or:1,140,KNN,0,KKN,1,KKN,1,KKN,1,KKN,1
row_0480,KKK,3,1,1,0,1,0,6,3,same+and+same,and|same|same,same:3+different:1+not:1+and:1,167,KKK,1,KKK,1,KKK,1,KKK,1,KKK,1
row_0481,KNN,1,3,1,1,1,1,8,3,different+and+person_is,and|different|person_is,person_is:1+same:1+different:3+not:1+and:1+or:1,202,KNN,1,KNN,1,KNN,1,KNN,1,KNN,1
row_0482,KKN,2,2,2,1,0,2,9,3,or+same+and,and|or|same,person_is:2+same:2+different:2+and:2+or:1,209,KKN,1,KKN,1,KKN,1,KKN,1,KKN,1
row_0483,NNN,2,4,2,1,1,0,10,3,different+and+and,and|and|different,same:2+different:4+not:1+and:2+or:1,268,NNN,1,NNN,1,NNN,1,NNN,1,NNN,1
row_0484,KKK,3,3,2,3,0,2,13,3,and+or+or,and|or|or,person_is:2+same:3+different:3+and:2+or:3,304,NKN,0,NKK,0,NKK,0,NNK,0,NNK,0
row_0485,NNN,2,2,3,0,0,2,9,3,person_is+and+and,and|and|person_is,person_is:2+same:2+different:2+and:3,206,KNK,0,KNK,0,KNK,0,KNK,0,KNK,0
row_0486,NNN,0,2,2,0,0,3,7,2,and+different+and,and|and|different,person_is:3+different:2+and:2,146,NNN,1,NKK,0,NKK,0,NKK,0,NNN,1
row_0487,NNN,1,2,1,0,3,1,8,3,and+not+different,and|different|not,person_is:1+same:1+different:2+not:3+and:1,192,NNK,0,NNK,0,NNK,0,NNK,0,NNK,0
row_0488,NKK,3,2,1,2,2,1,11,3,or+or+not,not|or|or,person_is:1+same:3+different:2+not:2+and:1+or:2,265,KNK,0,KNK,0,KKN,0,KKN,0,KKN,0
row_0489,KNK,1,1,1,0,3,2,8,3,same+not+and,and|not|same,person_is:2+same:1+different:1+not:3+and:1,175,NKK,0,NKK,0,NKK,0,KNK,1,NKK,0
row_0490,NNK,2,2,2,0,2,1,9,3,and+same+not,and|not|same,person_is:1+same:2+different:2+not:2+and:2,221,NNK,1,NNK,1,NKN,0,NNK,1,NNK,1
row_0491,KKN,2,1,1,0,2,1,7,3,same+and+person_is,and|person_is|same,person_is:1+same:2+different:1+not:2+and:1,171,KKN,1,KKN,1,KKN,1,KKN,1,KKN,1
row_0492,NKK,2,0,1,0,1,2,6,2,same+not+and,and|not|same,person_is:2+same:2+not:1+and:1,133,NNK,0,NNK,0,NNK,0,NNK,0,NNK,0
row_0493,KNK,0,0,0,1,0,4,5,2,or+person_is+person_is,or|person_is|person_is,person_is:4+or:1,84,KNK,1,KNK,1,KNK,1,KNK,1,KNK,1
row_0494,KKK,2,0,0,1,0,2,5,2,same+or+same,or|same|same,person_is:2+same:2+or:1,114,KKK,1,KKK,1,KKK,1,KKK,1,KKK,1
row_0495,KNK,2,2,1,1,0,1,7,3,different+or+different,different|different|or,person_is:1+same:2+different:2+and:1+or:1,178,KNK,1,KNK,1,KNK,1,KNK,1,KNK,1
row_0496,KNK,1,2,2,0,0,2,7,3,person_is+and+person_is,and|person_is|person_is,person_is:2+same:1+different:2+and:2,159,NKN,0,NKN,0,NKN,0,NKN,0,NKN,0
row_0497,KNK,1,0,1,0,1,3,6,2,person_is+and+not,and|not|person_is,person_is:3+same:1+not:1+and:1,114,KNK,1,KNK,1,KNK,1,KNK,1,KNK,1
row_0498,NNN,0,3,1,2,0,3,9,3,person_is+different+or,different|or|person_is,person_is:3+different:3+and:1+or:2,195,NNN,1,NNN,1,NNN,1,NNN,1,NNN,1
row_0499,KKK,2,1,1,0,1,1,6,3,and+same+person_is,and|person_is|same,person_is:1+same:2+different:1+not:1+and:1,149,KKK,1,KKK,1,KKK,1,KKK,1,KKK,1
row_0500,NKK,2,2,1,1,1,1,8,3,or+different+different,different|different|or,person_is:1+same:2+different:2+not:1+and:1+or:1,196,NNN,0,NKK,1,NKK,1,NKK,1,NKK,1
row_0501,NNK,1,1,1,0,0,2,5,2,and+person_is+different,and|different|person_is,person_is:2+same:1+different:1+and:1,114,NNK,1,NNK,1,NNK,1,NNK,1,NNK,1
row_0502,NKN,1,1,3,0,0,4,9,3,and+different+and,and|and|different,person_is:4+same:1+different:1+and:3,173,NKN,1,NKN,1,NKN,1,NKN,1,NKN,1
row_0503,KKN,3,1,0,1,1,0,6,3,or+same+same,or|same|same,same:3+different:1+not:1+or:1,164,KKN,1,KKN,1,KKN,1,KKN,1,KKN,1
row_0504,NKN,2,1,0,0,1,0,4,2,not+different+same,different|not|same,same:2+different:1+not:1,120,NKN,1,NKN,1,NKN,1,NKN,1,NKN,1
row_0505,KKK,2,1,1,0,2,1,7,3,and+not+same,and|not|same,person_is:1+same:2+different:1+not:2+and:1,170,KKK,1,KKK,1,KKK,1,KKK,1,KKK,1
row_0506,NNK,2,2,1,0,0,0,5,2,different+and+different,and|different|different,same:2+different:2+and:1,147,NNK,1,NNK,1,NNK,1,NNK,1,NNK,1
row_0507,NNN,0,2,1,0,0,2,5,2,person_is+person_is+and,and|person_is|person_is,person_is:2+different:2+and:1,121,NNN,1,NNN,1,NNN,1,NNN,1,NNN,1
row_0508,NNK,3,0,0,1,1,1,6,2,not+or+same,not|or|same,person_is:1+same:3+not:1+or:1,149,NKN,0,NKN,0,NNK,1,KNN,0,NNK,1
row_0509,KKK,4,2,1,3,1,1,12,3,or+or+or,or|or|or,person_is:1+same:4+different:2+not:1+and:1+or:3,299,KKK,1,KKK,1,KKK,1,KKK,1,KKK,1
row_0510,NKN,1,1,0,0,1,1,4,2,same+not+different,different|not|same,person_is:1+same:1+different:1+not:1,106,NKN,1,NKN,1,NKN,1,NKN,1,NKN,1
row_0511,NNK,1,2,1,1,0,2,7,3,person_is+and+same,and|person_is|same,person_is:2+same:1+different:2+and:1+or:1,163,NNK,1,NNK,1,NNK,1,NNK,1,NNK,1
row_0512,NNN,0,1,0,0,1,2,4,2,person_is+different+not,different|not|person_is,person_is:2+different:1+not:1,89,NNN,1,NNN,1,NNN,1,NNN,1,NNN,1
row_0513,KNN,1,0,0,0,0,2,3,1,same+person_is+person_is,person_is|person_is|same,person_is:2+same:1,66,NKN,0,NKN,0,NKN,0,NKN,0,NKN,0
row_0514,NKK,1,2,1,0,0,1,5,2,same+different+and,and|different|same,person_is:1+same:1+different:2+and:1,134,KKK,0,KKK,0,NKK,1,KKK,0,KKK,0
row_0515,KNN,0,2,0,1,1,2,6,3,different+person_is+not,different|not|person_is,person_is:2+different:2+not:1+or:1,140,NKN,0,NKN,0,NKN,0,NKN,0,NKN,0
row_0516,KKN,2,2,1,1,0,1,7,3,and+same+different,and|different|same,person_is:1+same:2+different:2+and:1+or:1,177,KKN,1,KKN,1,KKN,1,KKN,1,KKN,1
row_0517,NKK,3,1,2,1,2,2,11,3,not+and+or,and|not|or,person_is:2+same:3+different:1+not:2+and:2+or:1,243,NNN,0,NNN,0,NNN,0,NNN,0,NNN,0
row_0518,KKK,3,2,0,2,0,0,7,2,or+or+same,or|or|same,same:3+different:2+or:2,194,KKK,1,KKK,1,KKK,1,KKK,1,KKK,1
row_0519,NNK,1,3,1,1,3,1,10,3,not+not+or,not|not|or,person_is:1+same:1+different:3+not:3+and:1+or:1,241,NKN,0,NKK,0,NKK,0,NKK,0,NKK,0
row_0520,NKN,1,4,2,0,0,0,7,3,and+different+same,and|different|same,same:1+different:4+and:2,196,NKN,1,NKN,1,NKN,1,NKN,1,NKN,1
row_0521,NNK,2,1,1,0,1,1,6,2,not+and+different,and|different|not,person_is:1+same:2+different:1+not:1+and:1,150,NNK,1,NNK,1,NNK,1,NNK,1,NNK,1
row_0522,KNN,2,1,1,0,0,1,5,2,and+different+same,and|different|same,person_is:1+same:2+different:1+and:1,130,KNN,1,KNN,1,KNN,1,KNN,1,KNN,1
row_0523,NNK,1,3,1,1,2,1,9,3,or+not+different,different|not|or,person_is:1+same:1+different:3+not:2+and:1+or:1,216,KNN,0,KNK,0,KNK,0,KNN,0,KNK,0
row_0524,KNN,1,2,0,2,0,2,7,3,or+same+different,different|or|same,person_is:2+same:1+different:2+or:2,162,KNN,1,KNN,1,KNN,1,KNN,1,KNN,1
row_0525,KNK,2,1,2,1,1,3,10,3,not+and+person_is,and|not|person_is,person_is:3+same:2+different:1+not:1+and:2+or:1,207,NNN,0,NNN,0,KNK,1,KNK,1,KNK,1
row_0526,KNN,0,2,0,0,0,1,3,1,person_is+different+different,different|different|person_is,person_is:1+different:2,85,KNN,1,KNN,1,KNN,1,KNN,1,KNN,1
row_0527,NKK,2,2,1,0,2,0,7,3,not+not+same,not|not|same,same:2+different:2+not:2+and:1,191,KKN,0,KKN,0,KKN,0,KKN,0,KKN,0
row_0528,KNK,1,2,2,2,0,4,11,3,person_is+or+or,or|or|person_is,person_is:4+same:1+different:2+and:2+or:2,222,NNN,0,NKN,0,NKN,0,NKN,0,NKN,0
row_0529,KNK,1,2,0,1,1,1,6,3,or+same+different,different|or|same,person_is:1+same:1+different:2+not:1+or:1,151,KNK,1,KNK,1,KNK,1,KNK,1,KNK,1
row_0530,KNN,1,2,1,0,3,1,8,3,not+and+person_is,and|not|person_is,person_is:1+same:1+different:2+not:3+and:1,190,KNN,1,KNN,1,KNN,1,KNN,1,KNN,1
row_0531,KNK,1,1,0,1,1,2,6,2,person_is+not+or,not|or|person_is,person_is:2+same:1+different:1+not:1+or:1,137,NNN,0,KNK,1,NNN,0,KNK,1,NNN,0
row_0532,NNK,1,2,0,0,2,0,5,3,not+same+different,different|not|same,same:1+different:2+not:2,142,NNK,1,NNK,1,NNK,1,NNK,1,NNK,1
row_0533,NNK,1,2,1,0,2,1,7,3,same+and+different,and|different|same,person_is:1+same:1+different:2+not:2+and:1,175,NNK,1,NNK,1,NNK,1,NNK,1,NNK,1
row_0534,KNK,0,3,1,3,0,4,11,3,or+person_is+or,or|or|person_is,person_is:4+different:3+and:1+or:3,228,KNK,1,KNK,1,KNK,1,KNK,1,KNK,1
row_0535,NNK,3,1,3,3,0,5,15,3,or+and+or,and|or|or,person_is:5+same:3+different:1+and:3+or:3,301,KNK,0,KNK,0,KNK,0,KNK,0,KNK,0
row_0536,KNK,2,0,0,2,0,3,7,3,same+or+person_is,or|person_is|same,person_is:3+same:2+or:2,142,NKK,0,NKK,0,NKK,0,NKK,0,NKK,0
row_0537,NNK,2,2,2,0,0,1,7,3,and+same+same,and|same|same,person_is:1+same:2+different:2+and:2,178,NNK,1,NNK,1,NNK,1,NNK,1,NNK,1
row_0538,NNK,1,2,1,1,0,2,7,3,person_is+or+different,different|or|person_is,person_is:2+same:1+different:2+and:1+or:1,163,NNK,1,NNK,1,NNK,1,NNK,1,NNK,1
row_0539,KKK,3,0,0,2,0,2,7,3,same+or+same,or|same|same,person_is:2+same:3+or:2,160,KKK,1,KKK,1,KKK,1,KKK,1,KKK,1
row_0540,KKK,2,0,0,1,3,2,8,3,not+same+or,not|or|same,person_is:2+same:2+not:3+or:1,174,KKK,1,KKK,1,KKK,1,INVALID,0,KKK,1
row_0541,NNN,1,1,2,0,0,3,7,2,and+and+person_is,and|and|person_is,person_is:3+same:1+different:1+and:2,143,NNN,1,NNN,1,NNN,1,NNN,1,NNN,1
row_0542,NNN,0,2,0,2,0,3,7,3,different+person_is+or,different|or|person_is,person_is:3+different:2+or:2,150,NNN,1,NNN,1,NNN,1,NNN,1,NNN,1
row_0543,NNK,3,2,2,2,1,2,12,3,and+or+not,and|not|or,person_is:2+same:3+different:2+not:1+and:2+or:2,276,NKN,0,NKN,0,NKK,0,NKN,0,NNK,1
row_0544,KKN,0,2,0,0,1,1,4,2,person_is+different+not,different|not|person_is,person_is:1+different:2+not:1,109,KKN,1,KKN,1,KKN,1,KKN,1,KKN,1
row_0545,KKK,4,0,1,1,0,1,7,3,and+same+same,and|same|same,person_is:1+same:4+and:1+or:1,173,KKK,1,KKK,1,KKK,1,KKK,1,KKK,1
row_0546,NKN,2,2,0,2,0,1,7,3,person_is+or+different,different|or|person_is,person_is:1+same:2+different:2+or:2,182,NKN,1,NKN,1,NKN,1,NKN,1,NKN,1
row_0547,KNN,1,2,0,1,0,1,5,2,different+same+or,different|or|same,person_is:1+same:1+different:2+or:1,132,KNN,1,KNN,1,KNN,1,KNN,1,KNN,1
row_0548,KNN,4,1,3,0,0,1,9,3,same+and+and,and|and|same,person_is:1+same:4+different:1+and:3,222,NNK,0,NNK,0,NNK,0,NNK,0,NNK,0
row_0549,KKN,1,4,2,1,2,1,11,3,and+and+different,and|and|different,person_is:1+same:1+different:4+not:2+and:2+or:1,268,KKN,1,NNN,0,KKN,1,KKN,1,KKN,1
row_0550,NKN,3,1,1,0,2,0,7,3,same+not+and,and|not|same,same:3+different:1+not:2+and:1,185,NKN,1,NKN,1,NKN,1,NKN,1,NKN,1
row_0551,KNK,1,1,0,0,1,1,4,2,not+same+different,different|not|same,person_is:1+same:1+different:1+not:1,103,KNK,1,KNK,1,KNK,1,KNK,1,KNK,1
row_0552,KNN,3,0,2,0,0,2,7,3,person_is+person_is+and,and|person_is|person_is,person_is:2+same:3+and:2,157,NNK,0,NKK,0,NKK,0,NKK,0,NNK,0
row_0553,NKK,3,2,3,0,1,1,10,3,and+and+different,and|and|different,person_is:1+same:3+different:2+not:1+and:3,242,NKK,1,NKK,1,NKK,1,NKK,1,NKK,1
row_0554,NKK,0,1,0,1,0,3,5,2,person_is+or+different,different|or|person_is,person_is:3+different:1+or:1,96,KNK,0,KNK,0,NKK,1,KNK,0,KNK,0
row_0555,NNN,0,5,1,1,0,0,7,3,or+different+different,different|different|or,different:5+and:1+or:1,197,NNN,1,NNN,1,NNN,1,NNN,1,NNN,1
row_0556,NNK,4,0,1,0,1,0,6,2,same+and+not,and|not|same,same:4+not:1+and:1,167,NNK,1,NNK,1,NNK,1,NNK,1,NNK,1
row_0557,KKN,2,0,0,0,2,1,5,3,same+not+person_is,not|person_is|same,person_is:1+same:2+not:2,121,KKN,1,KKN,1,KKN,1,KKN,1,KKN,1
row_0558,NNN,0,2,0,1,0,2,5,2,or+person_is+different,different|or|person_is,person_is:2+different:2+or:1,118,KNK,0,KNK,0,KKK,0,KKK,0,KKN,0
row_0559,NKN,2,4,2,1,0,0,9,3,same+and+and,and|and|same,same:2+different:4+and:2+or:1,242,NKN,1,NKN,1,NKN,1,KKN,0,NKN,1
row_0560,NNK,2,2,1,1,1,1,8,3,and+or+same,and|or|same,person_is:1+same:2+different:2+not:1+and:1+or:1,197,NKN,0,NKN,0,NKN,0,NKN,0,NKK,0
row_0561,NNK,1,2,0,0,0,0,3,1,different+same+different,different|different|same,same:1+different:2,104,NNK,1,NNK,1,NNK,1,NNK,1,NNK,1
row_0562,KNK,1,2,1,1,3,2,10,3,different+and+or,and|different|or,person_is:2+same:1+different:2+not:3+and:1+or:1,219,KNK,1,KNK,1,KNK,1,KNK,1,KNK,1
row_0563,NKK,3,2,1,2,0,1,9,3,and+same+same,and|same|same,person_is:1+same:3+different:2+and:1+or:2,227,NKK,1,NKK,1,NKK,1,NKK,1,NNK,0
row_0564,KNK,1,1,0,0,1,1,4,2,same+not+person_is,not|person_is|same,person_is:1+same:1+different:1+not:1,103,KNK,1,KNK,1,KNK,1,KNK,1,KNK,1
row_0565,KKN,2,2,0,1,1,0,6,3,different+or+same,different|or|same,same:2+different:2+not:1+or:1,168,KKN,1,KKN,1,KKN,1,KKN,1,KKN,1
row_0566,NKN,1,0,0,1,0,3,5,2,or+same+person_is,or|person_is|same,person_is:3+same:1+or:1,93,KNN,0,KNN,0,KNN,0,KNN,0,KNN,0
row_0567,KKN,1,2,0,0,1,0,4,2,not+different+same,different|not|same,same:1+different:2+not:1,122,KKN,1,KKN,1,KKN,1,KKN,1,KKN,1
row_0568,KKK,2,2,0,1,2,0,7,3,same+same+or,or|same|same,same:2+different:2+not:2+or:1,190,KKK,1,KKK,1,KKK,1,KKK,1,KKK,1
row_0569,KNN,2,3,1,1,0,0,7,3,or+same+different,different|or|same,same:2+different:3+and:1+or:1,199,KNN,1,KNN,1,KNN,1,KNN,1,KNN,1
row_0570,NKN,4,2,3,1,1,1,12,3,and+or+same,and|or|same,person_is:1+same:4+different:2+not:1+and:3+or:1,286,NKN,1,NKN,1,NKN,1,NKN,1,NKN,1
row_0571,KNK,2,3,3,1,0,2,11,3,person_is+and+or,and|or|person_is,person_is:2+same:2+different:3+and:3+or:1,254,KNK,1,KNK,1,KNK,1,KNK,1,KNK,1
row_0572,NKN,2,0,1,0,2,2,7,3,same+not+and,and|not|same,person_is:2+same:2+not:2+and:1,153,NNK,0,NNK,0,NNK,0,NNK,0,NNK,0
row_0573,NKK,1,3,1,1,1,1,8,3,not+person_is+and,and|not|person_is,person_is:1+same:1+different:3+not:1+and:1+or:1,202,NKK,1,NKK,1,NKK,1,NKK,1,NKK,1
row_0574,KKN,2,3,2,1,0,1,9,3,different+same+and,and|different|same,person_is:1+same:2+different:3+and:2+or:1,223,KNN,0,KKN,1,KKN,1,KKN,1,KKN,1
row_0575,NNN,1,2,1,1,0,2,7,3,different+and+person_is,and|different|person_is,person_is:2+same:1+different:2+and:1+or:1,160,KNK,0,KNK,0,KNK,0,KNK,0,KNK,0
row_0576,KNN,3,1,2,0,1,1,8,3,same+and+same,and|same|same,person_is:1+same:3+different:1+not:1+and:2,196,KNN,1,KNN,1,KNN,1,KNN,1,KNN,1
row_0577,NNK,0,3,2,0,1,2,8,2,and+not+and,and|and|not,person_is:2+different:3+not:1+and:2,181,NNK,1,NNK,1,NNK,1,NNK,1,NNK,1
row_0578,KKK,3,1,0,1,0,0,5,2,same+or+same,or|same|same,same:3+different:1+or:1,148,KKK,1,KKK,1,KKK,1,KKK,1,KKK,1
row_0579,NNK,4,3,4,2,1,2,16,3,and+and+and,and|and|and,person_is:2+same:4+different:3+not:1+and:4+or:2,366,NNN,0,NNN,0,NNK,1,NNN,0,NNK,1
row_0580,KKK,4,1,1,1,0,0,7,3,same+and+same,and|same|same,same:4+different:1+and:1+or:1,193,KKK,1,KKK,1,KKK,1,KKK,1,KKK,1
row_0581,KKN,3,1,0,1,0,0,5,2,or+different+same,different|or|same,same:3+different:1+or:1,146,KKN,1,KKN,1,KKN,1,KKN,1,KKN,1
row_0582,KKK,3,1,1,1,0,1,7,3,and+person_is+same,and|person_is|same,person_is:1+same:3+different:1+and:1+or:1,179,KKK,1,KKK,1,KKK,1,KKK,1,KKK,1
row_0583,KNK,1,3,0,2,1,1,8,3,not+different+or,different|not|or,person_is:1+same:1+different:3+not:1+or:2,200,KNK,1,KNK,1,NKK,0,KNK,1,KNK,1
row_0584,KNN,2,2,0,2,1,1,8,3,not+or+person_is,not|or|person_is,person_is:1+same:2+different:2+not:1+or:2,199,NKK,0,NKK,0,NKK,0,KKN,0,NKK,0
row_0585,KKN,1,0,1,0,1,3,6,3,person_is+not+same,not|person_is|same,person_is:3+same:1+not:1+and:1,117,KKN,1,KKK,0,KKN,1,KKN,1,KKN,1
row_0586,NNK,1,0,2,0,0,4,7,3,person_is+and+person_is,and|person_is|person_is,person_is:4+same:1+and:2,124,KNK,0,KNK,0,NNK,1,KNK,0,KNK,0
row_0587,KNK,2,2,1,3,2,3,13,3,or+not+not,not|not|or,person_is:3+same:2+different:2+not:2+and:1+or:3,278,KNK,1,NKN,0,KKN,0,NKN,0,KNK,1
row_0588,NKK,1,4,0,2,1,0,8,3,same+or+different,different|or|same,same:1+different:4+not:1+or:2,224,NKK,1,NKK,1,NKK,1,NKK,1,NKK,1
row_0589,KNN,0,2,1,0,1,2,6,3,not+different+person_is,different|not|person_is,person_is:2+different:2+not:1+and:1,135,KNN,1,KNN,1,KNN,1,KNN,1,KNN,1
row_0590,NNN,0,3,0,0,0,0,3,1,different+different+different,different|different|different,different:3,104,NNN,1,NNN,1,NNN,1,NNN,1,NNN,1
row_0591,KKK,3,0,1,0,0,1,5,2,person_is+and+same,and|person_is|same,person_is:1+same:3+and:1,129,KKK,1,KKK,1,KKK,1,KKK,1,KKK,1
row_0592,KKK,2,1,0,0,1,0,4,2,not+same+same,not|same|same,same:2+different:1+not:1,118,KKK,1,KKK,1,KKK,1,KKK,1,KKK,1
row_0593,KKK,6,0,0,5,0,2,13,3,or+or+or,or|or|or,person_is:2+same:6+or:5,301,KKK,1,KKK,1,KKK,1,KKK,1,KKK,1
row_0594,KKK,5,0,2,0,0,0,7,3,same+same+and,and|same|same,same:5+and:2,186,KKK,1,KKK,1,KKK,1,KKK,1,KKK,1
row_0595,KKN,2,1,2,1,0,3,9,3,person_is+person_is+and,and|person_is|person_is,person_is:3+same:2+different:1+and:2+or:1,189,NNK,0,KKN,1,NNK,0,KKN,1,KKN,1
row_0596,NKK,1,2,0,1,1,1,6,3,not+same+different,different|not|same,person_is:1+same:1+different:2+not:1+or:1,154,NKK,1,NKK,1,NKK,1,NKK,1,NKK,1
row_0597,NKK,1,1,2,3,0,6,13,3,or+different+or,different|or|or,person_is:6+same:1+different:1+and:2+or:3,234,KNK,0,KNK,0,KNK,0,KNK,0,KNK,0
row_0598,KNK,2,1,1,0,0,1,5,2,and+same+different,and|different|same,person_is:1+same:2+different:1+and:1,128,KNK,1,KNK,1,KNK,1,KNN,0,KNK,1
row_0599,KNN,1,2,2,0,2,2,9,3,different+and+and,and|and|different,person_is:2+same:1+different:2+not:2+and:2,203,NNN,0,NNN,0,NNN,0,NNN,0,NNN,0
row_0600,KKN,1,1,0,1,0,2,5,2,or+person_is+different,different|or|person_is,person_is:2+same:1+different:1+or:1,116,KKN,1,KKN,1,KKN,1,KKN,1,KKK,0
row_0601,KNK,2,0,1,1,2,3,9,3,or+not+same,not|or|same,person_is:3+same:2+not:2+and:1+or:1,185,KNK,1,KNK,1,KNK,1,KNK,1,KNK,1
row_0602,KNK,0,3,0,1,1,1,6,3,different+person_is+or,different|or|person_is,person_is:1+different:3+not:1+or:1,157,KNK,1,KNK,1,KNK,1,NNK,0,NNK,0
row_0603,KNN,2,1,0,1,0,1,5,2,or+same+same,or|same|same,person_is:1+same:2+different:1+or:1,129,KNN,1,KNN,1,KNN,1,KNN,1,KNK,0
row_0604,KKN,1,4,0,5,0,3,13,3,or+or+or,or|or|or,person_is:3+same:1+different:4+or:5,294,KNK,0,KKK,0,KKK,0,KKK,0,KKK,0
row_0605,NKN,2,1,0,0,1,0,4,2,different+not+same,different|not|same,same:2+different:1+not:1,120,NKN,1,NKN,1,NKN,1,NKN,1,NKN,1
row_0606,NNN,1,2,1,0,1,1,6,3,different+not+different,different|different|not,person_is:1+same:1+different:2+not:1+and:1,152,NNN,1,NNN,1,NNN,1,NNN,1,NNN,1
row_0607,KNN,1,2,0,1,1,1,6,3,different+person_is+or,different|or|person_is,person_is:1+same:1+different:2+not:1+or:1,154,KNN,1,KNN,1,KNN,1,KNN,1,KNN,1
row_0608,NKN,2,1,2,1,1,3,10,3,and+different+and,and|and|different,person_is:3+same:2+different:1+not:1+and:2+or:1,212,NKN,1,NKN,1,NKN,1,NKN,1,NNN,0
row_0609,NNN,1,1,1,2,2,4,11,3,and+not+person_is,and|not|person_is,person_is:4+same:1+different:1+not:2+and:1+or:2,217,NNN,1,NNN,1,NNN,1,NNN,1,NNN,1
row_0610,NNK,2,2,0,2,0,1,7,2,different+or+or,different|or|or,person_is:1+same:2+different:2+or:2,181,NNK,1,NNK,1,NNK,1,NNK,1,NNK,1
row_0611,KKK,7,1,4,2,0,1,15,3,and+or+and,and|and|or,person_is:1+same:7+different:1+and:4+or:2,359,KKK,1,KKK,1,KKK,1,KKK,1,KKK,1
row_0612,KKK,1,1,0,0,3,1,6,3,not+same+not,not|not|same,person_is:1+same:1+different:1+not:3,142,KKK,1,KKK,1,KKK,1,KKK,1,KKK,1
row_0613,KKK,3,1,2,2,0,3,11,3,same+and+or,and|or|same,person_is:3+same:3+different:1+and:2+or:2,234,KKK,1,KKK,1,KKK,1,KKK,1,KKK,1
row_0614,KKK,2,0,0,0,0,1,3,1,person_is+same+same,person_is|same|same,person_is:1+same:2,82,KKK,1,KKK,1,KKK,1,KKK,1,KKK,1
row_0615,KNK,5,1,3,2,2,2,15,3,or+and+not,and|not|or,person_is:2+same:5+different:1+not:2+and:3+or:2,341,KNK,1,KNK,1,KNK,1,KKN,0,KNK,1
row_0616,KKK,3,0,0,1,0,1,5,2,same+or+same,or|same|same,person_is:1+same:3+or:1,129,KKK,1,KKK,1,KKK,1,KKK,1,KKK,1
row_0617,NNN,0,0,2,0,2,5,9,3,not+and+and,and|and|not,person_is:5+not:2+and:2,152,NNN,1,NNN,1,NNN,1,NNN,1,NNN,1
row_0618,NNK,2,2,1,0,1,0,6,3,same+and+different,and|different|same,same:2+different:2+not:1+and:1,173,NNK,1,NNK,1,NNK,1,NNK,1,NNK,1
row_0619,NNK,1,2,3,2,0,5,13,3,and+and+or,and|and|or,person_is:5+same:1+different:2+and:3+or:2,253,NNK,1,NNK,1,NNK,1,NNK,1,NNK,1
row_0620,KKK,1,2,0,1,2,1,7,3,same+or+not,not|or|same,person_is:1+same:1+different:2+not:2+or:1,171,KKK,1,KKK,1,KKK,1,KKK,1,KKK,1
row_0621,KKN,2,2,1,1,1,1,8,3,or+different+same,different|or|same,person_is:1+same:2+different:2+not:1+and:1+or:1,197,KKN,1,KKN,1,KKN,1,KKN,1,KKN,1
row_0622,NNK,2,0,0,0,0,1,3,1,same+same+person_is,person_is|same|same,person_is:1+same:2,85,NNK,1,NNK,1,NNK,1,NNK,1,NNK,1
row_0623,NKN,0,1,0,1,1,3,6,2,person_is+or+not,not|or|person_is,person_is:3+different:1+not:1+or:1,120,NKN,1,NKN,1,NKN,1,NKN,1,NKN,1
row_0624,KKN,2,1,2,1,1,3,10,3,and+or+same,and|or|same,person_is:3+same:2+different:1+not:1+and:2+or:1,213,KKN,1,KKN,1,KKN,1,KKN,1,KKN,1
row_0625,KNK,0,3,0,3,0,3,9,3,or+person_is+or,or|or|person_is,person_is:3+different:3+or:3,193,KNK,1,KNK,1,KNK,1,KNK,1,KNK,1
row_0626,NNN,2,2,1,2,2,2,11,3,not+and+not,and|not|not,person_is:2+same:2+different:2+not:2+and:1+or:2,250,NNK,0,NNN,1,NNN,1,NNN,1,NNN,1
row_0627,KNK,3,1,1,1,2,1,9,3,different+or+not,different|not|or,person_is:1+same:3+different:1+not:2+and:1+or:1,218,NNK,0,NNK,0,NNK,0,NNK,0,NNK,0
row_0628,KKN,2,0,0,1,0,2,5,2,or+person_is+same,or|person_is|same,person_is:2+same:2+or:1,112,KKN,1,KKN,1,KKN,1,KKN,1,KKN,1
row_0629,NKN,2,3,2,1,1,1,10,3,not+or+and,and|not|or,person_is:1+same:2+different:3+not:1+and:2+or:1,245,NKN,1,NKN,1,NKN,1,NKN,1,NKN,1
row_0630,NNN,0,2,0,0,3,1,6,3,not+different+not,different|not|not,person_is:1+different:2+not:3,149,NNN,1,NKN,0,NKN,0,NKN,0,NNN,1
row_0631,KNK,2,2,0,3,0,2,9,3,or+same+or,or|or|same,person_is:2+same:2+different:2+or:3,211,KNK,1,KNK,1,KNK,1,KNK,1,KNK,1
row_0632,KNK,2,1,0,1,1,1,6,3,same+different+or,different|or|same,person_is:1+same:2+different:1+not:1+or:1,152,KNK,1,KNK,1,NKK,0,NKK,0,NKK,0
row_0633,KKN,2,4,1,2,0,0,9,3,or+different+and,and|different|or,same:2+different:4+and:1+or:2,243,KNK,0,KNK,0,KKN,1,KNK,0,KKN,1
row_0634,KKK,2,1,0,1,0,1,5,2,same+person_is+or,or|person_is|same,person_is:1+same:2+different:1+or:1,134,KNK,0,KNK,0,KKK,1,KNK,0,KNK,0
row_0635,NKN,1,1,1,0,1,2,6,3,different+not+same,different|not|same,person_is:2+same:1+different:1+not:1+and:1,136,NKN,1,KKN,0,NKN,1,KKN,0,NKN,1
row_0636,NKN,1,1,1,1,1,3,8,3,and+same+person_is,and|person_is|same,person_is:3+same:1+different:1+not:1+and:1+or:1,167,KNK,0,KNK,0,KNK,0,KNN,0,KNK,0
row_0637,NNK,3,0,0,1,1,1,6,2,same+not+or,not|or|same,person_is:1+same:3+not:1+or:1,147,NNK,1,NKN,0,NNK,1,NNK,1,NNK,1
row_0638,KNN,4,1,0,2,0,0,7,3,or+same+different,different|or|same,same:4+different:1+or:2,190,KNN,1,KNN,1,KNN,1,KNN,1,KNN,1
row_0639,KKK,3,0,1,1,0,2,7,3,and+same+same,and|same|same,person_is:2+same:3+and:1+or:1,159,KKK,1,KKK,1,KKK,1,KKK,1,KKK,1
row_0640,NKK,0,3,1,0,1,1,6,3,different+person_is+not,different|not|person_is,person_is:1+different:3+not:1+and:1,152,NKK,1,NKK,1,NKK,1,KNK,0,NKK,1
row_0641,NNN,1,2,0,1,3,1,8,3,not+different+not,different|not|not,person_is:1+same:1+different:2+not:3+or:1,191,NNN,1,NNK,0,NNK,0,NNN,1,NNN,1
row_0642,KKN,2,1,1,1,2,2,9,3,not+and+same,and|not|same,person_is:2+same:2+different:1+not:2+and:1+or:1,201,NKN,0,NKN,0,NKN,0,NKN,0,NKN,0
row_0643,KKK,3,0,1,2,0,3,9,3,person_is+same+and,and|person_is|same,person_is:3+same:3+and:1+or:2,194,KKK,1,KKK,1,KKK,1,KKK,1,KKK,1
row_0644,NNK,0,2,1,1,3,3,10,3,and+or+not,and|not|or,person_is:3+different:2+not:3+and:1+or:1,209,NKN,0,NKN,0,NKN,0,NKN,0,NKK,0
row_0645,NKK,2,1,0,1,0,1,5,2,same+or+different,different|or|same,person_is:1+same:2+different:1+or:1,132,NKK,1,NKK,1,NKK,1,NKK,1,NKK,1
row_0646,KKN,1,1,1,0,1,2,6,2,and+same+not,and|not|same,person_is:2+same:1+different:1+not:1+and:1,134,KNN,0,KKN,1,KKN,1,KKN,1,KKN,1
row_0647,KNK,3,0,1,0,0,1,5,2,same+and+same,and|same|same,person_is:1+same:3+and:1,130,KNK,1,KNK,1,KNK,1,KNK,1,KNK,1
row_0648,NKK,2,2,3,1,0,3,11,3,and+and+person_is,and|and|person_is,person_is:3+same:2+different:2+and:3+or:1,240,NNK,0,NNK,0,NNK,0,NNK,0,NNK,0
row_0649,NKN,4,0,2,2,1,3,12,3,and+same+or,and|or|same,person_is:3+same:4+not:1+and:2+or:2,255,NNK,0,NNK,0,NKN,1,NKN,1,NNK,0
row_0650,NKK,3,0,1,1,0,2,7,3,or+same+same,or|same|same,person_is:2+same:3+and:1+or:1,157,NKK,1,NKK,1,KKK,0,KKN,0,KKN,0
row_0651,KNK,0,3,0,2,0,2,7,3,or+person_is+different,different|or|person_is,person_is:2+different:3+or:2,162,KNK,1,KNK,1,KNK,1,KNK,1,KNK,1
row_0652,NKN,1,2,0,0,1,0,4,2,same+different+not,different|not|same,same:1+different:2+not:1,120,NKN,1,NKN,1,NKN,1,NKN,1,NKN,1
row_0653,NKK,1,2,0,0,0,0,3,1,same+different+different,different|different|same,same:1+different:2,106,NKK,1,NKK,1,NKK,1,NKK,1,NKK,1
row_0654,KNN,2,4,2,1,1,0,10,3,different+not+and,and|different|not,same:2+different:4+not:1+and:2+or:1,264,KNN,1,KNN,1,KKN,0,KNN,1,KNN,1
row_0655,NNN,1,1,0,0,1,1,4,2,different+not+person_is,different|not|person_is,person_is:1+same:1+different:1+not:1,104,NNN,1,NNN,1,NNN,1,NNN,1,NNN,1
row_0656,KKN,0,1,0,0,1,2,4,2,person_is+person_is+not,not|person_is|person_is,person_is:2+different:1+not:1,89,NKK,0,NKK,0,NKK,0,NKK,0,NKK,0
row_0657,KKN,0,1,0,1,1,3,6,3,person_is+or+person_is,or|person_is|person_is,person_is:3+different:1+not:1+or:1,114,KKN,1,KKN,1,NNK,0,KKN,1,KKN,1
row_0658,NKN,2,0,2,0,0,3,7,3,and+person_is+same,and|person_is|same,person_is:3+same:2+and:2,141,NKN,1,NKK,0,NKN,1,NKK,0,NKN,1
row_0659,KNN,3,0,0,0,1,0,4,2,not+same+same,not|same|same,same:3+not:1,118,KNN,1,KNN,1,KNN,1,KNN,1,KNN,1
row_0660,NNN,1,2,2,1,0,3,9,3,and+and+different,and|and|different,person_is:3+same:1+different:2+and:2+or:1,190,NNN,1,NNN,1,NNN,1,NNN,1,NNN,1
row_0661,NNK,2,2,0,1,1,0,6,3,not+same+different,different|not|same,same:2+different:2+not:1+or:1,166,NNK,1,KNK,0,NNK,1,NNK,1,NNK,1
row_0662,NNK,2,4,0,3,1,0,10,3,not+different+or,different|not|or,same:2+different:4+not:1+or:3,264,NNK,1,NNK,1,NNK,1,NNK,1,NNK,1
row_0663,NNN,1,1,1,0,1,2,6,2,and+different+not,and|different|not,person_is:2+same:1+different:1+not:1+and:1,135,NNN,1,NNN,1,NNN,1,NNN,1,NNN,1
row_0664,KKN,0,2,0,2,0,3,7,3,different+or+different,different|different|or,person_is:3+different:2+or:2,146,KKN,1,KKN,1,NKN,0,KKN,1,KKN,1
row_0665,NKN,3,1,1,0,2,0,7,3,same+not+and,and|not|same,same:3+different:1+not:2+and:1,185,NKN,1,NKN,1,NKN,1,NKN,1,NKN,1
row_0666,KNN,3,0,1,1,1,2,8,3,and+same+same,and|same|same,person_is:2+same:3+not:1+and:1+or:1,183,KNN,1,KNN,1,KNN,1,KNN,1,KNN,1
row_0667,NKK,3,0,0,1,1,1,6,3,person_is+not+same,not|person_is|same,person_is:1+same:3+not:1+or:1,149,NKK,1,NKK,1,NKK,1,NKK,1,NKK,1
row_0668,NNN,0,3,0,0,0,0,3,1,different+different+different,different|different|different,different:3,104,NNN,1,NNN,1,NNN,1,NNN,1,NNN,1
row_0669,KKN,2,4,3,2,0,2,13,3,or+or+same,or|or|same,person_is:2+same:2+different:4+and:3+or:2,307,KNN,0,KNN,0,KNK,0,KNN,0,KNN,0
row_0670,KNK,2,0,1,2,1,4,10,3,or+and+person_is,and|or|person_is,person_is:4+same:2+not:1+and:1+or:2,187,KNK,1,KNK,1,KNK,1,KNK,1,KNK,1
row_0671,KKK,2,1,1,0,1,1,6,3,and+person_is+same,and|person_is|same,person_is:1+same:2+different:1+not:1+and:1,155,KKK,1,KKK,1,KKK,1,KKK,1,KKK,1
row_0672,KKK,2,1,1,0,1,1,6,2,not+and+person_is,and|not|person_is,person_is:1+same:2+different:1+not:1+and:1,147,KKK,1,KKK,1,KKK,1,KKK,1,KKK,1
row_0673,KKN,3,3,0,3,1,0,10,3,different+or+not,different|not|or,same:3+different:3+not:1+or:3,264,NKN,0,KKN,1,KKN,1,KKN,1,KKN,1
row_0674,KNN,3,0,3,1,1,4,12,3,or+person_is+and,and|or|person_is,person_is:4+same:3+not:1+and:3+or:1,244,NNN,0,NNN,0,KNK,0,NNN,0,NNN,0
row_0675,NKN,1,1,0,0,0,1,3,1,same+person_is+different,different|person_is|same,person_is:1+same:1+different:1,85,NKN,1,NKN,1,NKN,1,NKN,1,NKN,1
row_0676,KKK,2,0,0,0,0,1,3,1,same+person_is+same,person_is|same|same,person_is:1+same:2,84,KKK,1,KKK,1,KKK,1,KKK,1,KKK,1
row_0677,KKN,0,1,0,1,1,3,6,2,different+or+not,different|not|or,person_is:3+different:1+not:1+or:1,119,KNK,0,KKN,1,NKK,0,KKN,1,NKK,0
row_0678,KKK,2,3,0,2,3,0,10,3,same+or+or,or|or|same,same:2+different:3+not:3+or:2,254,KKK,1,KKK,1,KKK,1,KKK,1,KKK,1
row_0679,KKK,3,1,1,3,0,3,11,3,or+person_is+or,or|or|person_is,person_is:3+same:3+different:1+and:1+or:3,236,KKK,1,KKK,1,KKK,1,KKK,1,KKK,1
row_0680,KNK,2,2,0,3,1,2,10,3,or+different+or,different|or|or,person_is:2+same:2+different:2+not:1+or:3,232,KKN,0,KKN,0,KKN,0,KKN,0,KKK,0
row_0681,NKN,3,0,0,1,1,1,6,2,not+or+same,not|or|same,person_is:1+same:3+not:1+or:1,149,NKN,1,NKN,1,NKN,1,NKN,1,NKN,1
row_0682,NNK,1,1,1,0,1,2,6,2,not+and+same,and|not|same,person_is:2+same:1+different:1+not:1+and:1,131,NNK,1,NNK,1,NNK,1,NNK,1,NNK,1
row_0683,KNN,3,2,2,2,0,2,11,3,or+same+or,or|or|same,person_is:2+same:3+different:2+and:2+or:2,262,KNN,1,KNK,0,KNK,0,KNN,1,KKK,0
row_0684,KNN,2,1,0,0,3,0,6,3,not+different+not,different|not|not,same:2+different:1+not:3,158,KNN,1,KNN,1,KNN,1,KNN,1,KNN,1
row_0685,KNN,1,2,0,1,0,1,5,2,or+same+different,different|or|same,person_is:1+same:1+different:2+or:1,133,KNN,1,KNN,1,KNN,1,KNN,1,KNN,1
row_0686,KNK,2,0,1,1,2,3,9,3,and+not+person_is,and|not|person_is,person_is:3+same:2+not:2+and:1+or:1,180,NKN,0,NKN,0,NKK,0,NKK,0,NKK,0
row_0687,NKK,2,1,1,1,2,2,9,3,or+not+person_is,not|or|person_is,person_is:2+same:2+different:1+not:2+and:1+or:1,203,KNN,0,KNN,0,KNN,0,KNN,0,KNN,0
row_0688,KKK,1,1,1,1,3,3,10,3,not+not+or,not|not|or,person_is:3+same:1+different:1+not:3+and:1+or:1,206,KKK,1,KKK,1,KKK,1,KKK,1,KKK,1
row_0689,NNK,0,2,0,0,1,1,4,2,person_is+not+different,different|not|person_is,person_is:1+different:2+not:1,109,NNK,1,NNK,1,NKK,0,NNK,1,NNK,1
row_0690,KKN,2,2,1,0,0,0,5,2,same+different+and,and|different|same,same:2+different:2+and:1,147,KKN,1,KKN,1,KKN,1,KKN,1,KKN,1
row_0691,NKN,1,3,2,2,1,3,12,3,and+or+and,and|and|or,person_is:3+same:1+different:3+not:1+and:2+or:2,259,KKN,0,KKN,0,KKN,0,KKN,0,KKN,0
row_0692,NNK,0,4,2,1,1,2,10,3,and+not+different,and|different|not,person_is:2+different:4+not:1+and:2+or:1,232,NNK,1,NNK,1,NNK,1,NNK,1,NNK,1
row_0693,KNK,1,1,0,1,0,2,5,2,or+different+person_is,different|or|person_is,person_is:2+same:1+different:1+or:1,119,KNK,1,KNK,1,KNK,1,KNK,1,KNK,1
row_0694,KKK,1,1,0,2,0,3,7,3,person_is+or+person_is,or|person_is|person_is,person_is:3+same:1+different:1+or:2,148,KKK,1,KKK,1,KKK,1,KKK,1,KKK,1
row_0695,NNK,1,0,0,2,0,4,7,3,person_is+person_is+or,or|person_is|person_is,person_is:4+same:1+or:2,128,NNK,1,NNK,1,NNK,1,NNK,1,NNK,1
row_0696,NKN,3,1,2,0,0,1,7,3,and+same+same,and|same|same,person_is:1+same:3+different:1+and:2,177,NKN,1,NKN,1,NKN,1,NKN,1,NKN,1
row_0697,NNK,0,2,0,1,1,2,6,3,person_is+or+different,different|or|person_is,person_is:2+different:2+not:1+or:1,141,NKK,0,NKK,0,NKK,0,NKK,0,NKK,0
row_0698,KNN,0,2,0,0,2,1,5,3,different+different+not,different|different|not,person_is:1+different:2+not:2,125,KNN,1,KNN,1,KNN,1,KNN,1,KNN,1
row_0699,KNK,0,1,0,0,0,2,3,1,person_is+different+person_is,different|person_is|person_is,person_is:2+different:1,69,NKN,0,KNK,1,NKN,0,KNK,1,KNK,1
row_0700,NKN,2,1,1,0,1,1,6,2,and+different+not,and|different|not,person_is:1+same:2+different:1+not:1+and:1,150,NKN,1,NKN,1,NKK,0,NKN,1,NKK,0
row_0701,NNK,3,3,1,2,2,0,11,3,or+and+or,and|or|or,same:3+different:3+not:2+and:1+or:2,281,NKN,0,NKN,0,KNN,0,NNK,1,NNK,1
row_0702,NNN,1,1,1,1,0,3,7,3,and+person_is+different,and|different|person_is,person_is:3+same:1+different:1+and:1+or:1,144,NNN,1,NKK,0,NNN,1,NNN,1,NNN,1
row_0703,KKK,2,1,0,1,0,1,5,2,person_is+or+same,or|person_is|same,person_is:1+same:2+different:1+or:1,132,KKK,1,KKK,1,KKK,1,KKK,1,KKK,1
row_0704,NNK,1,4,2,1,1,1,10,3,not+and+and,and|and|not,person_is:1+same:1+different:4+not:1+and:2+or:1,246,NNK,1,NNK,1,NNK,1,KNN,0,NNK,1
row_0705,NNK,4,2,1,4,1,2,14,3,and+not+or,and|not|or,person_is:2+same:4+different:2+not:1+and:1+or:4,323,NNK,1,NNK,1,NNK,1,NNK,1,NNK,1
row_0706,KNK,2,1,2,0,2,2,9,3,and+same+not,and|not|same,person_is:2+same:2+different:1+not:2+and:2,198,KNK,1,KNK,1,KNK,1,KNK,1,KNK,1
row_0707,KNN,4,3,2,2,1,0,12,3,not+or+different,different|not|or,same:4+different:3+not:1+and:2+or:2,310,KNN,1,KNN,1,KNK,0,KNN,1,KNK,0
row_0708,KKK,3,3,1,3,1,1,12,3,or+same+or,or|or|same,person_is:1+same:3+different:3+not:1+and:1+or:3,288,KNK,0,KKK,1,KKK,1,KKK,1,KKK,1
row_0709,KKK,1,1,0,0,2,1,5,2,not+not+same,not|not|same,person_is:1+same:1+different:1+not:2,123,KKK,1,KKK,1,KKK,1,KKK,1,KKK,1
row_0710,KKN,2,0,1,0,2,2,7,3,person_is+same+and,and|person_is|same,person_is:2+same:2+not:2+and:1,150,KKN,1,KKN,1,KKN,1,KKN,1,KKN,1
row_0711,NNN,1,1,1,0,0,2,5,2,person_is+person_is+and,and|person_is|person_is,person_is:2+same:1+different:1+and:1,117,NNN,1,NNN,1,NNN,1,NNN,1,NNN,1
row_0712,NNN,1,2,1,0,0,1,5,2,different+and+different,and|different|different,person_is:1+same:1+different:2+and:1,133,KNN,0,KKN,0,KNN,0,KNN,0,KKN,0
row_0713,KKK,2,3,1,3,1,2,12,3,or+same+or,or|or|same,person_is:2+same:2+different:3+not:1+and:1+or:3,283,KNN,0,KNN,0,KKK,1,KNN,0,KNN,0
row_0714,KNK,1,1,0,4,1,5,12,3,or+person_is+or,or|or|person_is,person_is:5+same:1+different:1+not:1+or:4,228,KNK,1,KNK,1,KNK,1,KNK,1,KNK,1
row_0715,NNN,1,1,2,0,1,3,8,3,person_is+and+not,and|not|person_is,person_is:3+same:1+different:1+not:1+and:2,168,NNN,1,NNN,1,NNN,1,NNN,1,NNN,1
row_0716,KNK,3,0,0,0,1,0,4,2,same+not+same,not|same|same,same:3+not:1,122,KNK,1,KNK,1,KNK,1,KNK,1,KNK,1
row_0717,KKN,2,3,1,2,0,1,9,3,and+person_is+same,and|person_is|same,person_is:1+same:2+different:3+and:1+or:2,228,KNK,0,KKN,1,KKN,1,KNK,0,KNK,0
row_0718,KKN,2,2,2,1,2,2,11,3,and+not+same,and|not|same,person_is:2+same:2+different:2+not:2+and:2+or:1,250,NKK,0,NKK,0,NKK,0,NKK,0,NKK,0
row_0719,NKN,4,3,2,2,2,0,13,3,and+not+or,and|not|or,same:4+different:3+not:2+and:2+or:2,332,NKN,1,NKN,1,NKN,1,NNK,0,NNK,0
row_0720,NKN,3,1,1,3,0,3,11,3,same+or+and,and|or|same,person_is:3+same:3+different:1+and:1+or:3,237,NKN,1,KKN,0,KKN,0,KKN,0,KKN,0
row_0721,KNN,2,1,1,0,1,1,6,3,not+same+person_is,not|person_is|same,person_is:1+same:2+different:1+not:1+and:1,150,NKN,0,NNK,0,NKN,0,KNN,1,KNN,1
row_0722,NKN,0,2,1,0,1,2,6,2,and+not+person_is,and|not|person_is,person_is:2+different:2+not:1+and:1,138,NKN,1,NKN,1,NKN,1,NKN,1,NNK,0
row_0723,KKK,4,3,1,3,1,0,12,3,and+or+same,and|or|same,same:4+different:3+not:1+and:1+or:3,315,KKK,1,KKK,1,NKN,0,KKK,1,KKK,1
row_0724,NNN,0,2,1,0,1,2,6,3,and+different+different,and|different|different,person_is:2+different:2+not:1+and:1,135,NNN,1,NNN,1,NNN,1,NNN,1,NNN,1
row_0725,KKN,3,0,0,0,1,0,4,2,same+not+same,not|same|same,same:3+not:1,118,KKN,1,KKN,1,KKN,1,KKN,1,KKN,1
row_0726,NNN,0,4,3,0,0,2,9,3,different+and+and,and|and|different,person_is:2+different:4+and:3,208,KNK,0,KKN,0,KKN,0,KNK,0,KNK,0
row_0727,KKK,3,0,1,1,0,2,7,2,or+and+person_is,and|or|person_is,person_is:2+same:3+and:1+or:1,155,KKK,1,KKK,1,KKK,1,KKK,1,KKK,1
row_0728,NKN,2,2,1,2,3,2,12,3,not+or+and,and|not|or,person_is:2+same:2+different:2+not:3+and:1+or:2,265,NKN,1,NKN,1,NKN,1,NKN,1,NKN,1
row_0729,NNK,1,2,0,0,1,0,4,2,same+not+different,different|not|same,same:1+different:2+not:1,124,NNK,1,NNK,1,NNK,1,NNK,1,NNK,1
row_0730,NNK,0,2,0,0,3,1,6,3,not+not+different,different|not|not,person_is:1+different:2+not:3,149,NNK,1,NKK,0,NKK,0,NKK,0,NNK,1
row_0731,NNN,1,1,0,0,3,1,6,3,not+different+not,different|not|not,person_is:1+same:1+different:1+not:3,144,NNN,1,NNN,1,NNN,1,NNN,1,NNN,1
row_0732,NNK,1,2,0,1,0,1,5,2,different+person_is+or,different|or|person_is,person_is:1+same:1+different:2+or:1,132,NNK,1,NNK,1,NNK,1,KNK,0,NNK,1
row_0733,NNK,2,0,0,0,2,1,5,2,person_is+not+not,not|not|person_is,person_is:1+same:2+not:2,121,NNK,1,NNK,1,NNK,1,NNK,1,NNK,1
row_0734,KNK,1,3,0,1,0,0,5,2,or+same+different,different|or|same,same:1+different:3+or:1,150,KKN,0,KNK,1,KKN,0,KNK,1,KKK,0
row_0735,NNN,1,3,1,0,0,0,5,2,different+and+different,and|different|different,same:1+different:3+and:1,151,NNN,1,NNN,1,NNN,1,NNN,1,NNN,1
row_0736,KNN,1,0,0,1,1,3,6,3,same+person_is+not,not|person_is|same,person_is:3+same:1+not:1+or:1,117,NNK,0,NNK,0,NNK,0,NNK,0,NNK,0
row_0737,KKN,3,2,2,2,1,2,12,3,and+not+or,and|not|or,person_is:2+same:3+different:2+not:1+and:2+or:2,278,KNK,0,KKN,1,KKN,1,KKN,1,KKN,1
row_0738,NKN,3,1,1,1,0,1,7,2,same+or+and,and|or|same,person_is:1+same:3+different:1+and:1+or:1,178,NKN,1,NKN,1,NKN,1,NKN,1,NKN,1
row_0739,KKN,1,2,1,0,3,1,8,3,not+same+and,and|not|same,person_is:1+same:1+different:2+not:3+and:1,191,KNK,0,KNK,0,KNK,0,KNK,0,KNK,0
row_0740,KNN,3,2,1,1,1,0,8,3,or+same+same,or|same|same,same:3+different:2+not:1+and:1+or:1,221,KNN,1,KNN,1,KNN,1,KNN,1,KNN,1
row_0741,KKK,3,2,1,4,0,3,13,3,or+same+or,or|or|same,person_is:3+same:3+different:2+and:1+or:4,285,KKK,1,KKK,1,KKK,1,KKK,1,KKK,1
row_0742,KNN,1,2,1,0,2,1,7,3,different+and+person_is,and|different|person_is,person_is:1+same:1+different:2+not:2+and:1,176,KKN,0,KKN,0,KKN,0,KKN,0,KKN,0
row_0743,KNN,3,1,1,1,0,1,7,3,and+same+same,and|same|same,person_is:1+same:3+different:1+and:1+or:1,180,KNN,1,KNN,1,KNN,1,KNN,1,KNN,1
row_0744,NKN,0,3,0,0,2,0,5,2,not+different+not,different|not|not,different:3+not:2,142,NKN,1,NKN,1,NKN,1,NKN,1,NKN,1
row_0745,KNN,2,0,0,0,1,1,4,2,person_is+not+same,not|person_is|same,person_is:1+same:2+not:1,101,NNK,0,KNN,1,NKK,0,KNN,1,NNK,0
row_0746,KNN,2,2,1,1,0,1,7,3,or+same+same,or|same|same,person_is:1+same:2+different:2+and:1+or:1,178,KNN,1,KNN,1,KNN,1,KNN,1,KNN,1
row_0747,KKK,2,1,1,1,0,2,7,3,or+person_is+same,or|person_is|same,person_is:2+same:2+different:1+and:1+or:1,165,KKK,1,KKK,1,KKK,1,KKK,1,KKK,1
row_0748,NNN,1,1,1,1,0,3,7,3,or+different+person_is,different|or|person_is,person_is:3+same:1+different:1+and:1+or:1,147,KNK,0,KNK,0,KNK,0,KNK,0,KKN,0
row_0749,KNK,3,0,0,0,1,0,4,2,not+same+same,not|same|same,same:3+not:1,118,KNK,1,KNK,1,KNK,1,KNK,1,KKN,0
row_0750,KKK,2,0,0,0,2,1,5,3,same+not+person_is,not|person_is|same,person_is:1+same:2+not:2,122,KKK,1,KKK,1,KKK,1,KKK,1,KKK,1
row_0751,NKN,3,1,2,1,0,2,9,3,same+or+different,different|or|same,person_is:2+same:3+different:1+and:2+or:1,211,NKN,1,NKN,1,NKN,1,NKN,1,NKN,1
row_0752,NNK,2,2,2,1,3,2,12,3,or+and+person_is,and|or|person_is,person_is:2+same:2+different:2+not:3+and:2+or:1,267,KNK,0,KNK,0,KNK,0,NNK,1,KNK,0
row_0753,NKK,1,2,1,1,0,2,7,3,same+and+different,and|different|same,person_is:2+same:1+different:2+and:1+or:1,163,NKN,0,NKK,1,NKN,0,NKK,1,NKN,0
row_0754,KNK,0,2,1,0,1,2,6,3,person_is+not+different,different|not|person_is,person_is:2+different:2+not:1+and:1,134,KNK,1,KNK,1,KNK,1,KNK,1,KKK,0
row_0755,KNK,1,1,0,0,1,1,4,2,same+different+not,different|not|same,person_is:1+same:1+different:1+not:1,106,NKK,0,NKK,0,NKK,0,KNK,1,NKK,0
row_0756,KNK,0,1,1,2,3,5,12,3,not+or+or,not|or|or,person_is:5+different:1+not:3+and:1+or:2,224,KKK,0,KKK,0,NKN,0,KKK,0,KKK,0
row_0757,KKN,1,1,1,0,0,2,5,2,person_is+and+same,and|person_is|same,person_is:2+same:1+different:1+and:1,111,KKN,1,KKN,1,KKN,1,KKN,1,KKN,1
row_0758,NKK,2,1,1,0,1,1,6,3,same+different+not,different|not|same,person_is:1+same:2+different:1+not:1+and:1,147,NKN,0,NKK,1,NKK,1,NKK,1,NKK,1
row_0759,NNN,1,3,1,0,0,0,5,2,different+different+and,and|different|different,same:1+different:3+and:1,147,NNN,1,NNN,1,NNN,1,NNN,1,NNN,1
row_0760,KNN,1,0,0,0,0,2,3,1,person_is+same+person_is,person_is|person_is|same,person_is:2+same:1,67,NNK,0,NKK,0,NNK,0,NNK,0,NNK,0
row_0761,KNN,4,2,2,2,0,1,11,3,different+and+and,and|and|different,person_is:1+same:4+different:2+and:2+or:2,274,KNN,1,KNN,1,KNN,1,KNN,1,KNN,1
row_0762,KKK,4,0,0,2,0,1,7,3,same+same+or,or|same|same,person_is:1+same:4+or:2,174,KKK,1,KKK,1,KKK,1,KKK,1,KKK,1
row_0763,KKN,1,0,0,0,2,2,5,3,same+not+person_is,not|person_is|same,person_is:2+same:1+not:2,105,KKN,1,KKN,1,KKN,1,KKN,1,KKN,1
row_0764,KNN,2,4,3,0,0,0,9,3,different+same+and,and|different|same,same:2+different:4+and:3,247,NNK,0,KNN,1,KNN,1,KNN,1,KNN,1
row_0765,NKN,1,2,3,0,3,3,12,3,and+not+and,and|and|not,person_is:3+same:1+different:2+not:3+and:3,253,KNN,0,KNN,0,KNN,0,KNN,0,KNK,0
row_0766,NNN,1,3,1,1,2,1,9,3,or+person_is+and,and|or|person_is,person_is:1+same:1+different:3+not:2+and:1+or:1,221,KKN,0,KKN,0,KKN,0,NNN,1,KKN,0
row_0767,KKN,1,1,2,1,1,4,10,3,not+person_is+and,and|not|person_is,person_is:4+same:1+different:1+not:1+and:2+or:1,192,NNN,0,KKN,1,NNN,0,NNN,0,KKN,1
row_0768,NNN,1,1,1,1,1,3,8,3,and+person_is+not,and|not|person_is,person_is:3+same:1+different:1+not:1+and:1+or:1,168,NNN,1,NNN,1,NNN,1,NNN,1,NNN,1
row_0769,NKN,1,1,1,0,1,2,6,3,same+person_is+and,and|person_is|same,person_is:2+same:1+different:1+not:1+and:1,133,NNK,0,NNK,0,NNK,0,KNN,0,KNN,0
row_0770,NKK,1,1,1,1,0,3,7,2,same+or+and,and|or|same,person_is:3+same:1+different:1+and:1+or:1,150,NNK,0,NNK,0,NNK,0,NNK,0,NNK,0
row_0771,NKK,0,2,1,1,1,3,8,3,not+or+person_is,not|or|person_is,person_is:3+different:2+not:1+and:1+or:1,168,NKK,1,NKK,1,NKK,1,KNK,0,NKK,1
row_0772,NKK,1,2,1,0,2,1,7,3,not+and+different,and|different|not,person_is:1+same:1+different:2+not:2+and:1,175,NKN,0,NKN,0,NKN,0,NKK,1,NKN,0
row_0773,KNK,1,1,0,1,0,2,5,2,person_is+same+or,or|person_is|same,person_is:2+same:1+different:1+or:1,115,KNK,1,KNK,1,KNK,1,KNK,1,KNK,1
row_0774,NNN,1,4,2,1,0,1,9,3,different+or+different,different|different|or,person_is:1+same:1+different:4+and:2+or:1,230,NNN,1,NNN,1,NNN,1,NNN,1,NNN,1
row_0775,NNK,2,3,1,2,0,1,9,3,same+and+or,and|or|same,person_is:1+same:2+different:3+and:1+or:2,226,NNK,1,NNK,1,NNK,1,NNK,1,NNK,1
row_0776,KKK,1,0,0,0,2,2,5,3,person_is+person_is+not,not|person_is|person_is,person_is:2+same:1+not:2,110,KKK,1,KKK,1,KKK,1,KKK,1,KKK,1
row_0777,KKN,1,3,2,0,1,1,8,3,different+not+and,and|different|not,person_is:1+same:1+different:3+not:1+and:2,199,KNK,0,KKN,1,KKN,1,KKN,1,KKN,1
row_0778,KNN,1,2,1,1,0,2,7,3,different+and+different,and|different|different,person_is:2+same:1+different:2+and:1+or:1,163,KNN,1,KNN,1,KNN,1,KNN,1,KNN,1
row_0779,KNN,1,2,0,0,2,0,5,3,different+different+not,different|different|not,same:1+different:2+not:2,142,KNN,1,KNN,1,KNN,1,KNN,1,KNN,1
row_0780,NKN,0,3,0,0,1,0,4,2,different+different+not,different|different|not,different:3+not:1,124,NKN,1,NKN,1,NKN,1,NKN,1,NKN,1
row_0781,KNN,4,1,1,3,2,2,13,3,and+or+not,and|not|or,person_is:2+same:4+different:1+not:2+and:1+or:3,293,NNK,0,NNK,0,NNK,0,NNK,0,NNK,0
row_0782,NNK,1,2,0,0,2,0,5,3,same+not+different,different|not|same,same:1+different:2+not:2,140,NNK,1,NNK,1,NNK,1,NNK,1,NNK,1
row_0783,NKK,0,3,2,0,1,2,8,3,person_is+and+not,and|not|person_is,person_is:2+different:3+not:1+and:2,184,KNN,0,KNN,0,KNN,0,NNK,0,KNN,0
row_0784,NNN,2,2,1,1,1,1,8,3,not+person_is+and,and|not|person_is,person_is:1+same:2+different:2+not:1+and:1+or:1,199,NNN,1,NNN,1,NNN,1,NNN,1,NNN,1
row_0785,KNN,2,1,1,1,0,2,7,3,or+same+different,different|or|same,person_is:2+same:2+different:1+and:1+or:1,157,KNN,1,KNN,1,KNN,1,KNN,1,KNN,1
row_0786,KKK,1,0,0,0,2,2,5,3,person_is+same+not,not|person_is|same,person_is:2+same:1+not:2,106,KKK,1,KKK,1,KKK,1,KKK,1,KKK,1
row_0787,KKK,2,1,0,0,3,0,6,3,not+not+same,not|not|same,same:2+different:1+not:3,158,KKK,1,KKK,1,KKK,1,KKK,1,KKK,1
row_0788,NKK,1,0,1,0,0,3,5,2,and+person_is+same,and|person_is|same,person_is:3+same:1+and:1,98,NKK,1,NKK,1,NKK,1,NKK,1,NKN,0
row_0789,KKK,2,1,1,1,0,2,7,3,same+and+same,and|same|same,person_is:2+same:2+different:1+and:1+or:1,161,NKN,0,NKN,0,NKK,0,NKK,0,NKK,0
row_0790,KNK,0,1,0,1,1,3,6,3,different+person_is+or,different|or|person_is,person_is:3+different:1+not:1+or:1,119,KNK,1,KNK,1,KNK,1,KNK,1,KNK,1
row_0791,KNK,0,2,1,1,0,3,7,3,or+person_is+person_is,or|person_is|person_is,person_is:3+different:2+and:1+or:1,148,KNK,1,KNK,1,KNK,1,KNK,1,KNK,1
row_0792,NKN,1,1,0,1,1,2,6,3,not+different+person_is,different|not|person_is,person_is:2+same:1+different:1+not:1+or:1,131,NNK,0,NNK,0,NKN,1,NNK,0,NNK,0
row_0793,KNK,1,4,0,2,0,0,7,3,different+different+or,different|different|or,same:1+different:4+or:2,200,KNK,1,KNK,1,KNK,1,KNK,1,KNK,1
row_0794,NNN,0,2,1,0,0,2,5,2,different+person_is+and,and|different|person_is,person_is:2+different:2+and:1,119,NNN,1,NNN,1,NNN,1,NNN,1,NNN,1
row_0795,NNK,1,3,3,1,3,3,14,3,and+and+and,and|and|and,person_is:3+same:1+different:3+not:3+and:3+or:1,306,NNK,1,NNK,1,NNK,1,NNK,1,NNK,1
row_0796,NKK,2,3,0,2,2,0,9,3,different+or+not,different|not|or,same:2+different:3+not:2+or:2,236,KKN,0,KKN,0,KKN,0,KKN,0,KKN,0
row_0797,NNK,1,0,0,0,1,2,4,2,not+same+person_is,not|person_is|same,person_is:2+same:1+not:1,87,NNK,1,NNK,1,NNK,1,KNN,0,NNK,1
row_0798,NNK,2,1,1,0,2,1,7,3,not+and+same,and|not|same,person_is:1+same:2+different:1+not:2+and:1,173,NNK,1,KNK,0,NNK,1,KNK,0,KNK,0
row_0799,NKK,2,3,2,0,1,0,8,3,not+and+same,and|not|same,same:2+different:3+not:1+and:2,216,NKN,0,NKK,1,NKK,1,NKK,1,NKK,1
row_0800,NNN,2,2,1,0,1,0,6,2,different+and+not,and|different|not,same:2+different:2+not:1+and:1,167,KKN,0,KKN,0,NNN,1,KKN,0,KKN,0
row_0801,KNK,4,1,0,3,0,1,9,3,or+different+or,different|or|or,person_is:1+same:4+different:1+or:3,226,KNK,1,KKN,0,KNK,1,KKN,0,KKN,0
row_0802,NNN,0,1,1,0,0,3,5,2,person_is+and+different,and|different|person_is,person_is:3+different:1+and:1,101,NNN,1,NNN,1,NNN,1,NNN,1,NNN,1
row_0803,KNK,1,1,0,0,1,1,4,2,not+person_is+different,different|not|person_is,person_is:1+same:1+different:1+not:1,103,KNK,1,KNK,1,NNN,0,KNK,1,KNK,1
row_0804,NKN,3,0,2,1,0,3,9,3,same+person_is+or,or|person_is|same,person_is:3+same:3+and:2+or:1,189,NNK,0,NNK,0,NNK,0,NNK,0,NNK,0
row_0805,KNK,1,3,0,1,1,0,6,2,different+not+or,different|not|or,same:1+different:3+not:1+or:1,168,KNK,1,KNK,1,KNK,1,KNK,1,KNK,1
row_0806,NKN,1,2,1,0,1,1,6,3,and+different+same,and|different|same,person_is:1+same:1+different:2+not:1+and:1,150,NKN,1,NKN,1,NKN,1,NKN,1,NKN,1
row_0807,KNK,1,4,0,2,1,0,8,3,different+same+or,different|or|same,same:1+different:4+not:1+or:2,220,KNK,1,KNK,1,KNK,1,KNK,1,KNK,1
row_0808,NNN,2,3,2,1,2,1,11,3,not+person_is+and,and|not|person_is,person_is:1+same:2+different:3+not:2+and:2+or:1,268,NNN,1,NNN,1,KNN,0,KNN,0,KNN,0
row_0809,KNK,2,0,1,2,0,4,9,2,or+and+or,and|or|or,person_is:4+same:2+and:1+or:2,168,KNK,1,KNK,1,KNK,1,KNK,1,KNK,1
row_0810,NNN,1,2,2,0,1,2,8,3,not+and+different,and|different|not,person_is:2+same:1+different:2+not:1+and:2,181,KNK,0,KNK,0,KNK,0,KNK,0,KNN,0
row_0811,KNK,1,1,0,0,0,1,3,1,different+same+person_is,different|person_is|same,person_is:1+same:1+different:1,84,NKK,0,NKN,0,NKK,0,KNK,1,NKN,0
row_0812,KKK,2,0,0,0,1,1,4,2,same+same+not,not|same|same,person_is:1+same:2+not:1,101,KKK,1,KKK,1,KKK,1,KKK,1,KKK,1
row_0813,KNN,2,2,1,2,1,2,10,3,or+same+and,and|or|same,person_is:2+same:2+different:2+not:1+and:1+or:2,230,KNN,1,KNN,1,KNK,0,KNN,1,KNK,0
row_0814,NKN,3,0,1,0,2,1,7,2,and+not+not,and|not|not,person_is:1+same:3+not:2+and:1,166,NKN,1,NKN,1,NKN,1,NKN,1,NKN,1
row_0815,KKK,1,0,0,0,1,2,4,2,person_is+not+same,not|person_is|same,person_is:2+same:1+not:1,87,KKK,1,KKK,1,KKK,1,KKK,1,KKK,1
row_0816,KKN,1,3,1,2,0,2,9,3,person_is+and+or,and|or|person_is,person_is:2+same:1+different:3+and:1+or:2,212,KNN,0,KNN,0,KNN,0,KNN,0,KNN,0
row_0817,KNK,2,1,0,0,2,0,5,2,not+same+not,not|not|same,same:2+different:1+not:2,140,KNK,1,KNK,1,KNK,1,KNK,1,KNK,1
row_0818,NNK,3,1,1,1,0,1,7,3,different+same+or,different|or|same,person_is:1+same:3+different:1+and:1+or:1,172,NNK,1,NNK,1,NNK,1,KNK,0,KNK,0
row_0819,NKN,0,2,0,0,2,1,5,2,not+different+not,different|not|not,person_is:1+different:2+not:2,125,NKN,1,NKN,1,NKN,1,NKN,1,NKN,1
row_0820,KKN,1,3,0,3,0,2,9,3,or+or+different,different|or|or,person_is:2+same:1+different:3+or:3,212,KKN,1,KKN,1,KKN,1,KKN,1,KKN,1
row_0821,NKK,4,1,2,0,0,0,7,3,and+same+same,and|same|same,same:4+different:1+and:2,188,NKK,1,NKK,1,NKK,1,NKK,1,NKK,1
row_0822,NNK,2,1,0,1,0,1,5,2,same+different+or,different|or|same,person_is:1+same:2+different:1+or:1,129,NKN,0,NKN,0,NKN,0,NKN,0,NKN,0
row_0823,NKN,1,1,1,0,0,2,5,2,and+different+person_is,and|different|person_is,person_is:2+same:1+different:1+and:1,112,NKN,1,NKN,1,NKN,1,NKN,1,NKN,1
row_0824,NNK,2,1,0,1,0,1,5,2,same+same+or,or|same|same,person_is:1+same:2+different:1+or:1,129,NNK,1,NNK,1,NNK,1,NNK,1,NNK,1
row_0825,NKK,1,2,1,2,1,3,10,3,same+or+or,or|or|same,person_is:3+same:1+different:2+not:1+and:1+or:2,215,NKK,1,NKK,1,NKK,1,NKK,1,NKK,1
row_0826,KKK,6,0,1,3,0,1,11,3,or+same+or,or|or|same,person_is:1+same:6+and:1+or:3,265,KKK,1,KKK,1,KKK,1,KKK,1,KKK,1
row_0827,KNN,0,3,1,1,0,2,7,3,person_is+and+different,and|different|person_is,person_is:2+different:3+and:1+or:1,164,KNN,1,KNN,1,NNK,0,NNK,0,NNK,0
row_0828,KKN,3,2,1,1,0,0,7,3,same+or+same,or|same|same,same:3+different:2+and:1+or:1,195,KKN,1,KKN,1,KKN,1,KKN,1,KKN,1
row_0829,KNN,0,2,1,0,3,2,8,3,not+and+not,and|not|not,person_is:2+different:2+not:3+and:1,174,NNK,0,KNN,1,NNK,0,KNN,1,KNN,1
row_0830,KKN,2,1,0,0,0,0,3,1,different+same+same,different|same|same,same:2+different:1,98,KKN,1,KKN,1,KKN,1,KKN,1,KKN,1
row_0831,NNK,1,2,0,0,1,0,4,2,not+different+same,different|not|same,same:1+different:2+not:1,122,NNK,1,NNK,1,NNK,1,NNK,1,NNK,1
row_0832,NNN,0,2,0,0,1,1,4,2,different+not+different,different|different|not,person_is:1+different:2+not:1,107,NNN,1,NNN,1,NNN,1,NNN,1,NNN,1
row_0833,KKN,6,1,4,2,1,2,16,3,and+and+and,and|and|and,person_is:2+same:6+different:1+not:1+and:4+or:2,362,KKN,1,KKN,1,KKN,1,KKN,1,KKN,1
row_0834,NNN,1,2,2,2,0,4,11,3,or+and+different,and|different|or,person_is:4+same:1+different:2+and:2+or:2,225,KNK,0,KNK,0,KNK,0,KNK,0,KNK,0
row_0835,KNK,3,0,0,2,0,2,7,3,person_is+same+or,or|person_is|same,person_is:2+same:3+or:2,159,KNK,1,KNK,1,KNK,1,KNK,1,KNK,1
row_0836,NKN,1,3,1,3,1,3,12,3,and+or+different,and|different|or,person_is:3+same:1+different:3+not:1+and:1+or:3,268,NKN,1,NKN,1,NKN,1,NKN,1,NKN,1
row_0837,NNN,0,2,0,1,0,2,5,2,or+person_is+different,different|or|person_is,person_is:2+different:2+or:1,122,NNN,1,NNN,1,NNN,1,NNN,1,NNN,1
row_0838,NNN,0,3,0,1,0,1,5,2,different+different+or,different|different|or,person_is:1+different:3+or:1,136,NNN,1,NNN,1,NNN,1,NNN,1,NNN,1
row_0839,KNK,1,3,0,1,0,0,5,2,or+same+different,different|or|same,same:1+different:3+or:1,150,KNK,1,KNK,1,KNK,1,KNK,1,KNK,1
row_0840,KNN,3,1,0,1,1,0,6,2,or+same+not,not|or|same,same:3+different:1+not:1+or:1,168,KNN,1,KNN,1,KNN,1,KNN,1,KNN,1
row_0841,KKK,2,0,0,0,0,1,3,1,person_is+same+same,person_is|same|same,person_is:1+same:2,86,KKK,1,KKK,1,KKK,1,KKK,1,KKK,1
row_0842,KNK,1,2,0,1,2,1,7,3,not+or+different,different|not|or,person_is:1+same:1+different:2+not:2+or:1,171,KNK,1,KNK,1,KNK,1,KNK,1,KNK,1
row_0843,KKK,2,2,1,2,1,2,10,3,person_is+or+or,or|or|person_is,person_is:2+same:2+different:2+not:1+and:1+or:2,233,KKK,1,KKK,1,KKK,1,KKK,1,KKK,1
row_0844,KKK,3,1,0,2,0,1,7,3,or+same+same,or|same|same,person_is:1+same:3+different:1+or:2,178,KKK,1,KKK,1,KKK,1,KKK,1,KKK,1
row_0845,KKK,4,0,0,1,0,0,5,2,same+same+or,or|same|same,same:4+or:1,146,KKK,1,KKK,1,KKK,1,KKK,1,KKK,1
row_0846,KNN,3,1,1,0,0,0,5,2,same+same+and,and|same|same,same:3+different:1+and:1,143,KNN,1,KKK,0,KKK,0,KKN,0,KKK,0
row_0847,NKK,2,1,1,0,4,1,9,3,not+and+not,and|not|not,person_is:1+same:2+different:1+not:4+and:1,209,NKK,1,NKK,1,NKK,1,NKK,1,NKK,1
row_0848,KNN,1,1,1,1,2,3,9,3,and+not+different,and|different|not,person_is:3+same:1+different:1+not:2+and:1+or:1,186,NNK,0,NNK,0,NNK,0,NNK,0,NNK,0
row_0849,NKN,3,4,3,2,1,1,14,3,and+or+and,and|and|or,person_is:1+same:3+different:4+not:1+and:3+or:2,340,NKN,1,NKN,1,NKN,1,NKN,1,NKN,1
row_0850,KKK,2,0,0,0,0,1,3,1,same+same+person_is,person_is|same|same,person_is:1+same:2,82,KKK,1,KKK,1,KKK,1,KKK,1,KKK,1
row_0851,NNK,1,3,0,2,1,1,8,3,or+different+different,different|different|or,person_is:1+same:1+different:3+not:1+or:2,202,NNK,1,NNK,1,NKN,0,NKN,0,NNK,1
row_0852,NKK,1,1,1,0,0,2,5,2,and+person_is+person_is,and|person_is|person_is,person_is:2+same:1+different:1+and:1,116,NKK,1,NKK,1,NKN,0,NKK,1,NKN,0
row_0853,KKN,2,1,1,1,1,2,8,3,different+or+person_is,different|or|person_is,person_is:2+same:2+different:1+not:1+and:1+or:1,178,KKN,1,KKN,1,KKN,1,KKN,1,KKN,1
row_0854,NNN,2,1,0,1,2,1,7,3,not+not+different,different|not|not,person_is:1+same:2+different:1+not:2+or:1,173,NNN,1,NNN,1,NNN,1,NNN,1,NNN,1
row_0855,KNK,2,0,2,1,0,4,9,3,and+person_is+and,and|and|person_is,person_is:4+same:2+and:2+or:1,176,NKN,0,NKN,0,NKN,0,KNN,0,KNN,0
row_0856,NNN,0,2,0,0,2,1,5,3,different+not+different,different|different|not,person_is:1+different:2+not:2,128,NNN,1,NNN,1,NNN,1,NNN,1,NNN,1
row_0857,NNK,1,2,1,0,0,1,5,2,person_is+and+same,and|person_is|same,person_is:1+same:1+different:2+and:1,129,NNK,1,NNK,1,NNK,1,NNK,1,NNK,1
row_0858,KKK,2,0,1,1,1,3,8,3,not+same+or,not|or|same,person_is:3+same:2+not:1+and:1+or:1,163,KKK,1,KKK,1,KKK,1,KKK,1,KKK,1
row_0859,KNN,2,1,0,1,1,1,6,3,not+person_is+same,not|person_is|same,person_is:1+same:2+different:1+not:1+or:1,153,KNN,1,KNN,1,KNN,1,KNN,1,KNN,1
row_0860,NNN,0,1,0,0,2,2,5,3,not+person_is+different,different|not|person_is,person_is:2+different:1+not:2,110,NNN,1,NNN,1,NNN,1,NNN,1,NNN,1
row_0861,KKK,2,1,1,0,1,1,6,2,not+same+and,and|not|same,person_is:1+same:2+different:1+not:1+and:1,153,KKK,1,KKK,1,KKK,1,KKK,1,KKK,1
row_0862,NNK,2,0,0,0,2,1,5,2,same+not+not,not|not|same,person_is:1+same:2+not:2,122,NKK,0,NKK,0,NKK,0,NKK,0,NKK,0
row_0863,NKK,1,3,0,2,0,1,7,3,same+different+or,different|or|same,person_is:1+same:1+different:3+or:2,182,NKK,1,NKK,1,NKK,1,NKK,1,NKK,1
row_0864,NNN,0,2,3,0,0,4,9,3,person_is+and+and,and|and|person_is,person_is:4+different:2+and:3,177,NNN,1,NNN,1,NNN,1,NNN,1,NNN,1
row_0865,NKK,0,3,0,0,2,0,5,2,not+not+different,different|not|not,different:3+not:2,144,NKK,1,NKK,1,NKK,1,NKK,1,NKK,1
row_0866,NKK,3,1,1,1,2,1,9,3,not+or+person_is,not|or|person_is,person_is:1+same:3+different:1+not:2+and:1+or:1,218,NKK,1,NKK,1,NKK,1,KKN,0,NKK,1
row_0867,NKN,2,1,2,0,0,2,7,3,and+person_is+same,and|person_is|same,person_is:2+same:2+different:1+and:2,163,NKN,1,NKN,1,NKN,1,NKN,1,NKN,1
row_0868,KKN,1,2,0,1,1,1,6,3,different+different+or,different|different|or,person_is:1+same:1+different:2+not:1+or:1,157,KKN,1,KKN,1,KKN,1,KKN,1,KKN,1
row_0869,KKK,2,0,0,0,0,1,3,1,person_is+same+same,person_is|same|same,person_is:1+same:2,80,KKK,1,KKK,1,KKK,1,KKK,1,KKK,1
row_0870,NNK,1,0,1,0,0,3,5,2,person_is+and+person_is,and|person_is|person_is,person_is:3+same:1+and:1,93,NNK,1,NNK,1,NNK,1,NNK,1,NNK,1
row_0871,NNN,0,5,1,1,0,0,7,3,different+or+different,different|different|or,different:5+and:1+or:1,203,NNN,1,NNN,1,NNN,1,NNN,1,NNN,1
row_0872,KNN,0,2,0,2,0,3,7,3,or+different+different,different|different|or,person_is:3+different:2+or:2,145,KNN,1,KNN,1,KNN,1,KNN,1,KNN,1
row_0873,NNN,1,1,0,1,1,2,6,3,person_is+not+different,different|not|person_is,person_is:2+same:1+different:1+not:1+or:1,135,NNN,1,NNN,1,NNN,1,NNN,1,NNN,1
row_0874,KNK,3,0,0,0,1,0,4,2,same+same+not,not|same|same,same:3+not:1,118,KNK,1,KNK,1,KNK,1,KNK,1,KNK,1
row_0875,NNN,2,0,1,1,2,3,9,3,not+not+person_is,not|not|person_is,person_is:3+same:2+not:2+and:1+or:1,180,NNN,1,KNN,0,KNN,0,KNN,0,KNN,0
row_0876,KNK,0,2,1,0,1,2,6,3,person_is+and+person_is,and|person_is|person_is,person_is:2+different:2+not:1+and:1,138,NKN,0,KNK,1,NKN,0,KNK,1,KNK,1
row_0877,KKN,1,3,0,1,0,0,5,2,different+same+or,different|or|same,same:1+different:3+or:1,150,KNN,0,KKN,1,KKN,1,KKN,1,KKN,1
row_0878,NKK,2,1,2,0,0,2,7,3,same+and+same,and|same|same,person_is:2+same:2+different:1+and:2,161,NKK,1,NKK,1,NKK,1,NKK,1,NKK,1
row_0879,KKK,3,2,1,2,3,1,12,3,or+or+and,and|or|or,person_is:1+same:3+different:2+not:3+and:1+or:2,282,KKK,1,KKK,1,KKK,1,KKK,1,KKK,1
row_0880,NNK,1,3,0,2,2,1,9,3,not+not+or,not|not|or,person_is:1+same:1+different:3+not:2+or:2,221,NNK,1,NNK,1,NNK,1,NNK,1,NNK,1
row_0881,KNK,2,2,1,1,2,1,9,3,not+or+same,not|or|same,person_is:1+same:2+different:2+not:2+and:1+or:1,223,KNK,1,KNK,1,KNK,1,KNK,1,KNK,1
row_0882,NNN,2,2,0,2,1,1,8,3,not+different+or,different|not|or,person_is:1+same:2+different:2+not:1+or:2,200,NNN,1,NNN,1,NNN,1,NNN,1,NNN,1
row_0883,KNK,1,1,0,1,1,2,6,2,or+person_is+not,not|or|person_is,person_is:2+same:1+different:1+not:1+or:1,133,KNN,0,KNN,0,KNN,0,KNK,1,KNK,1
row_0884,KNK,1,3,1,1,1,1,8,3,different+and+or,and|different|or,person_is:1+same:1+different:3+not:1+and:1+or:1,199,KNK,1,KNK,1,NNN,0,KNK,1,NKK,0
row_0885,KNN,1,1,2,0,0,3,7,3,same+person_is+and,and|person_is|same,person_is:3+same:1+different:1+and:2,143,NNK,0,KNN,1,NNK,0,NNK,0,NNK,0
row_0886,NNN,0,2,1,0,1,2,6,3,person_is+different+and,and|different|person_is,person_is:2+different:2+not:1+and:1,135,NNN,1,NNN,1,NNN,1,NNN,1,NNN,1
row_0887,KKN,3,0,1,1,1,2,8,3,and+person_is+or,and|or|person_is,person_is:2+same:3+not:1+and:1+or:1,180,KKN,1,KKN,1,KKN,1,KKN,1,KKN,1
row_0888,NKN,3,1,1,1,0,1,7,3,same+same+and,and|same|same,person_is:1+same:3+different:1+and:1+or:1,179,NKN,1,NKN,1,NKN,1,NKN,1,NKN,1
row_0889,NKK,0,3,1,1,2,2,9,3,not+not+different,different|not|not,person_is:2+different:3+not:2+and:1+or:1,204,KNK,0,KKN,0,KKN,0,KKN,0,NKK,1
row_0890,NNK,1,1,0,1,1,2,6,3,person_is+same+or,or|person_is|same,person_is:2+same:1+different:1+not:1+or:1,132,NNK,1,NNK,1,NNK,1,NNK,1,NNK,1
row_0891,KKN,2,1,0,0,1,0,4,2,not+different+same,different|not|same,same:2+different:1+not:1,118,NKK,0,KKN,1,NKK,0,KKN,1,NKK,0
row_0892,NNK,1,1,1,0,0,2,5,2,and+same+different,and|different|same,person_is:2+same:1+different:1+and:1,115,NNK,1,NNK,1,NNK,1,NNK,1,NNK,1
row_0893,NNK,3,1,1,1,0,1,7,3,person_is+and+different,and|different|person_is,person_is:1+same:3+different:1+and:1+or:1,181,NNK,1,NNK,1,NNK,1,NNK,1,NNK,1
row_0894,KKK,2,1,0,0,1,0,4,2,same+not+same,not|same|same,same:2+different:1+not:1,118,KKK,1,KKK,1,KKK,1,KKK,1,KKK,1
row_0895,NNN,1,3,1,1,0,1,7,3,different+different+or,different|different|or,person_is:1+same:1+different:3+and:1+or:1,183,NNN,1,NNN,1,NNN,1,NNN,1,NNN,1
row_0896,KKN,1,2,0,0,1,0,4,2,not+different+same,different|not|same,same:1+different:2+not:1,124,KKN,1,KKN,1,KKN,1,KKN,1,KKN,1
row_0897,NNN,1,3,2,1,0,2,9,3,person_is+and+and,and|and|person_is,person_is:2+same:1+different:3+and:2+or:1,214,NNN,1,NNN,1,NNN,1,NNN,1,NNN,1
row_0898,NKK,3,0,2,2,0,4,11,3,same+or+and,and|or|same,person_is:4+same:3+and:2+or:2,222,NKK,1,NKK,1,NKK,1,KKK,0,KKK,0
row_0899,NNK,2,1,2,0,0,2,7,3,and+same+different,and|different|same,person_is:2+same:2+different:1+and:2,157,NNK,1,NNK,1,NNK,1,NNK,1,NNK,1
row_0900,KNN,1,1,1,3,0,5,11,3,or+person_is+or,or|or|person_is,person_is:5+same:1+different:1+and:1+or:3,203,NKK,0,NKK,0,NKK,0,NKK,0,NKK,0
row_0901,KKN,1,1,0,0,2,1,5,3,different+person_is+not,different|not|person_is,person_is:1+same:1+different:1+not:2,128,KKN,1,KKN,1,KKN,1,KKN,1,KKN,1
row_0902,NKN,0,2,1,0,2,2,7,3,person_is+not+and,and|not|person_is,person_is:2+different:2+not:2+and:1,158,NKN,1,NKN,1,NKN,1,NKN,1,NNN,0
row_0903,NKK,1,2,1,0,2,1,7,3,and+different+not,and|different|not,person_is:1+same:1+different:2+not:2+and:1,170,NKN,0,NKN,0,NKK,1,NKN,0,NKK,1
row_0904,KKN,1,3,0,1,1,0,6,3,different+or+same,different|or|same,same:1+different:3+not:1+or:1,172,KKN,1,KKN,1,KKN,1,KKN,1,KKN,1
row_0905,KNN,4,1,1,1,1,0,8,3,not+and+same,and|not|same,same:4+different:1+not:1+and:1+or:1,213,KNN,1,KNN,1,KNN,1,KNN,1,KNN,1
row_0906,KNN,2,1,1,1,1,2,8,3,different+same+or,different|or|same,person_is:2+same:2+different:1+not:1+and:1+or:1,182,NKN,0,NKN,0,NKN,0,KNN,1,NNN,0
row_0907,NKK,1,1,0,1,1,2,6,3,not+person_is+person_is,not|person_is|person_is,person_is:2+same:1+different:1+not:1+or:1,133,NKK,1,NKK,1,NKK,1,NKK,1,NKK,1
row_0908,KNN,1,1,0,0,2,1,5,3,different+not+same,different|not|same,person_is:1+same:1+different:1+not:2,124,NNK,0,NNK,0,NNK,0,KNN,1,NNN,0
row_0909,KKK,4,1,3,0,1,1,10,3,and+and+same,and|and|same,person_is:1+same:4+different:1+not:1+and:3,239,KKK,1,KKK,1,KKK,1,KKK,1,KKK,1
row_0910,KKK,2,1,1,1,0,2,7,3,person_is+same+or,or|person_is|same,person_is:2+same:2+different:1+and:1+or:1,161,KKK,1,KKK,1,KKK,1,KKK,1,KKK,1
row_0911,NNN,3,0,1,1,2,2,9,3,not+and+not,and|not|not,person_is:2+same:3+not:2+and:1+or:1,199,NNN,1,KNK,0,KNK,0,KNK,0,KNK,0
row_0912,NNK,1,4,3,2,1,3,14,3,and+or+or,and|or|or,person_is:3+same:1+different:4+not:1+and:3+or:2,312,NKN,0,NKK,0,NKK,0,NKK,0,NKN,0
row_0913,NNK,1,1,0,1,0,2,5,2,or+person_is+different,different|or|person_is,person_is:2+same:1+different:1+or:1,115,KNN,0,KNN,0,KNN,0,KNN,0,KNK,0
row_0914,KKK,2,1,0,0,1,0,4,2,not+same+same,not|same|same,same:2+different:1+not:1,122,KKK,1,KKK,1,KKK,1,KKK,1,KKK,1
row_0915,NNN,1,3,2,0,0,1,7,2,different+and+and,and|and|different,person_is:1+same:1+different:3+and:2,177,NNN,1,KNK,0,NNN,1,NNN,1,NNN,1
row_0916,KNN,3,1,1,1,1,1,8,3,or+same+same,or|same|same,person_is:1+same:3+different:1+not:1+and:1+or:1,200,KNN,1,KNN,1,KNN,1,KNN,1,KNN,1
row_0917,KKK,3,1,0,1,1,0,6,3,same+or+same,or|same|same,same:3+different:1+not:1+or:1,170,KKK,1,KKK,1,KKK,1,KKK,1,KKK,1
row_0918,KNK,1,1,0,0,1,1,4,2,different+not+person_is,different|not|person_is,person_is:1+same:1+different:1+not:1,103,KNK,1,KNK,1,KNK,1,KNK,1,KNK,1
row_0919,NKK,1,2,0,0,2,0,5,3,not+different+same,different|not|same,same:1+different:2+not:2,140,NKK,1,NKK,1,NKK,1,NKK,1,NKK,1
row_0920,KKK,5,2,1,3,1,0,12,3,or+same+or,or|or|same,same:5+different:2+not:1+and:1+or:3,311,KKK,1,KKK,1,KKK,1,KNN,0,KKK,1
row_0921,KNK,4,0,1,0,1,0,6,3,same+and+same,and|same|same,same:4+not:1+and:1,165,KNK,1,KNK,1,KNK,1,KNK,1,KNK,1
row_0922,NKN,2,0,0,1,0,2,5,2,person_is+or+same,or|person_is|same,person_is:2+same:2+or:1,110,NKN,1,NKN,1,NKN,1,NKN,1,NKN,1
row_0923,KKK,2,1,1,0,1,1,6,3,same+same+not,not|same|same,person_is:1+same:2+different:1+not:1+and:1,150,KKK,1,KKK,1,KKK,1,KKK,1,KKK,1
row_0924,NNN,3,2,3,0,0,1,9,3,person_is+different+and,and|different|person_is,person_is:1+same:3+different:2+and:3,221,NNN,1,NNN,1,NNN,1,NNN,1,NNN,1
row_0925,KNK,3,3,2,1,1,0,10,3,different+and+and,and|and|different,same:3+different:3+not:1+and:2+or:1,262,KNK,1,KKN,0,KNK,1,KNK,1,KKN,0
row_0926,KNK,0,2,2,0,0,3,7,3,person_is+and+person_is,and|person_is|person_is,person_is:3+different:2+and:2,146,NNN,0,KNK,1,NNN,0,NNN,0,NNN,0
row_0927,NKK,2,2,1,2,0,2,9,3,same+or+person_is,or|person_is|same,person_is:2+same:2+different:2+and:1+or:2,210,NNK,0,NNK,0,NKK,1,NKK,1,NKK,1
row_0928,KNK,0,3,0,2,1,2,8,3,or+not+different,different|not|or,person_is:2+different:3+not:1+or:2,186,KNK,1,KNK,1,KNK,1,KNK,1,KNK,1
row_0929,KKN,1,2,0,1,1,1,6,3,or+different+same,different|or|same,person_is:1+same:1+different:2+not:1+or:1,151,KKN,1,KKN,1,KKN,1,KKN,1,KKN,1
row_0930,NNN,1,2,1,0,0,1,5,2,different+and+person_is,and|different|person_is,person_is:1+same:1+different:2+and:1,131,NNN,1,NNN,1,NNN,1,NNN,1,NNN,1
row_0931,KKN,2,3,2,1,1,1,10,3,not+or+and,and|not|or,person_is:1+same:2+different:3+not:1+and:2+or:1,244,NNN,0,KNN,0,NNN,0,KNN,0,NNN,0
row_0932,KKN,2,2,1,0,1,0,6,2,and+not+same,and|not|same,same:2+different:2+not:1+and:1,169,KKN,1,KKN,1,KKN,1,KKN,1,KKN,1
row_0933,NNK,1,2,2,1,0,3,9,3,person_is+or+different,different|or|person_is,person_is:3+same:1+different:2+and:2+or:1,196,NNN,0,NNK,1,NNK,1,NNK,1,NNK,1
row_0934,NKK,0,4,3,0,2,2,11,3,not+and+not,and|not|not,person_is:2+different:4+not:2+and:3,251,NKN,0,KNK,0,KNK,0,KNK,0,KNK,0
row_0935,NNN,2,3,3,0,0,1,9,3,person_is+and+and,and|and|person_is,person_is:1+same:2+different:3+and:3,227,NNN,1,KNK,0,KNK,0,NNN,1,KNK,0
row_0936,NNK,1,0,0,1,1,3,6,3,or+person_is+same,or|person_is|same,person_is:3+same:1+not:1+or:1,116,KNN,0,KKN,0,KKN,0,KKN,0,KKN,0
row_0937,KKN,1,1,0,1,2,2,7,3,not+or+person_is,not|or|person_is,person_is:2+same:1+different:1+not:2+or:1,153,KKN,1,KKN,1,KKN,1,KKN,1,KKN,1
row_0938,NNK,2,2,1,2,0,2,9,3,or+person_is+or,or|or|person_is,person_is:2+same:2+different:2+and:1+or:2,210,KNK,0,KNK,0,KNK,0,KNN,0,KNK,0
row_0939,NKN,2,3,2,1,0,1,9,3,and+different+or,and|different|or,person_is:1+same:2+different:3+and:2+or:1,223,NKN,1,NKK,0,NKN,1,NKK,0,NNN,0
row_0940,NNK,1,1,0,0,2,1,5,3,different+person_is+not,different|not|person_is,person_is:1+same:1+different:1+not:2,124,NNK,1,NNK,1,NNK,1,NNK,1,NNK,1
row_0941,NKN,1,2,1,1,1,2,8,3,not+or+different,different|not|or,person_is:2+same:1+different:2+not:1+and:1+or:1,185,NKN,1,NKN,1,NKN,1,NKN,1,NKN,1
row_0942,KKN,1,2,0,0,2,0,5,2,not+not+different,different|not|not,same:1+different:2+not:2,142,KKN,1,KKN,1,KKN,1,KKN,1,KKN,1
row_0943,NKK,2,4,3,2,0,2,13,3,or+and+or,and|or|or,person_is:2+same:2+different:4+and:3+or:2,304,NNK,0,NNK,0,NNK,0,NNK,0,NNN,0
row_0944,NNN,1,5,2,3,0,2,13,3,different+and+and,and|and|different,person_is:2+same:1+different:5+and:2+or:3,305,NNN,1,KKN,0,NNN,1,NNN,1,NNN,1
row_0945,NNK,1,2,0,1,0,1,5,2,or+different+different,different|different|or,person_is:1+same:1+different:2+or:1,132,NNK,1,NNK,1,NNK,1,NNK,1,NNK,1
row_0946,KNN,5,1,2,1,1,0,10,3,not+or+same,not|or|same,same:5+different:1+not:1+and:2+or:1,256,KKN,0,KKN,0,KKN,0,KKN,0,KKN,0
row_0947,NNK,1,3,2,0,2,1,9,3,not+different+not,different|not|not,person_is:1+same:1+different:3+not:2+and:2,220,NKN,0,NKK,0,NKK,0,NKK,0,NNK,1
row_0948,NNK,2,1,1,0,0,1,5,2,person_is+same+and,and|person_is|same,person_is:1+same:2+different:1+and:1,129,NNK,1,NNK,1,NNK,1,NNK,1,NNK,1
row_0949,KKN,3,1,2,1,0,2,9,3,different+or+and,and|different|or,person_is:2+same:3+different:1+and:2+or:1,212,KKN,1,KKN,1,KKN,1,KKN,1,KKN,1
row_0950,NKK,2,2,0,1,0,0,5,2,same+different+or,different|or|same,same:2+different:2+or:1,148,NKK,1,NKK,1,NKK,1,NKK,1,NKK,1
row_0951,NNK,2,0,1,1,1,3,8,3,same+or+person_is,or|person_is|same,person_is:3+same:2+not:1+and:1+or:1,164,NKN,0,NKN,0,NKN,0,NKN,0,NKN,0
row_0952,KNK,1,1,2,0,0,3,7,3,same+and+person_is,and|person_is|same,person_is:3+same:1+different:1+and:2,148,KNK,1,KNK,1,NNK,0,KNK,1,KNK,1
row_0953,NNK,2,2,0,2,1,1,8,3,or+different+or,different|or|or,person_is:1+same:2+different:2+not:1+or:2,199,NNK,1,NKK,0,NKK,0,NNK,1,NNK,1
row_0954,NNN,0,2,0,0,2,1,5,3,person_is+different+not,different|not|person_is,person_is:1+different:2+not:2,126,NNN,1,NNN,1,NNN,1,NNN,1,NNN,1
row_0955,NNK,5,1,3,1,0,1,11,3,and+and+same,and|and|same,person_is:1+same:5+different:1+and:3+or:1,264,NNK,1,NNK,1,NNK,1,NNK,1,NNK,1
row_0956,KNN,1,2,1,0,1,1,6,3,different+person_is+and,and|different|person_is,person_is:1+same:1+different:2+not:1+and:1,153,KNN,1,KNN,1,KNN,1,KNN,1,KNN,1
row_0957,NNK,3,1,0,1,2,0,7,3,same+or+not,not|or|same,same:3+different:1+not:2+or:1,190,NKK,0,NNK,1,NKK,0,NNK,1,NNK,1
row_0958,NNN,0,2,0,0,1,1,4,2,different+different+not,different|different|not,person_is:1+different:2+not:1,105,NNN,1,NNN,1,NNN,1,NNN,1,NNN,1
row_0959,NNN,1,3,1,1,0,1,7,3,and+different+different,and|different|different,person_is:1+same:1+different:3+and:1+or:1,179,NNN,1,NNN,1,NNN,1,NNN,1,NNK,0
row_0960,KNN,3,0,0,1,1,1,6,3,or+person_is+same,or|person_is|same,person_is:1+same:3+not:1+or:1,147,KNN,1,KNN,1,KNN,1,NKN,0,KNN,1
row_0961,NKK,0,1,2,1,1,5,10,3,and+different+not,and|different|not,person_is:5+different:1+not:1+and:2+or:1,175,NKK,1,NKK,1,NKK,1,NKK,1,NKK,1
row_0962,NKN,1,4,1,2,0,1,9,3,different+or+and,and|different|or,person_is:1+same:1+different:4+and:1+or:2,232,NNN,0,NKN,1,NKN,1,NNN,0,NNN,0
row_0963,KNN,2,1,1,0,2,1,7,3,and+person_is+not,and|not|person_is,person_is:1+same:2+different:1+not:2+and:1,171,NNN,0,NNN,0,NNN,0,NNN,0,NNN,0
row_0964,KNN,2,1,2,1,0,3,9,3,or+person_is+and,and|or|person_is,person_is:3+same:2+different:1+and:2+or:1,188,KNN,1,KNN,1,KNN,1,KNN,1,KNN,1
row_0965,KNK,3,2,2,1,0,1,9,3,or+same+and,and|or|same,person_is:1+same:3+different:2+and:2+or:1,221,KNK,1,KNK,1,KNK,1,KNK,1,KNK,1
row_0966,KNK,1,2,1,0,2,1,7,3,not+person_is+not,not|not|person_is,person_is:1+same:1+different:2+not:2+and:1,172,NKN,0,KNK,1,NKK,0,KNK,1,KNK,1
row_0967,NKN,2,1,0,0,2,0,5,3,different+not+same,different|not|same,same:2+different:1+not:2,142,KKN,0,KKN,0,NKN,1,KKN,0,NKN,1
row_0968,NKN,3,2,2,0,1,0,8,3,and+and+same,and|and|same,same:3+different:2+not:1+and:2,212,NKN,1,NKN,1,NKN,1,NKN,1,NKN,1
row_0969,NNN,2,2,2,0,1,1,8,2,and+not+and,and|and|not,person_is:1+same:2+different:2+not:1+and:2,199,NNK,0,NNK,0,NNN,1,NNN,1,NNK,0
row_0970,NKN,0,4,2,2,1,3,12,3,not+or+different,different|not|or,person_is:3+different:4+not:1+and:2+or:2,266,NKN,1,NKN,1,NKN,1,NKN,1,NKN,1
row_0971,NKK,2,3,1,2,0,1,9,3,and+or+different,and|different|or,person_is:1+same:2+different:3+and:1+or:2,224,NKK,1,NKK,1,NKK,1,NKK,1,NKK,1
row_0972,KKK,2,1,0,1,1,1,6,2,same+or+not,not|or|same,person_is:1+same:2+different:1+not:1+or:1,147,KKK,1,KKK,1,KKK,1,KKK,1,KKK,1
row_0973,KKK,0,3,1,1,4,2,11,3,or+not+not,not|not|or,person_is:2+different:3+not:4+and:1+or:1,244,KKK,1,KKK,1,KKK,1,KKK,1,KKK,1
row_0974,NNK,3,1,1,1,2,1,9,3,same+and+not,and|not|same,person_is:1+same:3+different:1+not:2+and:1+or:1,217,NKN,0,NKN,0,NKN,0,NKN,0,NKN,0
row_0975,KNN,2,1,1,1,0,2,7,3,different+or+person_is,different|or|person_is,person_is:2+same:2+different:1+and:1+or:1,159,KNN,1,KNN,1,KNN,1,KNN,1,KNN,1
row_0976,KNK,1,2,2,0,0,2,7,3,same+and+person_is,and|person_is|same,person_is:2+same:1+different:2+and:2,163,NNK,0,KNK,1,NNK,0,NNK,0,NNK,0
row_0977,KKN,1,2,1,2,1,3,10,3,or+person_is+not,not|or|person_is,person_is:3+same:1+different:2+not:1+and:1+or:2,215,KKN,1,KKN,1,KKN,1,KKN,1,KKN,1
row_0978,NKN,1,1,1,0,1,2,6,3,same+and+person_is,and|person_is|same,person_is:2+same:1+different:1+not:1+and:1,135,NKN,1,NKN,1,NKN,1,NKN,1,NKN,1
row_0979,NKN,3,2,3,1,0,2,11,3,person_is+or+and,and|or|person_is,person_is:2+same:3+different:2+and:3+or:1,257,KNN,0,KNN,0,KNN,0,KNN,0,KNN,0
row_0980,NKN,0,1,0,0,1,2,4,2,person_is+different+not,different|not|person_is,person_is:2+different:1+not:1,85,KNN,0,KNN,0,KNN,0,KNN,0,KNN,0
row_0981,NKN,2,1,0,1,2,1,7,3,different+or+same,different|or|same,person_is:1+same:2+different:1+not:2+or:1,174,KNN,0,KNN,0,NKN,1,KKN,0,NKN,1
row_0982,KNN,3,0,2,0,0,2,7,2,person_is+and+and,and|and|person_is,person_is:2+same:3+and:2,160,NNK,0,NKK,0,NNK,0,KNN,1,NNK,0
row_0983,NKN,2,1,1,0,0,1,5,2,same+person_is+and,and|person_is|same,person_is:1+same:2+different:1+and:1,128,NKN,1,NKN,1,NKN,1,NKN,1,NKN,1
row_0984,KKN,2,0,2,0,1,3,8,3,not+person_is+and,and|not|person_is,person_is:3+same:2+not:1+and:2,166,KKN,1,KKN,1,KKN,1,KKN,1,KKN,1
row_0985,NNN,0,1,0,0,2,2,5,3,person_is+not+different,different|not|person_is,person_is:2+different:1+not:2,108,NNN,1,NNN,1,NNN,1,NNN,1,NNN,1
row_0986,KNK,0,2,0,0,3,1,6,3,not+not+person_is,not|not|person_is,person_is:1+different:2+not:3,146,KNK,1,KNK,1,KNK,1,KNK,1,KNK,1
row_0987,NKN,0,2,0,1,2,2,7,3,or+person_is+different,different|or|person_is,person_is:2+different:2+not:2+or:1,157,NKN,1,NKN,1,NKN,1,NKN,1,NKN,1
row_0988,NKK,3,1,1,2,2,2,11,3,or+not+different,different|not|or,person_is:2+same:3+different:1+not:2+and:1+or:2,251,NKK,1,NKK,1,NKK,1,NKK,1,NKK,1
row_0989,KKK,1,1,0,0,1,1,4,2,person_is+same+not,not|person_is|same,person_is:1+same:1+different:1+not:1,106,KKK,1,KKK,1,KKK,1,KKK,1,KKK,1
row_0990,NNK,2,2,0,1,0,0,5,2,or+same+different,different|or|same,same:2+different:2+or:1,148,NKK,0,NNK,1,NKK,0,NNK,1,NNK,1
row_0991,KNN,1,1,0,1,3,2,8,3,or+not+person_is,not|or|person_is,person_is:2+same:1+different:1+not:3+or:1,174,KKN,0,KKN,0,KKN,0,KKN,0,KKN,0
row_0992,NNK,2,1,0,0,2,0,5,3,not+different+same,different|not|same,same:2+different:1+not:2,140,NNK,1,NNK,1,NNK,1,NNK,1,NNK,1
row_0993,KNN,0,1,1,1,2,4,9,3,or+person_is+not,not|or|person_is,person_is:4+different:1+not:2+and:1+or:1,170,KNN,1,NKK,0,KNK,0,KNK,0,KNN,1
row_0994,KKN,1,2,1,2,0,3,9,3,person_is+different+or,different|or|person_is,person_is:3+same:1+different:2+and:1+or:2,192,NNN,0,NKN,0,NKN,0,NNN,0,NNN,0
row_0995,KKK,1,2,1,1,2,2,9,3,same+or+not,not|or|same,person_is:2+same:1+different:2+not:2+and:1+or:1,203,KKK,1,KKK,1,KKK,1,KKK,1,KKK,1
row_0996,KNN,2,1,1,0,1,1,6,3,different+same+and,and|different|same,person_is:1+same:2+different:1+not:1+and:1,151,KNN,1,KNN,1,KNN,1,KNN,1,KNN,1
row_0997,KKK,1,0,0,0,2,2,5,3,person_is+not+same,not|person_is|same,person_is:2+same:1+not:2,108,KKK,1,KKK,1,KKK,1,KKK,1,KKK,1
row_0998,NKN,2,4,1,4,1,2,14,3,not+or+and,and|not|or,person_is:2+same:2+different:4+not:1+and:1+or:4,327,NKN,1,NKN,1,NKN,1,NKN,1,KKK,0
row_0999,NKN,2,2,4,0,1,3,12,3,and+not+and,and|and|not,person_is:3+same:2+different:2+not:1+and:4,257,NKN,1,NKN,1,NKN,1,NKN,1,NNK,0
row_1000,NNN,3,1,1,1,1,1,8,3,not+and+different,and|different|not,person_is:1+same:3+different:1+not:1+and:1+or:1,203,NNN,1,NNN,1,NNN,1,NNN,1,NNN,1
row_1001,KNK,2,2,0,1,0,0,5,2,or+different+different,different|different|or,same:2+different:2+or:1,150,KNK,1,KNK,1,KNK,1,KNK,1,KNK,1
row_1002,NKN,1,2,1,0,1,1,6,3,different+person_is+not,different|not|person_is,person_is:1+same:1+different:2+not:1+and:1,154,NKN,1,NKN,1,NKN,1,NKN,1,NKN,1
row_1003,KNK,3,0,0,0,1,0,4,2,same+same+not,not|same|same,same:3+not:1,118,KNK,1,KNK,1,KNK,1,KNK,1,KNK,1
row_1004,NKK,1,3,0,1,0,0,5,2,different+different+or,different|different|or,same:1+different:3+or:1,152,NKK,1,NKK,1,NKK,1,NKK,1,NKK,1
row_1005,NNN,1,2,1,2,1,3,10,3,person_is+or+or,or|or|person_is,person_is:3+same:1+different:2+not:1+and:1+or:2,213,NNN,1,NNN,1,NNN,1,NNN,1,NNN,1
row_1006,KKN,3,2,2,1,1,1,10,3,and+different+not,and|different|not,person_is:1+same:3+different:2+not:1+and:2+or:1,242,NKN,0,NKN,0,NKN,0,NKN,0,NKN,0
row_1007,NNN,0,4,1,1,1,1,8,3,and+or+different,and|different|or,person_is:1+different:4+not:1+and:1+or:1,202,NNN,1,NNN,1,NNN,1,NNN,1,NNN,1
row_1008,KKK,1,0,0,1,1,3,6,3,or+same+person_is,or|person_is|same,person_is:3+same:1+not:1+or:1,116,KKK,1,KKK,1,KKK,1,KKK,1,KKK,1
row_1009,NNK,2,2,2,1,2,2,11,3,and+and+person_is,and|and|person_is,person_is:2+same:2+different:2+not:2+and:2+or:1,248,NNK,1,NNK,1,NNK,1,NNK,1,NNK,1
row_1010,NKK,2,0,0,0,2,1,5,3,not+same+person_is,not|person_is|same,person_is:1+same:2+not:2,121,NKK,1,NKK,1,NKK,1,NKK,1,NKK,1
row_1011,NKK,1,2,0,1,0,1,5,2,same+different+or,different|or|same,person_is:1+same:1+different:2+or:1,134,KKN,0,KKN,0,NKK,1,KKN,0,NKK,1
row_1012,KKK,2,0,0,3,0,4,9,3,or+person_is+or,or|or|person_is,person_is:4+same:2+or:3,177,KKK,1,KKK,1,KKK,1,KKK,1,KKK,1
row_1013,NKN,2,1,1,1,0,2,7,3,same+or+same,or|same|same,person_is:2+same:2+different:1+and:1+or:1,160,NKN,1,KKK,0,NKN,1,NKN,1,NKN,1
row_1014,KKK,3,0,0,1,2,1,7,3,same+or+same,or|same|same,person_is:1+same:3+not:2+or:1,169,KKK,1,KKK,1,KKK,1,KKK,1,KKK,1
row_1015,NNN,0,3,1,0,1,1,6,3,and+different+person_is,and|different|person_is,person_is:1+different:3+not:1+and:1,151,NKK,0,NKK,0,NKN,0,NKK,0,NKN,0
row_1016,NNK,1,1,0,0,1,1,4,2,same+not+different,different|not|same,person_is:1+same:1+different:1+not:1,107,NNK,1,NNK,1,NNK,1,NNK,1,NNK,1
row_1017,NNK,3,2,1,2,0,1,9,3,same+and+person_is,and|person_is|same,person_is:1+same:3+different:2+and:1+or:2,224,NNK,1,NNK,1,NNK,1,NNK,1,NNK,1
row_1018,NKK,0,1,0,0,1,2,4,2,not+different+person_is,different|not|person_is,person_is:2+different:1+not:1,87,NKN,0,NKK,1,NKK,1,NKK,1,NKK,1
row_1019,NNN,2,0,0,1,2,2,7,3,not+person_is+or,not|or|person_is,person_is:2+same:2+not:2+or:1,154,NNN,1,NNN,1,NNN,1,NNN,1,NNN,1
row_1020,NNN,1,3,1,1,1,1,8,3,different+different+and,and|different|different,person_is:1+same:1+different:3+not:1+and:1+or:1,200,NNN,1,NNN,1,NNN,1,NNN,1,NNN,1
row_1021,NNK,2,1,1,2,0,3,9,3,and+person_is+or,and|or|person_is,person_is:3+same:2+different:1+and:1+or:2,190,NNK,1,NNK,1,NKK,0,NNK,1,NNK,1
row_1022,NNN,0,2,1,0,0,2,5,2,different+different+and,and|different|different,person_is:2+different:2+and:1,116,NNN,1,NNN,1,NNN,1,NNN,1,NNN,1
row_1023,NNN,0,2,1,1,2,3,9,3,or+person_is+not,not|or|person_is,person_is:3+different:2+not:2+and:1+or:1,187,KNN,0,KKK,0,KKK,0,KKK,0,KKK,0
row_1024,KKK,1,1,0,2,0,3,7,3,person_is+same+or,or|person_is|same,person_is:3+same:1+different:1+or:2,147,KKK,1,KKK,1,KKK,1,KKK,1,KKK,1
row_1025,KNK,1,0,1,2,0,5,9,3,and+same+or,and|or|same,person_is:5+same:1+and:1+or:2,155,KNK,1,KNK,1,KNK,1,KNK,1,KNK,1
row_1026,KNN,4,2,3,0,2,0,11,3,same+and+and,and|and|same,same:4+different:2+not:2+and:3,277,KNN,1,KNN,1,KNN,1,KNN,1,KNN,1
row_1027,KKK,3,0,2,0,0,2,7,3,same+same+and,and|same|same,person_is:2+same:3+and:2,158,KKK,1,KKK,1,KKK,1,KKK,1,KKK,1
row_1028,NNK,1,2,1,2,1,3,10,3,or+and+different,and|different|or,person_is:3+same:1+different:2+not:1+and:1+or:2,214,KNK,0,KNK,0,KNK,0,KNK,0,KNK,0
row_1029,KKN,2,3,1,1,2,0,9,3,or+same+not,not|or|same,same:2+different:3+not:2+and:1+or:1,237,KNK,0,KNK,0,KKN,1,KNK,0,KKN,1
row_1030,NNK,0,1,1,0,2,3,7,3,person_is+and+not,and|not|person_is,person_is:3+different:1+not:2+and:1,137,NNK,1,NNK,1,NNK,1,NNK,1,NNK,1
row_1031,KNN,2,2,0,1,1,0,6,3,different+same+not,different|not|same,same:2+different:2+not:1+or:1,170,KNN,1,KNN,1,KNN,1,KNN,1,KNN,1
row_1032,KKK,3,0,1,1,0,2,7,3,or+same+same,or|same|same,person_is:2+same:3+and:1+or:1,157,KKK,1,KKK,1,KKK,1,KKK,1,KKK,1
row_1033,NKN,0,3,0,0,1,0,4,2,different+different+not,different|different|not,different:3+not:1,124,NKN,1,NKN,1,NKN,1,NKN,1,NKN,1
row_1034,NNK,3,3,4,0,0,1,11,3,and+and+different,and|and|different,person_is:1+same:3+different:3+and:4,269,NNN,0,NNN,0,NNN,0,NNN,0,NNN,0
row_1035,NNN,2,3,1,1,0,0,7,3,different+and+different,and|different|different,same:2+different:3+and:1+or:1,195,NNN,1,NNN,1,NNN,1,NNN,1,NNN,1
row_1036,KNK,1,2,1,1,1,2,8,3,or+and+different,and|different|or,person_is:2+same:1+different:2+not:1+and:1+or:1,183,KNK,1,KNK,1,KNK,1,KNK,1,KKN,0
row_1037,NNK,0,3,1,1,2,2,9,3,not+and+or,and|not|or,person_is:2+different:3+not:2+and:1+or:1,204,NKN,0,NNK,1,NKN,0,NKN,0,NNN,0
row_1038,KNK,1,2,0,2,0,2,7,3,or+person_is+different,different|or|person_is,person_is:2+same:1+different:2+or:2,165,KNK,1,KNK,1,KNK,1,KNK,1,KNK,1
row_1039,NKK,2,0,1,1,0,3,7,3,same+or+person_is,or|person_is|same,person_is:3+same:2+and:1+or:1,140,NKK,1,NKK,1,NKK,1,NKK,1,NKK,1
row_1040,NNK,3,1,0,1,0,0,5,2,different+or+same,different|or|same,same:3+different:1+or:1,146,NNK,1,KNN,0,NNK,1,KNN,0,KNN,0
row_1041,NKN,1,1,2,0,0,3,7,3,same+person_is+and,and|person_is|same,person_is:3+same:1+different:1+and:2,144,NKN,1,NKN,1,NKN,1,NKN,1,NKN,1
row_1042,KNN,1,3,1,0,0,0,5,2,different+and+same,and|different|same,same:1+different:3+and:1,149,KNN,1,KNN,1,KNN,1,KNN,1,KNN,1
row_1043,KNK,3,4,3,1,1,0,12,3,and+and+or,and|and|or,same:3+different:4+not:1+and:3+or:1,307,NKK,0,KNK,1,KNK,1,KNK,1,KNK,1
row_1044,NKK,2,2,0,2,0,1,7,3,person_is+different+or,different|or|person_is,person_is:1+same:2+different:2+or:2,175,NKK,1,NKK,1,NKK,1,NKK,1,NKK,1
row_1045,NNK,3,0,0,0,1,0,4,2,same+not+same,not|same|same,same:3+not:1,118,NNK,1,NNK,1,NNK,1,NNK,1,NNK,1
row_1046,KNK,1,0,0,0,1,2,4,2,person_is+same+not,not|person_is|same,person_is:2+same:1+not:1,84,NKK,0,NKK,0,NKK,0,NKK,0,NKK,0
row_1047,NKN,2,0,1,0,1,2,6,3,person_is+not+same,not|person_is|same,person_is:2+same:2+not:1+and:1,131,NKN,1,NKN,1,NKN,1,NKN,1,NKN,1
row_1048,KKK,3,1,0,1,0,0,5,2,same+same+or,or|same|same,same:3+different:1+or:1,148,KKK,1,KKK,1,KKK,1,KKK,1,KKK,1
row_1049,NNK,0,4,1,1,1,1,8,3,different+and+or,and|different|or,person_is:1+different:4+not:1+and:1+or:1,201,NNK,1,NNK,1,NNK,1,NNK,1,NNN,0
row_1050,KKK,3,3,2,4,0,3,15,3,and+and+or,and|and|or,person_is:3+same:3+different:3+and:2+or:4,335,NNK,0,KNN,0,KNN,0,KNN,0,KNK,0
row_1051,KNN,0,3,1,0,1,1,6,3,different+not+person_is,different|not|person_is,person_is:1+different:3+not:1+and:1,157,NNN,0,NNN,0,NKN,0,KNN,1,NKN,0
row_1052,KNN,1,1,0,2,1,3,8,3,or+person_is+or,or|or|person_is,person_is:3+same:1+different:1+not:1+or:2,163,NKN,0,NKN,0,KNN,1,NKN,0,NKK,0
row_1053,NKN,0,4,1,0,1,0,6,2,not+different+and,and|different|not,different:4+not:1+and:1,171,NKN,1,NKN,1,NKN,1,NKN,1,NNK,0
row_1054,KKK,3,0,1,0,0,1,5,2,same+same+and,and|same|same,person_is:1+same:3+and:1,129,KKK,1,KKK,1,KKK,1,KKK,1,KKK,1
row_1055,KKN,0,3,1,0,0,1,5,2,different+person_is+and,and|different|person_is,person_is:1+different:3+and:1,134,KKN,1,KKN,1,KKN,1,KKN,1,KKN,1
row_1056,KNN,1,2,0,1,0,1,5,2,or+different+person_is,different|or|person_is,person_is:1+same:1+different:2+or:1,132,KNN,1,KKN,0,KKN,0,KKN,0,KKN,0
row_1057,KKK,2,2,0,3,0,2,9,3,or+same+or,or|or|same,person_is:2+same:2+different:2+or:3,209,KKK,1,KKK,1,KKK,1,KKK,1,KKK,1
row_1058,KKK,3,1,1,1,0,1,7,3,same+or+same,or|same|same,person_is:1+same:3+different:1+and:1+or:1,175,KKK,1,KKK,1,KKK,1,KKK,1,KKK,1
row_1059,KNN,1,1,1,0,0,2,5,2,different+person_is+and,and|different|person_is,person_is:2+same:1+different:1+and:1,116,KNN,1,KNN,1,KNN,1,KNN,1,KNN,1
row_1060,KKN,1,1,2,1,1,4,10,3,not+person_is+and,and|not|person_is,person_is:4+same:1+different:1+not:1+and:2+or:1,196,KKN,1,KKN,1,KKN,1,KKN,1,KKN,1
row_1061,KNK,3,2,1,3,0,2,11,3,different+and+or,and|different|or,person_is:2+same:3+different:2+and:1+or:3,256,KNK,1,KNK,1,KNK,1,KNK,1,KNK,1
row_1062,KKK,2,1,0,0,1,0,4,2,same+same+not,not|same|same,same:2+different:1+not:1,120,KKK,1,KKK,1,KKK,1,KKK,1,KKK,1
row_1063,KKN,2,1,0,4,1,4,12,3,or+or+different,different|or|or,person_is:4+same:2+different:1+not:1+or:4,241,KKN,1,KKN,1,KKN,1,KKN,1,KKK,0
row_1064,KKK,3,0,0,1,0,1,5,2,same+same+or,or|same|same,person_is:1+same:3+or:1,127,KKK,1,KKK,1,KKK,1,KKK,1,KKK,1
row_1065,KKK,4,1,2,1,0,1,9,3,same+and+or,and|or|same,person_is:1+same:4+different:1+and:2+or:1,221,KKK,1,KKK,1,KKK,1,KNN,0,KKK,1
row_1066,KKK,3,1,0,1,0,0,5,2,same+same+or,or|same|same,same:3+different:1+or:1,146,KKK,1,KKK,1,KKK,1,KKK,1,KKK,1
row_1067,NKK,0,1,0,0,2,2,5,2,person_is+not+not,not|not|person_is,person_is:2+different:1+not:2,107,KNK,0,KNK,0,NKK,1,KNK,0,KNK,0
row_1068,NNK,2,0,0,1,0,2,5,2,same+person_is+or,or|person_is|same,person_is:2+same:2+or:1,112,NNK,1,NNK,1,NNK,1,NNK,1,NNK,1
row_1069,KKK,2,1,1,0,1,1,6,3,same+and+same,and|same|same,person_is:1+same:2+different:1+not:1+and:1,149,KKK,1,KKK,1,KKK,1,KKK,1,KKK,1
row_1070,KKK,2,2,2,2,0,3,11,3,or+person_is+or,or|or|person_is,person_is:3+same:2+different:2+and:2+or:2,242,NNK,0,NNK,0,NNK,0,NNK,0,NNK,0
row_1071,NNN,3,2,1,2,1,1,10,3,not+and+different,and|different|not,person_is:1+same:3+different:2+not:1+and:1+or:2,247,NNN,1,NNN,1,NNN,1,NNN,1,NNN,1
row_1072,NKN,1,1,1,0,1,2,6,2,and+person_is+not,and|not|person_is,person_is:2+same:1+different:1+not:1+and:1,137,NKN,1,NKN,1,NKK,0,NKN,1,NKN,1
row_1073,KKN,2,2,1,1,0,1,7,3,same+and+person_is,and|person_is|same,person_is:1+same:2+different:2+and:1+or:1,178,KKN,1,KKN,1,KKN,1,NKK,0,KKN,1
row_1074,KKK,2,0,1,1,0,3,7,3,or+same+same,or|same|same,person_is:3+same:2+and:1+or:1,142,KKK,1,KKK,1,KKK,1,KKK,1,KKK,1
row_1075,KKK,2,0,1,0,1,2,6,2,same+not+and,and|not|same,person_is:2+same:2+not:1+and:1,134,KKK,1,KKK,1,KKK,1,KKK,1,KKK,1
row_1076,NKK,0,1,0,2,1,4,8,3,person_is+or+not,not|or|person_is,person_is:4+different:1+not:1+or:2,150,NKK,1,NKK,1,NKK,1,NKK,1,NKK,1
row_1077,NKN,2,2,2,0,0,1,7,3,person_is+different+and,and|different|person_is,person_is:1+same:2+different:2+and:2,175,NKN,1,NKN,1,NKN,1,NKN,1,NKN,1
row_1078,NNK,1,2,0,1,0,1,5,2,different+same+or,different|or|same,person_is:1+same:1+different:2+or:1,131,KNN,0,NNK,1,NNK,1,KNN,0,KNN,0
row_1079,KNK,0,4,1,0,2,0,7,3,and+not+different,and|different|not,different:4+not:2+and:1,191,KNK,1,KNK,1,KNK,1,KNK,1,KNK,1
row_1080,KKN,0,2,1,1,1,3,8,3,or+person_is+and,and|or|person_is,person_is:3+different:2+not:1+and:1+or:1,167,KNK,0,KNK,0,KNK,0,KNK,0,KNN,0
row_1081,NKK,1,2,1,0,0,1,5,2,same+different+and,and|different|same,person_is:1+same:1+different:2+and:1,135,NKK,1,NKK,1,NKK,1,NKK,1,NKK,1
row_1082,NNK,2,2,1,1,0,1,7,2,and+same+or,and|or|same,person_is:1+same:2+different:2+and:1+or:1,176,NNK,1,NNK,1,NNK,1,NNK,1,NNK,1
row_1083,NNK,1,3,1,0,1,0,6,2,and+not+different,and|different|not,same:1+different:3+not:1+and:1,169,NNK,1,NNK,1,NNK,1,NNK,1,NNK,1
row_1084,NNN,0,1,1,0,1,3,6,3,person_is+person_is+and,and|person_is|person_is,person_is:3+different:1+not:1+and:1,118,NNN,1,NNN,1,NNN,1,NNN,1,NNN,1
row_1085,KNN,2,2,2,0,1,1,8,3,different+and+same,and|different|same,person_is:1+same:2+different:2+not:1+and:2,195,KNN,1,KNN,1,KNN,1,KNN,1,KNN,1
row_1086,KNK,5,0,1,3,1,2,12,3,or+same+not,not|or|same,person_is:2+same:5+not:1+and:1+or:3,270,KNK,1,KNK,1,KNK,1,KNK,1,KNK,1
row_1087,KNK,1,1,0,0,1,1,4,2,not+different+person_is,different|not|person_is,person_is:1+same:1+different:1+not:1,103,KNK,1,KNK,1,KNK,1,KNK,1,KNK,1
row_1088,KKK,2,1,0,1,1,1,6,3,same+or+same,or|same|same,person_is:1+same:2+different:1+not:1+or:1,149,KKK,1,KKK,1,KKK,1,KKK,1,KKK,1
row_1089,KNN,0,1,2,1,1,5,10,3,and+or+different,and|different|or,person_is:5+different:1+not:1+and:2+or:1,182,NNN,0,NNN,0,NNN,0,NNN,0,NNN,0
row_1090,KKN,2,3,2,1,0,1,9,3,different+or+and,and|different|or,person_is:1+same:2+different:3+and:2+or:1,230,KNN,0,KNN,0,KKN,1,KKN,1,KKN,1
row_1091,KNK,3,0,0,1,1,1,6,2,or+same+not,not|or|same,person_is:1+same:3+not:1+or:1,148,KNK,1,KNK,1,KNK,1,KNK,1,KNK,1
row_1092,NNN,1,1,0,1,1,2,6,3,not+person_is+different,different|not|person_is,person_is:2+same:1+different:1+not:1+or:1,138,NNN,1,NNN,1,NNN,1,NNN,1,NNN,1
row_1093,NNK,0,2,0,0,1,1,4,2,person_is+not+different,different|not|person_is,person_is:1+different:2+not:1,104,NNK,1,NNK,1,NNK,1,NNK,1,NNK,1
row_1094,KKK,0,3,1,2,2,3,11,3,person_is+not+or,not|or|person_is,person_is:3+different:3+not:2+and:1+or:2,235,KKK,1,KKK,1,KKK,1,KKK,1,KKK,1
row_1095,NNN,1,1,1,0,1,2,6,3,different+person_is+and,and|different|person_is,person_is:2+same:1+different:1+not:1+and:1,133,NNN,1,NNN,1,NNN,1,NNN,1,NNN,1
row_1096,NKN,2,1,1,1,1,2,8,3,person_is+different+and,and|different|person_is,person_is:2+same:2+different:1+not:1+and:1+or:1,180,NKN,1,NKN,1,NKN,1,NKN,1,NKN,1
row_1097,NKK,1,2,0,0,1,0,4,2,same+not+different,different|not|same,same:1+different:2+not:1,122,NKK,1,NKK,1,NKK,1,NKK,1,NKK,1
row_1098,NKN,1,2,1,0,2,1,7,3,different+and+not,and|different|not,person_is:1+same:1+different:2+not:2+and:1,175,KNN,0,KNN,0,NKN,1,KNN,0,KNN,0
row_1099,KKN,2,1,0,0,1,0,4,2,different+not+same,different|not|same,same:2+different:1+not:1,122,KKN,1,KKN,1,NKN,0,KKN,1,KKN,1
row_1100,NKK,2,1,0,0,2,0,5,3,not+same+same,not|same|same,same:2+different:1+not:2,138,NKN,0,NKK,1,NKK,1,NKK,1,NKK,1
row_1101,KKK,2,2,0,3,0,2,9,3,or+same+person_is,or|person_is|same,person_is:2+same:2+different:2+or:3,209,KKK,1,KKK,1,KKK,1,KKK,1,KKK,1
row_1102,NNK,0,1,0,0,1,2,4,2,different+not+person_is,different|not|person_is,person_is:2+different:1+not:1,88,NNK,1,NNK,1,NNK,1,KNN,0,KNN,0
row_1103,KNK,3,1,1,1,1,1,8,3,or+different+not,different|not|or,person_is:1+same:3+different:1+not:1+and:1+or:1,198,KNK,1,KKN,0,KKN,0,KKN,0,KKN,0
row_1104,KNK,1,2,2,1,0,3,9,3,person_is+and+person_is,and|person_is|person_is,person_is:3+same:1+different:2+and:2+or:1,193,KNK,1,KNK,1,KNK,1,KNK,1,KNK,1
row_1105,NNN,1,2,4,1,0,5,13,3,and+and+or,and|and|or,person_is:5+same:1+different:2+and:4+or:1,251,NNK,0,NNK,0,NNK,0,NNK,0,NNK,0
row_1106,NNN,0,0,2,0,0,5,7,3,and+person_is+person_is,and|person_is|person_is,person_is:5+and:2,112,NNN,1,NNN,1,NNN,1,NNN,1,NNN,1
row_1107,KKK,1,2,0,1,1,1,6,2,same+or+not,not|or|same,person_is:1+same:1+different:2+not:1+or:1,154,KKK,1,KKK,1,KKK,1,KKK,1,KKK,1
row_1108,NKK,2,1,0,1,1,1,6,2,same+not+or,not|or|same,person_is:1+same:2+different:1+not:1+or:1,148,NKK,1,NKK,1,NKK,1,NKK,1,NKK,1
row_1109,KNN,1,1,0,1,0,2,5,2,different+same+or,different|or|same,person_is:2+same:1+different:1+or:1,117,KNN,1,KNN,1,NKN,0,KNN,1,NKN,0
row_1110,KNN,0,4,0,1,2,0,7,3,different+not+not,different|not|not,different:4+not:2+or:1,196,KNN,1,KNN,1,KNN,1,KNN,1,KNN,1
row_1111,KNK,1,2,1,0,1,1,6,3,not+same+different,different|not|same,person_is:1+same:1+different:2+not:1+and:1,152,KNK,1,KNK,1,KKN,0,KKN,0,KKN,0
row_1112,KKK,4,0,0,2,0,1,7,3,or+same+same,or|same|same,person_is:1+same:4+or:2,174,KKK,1,KKK,1,KKK,1,KKK,1,KKK,1
row_1113,NNN,2,1,2,0,0,2,7,3,different+and+person_is,and|different|person_is,person_is:2+same:2+different:1+and:2,156,KNK,0,KNK,0,KNK,0,KNK,0,KNK,0
row_1114,KNN,1,1,1,0,1,2,6,2,not+person_is+and,and|not|person_is,person_is:2+same:1+different:1+not:1+and:1,135,NKN,0,NKN,0,KNN,1,KNN,1,KNN,1
row_1115,NKK,0,2,0,1,0,2,5,2,person_is+person_is+or,or|person_is|person_is,person_is:2+different:2+or:1,117,NKK,1,NKK,1,NKK,1,NKK,1,NKK,1
row_1116,NNK,2,0,0,0,1,1,4,2,same+same+not,not|same|same,person_is:1+same:2+not:1,102,NNK,1,NNK,1,NNK,1,NNK,1,NNK,1
row_1117,KNN,2,3,4,0,3,2,14,3,not+and+and,and|and|not,person_is:2+same:2+different:3+not:3+and:4,316,NKN,0,KNN,1,NKN,0,KNN,1,NKN,0
row_1118,KKK,3,3,1,3,1,1,12,3,or+and+same,and|or|same,person_is:1+same:3+different:3+not:1+and:1+or:3,295,KKK,1,KKK,1,KKK,1,KKK,1,KKK,1
row_1119,NNK,1,1,0,0,1,1,4,2,different+not+person_is,different|not|person_is,person_is:1+same:1+different:1+not:1,103,NNK,1,NNK,1,NNK,1,NNK,1,NNK,1
row_1120,NNN,0,2,2,0,3,3,10,3,and+not+person_is,and|not|person_is,person_is:3+different:2+not:3+and:2,208,NNN,1,NKK,0,NNN,1,NNN,1,NNN,1
row_1121,KNN,0,1,1,0,1,3,6,3,different+person_is+and,and|different|person_is,person_is:3+different:1+not:1+and:1,120,NNN,0,NNN,0,NNN,0,KNK,0,KNK,0
row_1122,NKN,3,1,2,2,0,3,11,3,and+different+and,and|and|different,person_is:3+same:3+different:1+and:2+or:2,232,NKN,1,NKN,1,NKN,1,NKN,1,NKN,1
row_1123,KKN,2,0,1,2,0,4,9,3,person_is+same+and,and|person_is|same,person_is:4+same:2+and:1+or:2,172,KNN,0,KKN,1,KKN,1,KKN,1,KKN,1
row_1124,NKN,2,1,1,0,1,1,6,3,same+person_is+and,and|person_is|same,person_is:1+same:2+different:1+not:1+and:1,148,NKN,1,NKN,1,NKN,1,NKN,1,NKN,1
row_1125,NNN,1,1,0,0,1,1,4,2,not+different+person_is,different|not|person_is,person_is:1+same:1+different:1+not:1,104,NNN,1,KNK,0,NNN,1,KNK,0,KNN,0
row_1126,KKK,1,0,0,0,0,2,3,1,same+person_is+person_is,person_is|person_is|same,person_is:2+same:1,66,KKK,1,KKK,1,KKK,1,KKK,1,KKK,1
row_1127,KKN,0,2,0,1,1,2,6,2,person_is+or+not,not|or|person_is,person_is:2+different:2+not:1+or:1,135,KKN,1,KKN,1,KKN,1,KKN,1,KKN,1
row_1128,NKN,3,1,2,0,0,1,7,3,same+different+and,and|different|same,person_is:1+same:3+different:1+and:2,174,NKN,1,NKN,1,NKN,1,NKN,1,NKN,1
row_1129,KKN,3,3,1,2,2,0,11,3,or+or+same,or|or|same,same:3+different:3+not:2+and:1+or:2,283,KKN,1,KKN,1,KKN,1,KKN,1,KKN,1
row_1130,NKN,0,3,1,0,1,1,6,3,not+different+person_is,different|not|person_is,person_is:1+different:3+not:1+and:1,153,NKK,0,NKK,0,NKK,0,NKK,0,NKN,1
row_1131,NKN,1,2,0,1,2,1,7,3,different+not+or,different|not|or,person_is:1+same:1+different:2+not:2+or:1,174,NKN,1,NKN,1,NKN,1,NKN,1,NKN,1
row_1132,NKN,1,0,3,0,2,5,11,3,and+person_is+and,and|and|person_is,person_is:5+same:1+not:2+and:3,195,NKN,1,NKN,1,NKN,1,NKN,1,NKN,1
row_1133,KKN,2,0,0,1,1,2,6,3,not+person_is+same,not|person_is|same,person_is:2+same:2+not:1+or:1,134,NKN,0,NKN,0,NKN,0,NKN,0,NKN,0
row_1134,NNK,1,3,1,3,2,3,13,3,or+and+or,and|or|or,person_is:3+same:1+different:3+not:2+and:1+or:3,288,KNN,0,KNN,0,KNK,0,KNN,0,KNK,0
row_1135,KNN,2,2,1,0,0,0,5,2,same+same+and,and|same|same,same:2+different:2+and:1,145,KNN,1,KNN,1,KNN,1,KNN,1,KNN,1
row_1136,KKK,1,1,0,1,0,2,5,2,or+same+person_is,or|person_is|same,person_is:2+same:1+different:1+or:1,116,KKK,1,KKK,1,KKK,1,KKK,1,KKK,1
row_1137,NNK,2,1,2,1,2,3,11,3,not+and+and,and|and|not,person_is:3+same:2+different:1+not:2+and:2+or:1,225,NNK,1,NNN,0,NNK,1,NNK,1,NNK,1
row_1138,NKN,3,1,3,3,0,5,15,3,and+or+or,and|or|or,person_is:5+same:3+different:1+and:3+or:3,301,NKN,1,NKN,1,NKK,0,NKK,0,NKN,1
row_1139,KKN,2,2,0,2,0,1,7,3,or+different+different,different|different|or,person_is:1+same:2+different:2+or:2,179,KKN,1,KKN,1,KKN,1,KKN,1,KKN,1
row_1140,KKK,2,1,1,1,1,2,8,2,or+and+not,and|not|or,person_is:2+same:2+different:1+not:1+and:1+or:1,178,KKK,1,KKK,1,KKK,1,KKK,1,KKK,1
row_1141,KKN,1,1,1,0,1,2,6,3,person_is+not+same,not|person_is|same,person_is:2+same:1+different:1+not:1+and:1,136,NKK,0,NKK,0,NKK,0,NKK,0,NKK,0
row_1142,KNK,1,2,1,1,2,2,9,3,or+and+person_is,and|or|person_is,person_is:2+same:1+different:2+not:2+and:1+or:1,199,NKN,0,NKN,0,NKN,0,KNK,1,KNK,1
row_1143,NKK,2,3,1,2,1,1,10,3,and+or+different,and|different|or,person_is:1+same:2+different:3+not:1+and:1+or:2,246,NKK,1,NKK,1,NKK,1,NKK,1,NKK,1
row_1144,NNK,2,1,2,2,1,4,12,3,and+person_is+or,and|or|person_is,person_is:4+same:2+different:1+not:1+and:2+or:2,243,NNK,1,NNK,1,NNK,1,NNK,1,NNK,1
row_1145,KNK,2,1,1,0,1,1,6,2,and+not+same,and|not|same,person_is:1+same:2+different:1+not:1+and:1,153,KNK,1,KNK,1,KNK,1,KNK,1,KNK,1
row_1146,KNN,1,0,0,0,0,2,3,1,same+person_is+person_is,person_is|person_is|same,person_is:2+same:1,65,NKN,0,NKN,0,NKN,0,NKN,0,NKN,0
row_1147,NNN,2,2,0,1,2,0,7,3,not+not+different,different|not|not,same:2+different:2+not:2+or:1,186,NNN,1,NNN,1,NNN,1,NNN,1,NNN,1
row_1148,NKK,2,0,0,0,1,1,4,2,not+person_is+same,not|person_is|same,person_is:1+same:2+not:1,101,NKK,1,NKK,1,NKK,1,NKK,1,NKK,1
row_1149,NNK,4,0,0,1,1,0,6,3,same+same+not,not|same|same,same:4+not:1+or:1,162,NNK,1,NNK,1,NNK,1,NNK,1,NNK,1
row_1150,NNN,2,2,1,0,1,0,6,3,not+different+different,different|different|not,same:2+different:2+not:1+and:1,165,NKK,0,NKK,0,NKK,0,NNN,1,NNN,1
row_1151,NNK,0,3,1,2,0,3,9,3,or+different+person_is,different|or|person_is,person_is:3+different:3+and:1+or:2,193,NNK,1,NNK,1,NKN,0,NNK,1,NNK,1
row_1152,NKN,1,2,1,0,1,1,6,3,and+different+same,and|different|same,person_is:1+same:1+different:2+not:1+and:1,150,NKN,1,NKN,1,NKN,1,NKN,1,NNN,0
row_1153,NNK,0,1,0,0,1,2,4,2,person_is+different+not,different|not|person_is,person_is:2+different:1+not:1,86,NNK,1,NNK,1,NNK,1,NNK,1,NNK,1
row_1154,NKN,1,2,2,1,1,3,10,3,person_is+not+and,and|not|person_is,person_is:3+same:1+different:2+not:1+and:2+or:1,212,KNN,0,KNN,0,KNN,0,KNN,0,KNN,0
row_1155,NKN,5,1,2,3,1,2,14,3,and+different+and,and|and|different,person_is:2+same:5+different:1+not:1+and:2+or:3,320,NKN,1,NKN,1,NKN,1,NKN,1,NKN,1
row_1156,KNN,1,0,0,0,2,2,5,3,person_is+not+same,not|person_is|same,person_is:2+same:1+not:2,109,KNN,1,KNN,1,KNN,1,KNN,1,KNN,1
row_1157,KNN,3,1,1,0,1,0,6,3,and+same+same,and|same|same,same:3+different:1+not:1+and:1,167,KNN,1,KNN,1,KNN,1,KNN,1,KNN,1
row_1158,NNK,1,0,1,0,1,3,6,3,and+same+person_is,and|person_is|same,person_is:3+same:1+not:1+and:1,113,NKN,0,NKN,0,NKK,0,NKN,0,NKK,0
row_1159,KNK,0,3,0,2,1,2,8,3,or+not+person_is,not|or|person_is,person_is:2+different:3+not:1+or:2,185,KNK,1,KNK,1,KNK,1,KNK,1,KNK,1
row_1160,KKK,4,2,2,2,2,1,13,3,and+or+not,and|not|or,person_is:1+same:4+different:2+not:2+and:2+or:2,316,KKK,1,KKK,1,KKK,1,KKK,1,KKK,1
row_1161,NNN,1,1,0,0,1,1,4,2,not+different+person_is,different|not|person_is,person_is:1+same:1+different:1+not:1,102,NNN,1,NNN,1,NNN,1,NNN,1,NNN,1
row_1162,NKK,2,0,3,0,2,4,11,3,and+person_is+not,and|not|person_is,person_is:4+same:2+not:2+and:3,211,NKN,0,NKN,0,NKN,0,NKN,0,NKN,0
row_1163,KNN,1,2,0,0,0,0,3,1,different+same+different,different|different|same,same:1+different:2,102,KNN,1,KNN,1,KNN,1,KNN,1,KNN,1
row_1164,KNN,1,2,0,0,1,0,4,2,different+same+not,different|not|same,same:1+different:2+not:1,122,KNN,1,KNN,1,KNN,1,KNN,1,KNN,1
row_1165,KNN,1,1,2,1,3,4,12,3,not+or+and,and|not|or,person_is:4+same:1+different:1+not:3+and:2+or:1,240,KKN,0,KKN,0,KKN,0,KKN,0,KKN,0
row_1166,NNN,0,2,0,1,1,2,6,3,not+different+different,different|different|not,person_is:2+different:2+not:1+or:1,137,NNN,1,NKK,0,NKK,0,NNN,1,NNN,1
row_1167,KNN,4,1,2,0,0,0,7,3,same+and+same,and|same|same,same:4+different:1+and:2,192,KNN,1,KNN,1,KNN,1,KNN,1,KNN,1
row_1168,NKK,2,2,3,0,0,2,9,3,and+same+different,and|different|same,person_is:2+same:2+different:2+and:3,204,NKK,1,NKK,1,NKK,1,NKK,1,NKK,1
row_1169,NNN,2,1,1,1,1,2,8,3,person_is+not+and,and|not|person_is,person_is:2+same:2+different:1+not:1+and:1+or:1,183,NNN,1,NNN,1,NNN,1,NNN,1,NNN,1
row_1170,NNK,0,2,0,0,1,1,4,2,not+person_is+different,different|not|person_is,person_is:1+different:2+not:1,108,NNK,1,NNK,1,NNK,1,NNK,1,NNK,1
row_1171,NNK,2,1,1,0,1,1,6,3,same+and+person_is,and|person_is|same,person_is:1+same:2+different:1+not:1+and:1,148,NNK,1,NNK,1,NNK,1,NNK,1,NNK,1
row_1172,KKK,3,0,0,1,0,1,5,2,same+or+same,or|same|same,person_is:1+same:3+or:1,129,KKK,1,KKK,1,KKK,1,KKK,1,KKK,1
row_1173,NKK,1,1,0,2,2,3,9,3,person_is+or+not,not|or|person_is,person_is:3+same:1+different:1+not:2+or:2,184,NKK,1,NKK,1,NKK,1,KKN,0,NKK,1
row_1174,NNK,0,1,1,0,0,3,5,2,person_is+and+different,and|different|person_is,person_is:3+different:1+and:1,101,NNK,1,NNK,1,NNK,1,NNK,1,NNK,1
row_1175,KNN,1,2,1,0,0,1,5,2,person_is+same+and,and|person_is|same,person_is:1+same:1+different:2+and:1,130,KNN,1,KNN,1,NKN,0,KNN,1,KNN,1
row_1176,KKK,4,0,2,1,0,2,9,3,same+same+or,or|same|same,person_is:2+same:4+and:2+or:1,202,KKK,1,KKK,1,KKK,1,KKK,1,KKK,1
row_1177,NNK,2,1,0,0,0,0,3,1,same+same+different,different|same|same,same:2+different:1,104,NNK,1,NNK,1,NNK,1,NNK,1,NNK,1
row_1178,KNK,1,1,0,0,2,1,5,3,not+different+same,different|not|same,person_is:1+same:1+different:1+not:2,125,KNK,1,KNK,1,KNK,1,KNK,1,KNK,1
row_1179,KKK,2,2,0,1,1,0,6,3,or+same+same,or|same|same,same:2+different:2+not:1+or:1,168,KKK,1,KKK,1,KKK,1,KKK,1,KKK,1
row_1180,KNK,1,2,1,1,0,2,7,3,different+or+same,different|or|same,person_is:2+same:1+different:2+and:1+or:1,162,KNK,1,KNK,1,KNK,1,KNK,1,KNK,1
row_1181,NKK,0,1,0,0,3,2,6,3,not+not+person_is,not|not|person_is,person_is:2+different:1+not:3,130,KNN,0,KNN,0,NKK,1,KNK,0,KNK,0
row_1182,KNN,2,2,1,1,3,1,10,3,not+and+not,and|not|not,person_is:1+same:2+different:2+not:3+and:1+or:1,237,KNN,1,KNN,1,KNN,1,KNN,1,KNN,1
row_1183,KKK,3,1,1,2,0,2,9,3,same+or+or,or|or|same,person_is:2+same:3+different:1+and:1+or:2,209,KKK,1,KKK,1,KKK,1,KKK,1,KKK,1
row_1184,KNN,1,1,0,0,0,1,3,1,same+person_is+different,different|person_is|same,person_is:1+same:1+different:1,84,NNK,0,KNN,1,NNK,0,NNK,0,NNK,0
row_1185,KKK,1,0,0,2,1,4,8,2,or+not+or,not|or|or,person_is:4+same:1+not:1+or:2,147,KKN,0,KKN,0,KKK,1,KKN,0,KKK,1
row_1186,NKK,0,2,0,1,1,2,6,3,or+different+person_is,different|or|person_is,person_is:2+different:2+not:1+or:1,138,KNN,0,KNN,0,KKK,0,KKK,0,KKN,0
row_1187,KKK,2,1,0,5,0,5,13,3,or+or+person_is,or|or|person_is,person_is:5+same:2+different:1+or:5,255,KKK,1,KKK,1,KKK,1,KKK,1,KKK,1
row_1188,KNN,3,1,0,1,3,0,8,3,not+same+not,not|not|same,same:3+different:1+not:3+or:1,206,KNN,1,KNN,1,KNN,1,KNN,1,KNN,1
row_1189,NKK,1,3,0,4,0,3,11,3,same+or+or,or|or|same,person_is:3+same:1+different:3+or:4,250,NKK,1,NKK,1,NKK,1,NKK,1,NKK,1
row_1190,KKN,3,2,3,1,0,2,11,3,or+person_is+and,and|or|person_is,person_is:2+same:3+different:2+and:3+or:1,251,KNK,0,KNK,0,KNK,0,KNK,0,KNK,0
row_1191,NNK,1,1,0,1,1,2,6,3,same+not+person_is,not|person_is|same,person_is:2+same:1+different:1+not:1+or:1,135,NNK,1,NNK,1,NNK,1,NNK,1,NNK,1
row_1192,NKK,4,0,1,0,2,0,7,3,and+same+same,and|same|same,same:4+not:2+and:1,183,NKK,1,NKK,1,NKK,1,NKK,1,NKK,1
row_1193,KNN,0,1,0,0,2,2,5,3,different+not+person_is,different|not|person_is,person_is:2+different:1+not:2,109,KNN,1,KNN,1,NKN,0,KNN,1,KNN,1
row_1194,NNK,0,1,1,0,3,3,8,3,and+person_is+not,and|not|person_is,person_is:3+different:1+not:3+and:1,157,NNK,1,NNK,1,NNK,1,NNK,1,NNK,1
row_1195,KKN,2,2,3,1,0,3,11,3,and+or+same,and|or|same,person_is:3+same:2+different:2+and:3+or:1,240,KNN,0,KKN,1,KKN,1,KKN,1,KKN,1
row_1196,KKK,4,1,1,1,0,0,7,3,or+same+same,or|same|same,same:4+different:1+and:1+or:1,193,KKK,1,KKK,1,KKK,1,KKK,1,KKK,1
row_1197,KNK,1,2,0,1,2,1,7,3,or+not+different,different|not|or,person_is:1+same:1+different:2+not:2+or:1,174,KNK,1,KNK,1,KNK,1,KNN,0,KNK,1
row_1198,NKN,1,3,2,0,0,1,7,3,same+person_is+and,and|person_is|same,person_is:1+same:1+different:3+and:2,178,NKN,1,NKN,1,NKN,1,NKN,1,NKN,1
row_1199,NKK,2,1,0,0,1,0,4,2,different+same+not,different|not|same,same:2+different:1+not:1,120,NKK,1,NKK,1,NKK,1,NKK,1,NKK,1
row_1200,NNK,1,3,2,3,1,4,14,3,and+not+or,and|not|or,person_is:4+same:1+different:3+not:1+and:2+or:3,289,NNK,1,NNK,1,NNK,1,NNK,1,NNK,1
row_1201,KKN,3,3,2,2,1,1,12,3,same+or+and,and|or|same,person_is:1+same:3+different:3+not:1+and:2+or:2,291,KKN,1,KKN,1,KKN,1,KKN,1,KKN,1
row_1202,KNK,2,2,1,1,0,1,7,3,different+or+same,different|or|same,person_is:1+same:2+different:2+and:1+or:1,180,KNK,1,KNK,1,KNK,1,KNK,1,KNK,1
row_1203,NNK,2,2,1,1,0,1,7,3,or+same+person_is,or|person_is|same,person_is:1+same:2+different:2+and:1+or:1,178,NNK,1,NNK,1,KNN,0,NNK,1,KNN,0
row_1204,NNN,2,3,1,1,1,0,8,3,different+different+or,different|different|or,same:2+different:3+not:1+and:1+or:1,215,NNN,1,NNN,1,NNN,1,NNN,1,NNN,1
row_1205,KNK,2,2,1,2,2,2,11,3,person_is+or+not,not|or|person_is,person_is:2+same:2+different:2+not:2+and:1+or:2,248,NNN,0,NNN,0,KNK,1,KNK,1,KNK,1
row_1206,NKN,1,2,1,1,1,2,8,3,person_is+and+different,and|different|person_is,person_is:2+same:1+different:2+not:1+and:1+or:1,182,NKN,1,NKN,1,NKN,1,NKN,1,NKN,1
row_1207,NNN,1,2,1,0,1,1,6,3,and+different+person_is,and|different|person_is,person_is:1+same:1+different:2+not:1+and:1,151,NNN,1,NNN,1,NNN,1,NNN,1,NNN,1
row_1208,KNK,2,0,0,1,0,2,5,2,person_is+person_is+or,or|person_is|person_is,person_is:2+same:2+or:1,115,KNK,1,KNK,1,KNK,1,KNK,1,KNK,1
row_1209,KKK,1,1,0,1,0,2,5,2,person_is+person_is+or,or|person_is|person_is,person_is:2+same:1+different:1+or:1,118,KKK,1,KKK,1,KKK,1,KKK,1,KKK,1
row_1210,NKK,2,1,3,0,0,3,9,3,and+person_is+same,and|person_is|same,person_is:3+same:2+different:1+and:3,195,NKK,1,NKK,1,NKK,1,NKK,1,NKN,0
row_1211,KKN,1,1,0,1,1,2,6,2,or+not+person_is,not|or|person_is,person_is:2+same:1+different:1+not:1+or:1,138,KKN,1,KKN,1,KKN,1,KKN,1,KKN,1
row_1212,KKK,2,1,0,1,2,1,7,3,same+or+not,not|or|same,person_is:1+same:2+different:1+not:2+or:1,172,KKK,1,KKK,1,KKK,1,KKK,1,KKK,1
row_1213,NNK,1,3,0,3,1,2,10,3,person_is+not+or,not|or|person_is,person_is:2+same:1+different:3+not:1+or:3,235,NNK,1,NNK,1,NNK,1,NNK,1,NNK,1
row_1214,NKK,0,3,0,0,2,0,5,2,not+different+not,different|not|not,different:3+not:2,146,NKK,1,NKK,1,NKK,1,NKK,1,NKK,1
row_1215,NKK,2,1,0,1,0,1,5,2,person_is+or+different,different|or|person_is,person_is:1+same:2+different:1+or:1,132,NKN,0,NKK,1,NKK,1,NKK,1,NKK,1
row_1216,NKN,3,1,0,1,1,0,6,2,or+not+different,different|not|or,same:3+different:1+not:1+or:1,166,NKN,1,NKN,1,NKN,1,NKN,1,NKN,1
row_1217,NKK,1,0,0,1,1,3,6,3,person_is+or+same,or|person_is|same,person_is:3+same:1+not:1+or:1,117,NKK,1,NKK,1,NKK,1,NKK,1,NKK,1
row_1218,NNN,1,3,1,2,0,2,9,3,person_is+different+or,different|or|person_is,person_is:2+same:1+different:3+and:1+or:2,209,NNN,1,NNN,1,NNN,1,NNN,1,NNN,1
row_1219,KNN,3,1,1,1,2,1,9,3,or+not+and,and|not|or,person_is:1+same:3+different:1+not:2+and:1+or:1,220,KNN,1,KNN,1,KNN,1,NNK,0,KNN,1
row_1220,KKK,3,1,0,1,0,0,5,2,same+same+or,or|same|same,same:3+different:1+or:1,150,KKK,1,KKK,1,KKK,1,KKK,1,KKK,1
row_1221,KKK,0,1,1,2,1,5,10,3,not+or+person_is,not|or|person_is,person_is:5+different:1+not:1+and:1+or:2,180,KKK,1,KKK,1,KKK,1,KKK,1,KKK,1
row_1222,KNK,0,3,0,1,0,1,5,2,or+different+different,different|different|or,person_is:1+different:3+or:1,135,KNK,1,KNK,1,KNK,1,KNK,1,KNK,1
row_1223,NKK,3,1,0,1,1,0,6,3,not+different+same,different|not|same,same:3+different:1+not:1+or:1,166,NKK,1,NKK,1,NKK,1,NKK,1,NKK,1
row_1224,NKN,0,1,1,0,0,3,5,2,and+person_is+person_is,and|person_is|person_is,person_is:3+different:1+and:1,101,NKN,1,NKN,1,NKN,1,NKN,1,NKN,1
row_1225,NKN,2,2,1,1,0,1,7,3,person_is+and+same,and|person_is|same,person_is:1+same:2+different:2+and:1+or:1,174,KNN,0,KNN,0,KNN,0,KNN,0,NKN,1
row_1226,KKK,2,1,0,1,0,1,5,2,same+same+or,or|same|same,person_is:1+same:2+different:1+or:1,132,KKK,1,KKK,1,KKK,1,KKK,1,KKK,1
row_1227,NKN,2,2,1,1,1,1,8,3,same+or+and,and|or|same,person_is:1+same:2+different:2+not:1+and:1+or:1,199,NKN,1,NKN,1,NKN,1,NKN,1,NKN,1
row_1228,NKN,4,2,2,2,0,1,11,3,and+different+or,and|different|or,person_is:1+same:4+different:2+and:2+or:2,272,NNN,0,NNN,0,NKN,1,NNK,0,NNN,0
row_1229,KNN,4,0,1,0,1,0,6,3,same+and+same,and|same|same,same:4+not:1+and:1,165,KNN,1,KNN,1,KNN,1,KNN,1,KNN,1
row_1230,NKK,1,4,1,1,4,0,11,3,not+or+not,not|not|or,same:1+different:4+not:4+and:1+or:1,277,NKK,1,NKK,1,NKK,1,NKK,1,NKK,1
row_1231,NKN,0,2,1,1,1,3,8,3,different+or+and,and|different|or,person_is:3+different:2+not:1+and:1+or:1,168,NKN,1,NKN,1,NKN,1,NKN,1,NKN,1
row_1232,KNK,2,1,1,2,1,3,10,3,not+person_is+or,not|or|person_is,person_is:3+same:2+different:1+not:1+and:1+or:2,214,KNK,1,KNK,1,KNK,1,KNK,1,KNK,1
row_1233,KNK,2,3,0,3,0,1,9,3,or+different+or,different|or|or,person_is:1+same:2+different:3+or:3,229,KNK,1,KNK,1,KNK,1,KNK,1,KNK,1
row_1234,KNK,4,1,1,1,2,0,9,3,not+same+or,not|or|same,same:4+different:1+not:2+and:1+or:1,233,KNK,1,KNK,1,KKN,0,KNK,1,KKN,0
row_1235,KNK,3,2,2,1,1,1,10,3,and+or+same,and|or|same,person_is:1+same:3+different:2+not:1+and:2+or:1,243,KNK,1,KNK,1,KNK,1,KNK,1,KNK,1
row_1236,NNK,3,2,3,1,2,2,13,3,and+and+or,and|and|or,person_is:2+same:3+different:2+not:2+and:3+or:1,299,NNK,1,NNK,1,NNK,1,NNK,1,NNK,1
row_1237,NNK,0,1,2,0,0,4,7,3,and+person_is+different,and|different|person_is,person_is:4+different:1+and:2,125,NNK,1,NNK,1,NNK,1,NNK,1,NNK,1
row_1238,NKK,1,4,1,3,1,2,12,3,and+or+or,and|or|or,person_is:2+same:1+different:4+not:1+and:1+or:3,279,NKK,1,NKK,1,NKK,1,NKK,1,NKK,1
row_1239,NKN,1,1,2,0,0,3,7,3,person_is+different+and,and|different|person_is,person_is:3+same:1+different:1+and:2,144,NKN,1,NKN,1,NKN,1,NKN,1,NKN,1
row_1240,NKK,2,2,2,0,0,1,7,2,and+and+different,and|and|different,person_is:1+same:2+different:2+and:2,178,NKK,1,NKK,1,NKK,1,NKK,1,NNK,0
row_1241,NNN,0,3,1,0,0,1,5,2,different+and+different,and|different|different,person_is:1+different:3+and:1,130,NNN,1,NNN,1,NNN,1,NNN,1,NNN,1
row_1242,NKN,2,0,2,2,0,5,11,3,person_is+or+and,and|or|person_is,person_is:5+same:2+and:2+or:2,203,NKN,1,NKN,1,NKN,1,KNN,0,KNN,0
row_1243,NNN,0,2,0,1,1,2,6,2,person_is+not+or,not|or|person_is,person_is:2+different:2+not:1+or:1,139,NNN,1,NNN,1,NNN,1,NNN,1,NNN,1
row_1244,NNK,2,2,1,0,0,0,5,2,same+and+same,and|same|same,same:2+different:2+and:1,147,NNK,1,NNK,1,NNK,1,NNK,1,NNK,1
row_1245,NKN,1,3,0,2,1,1,8,3,same+different+or,different|or|same,person_is:1+same:1+different:3+not:1+or:2,202,KNN,0,KNN,0,NNK,0,NNK,0,KNN,0
row_1246,NNK,1,3,2,0,1,1,8,3,and+not+person_is,and|not|person_is,person_is:1+same:1+different:3+not:1+and:2,199,NKN,0,NNK,1,INVALID,0,NNK,1,NNK,1
row_1247,KNK,3,2,1,2,1,1,10,3,or+and+person_is,and|or|person_is,person_is:1+same:3+different:2+not:1+and:1+or:2,245,KNK,1,KNK,1,KNK,1,KNK,1,KNK,1
row_1248,NKK,1,1,1,2,0,4,9,3,same+and+different,and|different|same,person_is:4+same:1+different:1+and:1+or:2,178,NNK,0,NNK,0,NNK,0,NNK,0,NNK,0
row_1249,NKK,0,2,0,1,0,2,5,2,person_is+person_is+or,or|person_is|person_is,person_is:2+different:2+or:1,118,NKK,1,NKK,1,NKK,1,NKK,1,NKK,1
row_1250,NKK,2,2,0,2,1,1,8,3,person_is+or+not,not|or|person_is,person_is:1+same:2+different:2+not:1+or:2,197,KNK,0,KNK,0,NKK,1,NKN,0,NKK,1
row_1251,KKK,2,1,0,2,1,2,8,3,person_is+not+or,not|or|person_is,person_is:2+same:2+different:1+not:1+or:2,183,KKK,1,KKK,1,KKK,1,KKK,1,KKK,1
row_1252,KNK,3,0,1,0,1,1,6,3,person_is+and+same,and|person_is|same,person_is:1+same:3+not:1+and:1,149,KNK,1,KNK,1,KNK,1,KNK,1,KNK,1
row_1253,KKK,0,1,1,0,1,3,6,3,not+person_is+person_is,not|person_is|person_is,person_is:3+different:1+not:1+and:1,123,KKK,1,KKK,1,KKK,1,KKK,1,KKK,1
row_1254,NKK,1,3,1,0,1,0,6,3,same+different+not,different|not|same,same:1+different:3+not:1+and:1,171,NKK,1,KNK,0,NKK,1,NKK,1,KKK,0
row_1255,KKK,2,0,0,1,0,2,5,2,person_is+or+same,or|person_is|same,person_is:2+same:2+or:1,111,KKK,1,KKK,1,KKK,1,KKK,1,KKK,1
row_1256,NKK,0,1,0,0,1,2,4,2,different+not+person_is,different|not|person_is,person_is:2+different:1+not:1,88,NKK,1,KKN,0,NKK,1,KKN,0,KKN,0
row_1257,NNK,0,2,0,1,1,2,6,3,not+person_is+different,different|not|person_is,person_is:2+different:2+not:1+or:1,139,KNK,0,KNK,0,KNK,0,KNK,0,KNK,0
row_1258,KNN,2,1,2,0,2,2,9,3,not+not+and,and|not|not,person_is:2+same:2+different:1+not:2+and:2,202,KNN,1,KNN,1,KNN,1,KNN,1,KKN,0
row_1259,KKK,4,0,1,1,0,1,7,3,same+same+or,or|same|same,person_is:1+same:4+and:1+or:1,175,KKK,1,KKK,1,KKK,1,KKK,1,KKK,1
row_1260,NKN,2,1,1,1,1,2,8,3,not+and+same,and|not|same,person_is:2+same:2+different:1+not:1+and:1+or:1,179,NKN,1,NKN,1,NKN,1,NKN,1,NKN,1
row_1261,KKK,1,1,1,1,1,3,8,3,same+or+person_is,or|person_is|same,person_is:3+same:1+different:1+not:1+and:1+or:1,164,KKK,1,KKK,1,KKK,1,KKK,1,KKK,1
row_1262,KKK,5,0,2,1,0,1,9,3,or+same+and,and|or|same,person_is:1+same:5+and:2+or:1,216,KKK,1,KKK,1,KKK,1,KKK,1,KKK,1
row_1263,KKK,0,1,0,0,1,2,4,2,person_is+person_is+not,not|person_is|person_is,person_is:2+different:1+not:1,92,KKK,1,KKK,1,KKK,1,KKK,1,KKK,1
row_1264,KNN,3,1,2,1,3,2,12,3,and+same+and,and|and|same,person_is:2+same:3+different:1+not:3+and:2+or:1,268,NNK,0,NNK,0,NNK,0,NNK,0,NNK,0
row_1265,NKN,1,2,1,1,1,2,8,3,or+person_is+and,and|or|person_is,person_is:2+same:1+different:2+not:1+and:1+or:1,185,KNK,0,NNK,0,KNK,0,NKN,1,NNK,0
row_1266,KKK,3,0,0,3,0,3,9,3,same+person_is+or,or|person_is|same,person_is:3+same:3+or:3,191,KKK,1,KKK,1,KKK,1,KKK,1,KKK,1
row_1267,KKK,4,1,0,2,0,0,7,3,or+same+same,or|same|same,same:4+different:1+or:2,192,KKK,1,KKK,1,KKK,1,KKK,1,KKK,1
row_1268,NNN,1,4,1,1,0,0,7,3,different+different+and,and|different|different,same:1+different:4+and:1+or:1,201,NNN,1,NNN,1,NNN,1,NNN,1,NNN,1
row_1269,KKN,1,2,0,1,1,1,6,3,or+person_is+different,different|or|person_is,person_is:1+same:1+different:2+not:1+or:1,154,KKN,1,KKN,1,KKN,1,KKN,1,KKK,0
row_1270,KKN,1,3,0,1,1,0,6,2,different+or+not,different|not|or,same:1+different:3+not:1+or:1,168,KKN,1,KKN,1,KKN,1,KKN,1,KKN,1
row_1271,NKN,1,1,0,0,0,1,3,1,same+different+person_is,different|person_is|same,person_is:1+same:1+different:1,84,NKN,1,NKN,1,NKN,1,NKN,1,NKN,1
row_1272,KKN,2,1,0,0,1,0,4,2,not+different+same,different|not|same,same:2+different:1+not:1,122,NKN,0,NKN,0,NKN,0,KKN,1,NKN,0
row_1273,KKN,1,3,1,1,1,1,8,3,or+not+different,different|not|or,person_is:1+same:1+different:3+not:1+and:1+or:1,201,KKN,1,KKN,1,KKN,1,KKN,1,KKN,1
row_1274,NNN,2,2,2,2,1,3,12,3,person_is+or+and,and|or|person_is,person_is:3+same:2+different:2+not:1+and:2+or:2,261,NKN,0,NKN,0,NKN,0,NKN,0,NKN,0
row_1275,NKK,1,0,0,1,2,3,7,3,or+not+person_is,not|or|person_is,person_is:3+same:1+not:2+or:1,137,KNK,0,KNK,0,KNK,0,KNK,0,KNK,0
row_1276,KNK,1,2,0,1,0,1,5,2,or+same+person_is,or|person_is|same,person_is:1+same:1+different:2+or:1,129,KNK,1,KNK,1,KNK,1,KNK,1,KNK,1
row_1277,NKN,0,2,0,0,1,1,4,2,person_is+different+not,different|not|person_is,person_is:1+different:2+not:1,103,NKN,1,NKN,1,NKN,1,NKN,1,NKN,1
row_1278,NNN,0,6,3,2,0,2,13,3,different+or+or,different|or|or,person_is:2+different:6+and:3+or:2,307,NNN,1,NNN,1,NNN,1,NNN,1,NNN,1
row_1279,NNN,1,0,0,0,1,2,4,2,not+person_is+person_is,not|person_is|person_is,person_is:2+same:1+not:1,90,NNN,1,NNN,1,NNN,1,NNN,1,NNN,1
row_1280,KNN,2,1,2,0,0,2,7,3,different+and+same,and|different|same,person_is:2+same:2+different:1+and:2,162,KNN,1,KNN,1,KNN,1,KNN,1,KNN,1
row_1281,NNN,1,1,2,0,0,3,7,3,person_is+person_is+and,and|person_is|person_is,person_is:3+same:1+different:1+and:2,148,KKK,0,KKK,0,KKK,0,KKK,0,KKK,0
row_1282,KNN,2,4,2,1,0,0,9,3,or+same+and,and|or|same,same:2+different:4+and:2+or:1,246,KNN,1,KNN,1,KNN,1,KNN,1,KNN,1
row_1283,KKN,2,0,0,1,2,2,7,3,or+not+person_is,not|or|person_is,person_is:2+same:2+not:2+or:1,151,KNK,0,KKN,1,KKN,1,KKN,1,KKN,1
row_1284,NNK,3,4,2,3,0,1,13,3,or+different+and,and|different|or,person_is:1+same:3+different:4+and:2+or:3,323,NNK,1,NNK,1,NKN,0,NNK,1,NNK,1
row_1285,KNN,2,1,0,1,0,1,5,2,person_is+same+or,or|person_is|same,person_is:1+same:2+different:1+or:1,131,KNN,1,KNN,1,KNN,1,KNN,1,KNN,1
row_1286,NKK,2,3,2,2,1,2,12,3,person_is+and+or,and|or|person_is,person_is:2+same:2+different:3+not:1+and:2+or:2,278,NKN,0,KNK,0,NKK,1,NKN,0,NKK,1
row_1287,NKK,0,2,1,0,0,2,5,2,person_is+and+different,and|different|person_is,person_is:2+different:2+and:1,116,NKN,0,NKK,1,NKN,0,NKK,1,NKN,0
row_1288,NKK,1,4,1,1,1,0,8,3,different+same+or,different|or|same,same:1+different:4+not:1+and:1+or:1,217,NKK,1,NKK,1,NKK,1,NKK,1,NKK,1
row_1289,KNK,1,2,0,1,0,1,5,2,same+different+or,different|or|same,person_is:1+same:1+different:2+or:1,135,NKK,0,KNK,1,NKK,0,KNK,1,NNK,0
row_1290,NNN,1,2,1,1,1,2,8,3,and+person_is+different,and|different|person_is,person_is:2+same:1+different:2+not:1+and:1+or:1,184,NNN,1,NKK,0,NKK,0,NKK,0,NKN,0
row_1291,NNN,2,1,1,0,1,1,6,3,person_is+different+and,and|different|person_is,person_is:1+same:2+different:1+not:1+and:1,153,NKK,0,NKK,0,NKK,0,NKK,0,NKK,0
row_1292,NNK,0,1,0,0,0,2,3,1,person_is+person_is+different,different|person_is|person_is,person_is:2+different:1,67,NNK,1,NNK,1,NNK,1,NNK,1,NNK,1
row_1293,NKK,2,1,1,1,1,2,8,3,same+and+or,and|or|same,person_is:2+same:2+different:1+not:1+and:1+or:1,181,NKN,0,NKK,1,NKK,1,NKK,1,NKK,1
row_1294,KKK,1,1,0,1,1,2,6,3,person_is+not+same,not|person_is|same,person_is:2+same:1+different:1+not:1+or:1,137,KKK,1,KKK,1,KKK,1,KKK,1,KKK,1
row_1295,NKN,1,3,1,1,0,1,7,3,same+or+different,different|or|same,person_is:1+same:1+different:3+and:1+or:1,180,NKN,1,NKN,1,NKN,1,NKN,1,NKN,1
row_1296,NKN,1,3,2,1,2,2,11,3,same+or+not,not|or|same,person_is:2+same:1+different:3+not:2+and:2+or:1,251,NKN,1,NKN,1,NKN,1,NKN,1,NKN,1
row_1297,KNN,1,2,1,0,1,1,6,3,person_is+and+different,and|different|person_is,person_is:1+same:1+different:2+not:1+and:1,152,KNN,1,KNN,1,KNN,1,KNN,1,KNN,1
row_1298,KNN,1,2,0,0,1,0,4,2,different+not+same,different|not|same,same:1+different:2+not:1,122,KNN,1,KNN,1,KNN,1,KNN,1,KNN,1
row_1299,NNN,1,2,2,0,2,2,9,3,person_is+and+and,and|and|person_is,person_is:2+same:1+different:2+not:2+and:2,199,KKN,0,KKN,0,KKN,0,KKN,0,KKN,0
row_1300,NNN,1,3,1,1,0,1,7,3,or+person_is+different,different|or|person_is,person_is:1+same:1+different:3+and:1+or:1,181,KNK,0,KNK,0,KNK,0,KNK,0,KKK,0
row_1301,NNN,1,2,3,0,0,3,9,3,and+and+different,and|and|different,person_is:3+same:1+different:2+and:3,192,NNN,1,NNN,1,NNN,1,NNN,1,NNN,1
row_1302,KKK,1,1,0,3,1,4,10,3,or+person_is+or,or|or|person_is,person_is:4+same:1+different:1+not:1+or:3,195,KKK,1,KKK,1,KKK,1,KKK,1,KKN,0
row_1303,KKK,3,2,1,1,1,0,8,3,not+same+and,and|not|same,same:3+different:2+not:1+and:1+or:1,217,KKK,1,KKK,1,KKK,1,KKK,1,KKK,1
row_1304,KNK,0,3,1,0,1,1,6,2,person_is+not+and,and|not|person_is,person_is:1+different:3+not:1+and:1,150,KNN,0,KNN,0,NKK,0,KNN,0,KNK,1
row_1305,KNK,1,3,1,0,3,0,8,3,not+not+different,different|not|not,same:1+different:3+not:3+and:1,209,KNN,0,KNK,1,KNK,1,KNK,1,KNK,1
row_1306,KKK,2,0,0,0,2,1,5,3,same+same+not,not|same|same,person_is:1+same:2+not:2,122,KKK,1,KKK,1,KKK,1,KKK,1,KKK,1
row_1307,NNK,1,3,0,1,2,0,7,3,not+different+or,different|not|or,same:1+different:3+not:2+or:1,188,NNK,1,NNK,1,NNK,1,NNK,1,NNK,1
row_1308,KNN,2,3,1,1,0,0,7,3,different+or+different,different|different|or,same:2+different:3+and:1+or:1,195,KNN,1,KNN,1,KNN,1,KNN,1,KNN,1
row_1309,KNN,2,0,1,1,0,3,7,3,person_is+same+and,and|person_is|same,person_is:3+same:2+and:1+or:1,146,NKK,0,NKK,0,NKK,0,NKK,0,NNK,0
row_1310,KNK,3,2,3,0,1,1,10,3,different+and+and,and|and|different,person_is:1+same:3+different:2+not:1+and:3,240,KNK,1,KNK,1,KNK,1,KNK,1,KNK,1
row_1311,KKN,1,1,2,0,0,3,7,3,person_is+same+and,and|person_is|same,person_is:3+same:1+different:1+and:2,144,KKN,1,KKN,1,KKN,1,KKN,1,KKN,1
row_1312,KKK,2,1,0,1,0,1,5,2,same+or+person_is,or|person_is|same,person_is:1+same:2+different:1+or:1,132,KKK,1,KKK,1,KKK,1,KKK,1,KKK,1
row_1313,NNN,0,3,1,1,1,2,8,3,and+or+different,and|different|or,person_is:2+different:3+not:1+and:1+or:1,182,NNN,1,NNN,1,NNN,1,NNN,1,NNN,1
row_1314,NNK,1,2,0,0,2,0,5,3,different+not+different,different|different|not,same:1+different:2+not:2,144,NNK,1,NNK,1,NNK,1,NNK,1,NNK,1
row_1315,KNN,1,3,2,0,2,1,9,3,same+not+and,and|not|same,person_is:1+same:1+different:3+not:2+and:2,221,KNN,1,KNN,1,KNN,1,KNN,1,KNN,1
row_1316,KKK,2,1,1,1,0,2,7,3,person_is+same+and,and|person_is|same,person_is:2+same:2+different:1+and:1+or:1,163,KKK,1,KKK,1,KKK,1,KKK,1,KKK,1
row_1317,KKN,1,1,1,0,1,2,6,3,not+different+same,different|not|same,person_is:2+same:1+different:1+not:1+and:1,131,KKN,1,KKN,1,KKN,1,KKN,1,KKN,1
row_1318,KKK,0,3,0,3,3,3,12,3,or+or+or,or|or|or,person_is:3+different:3+not:3+or:3,257,KKK,1,KNK,0,KKK,1,KKK,1,KKK,1
row_1319,NKK,3,1,3,0,2,2,11,3,and+and+not,and|and|not,person_is:2+same:3+different:1+not:2+and:3,245,NNK,0,NNK,0,NNK,0,NNN,0,NNK,0
row_1320,NNK,2,1,1,0,1,1,6,3,not+different+person_is,different|not|person_is,person_is:1+same:2+different:1+not:1+and:1,148,NKK,0,NKK,0,NNK,1,NNK,1,NNK,1
row_1321,NKN,1,2,1,0,0,1,5,2,different+and+same,and|different|same,person_is:1+same:1+different:2+and:1,131,NKN,1,NKN,1,NKN,1,NKN,1,NKN,1
row_1322,NKN,1,2,0,1,2,1,7,3,not+or+person_is,not|or|person_is,person_is:1+same:1+different:2+not:2+or:1,172,NKN,1,NKN,1,NKN,1,NKN,1,NKN,1
row_1323,NKK,2,2,1,1,1,1,8,3,same+not+and,and|not|same,person_is:1+same:2+different:2+not:1+and:1+or:1,203,NKK,1,NKK,1,NKK,1,NKK,1,NKK,1
row_1324,NNK,1,1,0,1,2,2,7,3,person_is+not+or,not|or|person_is,person_is:2+same:1+different:1+not:2+or:1,153,NNK,1,NNK,1,NNK,1,NNK,1,NNK,1
row_1325,NNN,0,3,0,0,0,0,3,1,different+different+different,different|different|different,different:3,102,NNN,1,NNN,1,NNN,1,NNN,1,NNN,1
row_1326,NKK,1,2,1,1,0,2,7,2,different+and+or,and|different|or,person_is:2+same:1+different:2+and:1+or:1,163,NKK,1,NKK,1,NKK,1,KNK,0,NKK,1
row_1327,KKK,1,1,1,1,0,3,7,3,person_is+same+or,or|person_is|same,person_is:3+same:1+different:1+and:1+or:1,145,KKK,1,KKK,1,KKK,1,KKK,1,KKK,1
row_1328,NKK,0,1,0,0,1,2,4,2,person_is+different+not,different|not|person_is,person_is:2+different:1+not:1,84,NKN,0,NKN,0,NKN,0,NKN,0,NKN,0
row_1329,NNN,1,1,2,0,1,3,8,3,and+person_is+and,and|and|person_is,person_is:3+same:1+different:1+not:1+and:2,166,NNN,1,NNN,1,NNN,1,NNN,1,NNN,1
row_1330,NKN,4,1,1,1,1,0,8,3,and+or+same,and|or|same,same:4+different:1+not:1+and:1+or:1,213,NKN,1,NKN,1,NKK,0,NKN,1,NKN,1
row_1331,KNK,2,1,0,1,1,1,6,3,person_is+not+same,not|person_is|same,person_is:1+same:2+different:1+not:1+or:1,152,KNK,1,KNK,1,KNK,1,KNK,1,KNK,1
row_1332,NKN,0,3,0,1,1,1,6,3,different+or+different,different|different|or,person_is:1+different:3+not:1+or:1,156,NKN,1,NKN,1,KKN,0,NKN,1,NKN,1
row_1333,NKK,2,2,0,1,2,0,7,3,not+not+same,not|not|same,same:2+different:2+not:2+or:1,188,NKK,1,NKK,1,NKK,1,NKK,1,NKK,1
row_1334,KKK,2,2,2,1,1,2,10,3,same+and+or,and|or|same,person_is:2+same:2+different:2+not:1+and:2+or:1,228,KKK,1,KKK,1,KKK,1,KKK,1,KKK,1
row_1335,KKN,2,2,1,0,0,0,5,2,and+same+same,and|same|same,same:2+different:2+and:1,145,KKN,1,KKN,1,KKN,1,KKN,1,KKN,1
row_1336,NNN,2,2,2,0,1,1,8,3,person_is+and+different,and|different|person_is,person_is:1+same:2+different:2+not:1+and:2,202,NNN,1,NNN,1,NNN,1,NNN,1,NNN,1
row_1337,NNK,1,1,0,1,1,2,6,3,person_is+different+or,different|or|person_is,person_is:2+same:1+different:1+not:1+or:1,132,NNK,1,NNK,1,NNK,1,NNK,1,NNK,1
row_1338,NKK,4,0,1,2,1,2,10,3,same+or+not,not|or|same,person_is:2+same:4+not:1+and:1+or:2,226,NKK,1,NKK,1,NKK,1,NKK,1,NKK,1
row_1339,KKK,2,0,0,0,0,1,3,1,same+same+person_is,person_is|same|same,person_is:1+same:2,82,KKK,1,KKK,1,KKK,1,KKK,1,KKK,1
row_1340,NKN,2,0,0,0,1,1,4,2,same+not+person_is,not|person_is|same,person_is:1+same:2+not:1,102,NNK,0,NKN,1,NNK,0,NNK,0,NNK,0
row_1341,KNK,2,3,2,0,1,0,8,3,different+same+and,and|different|same,same:2+different:3+not:1+and:2,212,KNK,1,KNK,1,KNK,1,KNK,1,KNK,1
row_1342,NNN,0,3,2,1,1,3,10,3,or+and+not,and|not|or,person_is:3+different:3+not:1+and:2+or:1,215,KNK,0,KNK,0,KNN,0,KNN,0,KNN,0
row_1343,KNK,1,3,1,1,1,1,8,3,different+or+different,different|different|or,person_is:1+same:1+different:3+not:1+and:1+or:1,199,NNN,0,KNK,1,KNK,1,KNK,1,KNK,1
row_1344,NKN,3,2,1,2,3,1,12,3,and+not+not,and|not|not,person_is:1+same:3+different:2+not:3+and:1+or:2,284,NNN,0,NKN,1,NKN,1,NNN,0,NNN,0
row_1345,NNK,2,2,1,0,1,0,6,3,same+and+same,and|same|same,same:2+different:2+not:1+and:1,167,NNK,1,NNK,1,NNK,1,NNK,1,NNK,1
row_1346,NNK,1,2,2,1,1,3,10,3,not+and+and,and|and|not,person_is:3+same:1+different:2+not:1+and:2+or:1,217,NNK,1,NNK,1,NNK,1,NNK,1,NNK,1
row_1347,KNN,0,2,0,0,1,1,4,2,different+not+person_is,different|not|person_is,person_is:1+different:2+not:1,106,KNN,1,KNN,1,KNN,1,KNN,1,KNN,1
row_1348,KKN,3,0,1,0,0,1,5,2,same+same+and,and|same|same,person_is:1+same:3+and:1,124,KKN,1,KKN,1,KKN,1,KKN,1,KKN,1
row_1349,NNK,1,3,0,1,0,0,5,2,different+or+different,different|different|or,same:1+different:3+or:1,150,NNK,1,NNK,1,NNK,1,NNK,1,NNK,1
row_1350,NNN,1,2,1,1,1,2,8,3,different+different+or,different|different|or,person_is:2+same:1+different:2+not:1+and:1+or:1,182,NNN,1,NNN,1,NNN,1,NNN,1,NNN,1
row_1351,KNN,2,1,0,1,0,1,5,2,or+different+same,different|or|same,person_is:1+same:2+different:1+or:1,129,KNN,1,KNN,1,KNN,1,KNN,1,KNN,1
row_1352,KKK,2,0,0,0,2,1,5,3,same+same+not,not|same|same,person_is:1+same:2+not:2,120,KKK,1,KKK,1,KKK,1,KKK,1,KKK,1
row_1353,KKN,0,3,0,0,1,0,4,2,different+different+not,different|different|not,different:3+not:1,126,KKN,1,KKN,1,KKN,1,KKN,1,KKN,1
row_1354,NKK,0,2,0,1,0,2,5,2,or+different+different,different|different|or,person_is:2+different:2+or:1,119,NKK,1,NKK,1,NKK,1,NKK,1,NKK,1
row_1355,NNN,0,4,1,0,0,0,5,2,and+different+different,and|different|different,different:4+and:1,149,NNN,1,NNN,1,NNN,1,NNN,1,NNN,1
row_1356,KKN,1,2,0,2,2,2,9,3,or+not+not,not|not|or,person_is:2+same:1+different:2+not:2+or:2,206,KKN,1,KKN,1,KKN,1,KKN,1,KKN,1
row_1357,KNK,0,1,0,0,1,2,4,2,not+different+person_is,different|not|person_is,person_is:2+different:1+not:1,87,KNK,1,KNK,1,KNK,1,KNK,1,KNK,1
row_1358,KNN,1,1,0,0,0,1,3,1,different+same+person_is,different|person_is|same,person_is:1+same:1+different:1,83,KNN,1,KNN,1,KNN,1,KNN,1,KNN,1
row_1359,KKK,2,0,0,1,0,2,5,2,or+same+same,or|same|same,person_is:2+same:2+or:1,111,KKK,1,KKK,1,KKK,1,KKK,1,KKK,1
row_1360,NKN,2,2,1,1,1,1,8,3,or+not+different,different|not|or,person_is:1+same:2+different:2+not:1+and:1+or:1,199,NKN,1,NKK,0,NKN,1,NKN,1,NKN,1
row_1361,NKK,1,2,1,1,0,2,7,3,same+or+different,different|or|same,person_is:2+same:1+different:2+and:1+or:1,166,NKK,1,NKK,1,NKK,1,NKK,1,NKK,1
row_1362,KNN,1,2,0,0,1,0,4,2,different+same+not,different|not|same,same:1+different:2+not:1,120,KNN,1,KNN,1,KNN,1,KNN,1,KNN,1
row_1363,KKN,0,1,0,0,1,2,4,2,different+person_is+not,different|not|person_is,person_is:2+different:1+not:1,92,NNN,0,KKN,1,NNN,0,KKN,1,NNN,0
row_1364,NKN,2,2,2,1,1,2,10,3,person_is+or+and,and|or|person_is,person_is:2+same:2+different:2+not:1+and:2+or:1,226,KNN,0,KNN,0,NKN,1,KNN,0,KNN,0
row_1365,NNN,1,3,4,0,1,3,12,3,and+and+person_is,and|and|person_is,person_is:3+same:1+different:3+not:1+and:4,260,NNN,1,NNN,1,NNN,1,NNN,1,NNN,1
row_1366,KNK,2,1,0,0,1,0,4,2,different+same+not,different|not|same,same:2+different:1+not:1,118,KNK,1,KNK,1,KNK,1,KNK,1,KNK,1
row_1367,NKN,1,2,4,0,0,4,11,3,and+same+and,and|and|same,person_is:4+same:1+different:2+and:4,217,NKN,1,NKN,1,NKN,1,NKN,1,NKN,1
row_1368,KKK,3,0,0,1,0,1,5,2,same+same+or,or|same|same,person_is:1+same:3+or:1,129,KKK,1,KKK,1,KKK,1,KKK,1,KKK,1
row_1369,NKK,3,2,3,1,0,2,11,3,and+same+or,and|or|same,person_is:2+same:3+different:2+and:3+or:1,252,NKK,1,NKK,1,NKK,1,NKK,1,NKK,1
row_1370,KKK,2,2,1,0,2,0,7,3,same+and+same,and|same|same,same:2+different:2+not:2+and:1,191,KKK,1,KKK,1,KKK,1,KKK,1,KKK,1
row_1371,KNN,4,2,1,2,0,0,9,3,different+or+same,different|or|same,same:4+different:2+and:1+or:2,241,KNK,0,KNK,0,KNK,0,KNN,1,KNK,0
row_1372,NKK,1,3,1,1,0,1,7,3,and+different+different,and|different|different,person_is:1+same:1+different:3+and:1+or:1,180,NKK,1,NKK,1,NKK,1,NKK,1,NKK,1
row_1373,NNN,3,2,2,1,1,1,10,3,and+and+not,and|and|not,person_is:1+same:3+different:2+not:1+and:2+or:1,247,NNN,1,NNN,1,NNN,1,NNN,1,NNN,1
row_1374,KNN,2,2,1,1,0,1,7,3,same+and+same,and|same|same,person_is:1+same:2+different:2+and:1+or:1,181,KNN,1,KNN,1,KNN,1,KNN,1,KNN,1
row_1375,NNK,1,0,1,0,2,3,7,3,not+and+person_is,and|not|person_is,person_is:3+same:1+not:2+and:1,135,NNK,1,NNK,1,NNK,1,KNN,0,NNK,1
row_1376,KKK,2,2,0,2,1,1,8,3,same+not+or,not|or|same,person_is:1+same:2+different:2+not:1+or:2,201,KKK,1,KKK,1,KKK,1,KKK,1,KKK,1
row_1377,KNK,1,1,0,0,1,1,4,2,not+same+different,different|not|same,person_is:1+same:1+different:1+not:1,102,KNK,1,KNK,1,KNK,1,KNK,1,KNK,1
row_1378,NNN,1,3,2,1,0,2,9,3,different+or+different,different|different|or,person_is:2+same:1+different:3+and:2+or:1,212,NNN,1,NNN,1,NNN,1,NNN,1,NNN,1
row_1379,KKN,1,2,0,1,0,1,5,2,or+person_is+same,or|person_is|same,person_is:1+same:1+different:2+or:1,132,KKN,1,KKN,1,KKN,1,KKN,1,KKN,1
row_1380,NNN,2,1,2,2,1,4,12,3,different+and+and,and|and|different,person_is:4+same:2+different:1+not:1+and:2+or:2,244,NKN,0,NKN,0,NNN,1,KNN,0,NNN,1
row_1381,KNK,0,0,0,1,1,4,6,3,person_is+person_is+or,or|person_is|person_is,person_is:4+not:1+or:1,102,KNK,1,KNK,1,NKK,0,KNK,1,KNK,1
row_1382,KNK,3,1,3,0,3,2,12,3,not+and+and,and|and|not,person_is:2+same:3+different:1+not:3+and:3,268,NNN,0,KNN,0,KNN,0,KNK,1,KNN,0
row_1383,NKK,3,1,0,2,1,1,8,3,or+different+or,different|or|or,person_is:1+same:3+different:1+not:1+or:2,200,KNK,0,KKN,0,KKN,0,NKK,1,KKN,0
row_1384,KKK,3,0,0,1,0,1,5,2,same+same+or,or|same|same,person_is:1+same:3+or:1,129,KKK,1,KKK,1,KKK,1,KKK,1,KKK,1
row_1385,KNN,1,1,1,0,0,2,5,2,same+and+different,and|different|same,person_is:2+same:1+different:1+and:1,112,NNK,0,KNN,1,NNK,0,KNN,1,KNN,1
row_1386,KKN,1,1,1,0,2,2,7,3,and+person_is+not,and|not|person_is,person_is:2+same:1+different:1+not:2+and:1,159,NNK,0,NNK,0,NNK,0,NNK,0,NNK,0
row_1387,NKN,2,1,1,0,0,1,5,2,person_is+different+and,and|different|person_is,person_is:1+same:2+different:1+and:1,131,NNN,0,NKN,1,NKN,1,NNN,0,NNN,0
row_1388,KKK,2,2,2,1,2,2,11,3,and+and+or,and|and|or,person_is:2+same:2+different:2+not:2+and:2+or:1,248,KKK,1,KKK,1,KKK,1,KKK,1,KKK,1
row_1389,NNN,0,3,1,0,1,1,6,3,and+different+different,and|different|different,person_is:1+different:3+not:1+and:1,150,NNN,1,NNN,1,NNN,1,NNN,1,NNN,1
row_1390,NKN,2,2,2,1,1,2,10,3,not+person_is+and,and|not|person_is,person_is:2+same:2+different:2+not:1+and:2+or:1,230,NNK,0,NKN,1,NKN,1,KNK,0,NNK,0
row_1391,NKN,2,1,0,1,0,1,5,2,different+or+same,different|or|same,person_is:1+same:2+different:1+or:1,130,NKN,1,NKN,1,NKN,1,KKN,0,NKN,1
row_1392,KKK,3,1,1,3,0,3,11,3,or+same+or,or|or|same,person_is:3+same:3+different:1+and:1+or:3,233,KKK,1,KKK,1,KKK,1,KKK,1,KKK,1
row_1393,KNK,1,1,0,0,3,1,6,2,not+not+not,not|not|not,person_is:1+same:1+different:1+not:3,143,NNK,0,NNK,0,NNK,0,NNK,0,NNK,0
row_1394,NNN,1,2,1,0,3,1,8,3,not+not+different,different|not|not,person_is:1+same:1+different:2+not:3+and:1,192,NNN,1,NNN,1,NNN,1,NNN,1,NNN,1
row_1395,NKK,1,0,0,1,0,3,5,2,same+person_is+or,or|person_is|same,person_is:3+same:1+or:1,98,NKK,1,NKK,1,NKK,1,NKK,1,NKK,1
row_1396,NNK,1,3,1,0,1,0,6,2,and+not+different,and|different|not,same:1+different:3+not:1+and:1,171,NNK,1,NNK,1,NNK,1,NNK,1,NNK,1
row_1397,KKN,2,1,1,0,0,1,5,2,person_is+and+different,and|different|person_is,person_is:1+same:2+different:1+and:1,127,KKN,1,KKN,1,KKN,1,KKN,1,KKN,1
row_1398,KKN,0,3,0,0,3,0,6,3,different+not+not,different|not|not,different:3+not:3,166,KKN,1,KKN,1,KKN,1,KKN,1,KKN,1
row_1399,KKK,6,1,1,3,1,0,12,3,same+or+or,or|or|same,same:6+different:1+not:1+and:1+or:3,307,KKK,1,KKK,1,KKK,1,KKK,1,KKK,1
row_1400,NKK,1,0,0,0,1,2,4,2,same+person_is+not,not|person_is|same,person_is:2+same:1+not:1,84,NKN,0,NKN,0,NKN,0,NKN,0,NKN,0
row_1401,NNN,1,4,1,1,0,0,7,3,and+different+different,and|different|different,same:1+different:4+and:1+or:1,195,NKK,0,NKK,0,NKK,0,NNN,1,NNN,1
row_1402,NKN,1,2,0,1,1,1,6,3,same+or+person_is,or|person_is|same,person_is:1+same:1+different:2+not:1+or:1,149,NKN,1,NKN,1,NKN,1,NKN,1,NKN,1
row_1403,NKN,1,3,0,2,0,1,7,3,different+or+different,different|different|or,person_is:1+same:1+different:3+or:2,184,NKN,1,NKN,1,NKN,1,NKN,1,NKN,1
row_1404,KKK,5,0,2,2,1,2,12,3,or+same+and,and|or|same,person_is:2+same:5+not:1+and:2+or:2,272,KKK,1,KKK,1,KKK,1,KKK,1,KKN,0
row_1405,NKK,3,0,0,1,1,1,6,3,not+same+same,not|same|same,person_is:1+same:3+not:1+or:1,147,NKK,1,NKK,1,NKK,1,NKK,1,NKK,1
row_1406,NKN,1,4,2,0,1,0,8,3,not+different+and,and|different|not,same:1+different:4+not:1+and:2,216,KKN,0,KKN,0,NKN,1,NKN,1,NKN,1
row_1407,KNK,3,2,2,2,0,2,11,3,different+and+and,and|and|different,person_is:2+same:3+different:2+and:2+or:2,256,KNK,1,KNN,0,KNK,1,KNK,1,KNK,1
row_1408,KNK,0,2,2,0,0,3,7,3,different+and+person_is,and|different|person_is,person_is:3+different:2+and:2,147,KNK,1,KNK,1,NNN,0,KNK,1,KNK,1
row_1409,NNN,1,2,2,1,0,3,9,3,person_is+or+and,and|or|person_is,person_is:3+same:1+different:2+and:2+or:1,194,NKN,0,NKN,0,NKN,0,NKN,0,KKK,0
row_1410,NNN,1,5,3,2,0,2,13,3,and+and+different,and|and|different,person_is:2+same:1+different:5+and:3+or:2,310,NNN,1,NNN,1,NNN,1,NNN,1,NNN,1
row_1411,NNK,2,2,1,0,1,0,6,3,different+same+and,and|different|same,same:2+different:2+not:1+and:1,167,NNK,1,NNK,1,NNK,1,NNK,1,NNK,1
row_1412,KNK,2,0,1,0,0,2,5,2,same+and+person_is,and|person_is|same,person_is:2+same:2+and:1,112,KNK,1,KNK,1,KNK,1,KNK,1,KNK,1
row_1413,NNN,1,1,0,1,1,2,6,3,not+person_is+person_is,not|person_is|person_is,person_is:2+same:1+different:1+not:1+or:1,134,NNN,1,NNN,1,NNN,1,NNN,1,NNN,1
row_1414,NNN,0,1,1,0,0,3,5,2,person_is+and+different,and|different|person_is,person_is:3+different:1+and:1,96,NNN,1,NNN,1,NNN,1,NNN,1,NNN,1
row_1415,NKK,2,2,0,2,0,1,7,3,different+or+person_is,different|or|person_is,person_is:1+same:2+different:2+or:2,176,NNN,0,NKK,1,NKK,1,KNK,0,NKK,1
row_1416,KKN,2,3,1,1,1,0,8,3,or+same+and,and|or|same,same:2+different:3+not:1+and:1+or:1,213,KKN,1,KKN,1,KKN,1,KKN,1,KKN,1
row_1417,KKK,2,1,0,0,1,0,4,2,same+not+same,not|same|same,same:2+different:1+not:1,120,KKK,1,KKK,1,KKK,1,KKK,1,KKK,1
row_1418,NKK,2,1,0,1,0,1,5,2,or+different+same,different|or|same,person_is:1+same:2+different:1+or:1,131,KKN,0,KKN,0,KKN,0,KKN,0,KKN,0
row_1419,KKN,2,2,2,1,0,2,9,3,person_is+or+and,and|or|person_is,person_is:2+same:2+different:2+and:2+or:1,209,KKN,1,KKN,1,NKK,0,KKN,1,NKK,0
row_1420,KKN,1,0,0,0,1,2,4,2,not+person_is+same,not|person_is|same,person_is:2+same:1+not:1,86,KKN,1,KKN,1,KKN,1,KKN,1,KKN,1
row_1421,KNK,2,2,1,0,0,0,5,2,different+and+different,and|different|different,same:2+different:2+and:1,145,KNK,1,KNK,1,KNK,1,KNK,1,KNK,1
row_1422,NKK,3,1,1,1,0,1,7,3,same+same+or,or|same|same,person_is:1+same:3+different:1+and:1+or:1,178,NKK,1,NKK,1,NKK,1,NKK,1,NKK,1
row_1423,NKK,1,1,0,0,2,1,5,3,same+not+different,different|not|same,person_is:1+same:1+different:1+not:2,124,NKK,1,NKK,1,NKK,1,NKK,1,NKK,1
row_1424,NKN,4,2,2,2,0,1,11,3,different+or+or,different|or|or,person_is:1+same:4+different:2+and:2+or:2,271,KKN,0,KKN,0,KKN,0,KKN,0,KKN,0
row_1425,KNN,2,3,3,1,1,2,12,3,or+and+and,and|and|or,person_is:2+same:2+different:3+not:1+and:3+or:1,280,KNN,1,KNN,1,KNN,1,KNN,1,KNN,1
row_1426,NNN,1,3,2,0,0,1,7,2,and+different+and,and|and|different,person_is:1+same:1+different:3+and:2,181,NNN,1,NNN,1,NNN,1,NNN,1,NNN,1
row_1427,NKK,4,4,4,1,1,0,14,3,and+or+not,and|not|or,same:4+different:4+not:1+and:4+or:1,358,NKN,0,NKN,0,NKK,1,NKK,1,NKK,1
row_1428,NNN,1,6,3,2,0,1,13,3,or+different+or,different|or|or,person_is:1+same:1+different:6+and:3+or:2,324,KNK,0,KNK,0,KNK,0,KNK,0,KNK,0
row_1429,KKN,0,2,0,0,0,1,3,1,different+different+person_is,different|different|person_is,person_is:1+different:2,89,KKN,1,KKN,1,KKN,1,KKN,1,KKN,1
row_1430,NKN,3,2,2,1,2,1,11,3,same+or+and,and|or|same,person_is:1+same:3+different:2+not:2+and:2+or:1,266,NKN,1,NKN,1,NKN,1,NKN,1,NKN,1
row_1431,NKK,3,2,2,1,0,1,9,3,same+or+and,and|or|same,person_is:1+same:3+different:2+and:2+or:1,227,NKK,1,NKK,1,NKK,1,NKK,1,NKK,1
row_1432,NKN,4,2,3,1,2,1,13,3,and+and+and,and|and|and,person_is:1+same:4+different:2+not:2+and:3+or:1,310,NKN,1,NKN,1,NKN,1,NKN,1,NKN,1
row_1433,NNN,1,2,0,0,1,0,4,2,different+different+not,different|different|not,same:1+different:2+not:1,126,NNN,1,NNN,1,NNN,1,NNN,1,NNN,1
row_1434,KNN,1,2,1,0,1,1,6,3,different+and+same,and|different|same,person_is:1+same:1+different:2+not:1+and:1,152,KNN,1,KNN,1,KNN,1,KNN,1,KNN,1
row_1435,KNK,0,2,0,1,0,2,5,2,different+person_is+or,different|or|person_is,person_is:2+different:2+or:1,116,KNK,1,KNK,1,KNK,1,KNK,1,KNK,1
row_1436,KKN,1,0,1,0,0,3,5,2,person_is+and+same,and|person_is|same,person_is:3+same:1+and:1,98,NKK,0,NKK,0,NKK,0,NKK,0,NKK,0
row_1437,KKN,2,2,2,1,0,2,9,3,person_is+and+and,and|and|person_is,person_is:2+same:2+different:2+and:2+or:1,207,KNN,0,KNN,0,KNN,0,KNN,0,KKN,1
row_1438,NKK,1,2,1,1,0,2,7,3,same+different+or,different|or|same,person_is:2+same:1+different:2+and:1+or:1,163,NKN,0,NKK,1,NKK,1,NKK,1,NKK,1
row_1439,NNN,1,1,0,0,1,1,4,2,person_is+different+not,different|not|person_is,person_is:1+same:1+different:1+not:1,104,NNN,1,NNN,1,NNN,1,NNN,1,NNN,1
row_1440,KNN,3,1,1,1,2,1,9,3,not+not+same,not|not|same,person_is:1+same:3+different:1+not:2+and:1+or:1,219,KNN,1,KNN,1,KNN,1,KNN,1,KNN,1
row_1441,KKK,3,0,1,3,0,4,11,3,or+and+person_is,and|or|person_is,person_is:4+same:3+and:1+or:3,221,KKK,1,KNK,0,KKK,1,KKK,1,KNK,0
row_1442,NNK,1,1,2,0,0,3,7,3,and+same+person_is,and|person_is|same,person_is:3+same:1+different:1+and:2,142,NNK,1,NNK,1,NNK,1,NNK,1,NNK,1
row_1443,KNK,4,0,3,1,1,3,12,3,and+and+same,and|and|same,person_is:3+same:4+not:1+and:3+or:1,256,KNN,0,KNN,0,KNK,1,KNK,1,KNK,1
row_1444,NKN,2,1,2,0,2,2,9,3,and+different+and,and|and|different,person_is:2+same:2+different:1+not:2+and:2,201,NKN,1,NKN,1,NKN,1,NKN,1,NNN,0
row_1445,NKK,2,3,1,2,1,1,10,3,same+not+or,not|or|same,person_is:1+same:2+different:3+not:1+and:1+or:2,248,NKN,0,NKK,1,NKK,1,NKK,1,NKK,1
row_1446,KNK,1,1,0,1,1,2,6,3,person_is+different+or,different|or|person_is,person_is:2+same:1+different:1+not:1+or:1,133,KNK,1,KNK,1,NKK,0,KNK,1,KNK,1
row_1447,NKN,4,1,2,1,1,1,10,3,and+not+and,and|and|not,person_is:1+same:4+different:1+not:1+and:2+or:1,246,NNN,0,NNN,0,NNN,0,NKN,1,KNN,0
row_1448,NKN,3,0,1,0,1,1,6,3,and+person_is+same,and|person_is|same,person_is:1+same:3+not:1+and:1,146,NKN,1,NKN,1,NKN,1,NKN,1,NKN,1
row_1449,NKK,1,1,1,0,1,2,6,3,person_is+not+different,different|not|person_is,person_is:2+same:1+different:1+not:1+and:1,132,NKK,1,NKK,1,NKK,1,NKK,1,NKK,1
row_1450,NNN,1,2,2,0,1,2,8,3,and+and+different,and|and|different,person_is:2+same:1+different:2+not:1+and:2,180,NNN,1,NNN,1,NNK,0,NNN,1,NNN,1
row_1451,NNK,1,2,0,2,0,2,7,2,or+or+person_is,or|or|person_is,person_is:2+same:1+different:2+or:2,160,KNK,0,KNK,0,KKN,0,KKN,0,KKN,0
row_1452,KKK,1,0,0,1,0,3,5,2,person_is+person_is+or,or|person_is|person_is,person_is:3+same:1+or:1,98,KKK,1,KKK,1,KKK,1,KKK,1,KKK,1
row_1453,NKK,1,1,0,0,1,1,4,2,person_is+not+same,not|person_is|same,person_is:1+same:1+different:1+not:1,103,NKK,1,NKK,1,NKK,1,NKK,1,NKK,1
row_1454,NKK,2,2,0,1,1,0,6,3,different+different+or,different|different|or,same:2+different:2+not:1+or:1,166,NKK,1,NKK,1,NKK,1,NNN,0,NKK,1
row_1455,NNK,3,0,2,2,0,4,11,3,and+same+or,and|or|same,person_is:4+same:3+and:2+or:2,217,NKK,0,NKK,0,NNK,1,KNK,0,NNK,1
row_1456,KKK,2,1,0,0,1,0,4,2,same+not+same,not|same|same,same:2+different:1+not:1,120,KKK,1,KKK,1,KKK,1,KKK,1,KKK,1
row_1457,NKN,2,1,1,0,0,1,5,2,same+different+and,and|different|same,person_is:1+same:2+different:1+and:1,128,NKN,1,NKN,1,NKN,1,NKN,1,NKN,1
row_1458,NKN,1,2,1,0,0,1,5,2,and+different+different,and|different|different,person_is:1+same:1+different:2+and:1,130,NKN,1,NKN,1,NKN,1,NKN,1,NKN,1
row_1459,NNK,3,1,0,1,1,0,6,3,same+same+or,or|same|same,same:3+different:1+not:1+or:1,166,NNK,1,NNK,1,NNK,1,NNK,1,NNK,1
row_1460,KKK,1,0,0,0,1,2,4,2,person_is+not+same,not|person_is|same,person_is:2+same:1+not:1,85,KKK,1,KKK,1,KKK,1,KKK,1,KKK,1
row_1461,NKN,1,4,0,2,0,0,7,3,different+or+same,different|or|same,same:1+different:4+or:2,198,NKN,1,NKN,1,NKN,1,NKN,1,NKN,1
row_1462,KNK,2,0,0,1,1,2,6,3,same+same+not,not|same|same,person_is:2+same:2+not:1+or:1,133,KKK,0,KKK,0,KNK,1,KNK,1,KKK,0
row_1463,NKK,1,2,0,1,1,1,6,3,different+different+or,different|different|or,person_is:1+same:1+different:2+not:1+or:1,152,NKK,1,NKK,1,NKK,1,NKK,1,NKK,1
row_1464,NNN,1,2,1,0,0,1,5,2,different+and+different,and|different|different,person_is:1+same:1+different:2+and:1,133,NNN,1,NNN,1,NNN,1,NNN,1,NNN,1
row_1465,KNK,1,2,1,0,0,1,5,2,different+and+same,and|different|same,person_is:1+same:1+different:2+and:1,132,KNK,1,KNK,1,KNK,1,KNK,1,KNK,1
row_1466,NKK,2,1,0,2,0,2,7,3,same+or+person_is,or|person_is|same,person_is:2+same:2+different:1+or:2,165,NKK,1,NKK,1,NKK,1,NKK,1,NKK,1
row_1467,KKN,0,1,0,0,2,2,5,3,person_is+not+different,different|not|person_is,person_is:2+different:1+not:2,108,KKN,1,KKN,1,KKN,1,KKN,1,KKN,1
row_1468,KKK,1,2,1,0,2,1,7,3,not+not+same,not|not|same,person_is:1+same:1+different:2+not:2+and:1,171,KKK,1,KKK,1,KKK,1,KKK,1,KKK,1
row_1469,KNK,1,1,0,2,0,3,7,3,different+person_is+or,different|or|person_is,person_is:3+same:1+different:1+or:2,143,KNK,1,KNK,1,KNK,1,KNK,1,KNK,1
row_1470,NKN,3,3,2,2,1,1,12,3,not+same+or,not|or|same,person_is:1+same:3+different:3+not:1+and:2+or:2,295,KNN,0,KNN,0,KKK,0,KNN,0,KKK,0
row_1471,NKN,1,1,0,0,2,1,5,3,same+not+person_is,not|person_is|same,person_is:1+same:1+different:1+not:2,124,NKN,1,NKN,1,NKN,1,NKN,1,NKN,1
row_1472,KNK,3,1,0,2,1,1,8,3,or+different+not,different|not|or,person_is:1+same:3+different:1+not:1+or:2,199,KNK,1,KNK,1,KNK,1,KNK,1,KNK,1
row_1473,KKK,3,2,1,3,1,2,12,3,or+same+or,or|or|same,person_is:2+same:3+different:2+not:1+and:1+or:3,272,KKK,1,KKK,1,KKK,1,KKK,1,KKK,1
row_1474,NNK,1,1,0,0,1,1,4,2,not+different+person_is,different|not|person_is,person_is:1+same:1+different:1+not:1,103,NNK,1,NNK,1,NNK,1,NNK,1,NNK,1
row_1475,NNK,2,1,0,0,1,0,4,2,different+same+not,different|not|same,same:2+different:1+not:1,122,NNK,1,NNK,1,NNK,1,NNK,1,NNK,1
row_1476,KNK,3,0,1,1,0,2,7,3,or+person_is+same,or|person_is|same,person_is:2+same:3+and:1+or:1,160,KNK,1,KNK,1,KNK,1,KNK,1,KNK,1
row_1477,NNN,0,1,1,1,1,4,8,3,person_is+and+not,and|not|person_is,person_is:4+different:1+not:1+and:1+or:1,147,NNN,1,NNN,1,NNN,1,NNN,1,NNN,1
row_1478,KNN,1,0,1,0,1,3,6,3,person_is+same+and,and|person_is|same,person_is:3+same:1+not:1+and:1,117,NKN,0,NKN,0,NKN,0,NKN,0,NKN,0
row_1479,KNN,1,1,0,2,0,3,7,3,or+person_is+person_is,or|person_is|person_is,person_is:3+same:1+different:1+or:2,148,KNK,0,KNK,0,KNK,0,KNK,0,KNK,0
row_1480,NKK,1,2,0,2,0,2,7,3,same+different+or,different|or|same,person_is:2+same:1+different:2+or:2,160,NKK,1,NKK,1,NKK,1,NKK,1,NKK,1
row_1481,KNK,4,0,0,2,1,1,8,3,or+person_is+not,not|or|person_is,person_is:1+same:4+not:1+or:2,195,KNK,1,KNK,1,KNN,0,KNN,0,KNN,0
row_1482,KKK,2,1,0,0,1,0,4,2,same+not+same,not|same|same,same:2+different:1+not:1,120,KKK,1,KKK,1,KKK,1,KKK,1,KKK,1
row_1483,NNK,1,1,0,0,1,1,4,2,same+not+person_is,not|person_is|same,person_is:1+same:1+different:1+not:1,103,NNK,1,NNK,1,NNK,1,NNK,1,NNK,1
row_1484,NNK,1,1,0,0,2,1,5,3,person_is+different+not,different|not|person_is,person_is:1+same:1+different:1+not:2,122,NNK,1,NNK,1,NNK,1,NNK,1,NNK,1
row_1485,NNN,0,1,0,0,2,2,5,3,person_is+not+person_is,not|person_is|person_is,person_is:2+different:1+not:2,108,NNN,1,NNN,1,NNN,1,NNN,1,NNN,1
row_1486,NNN,1,1,0,1,1,2,6,3,person_is+different+not,different|not|person_is,person_is:2+same:1+different:1+not:1+or:1,140,NNN,1,NNN,1,NNN,1,NNN,1,NNN,1
row_1487,NKK,0,3,1,1,2,2,9,3,different+or+and,and|different|or,person_is:2+different:3+not:2+and:1+or:1,204,NKK,1,NKK,1,NKK,1,NKK,1,NKK,1
row_1488,NNK,1,1,0,0,3,1,6,3,not+not+person_is,not|not|person_is,person_is:1+same:1+different:1+not:3,141,NNK,1,NNK,1,NNK,1,NNK,1,NNK,1
row_1489,NKN,3,0,1,1,2,2,9,3,same+or+not,not|or|same,person_is:2+same:3+not:2+and:1+or:1,197,NNK,0,NKN,1,NKN,1,NKN,1,NKN,1
row_1490,KNN,1,0,1,0,1,3,6,3,and+person_is+same,and|person_is|same,person_is:3+same:1+not:1+and:1,119,KNN,1,KNN,1,KNN,1,KNN,1,KNN,1
row_1491,NNN,3,0,4,0,0,4,11,3,and+person_is+and,and|and|person_is,person_is:4+same:3+and:4,223,NNN,1,NNN,1,NNK,0,NNN,1,NNK,0
row_1492,KKN,1,4,1,1,1,0,8,3,different+or+not,different|not|or,same:1+different:4+not:1+and:1+or:1,219,KNN,0,KKN,1,KKN,1,KKN,1,KKN,1
row_1493,KKN,1,1,0,0,0,1,3,1,different+person_is+same,different|person_is|same,person_is:1+same:1+different:1,86,KKN,1,KKN,1,KKN,1,KKN,1,KKN,1
row_1494,KKN,2,2,1,0,2,0,7,3,not+same+and,and|not|same,same:2+different:2+not:2+and:1,187,KKN,1,KKN,1,KKN,1,KKN,1,KKN,1
row_1495,NKK,0,3,0,2,0,2,7,3,different+different+or,different|different|or,person_is:2+different:3+or:2,166,NNN,0,NNN,0,NNN,0,NNN,0,NNN,0
row_1496,NNK,3,1,0,1,1,0,6,3,not+same+same,not|same|same,same:3+different:1+not:1+or:1,166,NNK,1,NNK,1,NNK,1,NNK,1,NNK,1
row_1497,NNN,0,2,0,0,2,1,5,3,different+different+not,different|different|not,person_is:1+different:2+not:2,128,NNN,1,NNN,1,NNN,1,NNN,1,NNN,1
row_1498,KKK,1,1,0,2,2,3,9,3,person_is+or+or,or|or|person_is,person_is:3+same:1+different:1+not:2+or:2,190,KKK,1,KKK,1,KKK,1,KKK,1,KKK,1
row_1499,NKK,3,1,1,1,0,1,7,3,and+different+same,and|different|same,person_is:1+same:3+different:1+and:1+or:1,178,NKN,0,NKK,1,NKK,1,NKN,0,NKK,1
row_1500,NKK,1,4,1,1,2,0,9,3,or+different+not,different|not|or,same:1+different:4+not:2+and:1+or:1,237,NKN,0,NKK,1,NKK,1,NKK,1,NKK,1
row_1501,NNN,0,3,1,1,0,2,7,3,and+different+person_is,and|different|person_is,person_is:2+different:3+and:1+or:1,162,NNN,1,NNN,1,NNN,1,NNN,1,NNN,1
row_1502,NKK,2,0,0,1,2,2,7,3,same+or+not,not|or|same,person_is:2+same:2+not:2+or:1,150,NKN,0,NKK,1,NKK,1,NKK,1,NKK,1
row_1503,KNN,1,1,1,1,1,3,8,3,and+different+not,and|different|not,person_is:3+same:1+different:1+not:1+and:1+or:1,167,NNK,0,NKK,0,NKN,0,NKK,0,NNK,0
row_1504,KNK,2,0,1,0,2,2,7,3,not+and+person_is,and|not|person_is,person_is:2+same:2+not:2+and:1,149,NNK,0,KNK,1,KNK,1,KNK,1,KNK,1
row_1505,KKN,0,4,0,1,1,0,6,3,different+different+not,different|different|not,different:4+not:1+or:1,174,KKN,1,KKN,1,KKN,1,KKN,1,KKN,1
row_1506,KNN,2,2,2,0,0,1,7,3,different+and+same,and|different|same,person_is:1+same:2+different:2+and:2,182,KNN,1,KNN,1,NKN,0,KNN,1,NNN,0
row_1507,NKK,3,1,1,1,0,1,7,3,or+same+different,different|or|same,person_is:1+same:3+different:1+and:1+or:1,172,KNK,0,KNK,0,KKN,0,KNK,0,KKK,0
row_1508,NNK,2,2,1,1,1,1,8,3,or+different+not,different|not|or,person_is:1+same:2+different:2+not:1+and:1+or:1,200,NNK,1,NNK,1,NNK,1,NNK,1,NNK,1
row_1509,KKN,0,1,0,0,1,2,4,2,different+person_is+not,different|not|person_is,person_is:2+different:1+not:1,89,KNK,0,KKN,1,KKN,1,KKN,1,KKN,1
row_1510,KNN,2,2,2,1,0,2,9,3,different+or+and,and|different|or,person_is:2+same:2+different:2+and:2+or:1,206,KNN,1,KNN,1,KNN,1,KNN,1,KNN,1
row_1511,NKN,3,3,3,2,1,2,14,3,and+or+and,and|and|or,person_is:2+same:3+different:3+not:1+and:3+or:2,325,NNN,0,KNN,0,KNN,0,KNN,0,KNN,0
row_1512,NNK,7,0,4,1,1,1,14,3,and+and+person_is,and|and|person_is,person_is:1+same:7+not:1+and:4+or:1,328,NNK,1,NNK,1,NNK,1,NNK,1,NNK,1
row_1513,KNN,4,2,0,4,1,1,12,3,or+or+not,not|or|or,person_is:1+same:4+different:2+not:1+or:4,294,KKN,0,KKN,0,KKK,0,KKK,0,KKN,0
row_1514,KKN,3,2,0,2,1,0,8,3,or+or+different,different|or|or,same:3+different:2+not:1+or:2,216,KKN,1,KKN,1,KKN,1,KKN,1,KKK,0
row_1515,NNN,2,1,1,2,2,3,11,3,not+not+or,not|not|or,person_is:3+same:2+different:1+not:2+and:1+or:2,234,KNK,0,KNK,0,KNK,0,KNN,0,KNK,0
row_1516,KKN,1,0,0,1,0,3,5,2,person_is+or+person_is,or|person_is|person_is,person_is:3+same:1+or:1,95,KKN,1,KKN,1,KKN,1,KKN,1,KKN,1
row_1517,NNK,1,3,0,2,1,1,8,3,different+not+or,different|not|or,person_is:1+same:1+different:3+not:1+or:2,201,NNK,1,NNK,1,NNK,1,NNK,1,NNK,1
row_1518,NNN,0,4,1,1,1,1,8,3,person_is+different+and,and|different|person_is,person_is:1+different:4+not:1+and:1+or:1,201,NNN,1,NNN,1,NNN,1,NNN,1,NNN,1
row_1519,NKN,1,4,1,1,1,0,8,3,or+different+not,different|not|or,same:1+different:4+not:1+and:1+or:1,217,KKN,0,KKN,0,KKN,0,KKN,0,KKN,0
row_1520,NNN,0,1,0,0,1,2,4,2,not+different+person_is,different|not|person_is,person_is:2+different:1+not:1,87,NNN,1,NKN,0,NKN,0,NKN,0,NKN,0
row_1521,NKK,1,2,0,1,0,1,5,2,person_is+or+different,different|or|person_is,person_is:1+same:1+different:2+or:1,129,KNK,0,KNK,0,KNK,0,KNK,0,KNK,0
row_1522,NNK,1,2,0,0,1,0,4,2,same+not+different,different|not|same,same:1+different:2+not:1,120,NNK,1,NNK,1,NNK,1,NNK,1,NNK,1
row_1523,KKN,1,1,0,0,0,1,3,1,same+different+person_is,different|person_is|same,person_is:1+same:1+different:1,83,KKN,1,NKN,0,NKN,0,KKN,1,KKN,1
row_1524,NKN,1,2,1,1,1,2,8,3,person_is+or+person_is,or|person_is|person_is,person_is:2+same:1+different:2+not:1+and:1+or:1,182,NKN,1,NKN,1,NKN,1,NKN,1,NKN,1
row_1525,KNK,3,1,1,1,0,1,7,3,or+same+same,or|same|same,person_is:1+same:3+different:1+and:1+or:1,178,KNK,1,KNK,1,KNK,1,KNK,1,KNK,1
row_1526,NKN,2,0,1,1,0,3,7,3,and+person_is+person_is,and|person_is|person_is,person_is:3+same:2+and:1+or:1,141,NKN,1,NKN,1,NKN,1,NKN,1,NKN,1
row_1527,KNK,1,2,1,1,0,2,7,3,and+same+person_is,and|person_is|same,person_is:2+same:1+different:2+and:1+or:1,163,KNK,1,KNK,1,KNK,1,KNK,1,KNK,1
row_1528,KNN,2,0,0,0,1,1,4,2,not+same+person_is,not|person_is|same,person_is:1+same:2+not:1,102,KNN,1,KNN,1,KNN,1,KNN,1,KNN,1
row_1529,KKK,3,2,1,1,1,0,8,2,and+or+not,and|not|or,same:3+different:2+not:1+and:1+or:1,215,KKK,1,KKK,1,KKK,1,KKK,1,KKK,1
row_1530,NNN,0,2,0,0,2,1,5,3,different+not+person_is,different|not|person_is,person_is:1+different:2+not:2,128,NNN,1,NNN,1,NNN,1,NNN,1,NNN,1
row_1531,NKK,1,2,1,1,0,2,7,3,and+different+person_is,and|different|person_is,person_is:2+same:1+different:2+and:1+or:1,164,NNN,0,NKK,1,NKN,0,NKK,1,NKN,0
row_1532,NKK,1,2,1,1,0,2,7,3,or+different+person_is,different|or|person_is,person_is:2+same:1+different:2+and:1+or:1,164,NNN,0,NNN,0,NKN,0,NKK,1,NNN,0
row_1533,NNK,4,0,1,0,2,0,7,3,same+and+not,and|not|same,same:4+not:2+and:1,185,NKK,0,NKK,0,NNK,1,NNK,1,NNK,1
row_1534,NKN,1,3,0,1,2,0,7,3,or+different+not,different|not|or,same:1+different:3+not:2+or:1,188,KKN,0,KKN,0,KKN,0,KKN,0,KKN,0
row_1535,NNN,1,3,1,1,0,1,7,3,different+and+different,and|different|different,person_is:1+same:1+different:3+and:1+or:1,181,NNN,1,NNN,1,NNN,1,NNN,1,NNN,1
row_1536,KNK,1,2,2,2,1,4,12,3,person_is+and+or,and|or|person_is,person_is:4+same:1+different:2+not:1+and:2+or:2,244,KNK,1,KNK,1,KNK,1,KNK,1,KNK,1
row_1537,KKN,0,0,1,0,0,4,5,2,person_is+person_is+and,and|person_is|person_is,person_is:4+and:1,83,NNK,0,NNK,0,NNK,0,NNK,0,NNK,0
row_1538,NKK,2,0,0,0,0,1,3,1,same+person_is+same,person_is|same|same,person_is:1+same:2,83,NKK,1,NKK,1,NKK,1,NKK,1,NKK,1
row_1539,KKN,1,2,0,1,0,1,5,2,or+different+different,different|different|or,person_is:1+same:1+different:2+or:1,132,KNN,0,KKN,1,KKN,1,KNN,0,KKN,1
row_1540,NNN,1,3,1,0,2,0,7,3,and+different+not,and|different|not,same:1+different:3+not:2+and:1,189,NNN,1,NNN,1,NNN,1,NNK,0,NNK,0
row_1541,KKN,2,1,0,1,0,1,5,2,person_is+same+or,or|person_is|same,person_is:1+same:2+different:1+or:1,131,KKN,1,KKN,1,KKN,1,KNN,0,KKN,1
row_1542,NKK,2,1,1,1,0,2,7,3,person_is+or+same,or|person_is|same,person_is:2+same:2+different:1+and:1+or:1,158,NKK,1,NKK,1,NKK,1,NKK,1,NKK,1
row_1543,NKK,1,2,0,0,0,0,3,1,same+different+different,different|different|same,same:1+different:2,104,NKK,1,NKK,1,NKK,1,NKK,1,NKK,1
row_1544,NNK,5,0,1,1,2,0,9,3,and+same+or,and|or|same,same:5+not:2+and:1+or:1,227,NKK,0,NKK,0,NKK,0,NKK,0,NKK,0
row_1545,KKK,3,0,1,0,0,1,5,2,and+same+person_is,and|person_is|same,person_is:1+same:3+and:1,127,KKK,1,KKK,1,KKK,1,KKK,1,KKK,1
row_1546,KKN,2,0,0,1,1,2,6,2,or+not+same,not|or|same,person_is:2+same:2+not:1+or:1,135,KKN,1,KKN,1,KKN,1,KKN,1,KKN,1
row_1547,KKK,2,3,0,3,0,1,9,3,or+same+or,or|or|same,person_is:1+same:2+different:3+or:3,228,KKK,1,KKK,1,KKK,1,KKK,1,KKK,1
row_1548,KNK,2,3,2,1,0,1,9,3,different+and+or,and|different|or,person_is:1+same:2+different:3+and:2+or:1,226,KNK,1,KNK,1,KNK,1,KNK,1,KNK,1
row_1549,KKN,2,2,0,1,0,0,5,2,or+different+same,different|or|same,same:2+different:2+or:1,148,KKN,1,KKN,1,KKN,1,KKN,1,KKN,1
row_1550,NNK,0,3,2,3,1,5,14,3,and+or+not,and|not|or,person_is:5+different:3+not:1+and:2+or:3,274,NKN,0,NKK,0,NKK,0,NKK,0,NKK,0
row_1551,KKN,2,4,1,2,0,0,9,3,different+and+same,and|different|same,same:2+different:4+and:1+or:2,245,KNK,0,KNK,0,KNK,0,KNK,0,KNK,0
row_1552,KNN,3,1,2,0,0,1,7,3,and+person_is+same,and|person_is|same,person_is:1+same:3+different:1+and:2,174,KNN,1,KNN,1,KNN,1,KNN,1,KNN,1
row_1553,NNN,3,2,3,0,1,1,10,3,and+not+and,and|and|not,person_is:1+same:3+different:2+not:1+and:3,244,NNN,1,NKK,0,NKK,0,NNN,1,NNN,1
row_1554,NKK,1,2,1,0,2,1,7,3,and+not+different,and|different|not,person_is:1+same:1+different:2+not:2+and:1,170,NKK,1,NKK,1,NKK,1,NKK,1,NKK,1
row_1555,NKK,2,2,2,1,0,2,9,3,same+or+different,different|or|same,person_is:2+same:2+different:2+and:2+or:1,210,NKN,0,NKN,0,NKN,0,NKN,0,NKN,0
row_1556,NKN,3,1,2,0,1,1,8,3,and+same+same,and|same|same,person_is:1+same:3+different:1+not:1+and:2,200,NKN,1,NKN,1,NKN,1,NKN,1,NKN,1
row_1557,NNN,0,1,0,0,1,2,4,2,not+different+person_is,different|not|person_is,person_is:2+different:1+not:1,85,NNN,1,NNN,1,NNN,1,NNN,1,NNN,1
row_1558,NKK,1,2,1,0,1,1,6,3,different+same+and,and|different|same,person_is:1+same:1+different:2+not:1+and:1,150,KNK,0,KKN,0,NKK,1,KKN,0,KKN,0
row_1559,KNK,1,1,0,0,1,1,4,2,not+same+different,different|not|same,person_is:1+same:1+different:1+not:1,103,KNK,1,KNK,1,KKK,0,KKK,0,KKK,0
row_1560,KKN,1,1,1,1,0,3,7,3,same+person_is+and,and|person_is|same,person_is:3+same:1+different:1+and:1+or:1,145,NKN,0,NKN,0,NKN,0,NKN,0,NKN,0
row_1561,KKN,0,3,0,2,0,2,7,3,person_is+or+different,different|or|person_is,person_is:2+different:3+or:2,165,NNN,0,KKN,1,NNN,0,KNK,0,NNN,0
row_1562,KNN,1,2,1,0,1,1,6,3,and+different+same,and|different|same,person_is:1+same:1+different:2+not:1+and:1,153,KNN,1,KNN,1,KNN,1,KNN,1,KNN,1
row_1563,KNK,2,1,0,1,1,1,6,3,person_is+not+same,not|person_is|same,person_is:1+same:2+different:1+not:1+or:1,152,KNK,1,KNK,1,KNK,1,KNK,1,KNK,1
row_1564,KNN,1,0,1,1,0,4,7,3,person_is+and+person_is,and|person_is|person_is,person_is:4+same:1+and:1+or:1,128,NKK,0,KNK,0,NKK,0,KNK,0,KNK,0
row_1565,NKK,0,2,1,1,1,3,8,3,or+not+person_is,not|or|person_is,person_is:3+different:2+not:1+and:1+or:1,165,KNN,0,KNN,0,KNN,0,KNN,0,KNN,0
row_1566,KNK,0,5,1,2,4,1,13,3,or+not+not,not|not|or,person_is:1+different:5+not:4+and:1+or:2,306,KNN,0,KNN,0,KNK,1,KNN,0,KNN,0
row_1567,NNK,2,1,1,0,1,1,6,3,different+same+not,different|not|same,person_is:1+same:2+different:1+not:1+and:1,149,NNK,1,NNK,1,NNK,1,KNN,0,NNK,1
row_1568,NNN,0,5,2,2,0,2,11,3,and+or+and,and|and|or,person_is:2+different:5+and:2+or:2,268,NNN,1,NNN,1,NNN,1,NNN,1,NNN,1
row_1569,KNN,1,4,2,1,0,1,9,3,and+same+different,and|different|same,person_is:1+same:1+different:4+and:2+or:1,230,KNK,0,KNK,0,KNN,1,KNK,0,KNN,1
row_1570,KKK,1,0,0,0,1,2,4,2,not+same+person_is,not|person_is|same,person_is:2+same:1+not:1,87,KKK,1,KKK,1,KKK,1,KKK,1,KKK,1
row_1571,NNN,0,2,1,0,0,2,5,2,and+person_is+different,and|different|person_is,person_is:2+different:2+and:1,121,NNN,1,NNN,1,NNN,1,NNN,1,NNN,1
row_1572,NNK,1,1,0,0,1,1,4,2,not+same+person_is,not|person_is|same,person_is:1+same:1+different:1+not:1,105,NNK,1,NNK,1,NNK,1,NNK,1,NNK,1
row_1573,NKK,1,1,0,0,1,1,4,2,same+different+not,different|not|same,person_is:1+same:1+different:1+not:1,105,NKK,1,NKK,1,NKK,1,KNK,0,NKK,1
row_1574,KKK,3,1,1,0,1,0,6,2,and+same+not,and|not|same,same:3+different:1+not:1+and:1,171,KKK,1,KKK,1,KKK,1,KKK,1,KKK,1
row_1575,KKK,1,2,0,1,2,1,7,3,not+or+same,not|or|same,person_is:1+same:1+different:2+not:2+or:1,174,KKK,1,KKK,1,KKK,1,KKK,1,KKK,1
row_1576,KKK,3,1,0,2,1,1,8,3,same+same+or,or|same|same,person_is:1+same:3+different:1+not:1+or:2,197,KKK,1,KKK,1,KKK,1,KKK,1,KKK,1
row_1577,KNN,2,1,2,0,1,2,8,3,same+and+person_is,and|person_is|same,person_is:2+same:2+different:1+not:1+and:2,175,NKN,0,NKN,0,NNK,0,NKN,0,NNK,0
row_1578,KNK,1,2,0,1,0,1,5,2,different+same+or,different|or|same,person_is:1+same:1+different:2+or:1,134,KNK,1,KNK,1,KNK,1,KNK,1,KNK,1
row_1579,NKN,2,1,3,0,0,3,9,3,and+person_is+same,and|person_is|same,person_is:3+same:2+different:1+and:3,188,NKN,1,NKN,1,NKN,1,NKN,1,NKN,1
row_1580,KNN,1,1,1,1,2,3,9,3,person_is+not+and,and|not|person_is,person_is:3+same:1+different:1+not:2+and:1+or:1,180,KNN,1,KNN,1,KNN,1,KNN,1,KNN,1
row_1581,NKK,0,2,1,1,1,3,8,2,and+or+not,and|not|or,person_is:3+different:2+not:1+and:1+or:1,163,NNN,0,NNN,0,NNN,0,NNN,0,NNN,0
row_1582,NKN,2,2,2,1,1,2,10,3,and+or+person_is,and|or|person_is,person_is:2+same:2+different:2+not:1+and:2+or:1,225,NKN,1,NKN,1,NKN,1,NKN,1,NKN,1
row_1583,KNN,3,1,2,0,0,1,7,3,person_is+and+same,and|person_is|same,person_is:1+same:3+different:1+and:2,171,KNN,1,KNN,1,KNN,1,KNN,1,KNN,1
row_1584,KNN,0,3,1,1,1,2,8,3,person_is+or+different,different|or|person_is,person_is:2+different:3+not:1+and:1+or:1,179,NKN,0,KNN,1,NKN,0,KNN,1,KNN,1
row_1585,KKK,0,1,0,0,1,2,4,2,not+person_is+person_is,not|person_is|person_is,person_is:2+different:1+not:1,90,KKK,1,KKK,1,KKK,1,KKK,1,KKK,1
row_1586,KNN,2,1,1,1,0,2,7,3,same+person_is+or,or|person_is|same,person_is:2+same:2+different:1+and:1+or:1,160,NNK,0,NNK,0,NNK,0,NNK,0,NNK,0
row_1587,KKK,2,0,1,0,0,2,5,2,and+person_is+person_is,and|person_is|person_is,person_is:2+same:2+and:1,113,KKK,1,KKK,1,KKK,1,KKK,1,KKK,1
row_1588,KKN,1,0,1,0,1,3,6,3,person_is+same+and,and|person_is|same,person_is:3+same:1+not:1+and:1,114,KKN,1,KKN,1,KKN,1,KKN,1,KKN,1
row_1589,KKK,2,1,1,4,1,5,14,3,or+not+or,not|or|or,person_is:5+same:2+different:1+not:1+and:1+or:4,277,KKK,1,KKK,1,KKK,1,KKK,1,KKK,1
row_1590,NNK,1,3,1,1,2,1,9,3,not+not+different,different|not|not,person_is:1+same:1+different:3+not:2+and:1+or:1,216,NNK,1,NNK,1,NNK,1,NNK,1,NNK,1
row_1591,KKK,4,1,0,2,0,0,7,3,or+same+same,or|same|same,same:4+different:1+or:2,194,KKK,1,KKK,1,KKK,1,KKK,1,KKK,1
row_1592,NKN,2,1,0,1,1,1,6,3,not+person_is+different,different|not|person_is,person_is:1+same:2+different:1+not:1+or:1,155,NNK,0,NNK,0,NNK,0,NNN,0,NNN,0
row_1593,KNK,1,1,0,1,1,2,6,3,different+not+same,different|not|same,person_is:2+same:1+different:1+not:1+or:1,135,KNK,1,KNK,1,KNK,1,KNK,1,KNK,1
row_1594,KNK,1,2,0,1,0,1,5,2,different+or+same,different|or|same,person_is:1+same:1+different:2+or:1,134,KNK,1,KNK,1,KNK,1,KNK,1,KNK,1
row_1595,KKN,4,0,0,2,0,1,7,3,or+person_is+same,or|person_is|same,person_is:1+same:4+or:2,175,KKN,1,KKN,1,KKN,1,KKN,1,KKN,1
row_1596,NKK,2,2,0,1,0,0,5,2,different+different+or,different|different|or,same:2+different:2+or:1,148,NKK,1,NKK,1,NKK,1,NKK,1,NKK,1
row_1597,KNN,3,1,3,2,0,4,13,3,and+person_is+and,and|and|person_is,person_is:4+same:3+different:1+and:3+or:2,269,NNN,0,NKN,0,NKN,0,NKN,0,NNN,0
row_1598,NKN,1,2,0,0,1,0,4,2,different+same+not,different|not|same,same:1+different:2+not:1,124,INVALID,0,NKN,1,NKN,1,KKN,0,NKN,1
row_1599,KNK,2,5,2,3,0,1,13,3,and+or+different,and|different|or,person_is:1+same:2+different:5+and:2+or:3,321,NNK,0,NNK,0,NNK,0,NNK,0,NNK,0
row_1600,KNK,2,2,2,2,0,3,11,3,different+and+or,and|different|or,person_is:3+same:2+different:2+and:2+or:2,236,KNK,1,KNK,1,KNK,1,KNK,1,KNK,1
row_1601,KNK,1,3,0,1,0,0,5,2,or+same+different,different|or|same,same:1+different:3+or:1,148,KNK,1,KNK,1,KNK,1,KNK,1,KNK,1
row_1602,KNN,0,3,0,1,1,1,6,3,different+different+or,different|different|or,person_is:1+different:3+not:1+or:1,155,KNN,1,KNN,1,KNN,1,KNN,1,KNN,1
row_1603,NNN,1,4,0,3,1,1,10,3,or+or+different,different|or|or,person_is:1+same:1+different:4+not:1+or:3,252,NNN,1,NNN,1,NNN,1,NNN,1,NNN,1
row_1604,KKN,2,2,1,1,0,1,7,3,same+and+person_is,and|person_is|same,person_is:1+same:2+different:2+and:1+or:1,179,NKN,0,NKK,0,NKN,0,NKN,0,NKN,0
row_1605,NNN,1,3,2,0,1,1,8,3,different+and+not,and|different|not,person_is:1+same:1+different:3+not:1+and:2,199,NNN,1,KNK,0,NNN,1,KNK,0,KNK,0
row_1606,KKK,1,0,0,1,0,3,5,2,person_is+person_is+or,or|person_is|person_is,person_is:3+same:1+or:1,98,KKK,1,KKK,1,KKK,1,KKK,1,KKK,1
row_1607,KNK,2,0,1,0,2,2,7,3,not+person_is+not,not|not|person_is,person_is:2+same:2+not:2+and:1,151,NKK,0,KNK,1,NKK,0,KNK,1,KNK,1
row_1608,NKK,3,1,1,3,1,3,12,3,or+not+different,different|not|or,person_is:3+same:3+different:1+not:1+and:1+or:3,257,KNK,0,KKN,0,KKK,0,NKK,1,KKN,0
row_1609,KNK,0,2,1,1,0,3,7,3,or+person_is+person_is,or|person_is|person_is,person_is:3+different:2+and:1+or:1,147,KNK,1,KNK,1,KNK,1,KNK,1,KNK,1
row_1610,KKN,0,2,0,2,2,3,9,3,not+different+not,different|not|not,person_is:3+different:2+not:2+or:2,188,NKN,0,NKN,0,NKN,0,KNN,0,NNN,0
row_1611,KNK,2,0,0,0,3,1,6,3,person_is+not+not,not|not|person_is,person_is:1+same:2+not:3,146,KNK,1,KNK,1,KNK,1,KNK,1,KNK,1
row_1612,KKN,2,0,0,1,3,2,8,3,not+or+not,not|not|or,person_is:2+same:2+not:3+or:1,170,NKN,0,KKN,1,NKN,0,KKN,1,KKN,1
row_1613,KNK,2,1,1,2,1,3,10,3,different+and+or,and|different|or,person_is:3+same:2+different:1+not:1+and:1+or:2,211,KNK,1,KNK,1,KNK,1,KNK,1,KNK,1
row_1614,NNN,2,0,0,0,3,1,6,2,not+not+not,not|not|not,person_is:1+same:2+not:3,143,NNN,1,NNN,1,NNN,1,NNN,1,NNN,1
row_1615,NKK,1,3,3,1,2,3,13,3,or+and+not,and|not|or,person_is:3+same:1+different:3+not:2+and:3+or:1,283,KKN,0,KKN,0,KKN,0,KKN,0,NKK,1
row_1616,KKN,1,1,0,0,1,1,4,2,different+not+person_is,different|not|person_is,person_is:1+same:1+different:1+not:1,105,KKN,1,KKN,1,KKN,1,KKN,1,KKN,1
row_1617,NKK,2,1,1,1,1,2,8,3,person_is+not+or,not|or|person_is,person_is:2+same:2+different:1+not:1+and:1+or:1,177,NKN,0,KNK,0,NKK,1,NKK,1,NKK,1
row_1618,KNK,2,2,1,0,1,0,6,3,not+same+different,different|not|same,same:2+different:2+not:1+and:1,165,KNK,1,KNK,1,KNK,1,KNK,1,KNK,1
row_1619,NNK,1,2,1,1,1,2,8,3,person_is+and+or,and|or|person_is,person_is:2+same:1+different:2+not:1+and:1+or:1,180,NNK,1,NNK,1,NNK,1,NNK,1,NNN,0
row_1620,KNK,3,2,3,0,1,1,10,3,not+and+person_is,and|not|person_is,person_is:1+same:3+different:2+not:1+and:3,243,KNK,1,KNK,1,KNK,1,KNK,1,KNK,1
row_1621,NNN,1,2,1,1,0,2,7,3,or+person_is+different,different|or|person_is,person_is:2+same:1+different:2+and:1+or:1,163,NNN,1,NNN,1,NNN,1,NNN,1,NNN,1
row_1622,NKK,2,1,0,1,1,1,6,3,different+person_is+or,different|or|person_is,person_is:1+same:2+different:1+not:1+or:1,152,KNK,0,KNK,0,KNK,0,KNK,0,KNK,0
row_1623,KKN,2,2,1,1,0,1,7,3,same+or+different,different|or|same,person_is:1+same:2+different:2+and:1+or:1,177,KKN,1,KKN,1,NKK,0,KKN,1,KKN,1
row_1624,KKK,0,3,1,1,3,2,10,3,not+or+not,not|not|or,person_is:2+different:3+not:3+and:1+or:1,221,NKN,0,NKN,0,NKN,0,NKN,0,NKN,0
row_1625,KNN,2,0,2,0,0,3,7,3,and+same+person_is,and|person_is|same,person_is:3+same:2+and:2,140,KNN,1,KNN,1,KNN,1,KNN,1,KNN,1
row_1626,KKN,2,1,0,1,1,1,6,3,same+or+same,or|same|same,person_is:1+same:2+different:1+not:1+or:1,152,KKN,1,KKN,1,KKN,1,KKN,1,KKN,1
row_1627,KKN,1,1,0,1,2,2,7,3,or+different+same,different|or|same,person_is:2+same:1+different:1+not:2+or:1,152,KKN,1,KKN,1,KKN,1,KKN,1,KKN,1
row_1628,NNN,2,2,3,1,0,3,11,3,and+or+different,and|different|or,person_is:3+same:2+different:2+and:3+or:1,240,NNK,0,NNK,0,NNK,0,NNK,0,NNK,0
row_1629,NNN,0,4,1,1,2,1,9,3,or+not+and,and|not|or,person_is:1+different:4+not:2+and:1+or:1,224,NNN,1,NNN,1,NNN,1,NNN,1,NNN,1
row_1630,NKK,2,2,3,0,0,2,9,3,same+and+and,and|and|same,person_is:2+same:2+different:2+and:3,210,NNK,0,NKK,1,NKK,1,NNK,0,NNK,0
row_1631,KKN,0,3,0,0,3,0,6,3,different+not+not,different|not|not,different:3+not:3,168,KKN,1,KKN,1,KKN,1,KKN,1,KKN,1
row_1632,KKN,1,3,1,0,1,0,6,3,different+different+not,different|different|not,same:1+different:3+not:1+and:1,173,KKN,1,KKN,1,KKN,1,KKN,1,KKN,1
row_1633,KKK,3,0,1,0,0,1,5,2,and+person_is+same,and|person_is|same,person_is:1+same:3+and:1,131,KKK,1,KKK,1,KKK,1,KKK,1,KKK,1
row_1634,KNN,3,2,1,3,1,2,12,3,or+and+not,and|not|or,person_is:2+same:3+different:2+not:1+and:1+or:3,275,KNN,1,KNN,1,KNK,0,KNN,1,KNK,0
row_1635,KNN,1,2,0,1,0,1,5,2,or+different+same,different|or|same,person_is:1+same:1+different:2+or:1,132,KNN,1,KNN,1,KNN,1,KNN,1,KNN,1
row_1636,KKK,1,0,0,0,2,2,5,3,not+same+person_is,not|person_is|same,person_is:2+same:1+not:2,108,KKK,1,KKK,1,KKK,1,KKK,1,KKK,1
row_1637,NNK,2,2,2,0,0,1,7,3,same+same+and,and|same|same,person_is:1+same:2+different:2+and:2,179,NNK,1,NNK,1,NNK,1,NNK,1,NNK,1
row_1638,KKK,3,1,0,4,1,3,12,3,not+or+or,not|or|or,person_is:3+same:3+different:1+not:1+or:4,257,KKK,1,KKK,1,KKK,1,KKK,1,KKK,1
row_1639,NNN,2,4,2,2,0,1,11,3,and+and+different,and|and|different,person_is:1+same:2+different:4+and:2+or:2,276,NNN,1,NNN,1,NNN,1,NNN,1,NNN,1
row_1640,NKN,1,1,0,0,1,1,4,2,different+person_is+not,different|not|person_is,person_is:1+same:1+different:1+not:1,107,NKN,1,NKN,1,NKN,1,NKN,1,NKN,1
row_1641,KNK,1,2,1,0,0,1,5,2,and+same+different,and|different|same,person_is:1+same:1+different:2+and:1,128,KNK,1,KNK,1,KNK,1,KNK,1,KNK,1
row_1642,KKK,2,0,1,1,0,3,7,3,and+person_is+person_is,and|person_is|person_is,person_is:3+same:2+and:1+or:1,142,KKK,1,KKK,1,KKK,1,KKK,1,KKK,1
row_1643,NKN,1,1,0,0,0,1,3,1,same+person_is+different,different|person_is|same,person_is:1+same:1+different:1,85,NKN,1,NKN,1,NKN,1,NKN,1,NNK,0
row_1644,KNN,0,1,0,0,1,2,4,2,not+person_is+person_is,not|person_is|person_is,person_is:2+different:1+not:1,88,NKN,0,NKN,0,NKN,0,NKN,0,NKK,0
row_1645,NNN,0,2,0,1,0,2,5,2,different+person_is+or,different|or|person_is,person_is:2+different:2+or:1,116,NNN,1,NNN,1,NNN,1,NNN,1,NNN,1
row_1646,KNK,1,3,1,0,0,0,5,2,and+same+different,and|different|same,same:1+different:3+and:1,147,KNK,1,KNK,1,KNK,1,KNK,1,KNK,1
row_1647,KNK,1,2,0,1,2,1,7,3,different+not+or,different|not|or,person_is:1+same:1+different:2+not:2+or:1,176,KKN,0,KKN,0,KKN,0,KKN,0,KKN,0
row_1648,NNN,1,2,1,0,0,1,5,2,different+and+different,and|different|different,person_is:1+same:1+different:2+and:1,133,NNN,1,KKN,0,KKN,0,KNN,0,KKN,0
row_1649,KNN,1,1,0,0,3,1,6,3,not+different+not,different|not|not,person_is:1+same:1+different:1+not:3,141,KNN,1,KNN,1,KNN,1,KNN,1,KNN,1
row_1650,NNN,2,0,2,0,1,3,8,3,person_is+and+not,and|not|person_is,person_is:3+same:2+not:1+and:2,165,NNN,1,NNN,1,NNN,1,NNN,1,NNN,1
row_1651,KKN,2,0,1,0,0,2,5,2,person_is+same+and,and|person_is|same,person_is:2+same:2+and:1,110,KKN,1,KKN,1,KKN,1,KKN,1,KKN,1
row_1652,KKN,2,1,1,1,0,2,7,3,same+person_is+or,or|person_is|same,person_is:2+same:2+different:1+and:1+or:1,159,NKN,0,NKN,0,NKN,0,KKN,1,NKN,0
row_1653,NNN,1,3,1,1,1,1,8,3,or+and+different,and|different|or,person_is:1+same:1+different:3+not:1+and:1+or:1,202,NNN,1,NNN,1,NNN,1,NNN,1,NNN,1
row_1654,NKN,0,1,0,0,1,2,4,2,not+person_is+different,different|not|person_is,person_is:2+different:1+not:1,90,NKN,1,NKN,1,NKN,1,NKN,1,NKN,1
row_1655,KKK,2,2,0,2,0,1,7,2,or+same+or,or|or|same,person_is:1+same:2+different:2+or:2,182,KKK,1,KKK,1,KKK,1,KKK,1,KKK,1
row_1656,NNK,1,3,0,1,0,0,5,2,different+different+or,different|different|or,same:1+different:3+or:1,150,NNK,1,NNK,1,NNK,1,KNK,0,NNK,1
row_1657,KKN,2,1,1,1,0,2,7,2,or+person_is+and,and|or|person_is,person_is:2+same:2+different:1+and:1+or:1,156,KKN,1,KKN,1,KKN,1,KKN,1,KKN,1
row_1658,KNN,1,3,0,1,1,0,6,3,different+or+different,different|different|or,same:1+different:3+not:1+or:1,170,KNN,1,KNN,1,KNN,1,KNN,1,KNN,1
row_1659,NNK,2,2,1,1,2,1,9,3,same+not+and,and|not|same,person_is:1+same:2+different:2+not:2+and:1+or:1,219,NNK,1,NNK,1,NNK,1,NNK,1,NNK,1
row_1660,NKK,1,2,0,0,1,0,4,2,not+different+same,different|not|same,same:1+different:2+not:1,124,NKK,1,NKK,1,NKK,1,NKK,1,NKK,1
row_1661,KNK,1,1,0,0,0,1,3,1,person_is+same+different,different|person_is|same,person_is:1+same:1+different:1,84,KNK,1,KNK,1,KNK,1,KNK,1,KNK,1
row_1662,KNK,1,1,0,1,0,2,5,2,or+same+different,different|or|same,person_is:2+same:1+different:1+or:1,113,KNK,1,KNK,1,KNK,1,KNK,1,KNK,1
row_1663,KKN,2,1,3,0,0,3,9,3,same+and+and,and|and|same,person_is:3+same:2+different:1+and:3,191,KKN,1,KKN,1,NKN,0,KKN,1,KKN,1
row_1664,KKK,3,2,1,2,1,1,10,3,same+or+not,not|or|same,person_is:1+same:3+different:2+not:1+and:1+or:2,246,KKK,1,KKK,1,KKK,1,KKK,1,KKK,1
row_1665,KNK,0,2,0,0,2,1,5,3,different+person_is+not,different|not|person_is,person_is:1+different:2+not:2,125,KNK,1,KNK,1,KNK,1,KNK,1,KNK,1
row_1666,NNN,1,3,1,0,4,0,9,3,not+not+and,and|not|not,same:1+different:3+not:4+and:1,229,NNN,1,KNK,0,NKK,0,NNN,1,NNN,1
row_1667,NKN,2,0,1,0,0,2,5,2,same+person_is+and,and|person_is|same,person_is:2+same:2+and:1,110,NNK,0,NKN,1,NKN,1,NKN,1,NKN,1
row_1668,NKK,4,0,1,1,2,1,9,3,person_is+or+not,not|or|person_is,person_is:1+same:4+not:2+and:1+or:1,217,NNN,0,NKK,1,NNN,0,NKK,1,NNN,0
row_1669,KNN,4,2,1,4,0,2,13,3,or+different+and,and|different|or,person_is:2+same:4+different:2+and:1+or:4,308,KNN,1,KNN,1,KNN,1,KNN,1,KNN,1
row_1670,NKN,1,2,0,3,0,3,9,3,person_is+or+different,different|or|person_is,person_is:3+same:1+different:2+or:3,198,NKN,1,NKN,1,NKN,1,NKN,1,NKN,1
row_1671,NNK,2,0,1,0,0,2,5,2,person_is+and+person_is,and|person_is|person_is,person_is:2+same:2+and:1,112,KKN,0,KKN,0,KKN,0,KKN,0,KKN,0
row_1672,NKK,1,1,0,3,1,4,10,3,person_is+or+or,or|or|person_is,person_is:4+same:1+different:1+not:1+or:3,199,NKK,1,NKK,1,NKK,1,NKK,1,NKK,1
row_1673,KNN,2,0,1,0,1,2,6,3,not+same+same,not|same|same,person_is:2+same:2+not:1+and:1,133,KNN,1,KNN,1,KNN,1,KNN,1,KKN,0
row_1674,NKN,2,2,0,2,0,1,7,3,same+or+different,different|or|same,person_is:1+same:2+different:2+or:2,179,NKN,1,NKN,1,NKN,1,NKN,1,NKN,1
row_1675,KNN,3,0,0,0,1,0,4,2,not+same+same,not|same|same,same:3+not:1,122,KNN,1,KNN,1,KNN,1,KNN,1,KNN,1
row_1676,KNK,2,1,2,0,0,2,7,3,different+and+person_is,and|different|person_is,person_is:2+same:2+different:1+and:2,157,KNK,1,KNK,1,KNK,1,KNK,1,KNK,1
row_1677,KNN,0,1,0,0,0,2,3,1,person_is+person_is+different,different|person_is|person_is,person_is:2+different:1,67,NKK,0,NKK,0,NKK,0,NKK,0,KNN,1
row_1678,NNN,0,2,0,0,0,1,3,1,different+person_is+different,different|different|person_is,person_is:1+different:2,88,NNN,1,NNN,1,NNN,1,NNN,1,NNN,1
row_1679,NNK,2,2,0,1,1,0,6,2,not+or+different,different|not|or,same:2+different:2+not:1+or:1,168,NNK,1,NNK,1,NNK,1,NNK,1,NNK,1
row_1680,KKK,3,3,1,3,0,1,11,3,person_is+or+or,or|or|person_is,person_is:1+same:3+different:3+and:1+or:3,271,KKK,1,KKK,1,KKK,1,KKK,1,KKK,1
row_1681,NKN,2,2,0,1,1,0,6,3,different+same+not,different|not|same,same:2+different:2+not:1+or:1,170,NKN,1,KNN,0,KNN,0,KNN,0,NKN,1
row_1682,NNK,2,0,1,0,0,2,5,2,and+person_is+person_is,and|person_is|person_is,person_is:2+same:2+and:1,112,NNK,1,NNK,1,NNK,1,NNK,1,NNK,1
row_1683,NNK,1,0,0,1,1,3,6,3,not+person_is+same,not|person_is|same,person_is:3+same:1+not:1+or:1,117,NNK,1,NNK,1,NNK,1,NNK,1,NNK,1
row_1684,KNN,3,2,4,2,1,4,16,3,or+and+not,and|not|or,person_is:4+same:3+different:2+not:1+and:4+or:2,331,KNN,1,KNN,1,KNN,1,KNN,1,KNN,1
row_1685,KNN,4,2,4,1,1,2,14,3,and+and+and,and|and|and,person_is:2+same:4+different:2+not:1+and:4+or:1,314,NNK,0,NNK,0,NNK,0,NNK,0,KNN,1
row_1686,KNK,1,2,1,0,1,1,6,3,person_is+and+same,and|person_is|same,person_is:1+same:1+different:2+not:1+and:1,155,KNK,1,KNK,1,KNK,1,KNK,1,KNK,1
row_1687,KNK,2,1,1,1,2,2,9,3,not+same+and,and|not|same,person_is:2+same:2+different:1+not:2+and:1+or:1,200,KNK,1,KNK,1,KNK,1,KNK,1,KNK,1
row_1688,KKK,1,1,0,1,1,2,6,3,or+person_is+person_is,or|person_is|person_is,person_is:2+same:1+different:1+not:1+or:1,138,KKK,1,KKK,1,KKK,1,KKK,1,KKK,1
row_1689,NKN,1,1,1,0,0,2,5,2,and+person_is+person_is,and|person_is|person_is,person_is:2+same:1+different:1+and:1,114,NKN,1,NKN,1,NKN,1,NKN,1,NKN,1
row_1690,KKK,2,1,0,1,1,1,6,2,or+not+same,not|or|same,person_is:1+same:2+different:1+not:1+or:1,153,KKK,1,KKK,1,KKK,1,KKK,1,KKK,1
row_1691,KKK,2,0,0,2,0,3,7,2,or+same+or,or|or|same,person_is:3+same:2+or:2,144,KKK,1,KKK,1,KKK,1,KKK,1,KKK,1
row_1692,KNK,2,4,2,2,0,1,11,3,or+and+different,and|different|or,person_is:1+same:2+different:4+and:2+or:2,275,KNK,1,KNK,1,KNK,1,KNK,1,KNK,1
row_1693,NNK,0,3,3,0,1,3,10,3,and+person_is+not,and|not|person_is,person_is:3+different:3+not:1+and:3,216,NNN,0,NNN,0,NNN,0,NNN,0,NNN,0
row_1694,NNK,1,2,0,0,0,0,3,1,different+same+different,different|different|same,same:1+different:2,104,NNK,1,NNK,1,NNK,1,NNK,1,NNK,1
row_1695,NKK,2,0,2,0,0,3,7,3,same+same+and,and|same|same,person_is:3+same:2+and:2,143,NNK,0,NNK,0,NNK,0,NNK,0,NNK,0
row_1696,NNK,0,1,0,0,0,2,3,1,person_is+person_is+different,different|person_is|person_is,person_is:2+different:1,69,NNK,1,NNK,1,NNK,1,NNK,1,NNK,1
row_1697,KKN,0,3,0,3,0,3,9,3,or+or+different,different|or|or,person_is:3+different:3+or:3,195,KKN,1,KKN,1,KKN,1,KKN,1,KKN,1
row_1698,NNK,2,0,0,1,2,2,7,3,not+not+same,not|not|same,person_is:2+same:2+not:2+or:1,150,NNK,1,NNK,1,NNK,1,NNK,1,NNK,1
row_1699,KKN,2,1,1,2,0,3,9,3,same+or+and,and|or|same,person_is:3+same:2+different:1+and:1+or:2,190,KKN,1,KKN,1,KKN,1,KKN,1,KKN,1
row_1700,KKN,4,2,1,4,1,2,14,3,or+or+not,not|or|or,person_is:2+same:4+different:2+not:1+and:1+or:4,324,KNN,0,KKN,1,KKN,1,KKN,1,KKN,1
row_1701,NNN,1,3,1,1,1,1,8,3,different+and+not,and|different|not,person_is:1+same:1+different:3+not:1+and:1+or:1,201,NNN,1,NNN,1,NNN,1,NNN,1,NNN,1
row_1702,KKN,1,3,1,0,1,0,6,2,not+different+and,and|different|not,same:1+different:3+not:1+and:1,171,KKN,1,KKN,1,KKN,1,KKN,1,KKN,1
row_1703,NKK,2,2,1,1,0,1,7,2,and+different+or,and|different|or,person_is:1+same:2+different:2+and:1+or:1,178,NKN,0,NKN,0,NKK,1,NKN,0,NKN,0
row_1704,NNN,1,2,0,0,1,0,4,2,different+not+different,different|different|not,same:1+different:2+not:1,124,NNN,1,NNN,1,NNN,1,NNN,1,NNN,1
row_1705,KKN,3,0,0,0,1,0,4,2,same+same+not,not|same|same,same:3+not:1,116,KKN,1,KKN,1,KKN,1,KKN,1,KKN,1
row_1706,KKN,2,1,0,0,1,0,4,2,not+different+same,different|not|same,same:2+different:1+not:1,124,KKN,1,KKN,1,KKN,1,KKN,1,KKN,1
row_1707,NNN,2,0,2,0,1,3,8,3,person_is+and+and,and|and|person_is,person_is:3+same:2+not:1+and:2,161,NNN,1,NNN,1,NNN,1,NNN,1,NNN,1
row_1708,NNN,1,2,1,1,2,2,9,3,not+and+not,and|not|not,person_is:2+same:1+different:2+not:2+and:1+or:1,202,NNN,1,NNN,1,NNN,1,NNN,1,NNN,1
row_1709,KNK,0,3,0,0,1,0,4,2,different+not+different,different|different|not,different:3+not:1,122,KNK,1,KNK,1,KNK,1,KNK,1,KNK,1
row_1710,KNN,2,1,1,0,1,1,6,3,same+same+and,and|same|same,person_is:1+same:2+different:1+not:1+and:1,147,KNN,1,KNN,1,KNN,1,KNN,1,KNN,1
row_1711,NNK,2,1,0,1,0,1,5,2,different+same+or,different|or|same,person_is:1+same:2+different:1+or:1,131,NNK,1,KNN,0,NNK,1,KNN,0,KNN,0
row_1712,KKK,2,2,1,1,2,1,9,3,or+same+not,not|or|same,person_is:1+same:2+different:2+not:2+and:1+or:1,221,KKK,1,KKK,1,KKK,1,KKK,1,KKK,1
row_1713,KKN,2,3,3,1,0,2,11,3,and+same+and,and|and|same,person_is:2+same:2+different:3+and:3+or:1,255,KNK,0,KKN,1,KKN,1,KNK,0,KKN,1
row_1714,NKN,1,1,0,1,0,2,5,2,same+or+different,different|or|same,person_is:2+same:1+different:1+or:1,114,NKN,1,NKN,1,NKN,1,NKN,1,NKN,1
row_1715,NKK,0,2,1,1,2,3,9,3,person_is+and+not,and|not|person_is,person_is:3+different:2+not:2+and:1+or:1,183,NNK,0,NNK,0,NNK,0,NNK,0,NNK,0
row_1716,NKK,0,4,1,0,1,0,6,3,different+not+different,different|different|not,different:4+not:1+and:1,171,KKN,0,KKN,0,NKK,1,KKN,0,KKN,0
row_1717,NKN,3,0,0,1,0,1,5,2,same+person_is+or,or|person_is|same,person_is:1+same:3+or:1,127,NKN,1,NKN,1,NKN,1,NKN,1,NKN,1
row_1718,KNK,2,1,1,1,0,2,7,3,and+same+person_is,and|person_is|same,person_is:2+same:2+different:1+and:1+or:1,160,KNK,1,KNK,1,KNK,1,KNK,1,KNK,1
row_1719,KNN,2,2,0,1,0,0,5,2,different+same+or,different|or|same,same:2+different:2+or:1,152,KNN,1,KNN,1,KNN,1,KNN,1,KNN,1
row_1720,NKN,3,1,1,1,1,1,8,3,and+different+same,and|different|same,person_is:1+same:3+different:1+not:1+and:1+or:1,196,NKN,1,NKN,1,NKN,1,NKN,1,NKN,1
row_1721,KKN,2,2,1,0,0,0,5,2,different+and+same,and|different|same,same:2+different:2+and:1,147,KKN,1,KKN,1,KKN,1,KKN,1,KKN,1
row_1722,NKN,1,3,1,2,0,2,9,3,same+or+different,different|or|same,person_is:2+same:1+different:3+and:1+or:2,214,NKN,1,NKN,1,NKN,1,NKN,1,NKN,1
row_1723,KKN,2,1,1,1,0,2,7,3,or+different+same,different|or|same,person_is:2+same:2+different:1+and:1+or:1,162,KKN,1,NKN,0,KKN,1,KKN,1,KKN,1
row_1724,KKK,1,0,0,0,4,2,7,3,not+person_is+not,not|not|person_is,person_is:2+same:1+not:4,148,KKK,1,KKK,1,KKK,1,KKK,1,KKK,1
row_1725,KNK,4,0,1,2,2,2,11,3,or+not+or,not|or|or,person_is:2+same:4+not:2+and:1+or:2,249,KNK,1,KNK,1,KNK,1,KNK,1,KNK,1
row_1726,NKN,1,0,0,0,1,2,4,2,same+person_is+not,not|person_is|same,person_is:2+same:1+not:1,85,NKN,1,NKN,1,NKN,1,NKN,1,NKN,1
row_1727,KKK,3,0,0,0,0,0,3,1,same+same+same,same|same|same,same:3,96,KKK,1,KKK,1,KKK,1,KKK,1,KKK,1
row_1728,KNN,2,1,1,0,0,1,5,2,person_is+same+and,and|person_is|same,person_is:1+same:2+different:1+and:1,126,KNN,1,KNN,1,KNN,1,KNN,1,KNN,1
row_1729,KKK,1,2,0,2,0,2,7,3,person_is+person_is+or,or|person_is|person_is,person_is:2+same:1+different:2+or:2,168,KKK,1,KKK,1,KKK,1,KKK,1,KKK,1
row_1730,KNN,3,2,1,3,3,2,14,3,and+or+not,and|not|or,person_is:2+same:3+different:2+not:3+and:1+or:3,319,NKN,0,NNK,0,NKK,0,NKN,0,NNK,0
row_1731,NKN,0,4,1,0,1,0,6,3,different+different+not,different|different|not,different:4+not:1+and:1,171,NKN,1,NKN,1,NKN,1,NKN,1,NKN,1
row_1732,NNN,0,3,1,1,0,2,7,3,different+person_is+and,and|different|person_is,person_is:2+different:3+and:1+or:1,169,NNN,1,NNN,1,NNN,1,NNN,1,NNN,1
row_1733,NKN,2,3,2,0,1,0,8,3,not+same+and,and|not|same,same:2+different:3+not:1+and:2,214,KNN,0,KNN,0,KKK,0,KKN,0,KKK,0
row_1734,KKN,0,2,0,1,1,2,6,3,or+different+person_is,different|or|person_is,person_is:2+different:2+not:1+or:1,141,KKN,1,KKN,1,KKN,1,KKN,1,KKN,1
row_1735,NKN,2,1,2,2,1,4,12,3,person_is+or+or,or|or|person_is,person_is:4+same:2+different:1+not:1+and:2+or:2,238,NKN,1,NKN,1,NKN,1,KNN,0,NKN,1
row_1736,KKN,3,0,1,1,1,2,8,3,not+or+same,not|or|same,person_is:2+same:3+not:1+and:1+or:1,181,NKN,0,NKN,0,NKN,0,NKN,0,NKN,0
row_1737,NNK,3,1,1,2,1,2,10,3,same+or+not,not|or|same,person_is:2+same:3+different:1+not:1+and:1+or:2,226,NKK,0,NKK,0,NKK,0,NKK,0,NKK,0
row_1738,KNN,3,1,0,1,1,0,6,3,same+same+not,not|same|same,same:3+different:1+not:1+or:1,168,KNN,1,KNN,1,KNN,1,KNN,1,KNN,1
row_1739,NKN,2,2,1,1,0,1,7,3,same+different+or,different|or|same,person_is:1+same:2+different:2+and:1+or:1,178,NKN,1,KKN,0,NKN,1,NKN,1,KKN,0
row_1740,KKK,2,1,0,4,0,4,11,3,person_is+or+or,or|or|person_is,person_is:4+same:2+different:1+or:4,227,KKK,1,KKK,1,KKK,1,KKK,1,KKK,1
row_1741,NNN,0,2,0,1,0,2,5,2,person_is+or+person_is,or|person_is|person_is,person_is:2+different:2+or:1,116,NNN,1,NNN,1,NNN,1,NNN,1,NNN,1
row_1742,KKK,2,0,2,0,0,3,7,3,and+same+person_is,and|person_is|same,person_is:3+same:2+and:2,144,KKK,1,KKK,1,KKK,1,KKK,1,KKK,1
row_1743,NKN,2,1,0,2,0,2,7,3,same+different+or,different|or|same,person_is:2+same:2+different:1+or:2,162,KNN,0,KNN,0,NKN,1,NKN,1,KKN,0
row_1744,KKK,2,0,1,1,1,3,8,3,or+person_is+same,or|person_is|same,person_is:3+same:2+not:1+and:1+or:1,165,KKK,1,KKK,1,KKK,1,KKK,1,KKK,1
row_1745,NKK,2,2,0,2,0,1,7,2,different+or+or,different|or|or,person_is:1+same:2+different:2+or:2,179,NKK,1,NKK,1,NKK,1,KKN,0,NKK,1
row_1746,NNN,0,3,1,0,0,1,5,2,and+different+different,and|different|different,person_is:1+different:3+and:1,133,NNN,1,NNN,1,NNN,1,NNN,1,NNN,1
row_1747,NNN,0,2,2,0,0,3,7,2,person_is+and+and,and|and|person_is,person_is:3+different:2+and:2,146,NNN,1,NNN,1,NNN,1,NNN,1,NNN,1
row_1748,KKN,1,2,0,2,3,2,10,3,different+not+or,different|not|or,person_is:2+same:1+different:2+not:3+or:2,225,KKN,1,KKN,1,NKK,0,KKN,1,KKN,1
row_1749,NNN,1,3,1,1,0,1,7,3,person_is+different+and,and|different|person_is,person_is:1+same:1+different:3+and:1+or:1,185,NNN,1,NNN,1,NNN,1,NNN,1,NNN,1
row_1750,NNK,1,1,1,0,0,2,5,2,and+person_is+person_is,and|person_is|person_is,person_is:2+same:1+different:1+and:1,116,NNK,1,NNK,1,NNK,1,NNK,1,NNK,1
row_1751,KNN,2,0,0,1,0,2,5,2,or+person_is+same,or|person_is|same,person_is:2+same:2+or:1,112,KNN,1,KNN,1,KNN,1,KNN,1,KNN,1
row_1752,NNK,2,1,1,0,0,1,5,2,same+and+different,and|different|same,person_is:1+same:2+different:1+and:1,131,NNK,1,NNK,1,NNK,1,NNK,1,NNK,1
row_1753,KNK,1,2,1,0,1,1,6,3,and+different+person_is,and|different|person_is,person_is:1+same:1+different:2+not:1+and:1,150,KNK,1,KNK,1,NNN,0,KNK,1,KNK,1
row_1754,KKN,1,2,1,2,0,3,9,3,person_is+or+and,and|or|person_is,person_is:3+same:1+different:2+and:1+or:2,191,NNN,0,NNN,0,KKN,1,NNN,0,NNN,0
row_1755,NKN,3,3,1,2,1,0,10,3,same+or+not,not|or|same,same:3+different:3+not:1+and:1+or:2,265,NKN,1,NKN,1,NKN,1,NKN,1,NKN,1
row_1756,KNN,1,0,1,0,1,3,6,2,and+not+person_is,and|not|person_is,person_is:3+same:1+not:1+and:1,111,NKN,0,NKN,0,NKN,0,NKN,0,NKN,0
row_1757,NNK,2,1,1,0,2,1,7,3,same+not+not,not|not|same,person_is:1+same:2+different:1+not:2+and:1,169,NNK,1,NNK,1,NNK,1,NNK,1,NNK,1
row_1758,NNN,1,5,3,1,0,1,11,3,and+and+and,and|and|and,person_is:1+same:1+different:5+and:3+or:1,279,NNN,1,NNN,1,NNN,1,NNN,1,NNN,1
row_1759,KKK,4,1,0,2,0,0,7,3,same+same+or,or|same|same,same:4+different:1+or:2,194,KKK,1,KKK,1,KKK,1,KKK,1,KKK,1
row_1760,KNK,0,2,0,0,1,1,4,2,person_is+not+different,different|not|person_is,person_is:1+different:2+not:1,106,KNK,1,KNK,1,KNK,1,KNK,1,KNK,1
row_1761,KKN,1,2,2,0,1,2,8,3,different+and+and,and|and|different,person_is:2+same:1+different:2+not:1+and:2,184,KKN,1,KKN,1,KKN,1,KKN,1,KKN,1
row_1762,KKN,1,2,0,1,0,1,5,2,or+different+same,different|or|same,person_is:1+same:1+different:2+or:1,131,KKN,1,KKN,1,KKN,1,KKN,1,KKN,1
row_1763,NKK,0,2,0,0,1,1,4,2,different+not+person_is,different|not|person_is,person_is:1+different:2+not:1,105,KNK,0,KNN,0,NKK,1,KNK,0,NKK,1
row_1764,KKK,2,1,1,1,0,2,7,3,person_is+same+or,or|person_is|same,person_is:2+same:2+different:1+and:1+or:1,159,KKK,1,KKK,1,KKK,1,KKK,1,KKK,1
row_1765,KNN,1,2,1,0,2,1,7,3,and+same+not,and|not|same,person_is:1+same:1+different:2+not:2+and:1,173,KNK,0,KNK,0,KNN,1,KNK,0,KNN,1
row_1766,KNN,1,3,2,1,2,2,11,3,not+or+different,different|not|or,person_is:2+same:1+different:3+not:2+and:2+or:1,251,KNK,0,KNK,0,KNK,0,KNN,1,KNK,0
row_1767,NKN,1,2,1,1,0,2,7,3,same+person_is+and,and|person_is|same,person_is:2+same:1+different:2+and:1+or:1,162,NNK,0,NNK,0,NNK,0,NNK,0,NNK,0
row_1768,KNK,1,1,0,0,1,1,4,2,not+person_is+different,different|not|person_is,person_is:1+same:1+different:1+not:1,103,NKK,0,NKK,0,NKK,0,KNK,1,NKK,0
row_1769,NKK,2,1,0,1,1,1,6,2,same+or+not,not|or|same,person_is:1+same:2+different:1+not:1+or:1,151,NKK,1,NKK,1,NKK,1,NKK,1,NKK,1
row_1770,KKK,3,0,1,1,0,2,7,3,same+person_is+and,and|person_is|same,person_is:2+same:3+and:1+or:1,161,KKK,1,KKK,1,KKK,1,KKK,1,KKK,1
row_1771,KNN,1,2,0,2,1,2,8,3,or+same+or,or|or|same,person_is:2+same:1+different:2+not:1+or:2,183,KNN,1,KNN,1,KNN,1,KNN,1,KNN,1
row_1772,NNN,1,3,2,1,0,2,9,3,person_is+and+and,and|and|person_is,person_is:2+same:1+different:3+and:2+or:1,209,NNK,0,NNK,0,NNK,0,NNK,0,NNK,0
row_1773,KKN,1,3,1,1,0,1,7,3,different+or+different,different|different|or,person_is:1+same:1+different:3+and:1+or:1,182,KKN,1,KKN,1,KKN,1,KKN,1,KKN,1
row_1774,NKK,2,1,1,0,0,1,5,2,and+person_is+same,and|person_is|same,person_is:1+same:2+different:1+and:1,133,NKN,0,NKK,1,NKN,0,NKK,1,NKN,0
row_1775,KKK,2,0,2,1,2,4,11,3,or+not+and,and|not|or,person_is:4+same:2+not:2+and:2+or:1,212,KKK,1,KKK,1,KKK,1,KKK,1,KKK,1
row_1776,KKN,2,2,1,1,2,1,9,3,or+and+not,and|not|or,person_is:1+same:2+different:2+not:2+and:1+or:1,219,KKN,1,KKN,1,KKN,1,KKN,1,KKN,1
row_1777,NKN,2,2,0,2,1,1,8,3,person_is+or+not,not|or|person_is,person_is:1+same:2+different:2+not:1+or:2,198,NKN,1,NKN,1,NKN,1,KNK,0,NKN,1
row_1778,KKK,2,1,0,4,0,4,11,3,or+or+or,or|or|or,person_is:4+same:2+different:1+or:4,222,KKK,1,KKK,1,KKK,1,KKK,1,KKK,1
row_1779,NNN,0,3,1,0,0,1,5,2,different+and+different,and|different|different,person_is:1+different:3+and:1,137,NNN,1,NNN,1,NNN,1,NNN,1,NNN,1
row_1780,NNK,0,2,0,1,1,2,6,3,not+person_is+person_is,not|person_is|person_is,person_is:2+different:2+not:1+or:1,137,NNK,1,NNK,1,NNK,1,NNK,1,NNK,1
row_1781,KNN,2,1,1,0,0,1,5,2,and+person_is+same,and|person_is|same,person_is:1+same:2+different:1+and:1,130,KNN,1,KNN,1,KNN,1,KNN,1,KNK,0
row_1782,KNK,2,1,1,3,2,4,13,3,or+same+or,or|or|same,person_is:4+same:2+different:1+not:2+and:1+or:3,265,KNK,1,KNK,1,KNK,1,KNK,1,KNK,1
row_1783,KKK,3,0,1,1,0,2,7,3,same+person_is+or,or|person_is|same,person_is:2+same:3+and:1+or:1,158,KKK,1,KKK,1,KKK,1,KKK,1,KKK,1
row_1784,KKN,1,2,1,0,0,1,5,2,different+and+person_is,and|different|person_is,person_is:1+same:1+different:2+and:1,130,KKN,1,KKN,1,KKN,1,KKN,1,KKN,1
row_1785,NNN,0,2,0,0,2,1,5,3,person_is+not+different,different|not|person_is,person_is:1+different:2+not:2,126,NNN,1,NNN,1,NNN,1,NNN,1,NNN,1
row_1786,NNN,1,4,2,2,1,2,12,3,or+and+or,and|or|or,person_is:2+same:1+different:4+not:1+and:2+or:2,278,KNK,0,KNK,0,KNK,0,KNK,0,KNK,0
row_1787,KKN,0,2,0,2,2,3,9,3,person_is+or+not,not|or|person_is,person_is:3+different:2+not:2+or:2,185,NKK,0,NKK,0,NKK,0,NKK,0,NKK,0
row_1788,NKN,2,1,1,1,2,2,9,3,or+and+not,and|not|or,person_is:2+same:2+different:1+not:2+and:1+or:1,199,KNK,0,NKN,1,NNK,0,KNN,0,NNK,0
row_1789,NNN,1,4,1,3,0,2,11,3,or+or+person_is,or|or|person_is,person_is:2+same:1+different:4+and:1+or:3,257,KKK,0,KKK,0,KKK,0,KKK,0,KKK,0
row_1790,KNK,2,1,1,0,1,1,6,3,same+different+and,and|different|same,person_is:1+same:2+different:1+not:1+and:1,154,KNK,1,KNK,1,KNK,1,KNK,1,KNK,1
row_1791,NKK,3,0,0,1,0,1,5,2,or+person_is+same,or|person_is|same,person_is:1+same:3+or:1,131,KNN,0,KKN,0,NKK,1,KKK,0,KKK,0
row_1792,NNK,0,2,0,1,0,2,5,2,different+person_is+or,different|or|person_is,person_is:2+different:2+or:1,117,NNK,1,NNK,1,NNK,1,NNK,1,NNK,1
row_1793,KNN,0,3,0,1,2,1,7,3,or+person_is+not,not|or|person_is,person_is:1+different:3+not:2+or:1,173,KNN,1,KNN,1,KNN,1,KNN,1,KNN,1
row_1794,KNN,1,4,2,0,2,0,9,3,and+same+and,and|and|same,same:1+different:4+not:2+and:2,238,NKN,0,NKN,0,NKN,0,NNK,0,NNK,0
row_1795,KNN,1,1,1,0,1,2,6,3,person_is+same+and,and|person_is|same,person_is:2+same:1+different:1+not:1+and:1,136,KNN,1,KNN,1,KNN,1,KNN,1,KNN,1
row_1796,NNK,1,1,0,0,0,1,3,1,same+different+person_is,different|person_is|same,person_is:1+same:1+different:1,83,NNK,1,NNK,1,NNK,1,NNK,1,NNK,1
row_1797,NNN,1,2,1,0,0,1,5,2,different+and+person_is,and|different|person_is,person_is:1+same:1+different:2+and:1,131,NNN,1,NNN,1,NNN,1,NNN,1,NNN,1
row_1798,NNK,3,1,1,1,1,1,8,3,person_is+same+and,and|person_is|same,person_is:1+same:3+different:1+not:1+and:1+or:1,194,NKK,0,NKK,0,NNK,1,KNN,0,NNK,1
row_1799,KKN,0,2,0,1,0,2,5,2,or+person_is+person_is,or|person_is|person_is,person_is:2+different:2+or:1,116,KNN,0,KNN,0,KNK,0,KNN,0,KNN,0
row_1800,NNK,2,0,1,1,0,3,7,3,same+or+person_is,or|person_is|same,person_is:3+same:2+and:1+or:1,141,NKN,0,NKN,0,NKN,0,NKN,0,NKK,0
row_1801,NNN,1,2,2,0,2,2,9,3,person_is+and+and,and|and|person_is,person_is:2+same:1+different:2+not:2+and:2,205,NNN,1,NNN,1,NNN,1,NNN,1,NNN,1
row_1802,KNN,0,3,0,1,2,1,7,2,not+or+not,not|not|or,person_is:1+different:3+not:2+or:1,174,NKN,0,NKN,0,NKN,0,NKN,0,NKN,0
row_1803,NKN,1,2,1,0,1,1,6,3,and+different+person_is,and|different|person_is,person_is:1+same:1+different:2+not:1+and:1,153,NNN,0,NKN,1,NKN,1,NNN,0,NNN,0
row_1804,NNN,1,2,2,1,1,3,10,3,person_is+and+and,and|and|person_is,person_is:3+same:1+different:2+not:1+and:2+or:1,212,NNN,1,NNN,1,NNN,1,NNN,1,NNN,1
row_1805,NKK,1,1,0,0,2,1,5,2,not+not+different,different|not|not,person_is:1+same:1+different:1+not:2,122,NKK,1,NKK,1,NKK,1,NKK,1,NKK,1
row_1806,NKK,3,2,1,1,0,0,7,3,different+same+or,different|or|same,same:3+different:2+and:1+or:1,191,NKK,1,NKK,1,NKK,1,KNK,0,NKK,1
row_1807,NKK,1,1,0,1,1,2,6,3,not+person_is+same,not|person_is|same,person_is:2+same:1+different:1+not:1+or:1,134,NKK,1,NKK,1,NKK,1,NKK,1,NKK,1
row_1808,KKN,2,2,2,1,2,2,11,3,or+different+and,and|different|or,person_is:2+same:2+different:2+not:2+and:2+or:1,250,KKN,1,KKN,1,KKN,1,KKN,1,KKN,1
row_1809,KNN,2,2,1,2,1,2,10,3,not+or+same,not|or|same,person_is:2+same:2+different:2+not:1+and:1+or:2,228,KNN,1,KNN,1,KKK,0,KKN,0,KKN,0
row_1810,NNN,0,3,0,1,1,1,6,3,different+different+or,different|different|or,person_is:1+different:3+not:1+or:1,155,NNN,1,NNN,1,NNN,1,NNN,1,NNN,1
row_1811,KKK,3,1,0,1,0,0,5,2,same+or+same,or|same|same,same:3+different:1+or:1,146,KKK,1,KKK,1,KKK,1,KKK,1,KKK,1
row_1812,KNK,2,1,0,2,2,2,9,3,or+same+or,or|or|same,person_is:2+same:2+different:1+not:2+or:2,199,KNK,1,KKK,0,KKK,0,KNK,1,KKK,0
row_1813,KNK,2,0,1,1,1,3,8,3,same+and+or,and|or|same,person_is:3+same:2+not:1+and:1+or:1,164,NNK,0,NNK,0,NNK,0,NNK,0,NNK,0
row_1814,NNK,2,1,0,0,1,0,4,2,same+different+not,different|not|same,same:2+different:1+not:1,120,NNK,1,NNK,1,NNK,1,NNK,1,NNK,1
row_1815,NKN,0,3,1,3,2,4,13,3,and+or+not,and|not|or,person_is:4+different:3+not:2+and:1+or:3,266,NKN,1,NKN,1,NKN,1,NKN,1,NKK,0
row_1816,KNK,2,1,1,0,0,1,5,2,and+same+same,and|same|same,person_is:1+same:2+different:1+and:1,128,KNK,1,KNK,1,KNK,1,KNK,1,KNK,1
row_1817,NKK,1,1,0,0,1,1,4,2,same+different+not,different|not|same,person_is:1+same:1+different:1+not:1,105,NKK,1,NKK,1,NKK,1,NKK,1,NKK,1
row_1818,NNK,2,2,0,1,0,0,5,2,different+same+or,different|or|same,same:2+different:2+or:1,148,NNK,1,NNK,1,NNK,1,KNN,0,NNK,1
row_1819,KNN,4,0,4,1,0,4,13,3,person_is+and+and,and|and|person_is,person_is:4+same:4+and:4+or:1,263,NNK,0,NKK,0,NNK,0,NNK,0,NNK,0
row_1820,NKK,2,3,1,4,1,3,14,3,not+or+or,not|or|or,person_is:3+same:2+different:3+not:1+and:1+or:4,310,KNK,0,KNK,0,KNK,0,KNK,0,KNK,0
row_1821,KNK,2,2,1,0,1,0,6,3,same+not+different,different|not|same,same:2+different:2+not:1+and:1,169,KNK,1,KNK,1,NNK,0,KNK,1,NNK,0
row_1822,KNK,0,1,0,0,2,2,5,3,not+person_is+different,different|not|person_is,person_is:2+different:1+not:2,106,KNK,1,KNK,1,NKN,0,KNK,1,KNK,1
row_1823,KNK,1,2,2,0,1,2,8,3,not+and+same,and|not|same,person_is:2+same:1+different:2+not:1+and:2,184,KNK,1,KNK,1,KNK,1,KNK,1,KNK,1
row_1824,KNN,1,1,1,0,1,2,6,3,different+person_is+and,and|different|person_is,person_is:2+same:1+different:1+not:1+and:1,131,KNN,1,KNN,1,KNN,1,KNN,1,KNN,1
row_1825,KNK,2,2,0,2,1,1,8,3,same+different+or,different|or|same,person_is:1+same:2+different:2+not:1+or:2,202,KNK,1,KNK,1,NKK,0,KNK,1,NKK,0
row_1826,KKK,2,1,1,0,1,1,6,3,and+person_is+same,and|person_is|same,person_is:1+same:2+different:1+not:1+and:1,155,KKK,1,KKK,1,KKK,1,KKK,1,KKK,1
row_1827,NKN,1,1,0,0,0,1,3,1,same+different+person_is,different|person_is|same,person_is:1+same:1+different:1,84,NKN,1,NKN,1,NKN,1,NKN,1,NKN,1
row_1828,KKN,1,1,0,1,2,2,7,3,or+not+same,not|or|same,person_is:2+same:1+different:1+not:2+or:1,158,KNN,0,KNK,0,KNK,0,KNN,0,KNN,0
row_1829,NKK,0,3,2,2,1,4,12,3,and+or+or,and|or|or,person_is:4+different:3+not:1+and:2+or:2,246,NKK,1,NKK,1,NKK,1,NKK,1,NKK,1
row_1830,NNN,0,2,0,0,0,1,3,1,person_is+different+different,different|different|person_is,person_is:1+different:2,90,NNN,1,NNN,1,NNN,1,NNN,1,NNN,1
row_1831,KNK,2,1,0,1,0,1,5,2,or+same+same,or|same|same,person_is:1+same:2+different:1+or:1,129,KNK,1,KNK,1,KNK,1,KNK,1,KNK,1
row_1832,NKK,3,3,1,3,0,1,11,3,different+or+or,different|or|or,person_is:1+same:3+different:3+and:1+or:3,275,KKN,0,KKN,0,KKN,0,KKN,0,KKN,0
row_1833,KNK,2,0,0,1,1,2,6,3,person_is+person_is+or,or|person_is|person_is,person_is:2+same:2+not:1+or:1,130,NKN,0,NKN,0,NKK,0,KNK,1,KNK,1
row_1834,NKN,0,4,1,1,1,1,8,3,or+different+person_is,different|or|person_is,person_is:1+different:4+not:1+and:1+or:1,203,KNK,0,KNK,0,KNN,0,KNK,0,KNN,0
row_1835,KKK,3,0,1,1,1,2,8,3,or+not+same,not|or|same,person_is:2+same:3+not:1+and:1+or:1,182,KKK,1,KKK,1,KKK,1,KKK,1,KKK,1
row_1836,NKK,2,2,1,1,0,1,7,3,and+different+different,and|different|different,person_is:1+same:2+different:2+and:1+or:1,180,NKK,1,NKK,1,NKK,1,NKK,1,NKK,1
row_1837,NNK,1,4,1,1,1,0,8,3,different+or+not,different|not|or,same:1+different:4+not:1+and:1+or:1,219,KNN,0,KNN,0,NNK,1,KNN,0,NNK,1
row_1838,NKN,2,1,0,1,0,1,5,2,or+different+person_is,different|or|person_is,person_is:1+same:2+different:1+or:1,130,NNN,0,NNN,0,NKN,1,NNN,0,NNN,0
row_1839,KKK,2,1,0,0,1,0,4,2,same+same+not,not|same|same,same:2+different:1+not:1,122,KKK,1,KKK,1,KKK,1,KKK,1,KKK,1
row_1840,NKN,2,2,1,1,1,1,8,3,not+or+same,not|or|same,person_is:1+same:2+different:2+not:1+and:1+or:1,197,NKN,1,NKN,1,NKN,1,NKN,1,NKN,1
row_1841,KKN,1,0,1,0,0,3,5,2,person_is+person_is+and,and|person_is|person_is,person_is:3+same:1+and:1,95,NNK,0,NNK,0,NNK,0,NNK,0,NNK,0
row_1842,NNK,1,2,1,0,0,1,5,2,and+different+person_is,and|different|person_is,person_is:1+same:1+different:2+and:1,130,NNK,1,NNK,1,NNK,1,NNK,1,NNK,1
row_1843,NKK,2,1,0,1,2,1,7,3,same+or+not,not|or|same,person_is:1+same:2+different:1+not:2+or:1,171,NKK,1,NKK,1,NKK,1,NKK,1,NKK,1
row_1844,NKN,2,3,1,2,1,1,10,3,or+different+or,different|or|or,person_is:1+same:2+different:3+not:1+and:1+or:2,247,NKN,1,NKN,1,NKN,1,NKN,1,NKK,0
row_1845,KNN,2,2,1,3,0,3,11,3,or+same+or,or|or|same,person_is:3+same:2+different:2+and:1+or:3,244,KKK,0,KKK,0,KKK,0,KKK,0,KKK,0
row_1846,NNK,0,2,0,1,0,2,5,2,different+person_is+or,different|or|person_is,person_is:2+different:2+or:1,117,NNK,1,NNK,1,NNK,1,NNK,1,NNK,1
row_1847,NKN,2,1,2,0,1,2,8,3,same+not+and,and|not|same,person_is:2+same:2+different:1+not:1+and:2,179,NNK,0,NNK,0,NKN,1,NKN,1,NKN,1
row_1848,NNK,1,1,0,1,0,2,5,2,same+person_is+or,or|person_is|same,person_is:2+same:1+different:1+or:1,115,NNK,1,NNK,1,NNK,1,NNK,1,NNK,1
row_1849,NKN,1,1,0,0,3,1,6,3,not+person_is+not,not|not|person_is,person_is:1+same:1+different:1+not:3,143,NKN,1,NKN,1,NKN,1,NKN,1,NKN,1
row_1850,NKK,2,0,0,0,3,1,6,3,not+same+not,not|not|same,person_is:1+same:2+not:3,141,NKK,1,NKK,1,NKK,1,KKN,0,NKK,1
row_1851,KNK,3,2,2,2,0,2,11,3,same+and+or,and|or|same,person_is:2+same:3+different:2+and:2+or:2,254,KNK,1,KNK,1,KNK,1,KNK,1,KNK,1
row_1852,KNN,1,1,3,0,2,4,11,3,same+and+and,and|and|same,person_is:4+same:1+different:1+not:2+and:3,212,NKN,0,KNN,1,NNK,0,NKN,0,NNK,0
row_1853,KNN,1,3,1,1,1,1,8,3,or+and+person_is,and|or|person_is,person_is:1+same:1+different:3+not:1+and:1+or:1,201,KNK,0,KNK,0,KNK,0,NKN,0,NNN,0
row_1854,KNN,2,1,0,0,2,0,5,3,same+not+different,different|not|same,same:2+different:1+not:2,138,KNN,1,KNN,1,KNN,1,KNN,1,KNN,1
row_1855,KNK,0,0,1,1,0,5,7,2,person_is+and+or,and|or|person_is,person_is:5+and:1+or:1,113,NNN,0,NNN,0,NNN,0,NNN,0,NNN,0
row_1856,NNN,1,3,0,1,1,0,6,3,different+or+different,different|different|or,same:1+different:3+not:1+or:1,168,NNN,1,NNN,1,NNN,1,NNN,1,NNN,1
row_1857,KKK,2,2,1,0,1,0,6,3,not+same+same,not|same|same,same:2+different:2+not:1+and:1,167,KKK,1,KKK,1,KKK,1,KKK,1,KKK,1
row_1858,NNK,2,3,3,0,2,1,11,3,and+not+different,and|different|not,person_is:1+same:2+different:3+not:2+and:3,267,NNK,1,NNK,1,NNK,1,NNK,1,NNK,1
row_1859,NKK,2,0,0,0,1,1,4,2,same+not+person_is,not|person_is|same,person_is:1+same:2+not:1,104,NKK,1,NKK,1,NKK,1,NKK,1,NKK,1
row_1860,KNN,1,3,1,1,1,1,8,3,different+or+same,different|or|same,person_is:1+same:1+different:3+not:1+and:1+or:1,199,NNK,0,NNK,0,NNK,0,NNK,0,NNK,0
row_1861,KKN,2,1,1,0,0,1,5,2,same+and+same,and|same|same,person_is:1+same:2+different:1+and:1,129,KKN,1,KKN,1,KKN,1,KKN,1,KKN,1
row_1862,NNN,1,2,1,0,0,1,5,2,different+different+and,and|different|different,person_is:1+same:1+different:2+and:1,133,NKK,0,KKN,0,NNN,1,KKN,0,NNN,1
row_1863,NNN,0,4,2,0,0,1,7,2,and+different+and,and|and|different,person_is:1+different:4+and:2,181,NNN,1,NNN,1,NNN,1,NNN,1,NNN,1
row_1864,KKN,2,1,1,0,1,1,6,3,not+different+same,different|not|same,person_is:1+same:2+different:1+not:1+and:1,146,KKN,1,KKN,1,KKN,1,KKN,1,KKN,1
row_1865,KNK,3,3,2,2,0,1,11,3,same+or+and,and|or|same,person_is:1+same:3+different:3+and:2+or:2,275,NKK,0,NNK,0,KNK,1,KNK,1,KNK,1
row_1866,NNN,1,2,1,1,0,2,7,3,different+and+person_is,and|different|person_is,person_is:2+same:1+different:2+and:1+or:1,161,KNK,0,KNK,0,KNK,0,KNK,0,KNK,0
row_1867,KKK,2,0,0,1,0,2,5,2,same+or+same,or|same|same,person_is:2+same:2+or:1,113,KKK,1,KKK,1,KKK,1,KKK,1,KKK,1
row_1868,NKK,2,2,1,0,3,0,8,3,different+not+and,and|different|not,same:2+different:2+not:3+and:1,207,NKK,1,NKK,1,NNN,0,NNN,0,NNN,0
row_1869,NKK,1,0,0,0,3,2,6,3,same+not+not,not|not|same,person_is:2+same:1+not:3,128,NKN,0,NKK,1,NKN,0,NKK,1,NKN,0
row_1870,NKK,2,0,0,0,0,1,3,1,person_is+same+same,person_is|same|same,person_is:1+same:2,81,NKK,1,NKK,1,NKK,1,NKK,1,NKK,1
row_1871,NNK,0,3,0,1,1,1,6,3,person_is+not+different,different|not|person_is,person_is:1+different:3+not:1+or:1,156,NNK,1,NNK,1,NNK,1,NNK,1,NNK,1
row_1872,NNK,2,0,2,1,1,4,10,3,and+and+person_is,and|and|person_is,person_is:4+same:2+not:1+and:2+or:1,196,NKK,0,NKK,0,NKK,0,NNK,1,NNK,1
row_1873,KNN,2,1,0,0,2,0,5,2,not+not+same,not|not|same,same:2+different:1+not:2,144,KNN,1,KNN,1,KNN,1,KNN,1,KNN,1
row_1874,KNN,1,2,0,1,2,1,7,3,or+same+different,different|or|same,person_is:1+same:1+different:2+not:2+or:1,172,KNN,1,KNN,1,KNN,1,KNN,1,KNN,1
row_1875,NKK,2,0,0,0,1,1,4,2,same+person_is+not,not|person_is|same,person_is:1+same:2+not:1,104,NKK,1,NKK,1,NKK,1,NKK,1,NKK,1
row_1876,KNN,0,1,0,0,2,2,5,3,person_is+person_is+not,not|person_is|person_is,person_is:2+different:1+not:2,109,KNN,1,KNN,1,NNK,0,KNN,1,NNK,0
row_1877,NKK,2,2,0,1,1,0,6,3,different+same+or,different|or|same,same:2+different:2+not:1+or:1,166,NKK,1,NKK,1,NKK,1,KNK,0,NKK,1
row_1878,KNK,1,2,1,0,2,1,7,3,different+and+not,and|different|not,person_is:1+same:1+different:2+not:2+and:1,168,NNN,0,KNK,1,KNK,1,KNK,1,KNK,1
row_1879,KKK,1,3,0,2,2,1,9,3,person_is+or+not,not|or|person_is,person_is:1+same:1+different:3+not:2+or:2,220,KKK,1,KKK,1,KKK,1,KKK,1,KKK,1
row_1880,KKN,1,1,2,0,0,3,7,3,person_is+person_is+and,and|person_is|person_is,person_is:3+same:1+different:1+and:2,144,NNK,0,KKN,1,NNK,0,KKN,1,KKN,1
row_1881,KKK,1,2,2,0,2,2,9,3,not+and+same,and|not|same,person_is:2+same:1+different:2+not:2+and:2,200,KKK,1,KKK,1,KKK,1,KKK,1,KKK,1
row_1882,KNK,1,4,1,1,1,0,8,3,or+different+not,different|not|or,same:1+different:4+not:1+and:1+or:1,219,KNK,1,KNK,1,KNK,1,KNK,1,KNK,1
row_1883,KNK,0,4,0,3,1,2,10,3,different+or+or,different|or|or,person_is:2+different:4+not:1+or:3,231,KNK,1,KKN,0,NKK,0,KKN,0,KKN,0
row_1884,KNN,1,1,1,0,1,2,6,3,not+person_is+same,not|person_is|same,person_is:2+same:1+different:1+not:1+and:1,135,NKN,0,NKN,0,NKN,0,KNN,1,KNN,1
row_1885,KKN,1,3,1,2,1,2,10,3,or+different+not,different|not|or,person_is:2+same:1+different:3+not:1+and:1+or:2,230,KKN,1,KKN,1,KKN,1,KKN,1,KKN,1
row_1886,KNK,1,0,0,1,0,3,5,2,or+person_is+person_is,or|person_is|person_is,person_is:3+same:1+or:1,97,KNK,1,KNK,1,KNK,1,KNK,1,KNK,1
row_1887,KKN,1,4,1,1,1,0,8,3,or+different+different,different|different|or,same:1+different:4+not:1+and:1+or:1,217,KKN,1,KKN,1,KKN,1,KKN,1,KKN,1
row_1888,KNK,1,2,0,3,3,3,12,3,or+not+or,not|or|or,person_is:3+same:1+different:2+not:3+or:3,260,KNK,1,KNK,1,KNK,1,KNK,1,KNK,1
row_1889,NNK,2,3,0,2,0,0,7,3,same+same+or,or|same|same,same:2+different:3+or:2,198,NNK,1,NNK,1,NNK,1,NNK,1,NNK,1
row_1890,KNN,1,2,0,1,0,1,5,2,different+or+person_is,different|or|person_is,person_is:1+same:1+different:2+or:1,130,KNN,1,KNN,1,KNN,1,KNN,1,KNN,1
row_1891,KKN,2,2,1,1,1,1,8,3,or+different+and,and|different|or,person_is:1+same:2+different:2+not:1+and:1+or:1,201,KKN,1,KKN,1,KKN,1,KKN,1,KKN,1
row_1892,KKN,1,5,0,3,0,0,9,3,or+different+same,different|or|same,same:1+different:5+or:3,250,KKN,1,KKN,1,KKN,1,KKN,1,KKN,1
row_1893,KNN,2,2,1,1,1,1,8,3,or+person_is+and,and|or|person_is,person_is:1+same:2+different:2+not:1+and:1+or:1,198,KNN,1,KNN,1,KNN,1,KNN,1,KNN,1
row_1894,NKN,4,0,1,2,1,2,10,3,same+or+and,and|or|same,person_is:2+same:4+not:1+and:1+or:2,225,NKN,1,NKN,1,NKN,1,NKN,1,NKN,1
row_1895,NKN,1,1,0,0,1,1,4,2,person_is+not+different,different|not|person_is,person_is:1+same:1+different:1+not:1,103,NKN,1,NKN,1,NKN,1,NKN,1,NKN,1
row_1896,KNK,1,2,1,0,1,1,6,3,different+not+person_is,different|not|person_is,person_is:1+same:1+different:2+not:1+and:1,153,NNN,0,NKN,0,NKN,0,KNK,1,KKN,0
row_1897,NKN,1,0,0,0,2,2,5,2,same+not+not,not|not|same,person_is:2+same:1+not:2,107,NKN,1,NKN,1,NKN,1,NKN,1,NKN,1
row_1898,KKK,3,0,0,0,0,0,3,1,same+same+same,same|same|same,same:3,98,KKK,1,KKK,1,KKK,1,KKK,1,KKK,1
row_1899,KNN,2,1,0,0,2,0,5,3,not+same+same,not|same|same,same:2+different:1+not:2,138,KNN,1,KNN,1,KNN,1,KNN,1,KNN,1
row_1900,NNN,1,2,1,0,2,1,7,3,and+not+different,and|different|not,person_is:1+same:1+different:2+not:2+and:1,173,NNK,0,NNK,0,NNK,0,NNK,0,NNK,0
row_1901,NNN,0,2,1,0,3,2,8,3,not+and+not,and|not|not,person_is:2+different:2+not:3+and:1,173,NNK,0,NNK,0,NNK,0,NNK,0,NNK,0
row_1902,KNK,2,2,0,1,0,0,5,2,same+same+or,or|same|same,same:2+different:2+or:1,148,KNK,1,KNK,1,KNK,1,KNK,1,KNK,1
row_1903,KNK,2,2,1,2,1,2,10,3,or+or+not,not|or|or,person_is:2+same:2+different:2+not:1+and:1+or:2,228,KNN,0,KNN,0,KNK,1,KNK,1,KNK,1
row_1904,KKN,2,1,1,1,1,2,8,3,and+person_is+different,and|different|person_is,person_is:2+same:2+different:1+not:1+and:1+or:1,182,NKN,0,KKN,1,NKN,0,KKN,1,NKN,0
row_1905,KNK,2,1,0,2,0,2,7,3,person_is+or+different,different|or|person_is,person_is:2+same:2+different:1+or:2,161,KNK,1,KNK,1,KNK,1,KNK,1,KNK,1
row_1906,NKK,2,2,1,1,0,1,7,3,and+different+same,and|different|same,person_is:1+same:2+different:2+and:1+or:1,180,NKK,1,NKK,1,NKK,1,NKK,1,NKK,1
row_1907,KKK,2,0,0,1,1,2,6,3,same+person_is+or,or|person_is|same,person_is:2+same:2+not:1+or:1,134,KKK,1,KKK,1,KKK,1,KKK,1,KKK,1
row_1908,NNN,1,0,2,0,0,4,7,3,person_is+person_is+and,and|person_is|person_is,person_is:4+same:1+and:2,127,NNN,1,NNN,1,NNN,1,NNN,1,NNN,1
row_1909,NNN,2,2,2,1,2,2,11,3,and+and+not,and|and|not,person_is:2+same:2+different:2+not:2+and:2+or:1,252,NNK,0,NNK,0,NNK,0,NNK,0,NNN,1
row_1910,NKN,3,1,1,1,0,1,7,3,and+different+person_is,and|different|person_is,person_is:1+same:3+different:1+and:1+or:1,176,NKN,1,NKN,1,NKN,1,NKN,1,NKN,1
row_1911,NKK,1,1,1,0,0,2,5,2,person_is+same+and,and|person_is|same,person_is:2+same:1+different:1+and:1,114,NKK,1,NKK,1,NKK,1,NKK,1,NKK,1
row_1912,KNK,3,3,1,3,1,1,12,3,or+same+or,or|or|same,person_is:1+same:3+different:3+not:1+and:1+or:3,290,KNK,1,KNK,1,KNK,1,KNK,1,KNK,1
row_1913,KNN,1,1,0,1,0,2,5,2,or+same+person_is,or|person_is|same,person_is:2+same:1+different:1+or:1,118,KNN,1,KNN,1,KNN,1,KNN,1,KNN,1
row_1914,NNN,1,2,0,0,1,0,4,2,different+not+different,different|different|not,same:1+different:2+not:1,126,NNN,1,NNN,1,NNN,1,NNN,1,NNN,1
row_1915,NKN,1,2,2,0,0,2,7,3,and+person_is+same,and|person_is|same,person_is:2+same:1+different:2+and:2,162,NNK,0,NNK,0,NNK,0,NNK,0,NNK,0
row_1916,KNN,0,1,0,1,0,3,5,2,or+person_is+person_is,or|person_is|person_is,person_is:3+different:1+or:1,99,KNN,1,KNN,1,KNN,1,KNN,1,KNN,1
row_1917,NNN,2,2,2,1,0,2,9,3,or+and+person_is,and|or|person_is,person_is:2+same:2+different:2+and:2+or:1,210,KNK,0,KNK,0,KNK,0,KNK,0,KNK,0
row_1918,NNK,2,1,1,0,0,1,5,2,and+same+different,and|different|same,person_is:1+same:2+different:1+and:1,130,NNK,1,NNK,1,NNK,1,NNK,1,NNK,1
row_1919,NNN,0,1,1,0,1,3,6,2,not+and+person_is,and|not|person_is,person_is:3+different:1+not:1+and:1,117,NNN,1,NNN,1,NNN,1,NNN,1,NNN,1
row_1920,KKK,1,0,0,0,0,2,3,1,same+person_is+person_is,person_is|person_is|same,person_is:2+same:1,68,KKK,1,KKK,1,KKK,1,KKK,1,KKK,1
row_1921,NNK,3,2,1,1,0,0,7,3,same+same+or,or|same|same,same:3+different:2+and:1+or:1,197,NNK,1,NNK,1,NNK,1,NNK,1,NNK,1
row_1922,KKN,2,1,1,0,1,1,6,3,and+person_is+same,and|person_is|same,person_is:1+same:2+different:1+not:1+and:1,152,KNK,0,KKN,1,KNK,0,KKN,1,KKN,1
row_1923,KNN,1,3,1,0,0,0,5,2,different+and+same,and|different|same,same:1+different:3+and:1,151,KNN,1,KNN,1,NKN,0,KNN,1,NNN,0
row_1924,NNN,1,4,1,2,1,1,10,3,or+or+different,different|or|or,person_is:1+same:1+different:4+not:1+and:1+or:2,251,NNN,1,NNN,1,NNN,1,NNN,1,NNN,1
row_1925,KNK,3,1,1,1,2,1,9,3,different+not+or,different|not|or,person_is:1+same:3+different:1+not:2+and:1+or:1,218,KNK,1,KNK,1,KNK,1,KNK,1,KNK,1
row_1926,NKK,3,0,0,1,1,1,6,3,same+same+or,or|same|same,person_is:1+same:3+not:1+or:1,149,NKK,1,NKK,1,NKK,1,NKK,1,NKK,1
row_1927,NKN,2,2,0,1,1,0,6,3,same+different+not,different|not|same,same:2+different:2+not:1+or:1,166,KKN,0,KKN,0,KKN,0,NKN,1,KKN,0
row_1928,NKK,3,0,0,4,2,4,13,3,not+or+or,not|or|or,person_is:4+same:3+not:2+or:4,263,KKN,0,NKK,1,KKN,0,KKN,0,KKN,0
row_1929,KKK,4,0,1,0,0,0,5,2,and+same+same,and|same|same,same:4+and:1,149,KKK,1,KKK,1,KKK,1,KKK,1,KKK,1
row_1930,NNK,1,3,0,2,0,1,7,3,person_is+same+or,or|person_is|same,person_is:1+same:1+different:3+or:2,178,NNK,1,NNK,1,NNK,1,NNK,1,NNK,1
row_1931,KNN,1,1,0,0,2,1,5,3,different+not+same,different|not|same,person_is:1+same:1+different:1+not:2,126,KNN,1,KNN,1,KNN,1,KNN,1,KNK,0
row_1932,NKK,3,0,0,0,1,0,4,2,same+not+same,not|same|same,same:3+not:1,118,NKK,1,NKK,1,NKK,1,NKK,1,NKK,1
row_1933,KNN,3,1,1,1,0,1,7,3,same+same+and,and|same|same,person_is:1+same:3+different:1+and:1+or:1,176,KNN,1,KNN,1,KNN,1,KNN,1,KNN,1
row_1934,NKK,2,0,0,1,2,2,7,3,not+same+not,not|not|same,person_is:2+same:2+not:2+or:1,153,NKK,1,NKK,1,NKK,1,NKK,1,NKK,1
row_1935,KNK,3,1,0,2,0,1,7,2,different+or+or,different|or|or,person_is:1+same:3+different:1+or:2,176,KNK,1,KNK,1,KKN,0,KKN,0,KKN,0
row_1936,NKK,2,1,2,1,3,3,12,3,not+or+and,and|not|or,person_is:3+same:2+different:1+not:3+and:2+or:1,254,NKK,1,NKK,1,NKK,1,NKK,1,NKK,1
row_1937,NNN,1,2,0,0,1,0,4,2,different+not+different,different|different|not,same:1+different:2+not:1,122,NNN,1,NNN,1,NNN,1,NNN,1,NNN,1
row_1938,KNK,1,1,2,0,1,3,8,3,different+and+not,and|different|not,person_is:3+same:1+different:1+not:1+and:2,163,KNK,1,KNK,1,KNK,1,KNK,1,KNK,1
row_1939,KNK,0,4,0,1,1,0,6,3,different+not+different,different|different|not,different:4+not:1+or:1,172,KKN,0,KKN,0,KKN,0,KNK,1,KKN,0
row_1940,KNN,1,1,1,0,1,2,6,2,different+not+and,and|different|not,person_is:2+same:1+different:1+not:1+and:1,136,KNN,1,KNN,1,KNN,1,KNN,1,KNN,1
row_1941,KNK,3,1,1,1,0,1,7,3,person_is+different+and,and|different|person_is,person_is:1+same:3+different:1+and:1+or:1,178,KNK,1,KNK,1,KNK,1,KNK,1,KNK,1
row_1942,NNN,0,5,1,1,1,0,8,3,different+different+and,and|different|different,different:5+not:1+and:1+or:1,219,NNN,1,KNK,0,NNN,1,KNK,0,NNN,1
row_1943,NNK,2,1,0,1,1,1,6,2,person_is+or+not,not|or|person_is,person_is:1+same:2+different:1+not:1+or:1,151,NKK,0,NKK,0,NKK,0,NKK,0,NKK,0
row_1944,KNN,0,3,0,1,0,1,5,2,or+different+person_is,different|or|person_is,person_is:1+different:3+or:1,133,KNN,1,KNN,1,KNN,1,KNN,1,KNN,1
row_1945,KKN,1,2,0,1,0,1,5,2,or+person_is+same,or|person_is|same,person_is:1+same:1+different:2+or:1,134,KKN,1,KKN,1,KKN,1,KKN,1,KKN,1
row_1946,KKN,1,2,1,2,1,3,10,3,or+or+and,and|or|or,person_is:3+same:1+different:2+not:1+and:1+or:2,215,KNN,0,KNK,0,KNK,0,KNN,0,KNK,0
row_1947,KNN,1,3,0,1,0,0,5,2,different+different+or,different|different|or,same:1+different:3+or:1,150,NKN,0,NKN,0,NKN,0,NKN,0,NKN,0
row_1948,NNK,3,3,0,3,2,0,11,3,or+or+not,not|or|or,same:3+different:3+not:2+or:3,284,KNN,0,KNN,0,KNN,0,KNN,0,KNN,0
row_1949,NKN,3,1,0,2,0,1,7,3,same+or+person_is,or|person_is|same,person_is:1+same:3+different:1+or:2,175,NKN,1,NKN,1,NKN,1,KNN,0,KKN,0
row_1950,KNK,2,2,2,0,0,1,7,3,different+same+and,and|different|same,person_is:1+same:2+different:2+and:2,178,KNK,1,KNK,1,KNK,1,KNK,1,KNK,1
row_1951,KKK,1,0,0,1,1,3,6,3,or+person_is+person_is,or|person_is|person_is,person_is:3+same:1+not:1+or:1,115,KKK,1,KKK,1,KKK,1,KKK,1,KKK,1
row_1952,KNN,2,1,0,1,1,1,6,3,person_is+same+or,or|person_is|same,person_is:1+same:2+different:1+not:1+or:1,153,KNN,1,KNN,1,KNN,1,KNN,1,KNN,1
row_1953,KKN,3,1,1,1,0,1,7,3,same+person_is+and,and|person_is|same,person_is:1+same:3+different:1+and:1+or:1,179,KKN,1,KKN,1,KKK,0,KKN,1,KKN,1
row_1954,KKN,4,2,1,2,0,0,9,3,different+or+and,and|different|or,same:4+different:2+and:1+or:2,241,KKN,1,KKN,1,KKN,1,KKN,1,KKN,1
row_1955,KNN,0,3,1,1,2,2,9,3,or+and+different,and|different|or,person_is:2+different:3+not:2+and:1+or:1,206,KNN,1,KNN,1,KNN,1,KNN,1,KNN,1
row_1956,NNN,1,4,2,0,0,0,7,3,and+different+different,and|different|different,same:1+different:4+and:2,198,NNN,1,NNN,1,NNN,1,NNN,1,NNN,1
row_1957,NNK,2,2,1,1,2,1,9,3,and+not+person_is,and|not|person_is,person_is:1+same:2+different:2+not:2+and:1+or:1,218,NNK,1,NNK,1,NNN,0,NNN,0,NNN,0
row_1958,KKN,4,2,2,2,0,1,11,3,same+or+or,or|or|same,person_is:1+same:4+different:2+and:2+or:2,267,KKN,1,KKN,1,KKN,1,KKN,1,KKN,1
row_1959,NNK,2,2,1,1,0,1,7,3,different+different+or,different|different|or,person_is:1+same:2+different:2+and:1+or:1,177,NNK,1,NNK,1,NNK,1,NNK,1,NNK,1
row_1960,NNK,3,0,1,0,2,1,7,3,same+person_is+and,and|person_is|same,person_is:1+same:3+not:2+and:1,167,NNK,1,NNK,1,NNK,1,NNK,1,NNK,1
row_1961,KNK,1,1,2,0,0,3,7,3,different+and+person_is,and|different|person_is,person_is:3+same:1+different:1+and:2,143,KNK,1,KNK,1,NNN,0,KNK,1,KNK,1
row_1962,NNN,1,4,1,2,1,1,10,3,different+not+or,different|not|or,person_is:1+same:1+different:4+not:1+and:1+or:2,246,NNN,1,NNN,1,NNN,1,NNN,1,NNN,1
row_1963,NKK,0,1,0,4,0,6,11,3,different+or+or,different|or|or,person_is:6+different:1+or:4,193,KKN,0,KKN,0,NKK,1,KKN,0,KKN,0
row_1964,KKN,0,2,1,3,1,5,12,3,not+or+or,not|or|or,person_is:5+different:2+not:1+and:1+or:3,225,NNK,0,NNK,0,NNK,0,NNK,0,NNK,0
row_1965,NKN,3,4,3,1,1,0,12,3,and+different+and,and|and|different,same:3+different:4+not:1+and:3+or:1,307,NNN,0,NKN,1,NKN,1,NNN,0,NNN,0
row_1966,NNN,1,0,0,1,1,3,6,3,not+person_is+person_is,not|person_is|person_is,person_is:3+same:1+not:1+or:1,121,NNN,1,NNN,1,NNN,1,NNN,1,NNN,1
row_1967,NKN,2,1,1,1,0,2,7,2,and+or+same,and|or|same,person_is:2+same:2+different:1+and:1+or:1,161,NKN,1,NKN,1,NKN,1,NKN,1,NKN,1
row_1968,KKK,5,0,1,1,0,0,7,3,same+and+same,and|same|same,same:5+and:1+or:1,193,KKK,1,KKK,1,KKK,1,KKK,1,KKK,1
row_1969,KNK,1,5,1,2,1,0,10,3,or+same+not,not|or|same,same:1+different:5+not:1+and:1+or:2,265,KNK,1,KNK,1,KNK,1,KNK,1,KNK,1
row_1970,NNN,1,3,1,0,0,0,5,2,different+and+different,and|different|different,same:1+different:3+and:1,153,NNN,1,NNN,1,NNN,1,NNN,1,NNN,1
row_1971,KKK,3,0,2,1,0,3,9,3,and+and+same,and|and|same,person_is:3+same:3+and:2+or:1,192,KKK,1,KKK,1,KKK,1,KKK,1,KKK,1
row_1972,KKN,0,1,0,0,1,2,4,2,person_is+different+not,different|not|person_is,person_is:2+different:1+not:1,90,KKN,1,KKN,1,NNN,0,KKN,1,KKN,1
row_1973,NNK,0,2,2,0,2,3,9,3,and+and+different,and|and|different,person_is:3+different:2+not:2+and:2,186,NNK,1,NNK,1,NNK,1,NNK,1,NNK,1
row_1974,KKK,2,1,0,1,1,1,6,2,same+not+or,not|or|same,person_is:1+same:2+different:1+not:1+or:1,149,KKK,1,KKK,1,KKK,1,KKK,1,KKK,1
row_1975,KKN,1,3,2,0,0,1,7,3,person_is+same+and,and|person_is|same,person_is:1+same:1+different:3+and:2,180,KKN,1,KKN,1,KKN,1,KKN,1,KKN,1
row_1976,KNK,0,1,0,1,0,3,5,2,or+person_is+person_is,or|person_is|person_is,person_is:3+different:1+or:1,100,KNK,1,KNK,1,KNK,1,KNK,1,KNK,1
row_1977,KNK,1,1,1,1,0,3,7,2,person_is+and+or,and|or|person_is,person_is:3+same:1+different:1+and:1+or:1,144,KNK,1,KNK,1,KNK,1,KNK,1,KNK,1
row_1978,KNK,1,4,0,2,0,0,7,3,or+different+different,different|different|or,same:1+different:4+or:2,198,KNK,1,KNK,1,KNK,1,KNK,1,KNK,1
row_1979,NNN,2,2,0,1,1,0,6,3,different+different+not,different|different|not,same:2+different:2+not:1+or:1,170,NNN,1,NNN,1,NNN,1,NNN,1,NNN,1
row_1980,NKN,1,3,0,2,0,1,7,3,or+different+person_is,different|or|person_is,person_is:1+same:1+different:3+or:2,184,NNN,0,NKN,1,NKN,1,NKN,1,NNN,0
row_1981,NKN,2,2,1,1,1,1,8,3,person_is+different+or,different|or|person_is,person_is:1+same:2+different:2+not:1+and:1+or:1,199,NKN,1,NKN,1,NKN,1,NKN,1,NKN,1
row_1982,KNN,4,3,4,1,0,1,13,3,same+and+and,and|and|same,person_is:1+same:4+different:3+and:4+or:1,318,NNK,0,NNK,0,NNK,0,NNK,0,NNK,0
row_1983,NNN,0,5,0,2,0,0,7,3,different+different+or,different|different|or,different:5+or:2,202,NNN,1,NNN,1,NNN,1,NNN,1,NNN,1
row_1984,KKK,4,1,4,0,2,2,13,3,not+and+and,and|and|not,person_is:2+same:4+different:1+not:2+and:4,289,KKK,1,KNN,0,KKK,1,KKK,1,KKK,1
row_1985,KNK,2,1,0,1,0,1,5,2,or+same+different,different|or|same,person_is:1+same:2+different:1+or:1,132,KNK,1,KNK,1,KNK,1,KNK,1,KNK,1
row_1986,KKK,2,1,2,1,0,3,9,3,same+same+or,or|same|same,person_is:3+same:2+different:1+and:2+or:1,191,KKN,0,KKK,1,KKK,1,KKN,0,KKK,1
row_1987,NKN,1,2,1,1,0,2,7,3,different+or+same,different|or|same,person_is:2+same:1+different:2+and:1+or:1,163,NKN,1,NKN,1,NKN,1,KNN,0,NKN,1
row_1988,KNN,2,2,1,1,0,1,7,3,different+or+person_is,different|or|person_is,person_is:1+same:2+different:2+and:1+or:1,183,NNN,0,KNN,1,NKN,0,KKN,0,NKN,0
row_1989,NNK,2,0,0,0,0,1,3,1,same+same+person_is,person_is|same|same,person_is:1+same:2,79,NNK,1,NNK,1,NNK,1,NNK,1,NNK,1
row_1990,KNN,1,2,1,0,0,1,5,2,different+and+same,and|different|same,person_is:1+same:1+different:2+and:1,133,KNN,1,KNN,1,NKN,0,KNN,1,NKN,0
row_1991,KKK,2,2,1,0,1,0,6,3,same+not+same,not|same|same,same:2+different:2+not:1+and:1,171,KKN,0,KKK,1,KKK,1,KKK,1,KKK,1
row_1992,KNK,1,1,0,1,3,2,8,3,or+same+not,not|or|same,person_is:2+same:1+different:1+not:3+or:1,176,KNK,1,KNK,1,KNK,1,KNK,1,KNK,1
row_1993,KNK,3,1,0,1,1,0,6,3,same+different+not,different|not|same,same:3+different:1+not:1+or:1,168,KNK,1,KNK,1,KNK,1,KNK,1,KNK,1
row_1994,KKK,2,0,0,1,1,2,6,2,same+or+not,not|or|same,person_is:2+same:2+not:1+or:1,132,KKK,1,KKK,1,KKK,1,KKK,1,KKK,1
row_1995,KKN,2,0,1,0,2,2,7,2,and+not+not,and|not|not,person_is:2+same:2+not:2+and:1,152,NKK,0,NKK,0,NKK,0,NKK,0,NKK,0
row_1996,KKN,2,2,1,0,1,0,6,3,different+same+and,and|different|same,same:2+different:2+not:1+and:1,167,KNK,0,KNK,0,KNK,0,KNK,0,KNK,0
row_1997,KKK,2,0,1,1,1,3,8,3,or+person_is+not,not|or|person_is,person_is:3+same:2+not:1+and:1+or:1,163,KKK,1,KKK,1,KKK,1,KKK,1,KKK,1
row_1998,NKK,2,1,0,2,0,2,7,3,person_is+same+or,or|person_is|same,person_is:2+same:2+different:1+or:2,161,NKK,1,NNK,0,NKK,1,NNK,0,NNK,0
row_1999,NNN,2,2,3,0,1,2,10,3,and+person_is+not,and|not|person_is,person_is:2+same:2+different:2+not:1+and:3,230,NNN,1,NNN,1,NNN,1,NNN,1,NNN,1
