id,gold_pattern,epoch4_pred8way,epoch4_gold_q,epoch4_gold_rank,epoch4_top1_margin,epoch4_gold_margin,epoch4_norm_entropy,epoch4_eff_support,epoch5_pred8way,epoch5_gold_q,epoch5_gold_rank,epoch5_top1_margin,epoch5_gold_margin,epoch5_norm_entropy,epoch5_eff_support,v1_pred8way,v1_gold_q,v1_gold_rank,v1_top1_margin,v1_gold_margin,v1_norm_entropy,v1_eff_support,v2_pred8way,v2_gold_q,v2_gold_rank,v2_top1_margin,v2_gold_margin,v2_norm_entropy,v2_eff_support,v3_pred8way,v3_gold_q,v3_gold_rank,v3_top1_margin,v3_gold_margin,v3_norm_entropy,v3_eff_support
kk_grpo_v3_final_holdout_000000,KKN,KKN,0.679182,1,0.8502,0.8502,0.350360,2.0721,KKN,0.991422,1,4.8629,4.8629,0.025142,1.0537,KKN,0.993287,1,5.0485,5.0485,0.020050,1.0426,KKN,0.998966,1,6.8875,6.8875,0.003954,1.0083,KKN,0.999964,1,10.3121,10.3121,0.000200,1.0004
kk_grpo_v3_final_holdout_000001,KKN,KKN,0.711157,1,1.2500,1.2500,0.376385,2.1873,KKN,0.954572,1,3.7274,3.7274,0.104094,1.2417,KKN,0.996375,1,6.2491,6.2491,0.012748,1.0269,KKN,0.997040,1,5.8750,5.8750,0.010008,1.0210,KKN,0.995304,1,5.5003,5.5003,0.015265,1.0323
kk_grpo_v3_final_holdout_000002,NKN,NKN,0.813939,1,2.0000,2.0000,0.292753,1.8382,NKN,0.737569,1,1.1250,1.1250,0.314290,1.9223,NKK,0.406325,2,0.3750,-0.3750,0.332817,1.9979,NKN,0.979868,1,4.0000,4.0000,0.050755,1.1113,NKN,0.796987,1,1.3750,1.3750,0.246910,1.6710
kk_grpo_v3_final_holdout_000003,KNN,KNN,0.754816,1,2.1781,2.1781,0.415990,2.3751,KNN,0.827514,1,2.2500,2.2500,0.318464,1.9391,KNN,0.869640,1,1.9999,1.9999,0.210778,1.5501,KNN,0.938480,1,2.7501,2.7501,0.115382,1.2712,KNN,0.677863,1,0.8413,0.8413,0.359875,2.1135
kk_grpo_v3_final_holdout_000004,KKN,NNN,0.185170,2,1.1782,-1.1782,0.553977,3.1644,NNN,0.327329,2,0.3714,-0.3714,0.621337,3.6402,NNN,0.020520,2,3.8526,-3.8526,0.087131,1.1986,NNN,0.162932,2,1.6092,-1.6092,0.270287,1.7543,NNN,0.052475,2,2.8762,-2.8762,0.141345,1.3417
kk_grpo_v3_final_holdout_000005,NNK,NNK,0.512662,1,0.4838,0.4838,0.505506,2.8610,NNK,0.479328,1,0.4109,0.4109,0.520316,2.9505,NNK,0.718324,1,1.5985,1.5985,0.426560,2.4279,NNK,0.548160,1,0.3730,0.3730,0.429527,2.4429,NNK,0.746353,1,1.6514,1.6514,0.398761,2.2915
kk_grpo_v3_final_holdout_000006,KKK,KKK,0.984048,1,4.1291,4.1291,0.039715,1.0861,KKK,0.994779,1,5.2507,5.2507,0.015720,1.0332,KKK,0.999196,1,7.1250,7.1250,0.003144,1.0066,KKK,0.994781,1,5.2549,5.2549,0.015769,1.0333,KKK,0.999983,1,11.0000,11.0000,0.000097,1.0002
kk_grpo_v3_final_holdout_000007,NNN,NNN,0.971888,1,3.7119,3.7119,0.069015,1.1543,NNN,0.951447,1,3.0222,3.0222,0.098546,1.2274,NNN,0.997726,1,6.3060,6.3060,0.008475,1.0178,NNN,0.999654,1,8.9730,8.9730,0.001723,1.0036,NNN,0.999440,1,8.2981,8.2981,0.002645,1.0055
kk_grpo_v3_final_holdout_000008,NNK,KNN,0.308473,2,0.1780,-0.1780,0.610198,3.5568,NNK,0.479460,1,0.4815,0.4815,0.542189,3.0878,KNN,0.208190,2,1.2901,-1.2901,0.327747,1.9769,KNN,0.220328,2,1.2562,-1.2562,0.272686,1.7630,KNN,0.105775,2,2.0627,-2.0627,0.275140,1.7721
kk_grpo_v3_final_holdout_000009,KNN,KNN,0.995684,1,5.6944,5.6944,0.014979,1.0316,KNN,0.999848,1,9.7500,9.7500,0.000799,1.0017,KNN,0.999945,1,10.3193,10.3193,0.000313,1.0007,KNN,0.999994,1,12.4394,12.4394,0.000041,1.0001,KNN,0.999917,1,9.8750,9.8750,0.000455,1.0009
kk_grpo_v3_final_holdout_000010,KKK,KKK,0.999194,1,7.1250,7.1250,0.003153,1.0066,KKK,0.997816,1,6.1250,6.1250,0.007487,1.0157,KKK,0.999569,1,7.7502,7.7502,0.001815,1.0038,KKK,0.999891,1,9.1268,9.1268,0.000535,1.0011,KKK,0.999769,1,8.3753,8.3753,0.001041,1.0022
kk_grpo_v3_final_holdout_000011,KNN,NKN,0.294180,2,0.8736,-0.8736,0.295521,1.8488,NKN,0.437902,2,0.2492,-0.2492,0.330831,1.9896,NKN,0.468884,2,0.1244,-0.1244,0.333076,1.9989,KNN,0.817766,1,1.5023,1.5023,0.229037,1.6101,KNN,0.932268,1,2.6370,2.6370,0.121957,1.2887
kk_grpo_v3_final_holdout_000012,NNN,NNN,0.993284,1,5.5183,5.5183,0.023285,1.0496,NNN,0.997479,1,6.3067,6.3067,0.009499,1.0199,NNN,0.999152,1,7.4054,7.4054,0.003672,1.0077,NNN,0.999918,1,9.6034,9.6034,0.000439,1.0009,NNN,0.999662,1,8.6651,8.6651,0.001621,1.0034
kk_grpo_v3_final_holdout_000013,NNK,NNK,0.720689,1,1.8849,1.8849,0.474044,2.6798,NNK,0.809044,1,2.0230,2.0230,0.344172,2.0456,NNK,0.872650,1,2.2179,2.2179,0.235889,1.6332,NNK,0.807375,1,1.6159,1.6159,0.290101,1.8280,KNK,0.221172,3,0.0000,-0.4937,0.611354,3.5654
kk_grpo_v3_final_holdout_000014,NNN,NNN,0.999843,1,8.9315,8.9315,0.000779,1.0016,NNN,0.999943,1,10.3553,10.3553,0.000327,1.0007,NNN,0.999830,1,9.0052,9.0052,0.000856,1.0018,NNN,0.999958,1,11.1086,11.1086,0.000247,1.0005,NNN,0.999833,1,9.1865,9.1865,0.000847,1.0018
kk_grpo_v3_final_holdout_000015,KNK,NKN,0.313401,2,0.5477,-0.5477,0.535580,3.0456,NKN,0.145977,3,0.1250,-1.0885,0.550667,3.1427,NKK,0.036091,2,3.2704,-3.2704,0.114032,1.2676,KNK,0.723134,1,1.0872,1.0872,0.335194,2.0078,NKK,0.115072,2,1.9786,-1.9786,0.285169,1.8094
kk_grpo_v3_final_holdout_000016,KNK,KNK,0.931023,1,2.9252,2.9252,0.148754,1.3625,KNK,0.961354,1,3.3918,3.3918,0.088654,1.2024,KNK,0.993048,1,5.6102,5.6102,0.023158,1.0493,KNK,0.999625,1,8.1776,8.1776,0.001753,1.0037,KNK,0.988578,1,4.6250,4.6250,0.033004,1.0710
kk_grpo_v3_final_holdout_000017,KKN,KKN,0.999994,1,12.3147,12.3147,0.000037,1.0001,KKN,0.999999,1,14.5016,14.5016,0.000007,1.0000,KKN,0.999995,1,12.3750,12.3750,0.000031,1.0001,KKN,0.999992,1,11.7500,11.7500,0.000052,1.0001,KKN,0.999991,1,11.6875,11.6875,0.000053,1.0001
kk_grpo_v3_final_holdout_000018,NKN,NKN,0.701880,1,1.2189,1.2189,0.389355,2.2471,NKN,0.529576,1,0.4363,0.4363,0.470278,2.6589,NKN,0.992704,1,5.1820,5.1820,0.023220,1.0495,NKN,0.529134,1,0.1712,0.1712,0.383684,2.2208,NKN,0.778153,1,1.5075,1.5075,0.311687,1.9120
kk_grpo_v3_final_holdout_000019,KKN,KNN,0.268931,2,0.9933,-0.9933,0.294284,1.8440,KKN,0.932447,1,2.6263,2.6263,0.119267,1.2815,KKN,0.817565,1,1.5002,1.5002,0.228694,1.6089,KKN,0.984088,1,4.1252,4.1252,0.039317,1.0852,KKN,0.987561,1,4.3753,4.3753,0.032236,1.0693
kk_grpo_v3_final_holdout_000020,KKK,KKK,0.945600,1,3.1250,3.1250,0.120215,1.2840,KKK,0.998017,1,7.1240,7.1240,0.008057,1.0169,KKK,0.999956,1,10.7509,10.7509,0.000258,1.0005,KKK,0.999819,1,9.0625,9.0625,0.000897,1.0019,KKK,0.999964,1,10.7500,10.7500,0.000213,1.0004
kk_grpo_v3_final_holdout_000021,NNN,NNN,0.647079,1,0.7052,0.7052,0.367452,2.1471,NNN,0.589730,1,0.3709,0.3709,0.335177,2.0077,NNN,0.880869,1,2.1125,2.1125,0.195092,1.5003,NNN,0.629898,1,0.5921,0.5921,0.356953,2.1007,NNN,0.774260,1,1.2468,1.2468,0.265007,1.7351
kk_grpo_v3_final_holdout_000022,KNK,KNK,0.548217,1,0.6536,0.6536,0.499042,2.8228,KNK,0.743827,1,1.6863,1.6863,0.377388,2.1919,KNK,0.751974,1,1.2491,1.2491,0.321226,1.9503,KNK,0.976581,1,4.2597,4.2597,0.063613,1.1414,KNK,0.962710,1,3.9983,3.9983,0.092501,1.2121
kk_grpo_v3_final_holdout_000023,NKK,NKK,0.577972,1,0.9035,0.9035,0.573035,3.2923,NKK,0.640265,1,0.9309,0.9309,0.446113,2.5286,NKK,0.833258,1,1.8772,1.8772,0.266409,1.7402,NKK,0.793613,1,1.4823,1.4823,0.289598,1.8261,NKK,0.721501,1,1.4619,1.4619,0.393894,2.2684
kk_grpo_v3_final_holdout_000024,KNN,KNN,0.966890,1,3.3748,3.3748,0.070003,1.1567,KNN,0.979663,1,3.8749,3.8749,0.047785,1.1045,KNN,0.705769,1,0.8749,0.8749,0.291390,1.8330,KNN,0.993304,1,4.9998,4.9998,0.019338,1.0410,KNN,0.893299,1,2.1249,2.1249,0.163301,1.4044
kk_grpo_v3_final_holdout_000025,NNK,NNK,0.878637,1,2.0007,2.0007,0.183863,1.4657,NNK,0.978414,1,3.8700,3.8700,0.052369,1.1150,NNK,0.961471,1,3.2309,3.2309,0.079910,1.1808,NNK,0.946486,1,2.8746,2.8746,0.100750,1.2331,NNK,0.904427,1,2.2492,2.2492,0.152216,1.3723
kk_grpo_v3_final_holdout_000026,NNK,NKK,0.053517,7,0.4375,-1.8438,0.841740,5.7566,NKK,0.036274,3,0.8473,-2.8413,0.504323,2.8540,NKK,0.010932,3,1.2588,-4.2494,0.296490,1.8525,NKK,0.013810,3,0.7419,-3.8713,0.355719,2.0953,NKK,0.039624,3,1.5878,-2.9993,0.299315,1.8634
kk_grpo_v3_final_holdout_000027,NNK,NNK,0.851980,1,1.7604,1.7604,0.205829,1.5342,NNK,0.893301,1,2.1260,2.1260,0.163800,1.4058,NNK,0.932428,1,2.6263,2.6263,0.119396,1.2818,NNK,0.991763,1,4.9294,4.9294,0.024907,1.0532,NNK,0.924101,1,2.5000,2.5000,0.129384,1.3087
kk_grpo_v3_final_holdout_000028,NNK,NNK,0.715766,1,1.7349,1.7349,0.452132,2.5604,NNK,0.727156,1,1.3750,1.3750,0.390922,2.2544,NNK,0.879470,1,2.2617,2.2617,0.217374,1.5715,NNK,0.945900,1,3.3793,3.3793,0.126228,1.3002,NNK,0.610959,1,0.5000,0.5000,0.363792,2.1308
kk_grpo_v3_final_holdout_000029,NKK,KNK,0.433775,2,0.1465,-0.1465,0.458128,2.5926,NKK,0.499642,1,0.0012,0.0012,0.338387,2.0211,NKK,0.776865,1,1.2619,1.2619,0.263972,1.7314,NKK,0.994756,1,5.8251,5.8251,0.018629,1.0395,NKK,0.823729,1,1.6149,1.6149,0.246807,1.6707
kk_grpo_v3_final_holdout_000030,KKK,KKK,0.999940,1,10.2501,10.2501,0.000331,1.0007,KKK,0.999992,1,12.0626,12.0626,0.000052,1.0001,KKK,0.999989,1,11.8821,11.8821,0.000066,1.0001,KKK,0.999994,1,12.5619,12.5619,0.000037,1.0001,KKK,0.999998,1,13.8127,13.8127,0.000013,1.0000
kk_grpo_v3_final_holdout_000031,KNK,KNK,0.991142,1,4.8750,4.8750,0.026958,1.0577,KNK,0.999710,1,8.5001,8.5001,0.001387,1.0029,KNK,0.999149,1,7.1251,7.1251,0.003404,1.0071,KNK,0.999987,1,11.8751,11.8751,0.000086,1.0002,KNK,0.998497,1,6.5001,6.5001,0.005426,1.0113
kk_grpo_v3_final_holdout_000032,NNK,NNK,0.999522,1,7.8748,7.8748,0.002138,1.0045,NNK,0.999852,1,9.5000,9.5000,0.000770,1.0016,NNK,0.999852,1,9.5000,9.5000,0.000771,1.0016,NNK,0.999769,1,8.5001,8.5001,0.001092,1.0023,NNK,0.995370,1,5.3750,5.3750,0.014258,1.0301
kk_grpo_v3_final_holdout_000033,NNN,NNN,0.992611,1,5.0777,5.0777,0.023359,1.0498,NNN,0.996245,1,5.7271,5.7271,0.012879,1.0271,NNN,0.970538,1,3.5448,3.5448,0.067167,1.1499,NNN,0.998277,1,6.7687,6.7687,0.006708,1.0140,NNN,0.990274,1,4.6821,4.6821,0.027563,1.0590
kk_grpo_v3_final_holdout_000034,KKN,KKN,0.754429,1,1.2513,1.2513,0.312907,1.9168,KKN,0.730736,1,1.0033,1.0033,0.284493,1.8069,NKN,0.294173,3,0.2500,-0.2991,0.524443,2.9759,KKN,0.835371,1,1.6428,1.6428,0.222544,1.5885,KKN,0.817214,1,1.4987,1.4987,0.229559,1.6118
kk_grpo_v3_final_holdout_000035,NNN,NNN,0.991858,1,5.5045,5.5045,0.026892,1.0575,NNN,0.993607,1,5.6252,5.6252,0.021306,1.0453,NNN,0.974610,1,3.8370,3.8370,0.063998,1.1423,NNN,0.997775,1,6.7496,6.7496,0.008402,1.0176,NNN,0.999184,1,7.5492,7.5492,0.003489,1.0073
kk_grpo_v3_final_holdout_000036,KKN,NNK,0.437774,2,0.2350,-0.2350,0.351968,2.0790,KKN,0.499993,1,0.0091,0.0091,0.346354,2.0549,KKN,0.437869,1,0.0570,0.0570,0.531248,3.0183,NNK,0.164444,3,0.9476,-1.2502,0.521556,2.9581,KKN,0.957872,1,3.4697,3.4697,0.101689,1.2355
kk_grpo_v3_final_holdout_000037,KNN,NKK,0.348370,2,0.5826,-0.5826,0.367143,2.1457,NKK,0.437267,2,0.2427,-0.2427,0.344865,2.0485,NKK,0.029315,2,3.4702,-3.4702,0.125434,1.2980,KNN,0.754879,1,1.1269,1.1269,0.269672,1.7520,NKN,0.294099,2,0.7327,-0.7327,0.425026,2.4201
kk_grpo_v3_final_holdout_000038,KKK,KKK,0.997517,1,6.0000,6.0000,0.008388,1.0176,KKK,0.999858,1,8.8750,8.8750,0.000678,1.0014,KKK,0.999737,1,8.2500,8.2500,0.001178,1.0025,KKK,0.996402,1,5.6250,5.6250,0.011480,1.0242,KKK,0.999997,1,13.0000,13.0000,0.000021,1.0000
kk_grpo_v3_final_holdout_000039,NKK,NKN,0.024978,4,1.4784,-3.3750,0.394498,2.2713,NKK,0.617193,1,1.1250,1.1250,0.502458,2.8429,NKK,0.638122,1,0.6308,0.6308,0.362280,2.1241,NKK,0.522062,1,0.8242,0.8242,0.563408,3.2271,NKK,0.528415,1,0.3151,0.3151,0.468057,2.6467
kk_grpo_v3_final_holdout_000040,NNN,NNN,0.999781,1,9.2137,9.2137,0.001129,1.0023,NNN,0.999876,1,9.5049,9.5049,0.000656,1.0014,NNN,0.999978,1,11.4010,11.4010,0.000136,1.0003,NNN,0.999994,1,12.7499,12.7499,0.000043,1.0001,NNN,0.999985,1,11.6414,11.6414,0.000094,1.0002
kk_grpo_v3_final_holdout_000041,KKK,KKN,0.219926,2,1.2500,-1.2500,0.285065,1.8090,KKK,0.730909,1,1.0000,1.0000,0.280866,1.7933,KKK,0.999913,1,9.8750,9.8750,0.000462,1.0010,KKN,0.437803,2,0.2500,-0.2500,0.329862,1.9856,KKK,0.651352,1,0.6250,0.6250,0.310992,1.9092
kk_grpo_v3_final_holdout_000042,NKK,NNK,0.029017,2,3.4611,-3.4611,0.181717,1.4592,NNK,0.040377,2,3.1368,-3.1368,0.161927,1.4003,NNK,0.005611,2,5.1725,-5.1725,0.033474,1.0721,NNK,0.015678,2,4.1372,-4.1372,0.047650,1.1042,NNK,0.003369,2,5.6865,-5.6865,0.022542,1.0480
kk_grpo_v3_final_holdout_000043,KNK,KNK,0.825361,1,2.1250,2.1250,0.299946,1.8659,KNK,0.931434,1,2.8750,2.8750,0.142084,1.3437,KNK,0.964048,1,3.8750,3.8750,0.087080,1.1985,KNK,0.985798,1,4.2500,4.2500,0.036252,1.0783,KNK,0.993815,1,5.1250,5.1250,0.018722,1.0397
kk_grpo_v3_final_holdout_000044,KKK,KKK,0.992594,1,5.1250,5.1250,0.022825,1.0486,KKK,0.999027,1,7.2499,7.2499,0.003995,1.0083,KKK,0.999843,1,8.8750,8.8750,0.000766,1.0016,KKK,0.999900,1,9.6248,9.6248,0.000527,1.0011,KKK,0.999886,1,9.1484,9.1484,0.000568,1.0012
kk_grpo_v3_final_holdout_000045,NKN,NKN,0.999933,1,10.2514,10.2514,0.000372,1.0008,NKN,0.999984,1,11.7500,11.7500,0.000101,1.0002,NKN,0.999942,1,9.8750,9.8750,0.000313,1.0007,NKN,0.999994,1,12.7504,12.7504,0.000041,1.0001,NKN,0.999989,1,11.8126,11.8126,0.000068,1.0001
kk_grpo_v3_final_holdout_000046,KNN,KNN,0.590291,1,0.5511,0.5511,0.420662,2.3983,KNN,0.576470,1,0.4448,0.4448,0.408676,2.3392,NKK,0.163025,2,1.6265,-1.6265,0.237297,1.6379,KNN,0.853623,1,2.1521,2.1521,0.245383,1.6657,KNN,0.775235,1,1.2491,1.2491,0.263959,1.7313
kk_grpo_v3_final_holdout_000047,KKK,KKK,0.954238,1,4.2387,4.2387,0.122803,1.2909,KKK,0.976148,1,4.0178,4.0178,0.064105,1.1426,KKK,0.992926,1,5.1589,5.1589,0.022331,1.0475,KKK,0.988722,1,5.0759,5.0759,0.034308,1.0739,KKK,0.993757,1,5.7500,5.7500,0.021348,1.0454
kk_grpo_v3_final_holdout_000048,KKK,KKK,0.997569,1,6.9034,6.9034,0.009816,1.0206,KKK,0.999815,1,9.3500,9.3500,0.000955,1.0020,KKK,0.999978,1,11.3042,11.3042,0.000138,1.0003,KKK,0.999437,1,7.5006,7.5006,0.002326,1.0048,KKK,0.999998,1,13.9119,13.9119,0.000014,1.0000
kk_grpo_v3_final_holdout_000049,KKN,KNK,0.228509,2,1.1249,-1.1249,0.376340,2.1871,KKN,0.788212,1,1.3748,1.3748,0.271730,1.7595,KKN,0.993718,1,5.2493,5.2493,0.020017,1.0425,KKN,0.966423,1,3.3742,3.3742,0.071983,1.1615,KKN,0.993340,1,5.1238,5.1238,0.020529,1.0436
kk_grpo_v3_final_holdout_000050,KNN,KNN,0.812096,1,2.0695,2.0695,0.305769,1.8886,KNN,0.816203,1,2.0745,2.0745,0.293971,1.8428,KNN,0.936028,1,3.0945,3.0945,0.139381,1.3362,KNN,0.976334,1,4.3822,4.3822,0.063107,1.1402,KNN,0.961524,1,3.6909,3.6909,0.098963,1.2285
kk_grpo_v3_final_holdout_000051,KNK,KNK,0.689908,1,0.8544,0.8544,0.332624,1.9971,KKK,0.094997,2,2.2537,-2.2537,0.152631,1.3735,KKK,0.095153,2,2.2510,-2.2510,0.155642,1.3822,KKK,0.052828,2,2.8799,-2.8799,0.118260,1.2788,KKK,0.106201,2,2.1283,-2.1283,0.169487,1.4225
kk_grpo_v3_final_holdout_000052,KKN,KKN,0.685099,1,1.1270,1.1270,0.435512,2.4735,KKN,0.874122,1,2.1427,2.1427,0.221168,1.5839,KKN,0.849525,1,1.9751,1.9751,0.247307,1.6724,KKN,0.798063,1,1.9512,1.9512,0.309285,1.9024,KKN,0.995238,1,6.2576,6.2576,0.017643,1.0374
kk_grpo_v3_final_holdout_000053,NKN,NNN,0.424520,2,0.2572,-0.2572,0.387338,2.2377,NKN,0.775892,1,1.3636,1.3636,0.306535,1.8916,NKN,0.880138,1,1.9998,1.9998,0.178751,1.4502,NKN,0.847328,1,1.7457,1.7457,0.216500,1.5686,NKN,0.666811,1,0.7524,0.7524,0.347562,2.0601
kk_grpo_v3_final_holdout_000054,KNK,NNK,0.199446,2,1.3529,-1.3529,0.304425,1.8833,NNK,0.147704,2,1.7503,-1.7503,0.208784,1.5437,NNK,0.147895,2,1.7350,-1.7350,0.235801,1.6329,KNK,0.622581,1,0.5042,0.5042,0.323190,1.9583,NNK,0.244761,2,1.1227,-1.1227,0.277813,1.7819
kk_grpo_v3_final_holdout_000055,KNN,KNN,0.981874,1,3.9947,3.9947,0.043769,1.0953,KNN,0.957902,1,3.1250,3.1250,0.083990,1.1908,KNN,0.974160,1,3.6307,3.6307,0.057798,1.1277,KNN,0.970682,1,3.5000,3.5000,0.063688,1.1416,KNN,0.817560,1,1.5000,1.5000,0.228572,1.6085
kk_grpo_v3_final_holdout_000056,NNK,NNK,0.692270,1,1.2925,1.2925,0.417610,2.3831,NNK,0.861765,1,2.5007,2.5007,0.245888,1.6675,NNK,0.971937,1,3.7506,3.7506,0.068406,1.1529,NNK,0.976827,1,4.1382,4.1382,0.060322,1.1336,NNK,0.994037,1,5.7506,5.7506,0.019681,1.0418
kk_grpo_v3_final_holdout_000057,NKK,NKN,0.424847,2,0.3028,-0.3028,0.328237,1.9789,NKK,0.854142,1,1.7676,1.7676,0.199866,1.5153,NKK,0.973936,1,3.6215,3.6215,0.058167,1.1286,NKK,0.781846,1,1.2765,1.2765,0.252309,1.6899,NKK,0.962653,1,3.2499,3.2499,0.076746,1.1730
kk_grpo_v3_final_holdout_000058,NKN,NKN,0.952073,1,3.2500,3.2500,0.108080,1.2520,NKN,0.672577,1,0.7500,0.7500,0.328291,1.9791,NKN,0.893042,1,2.1250,2.1250,0.164632,1.4082,NKN,0.970498,1,3.5000,3.5000,0.064579,1.1437,NKN,0.932172,1,2.6250,2.6250,0.120321,1.2843
kk_grpo_v3_final_holdout_000059,KKN,KKN,0.562142,1,0.2545,0.2545,0.335828,2.0104,KKN,0.817666,1,1.5626,1.5626,0.248311,1.6759,NKN,0.407323,2,0.3664,-0.3664,0.339100,2.0241,KKN,0.679633,1,0.9123,0.9123,0.366195,2.1414,KKN,0.622713,1,0.6013,0.6013,0.375808,2.1847
kk_grpo_v3_final_holdout_000060,NKK,NKK,0.925199,1,2.6247,2.6247,0.142242,1.3442,NKK,0.996494,1,5.7504,5.7504,0.011791,1.0248,NKK,0.940236,1,2.7571,2.7571,0.109146,1.2548,NKK,0.994078,1,5.1250,5.1250,0.017487,1.0370,NKK,0.997759,1,6.1250,6.1250,0.007781,1.0163
kk_grpo_v3_final_holdout_000061,KKN,KNN,0.348684,2,0.2764,-0.2764,0.500786,2.8331,KKN,0.970686,1,3.5699,3.5699,0.067140,1.1498,KKN,0.851964,1,1.8503,1.8503,0.224049,1.5934,KNN,0.010987,2,4.4948,-4.4948,0.044615,1.0972,KKN,0.924143,1,2.5549,2.5549,0.136753,1.3289
kk_grpo_v3_final_holdout_000062,NNK,NKK,0.240150,2,0.8115,-0.8115,0.520442,2.9513,NKK,0.345562,2,0.5987,-0.5987,0.369514,2.1563,NKK,0.266967,2,1.0007,-1.0007,0.297960,1.8582,NNK,0.622447,1,0.5263,0.5263,0.340764,2.0311,NNK,0.920035,1,2.5101,2.5101,0.143403,1.3474
kk_grpo_v3_final_holdout_000063,KNN,KNN,0.992397,1,4.8748,4.8748,0.021573,1.0459,KNN,0.979671,1,3.8752,3.8752,0.047765,1.1044,KNN,0.979661,1,3.8748,3.8748,0.047801,1.1045,KNN,0.987566,1,4.3758,4.3758,0.032225,1.0693,KNN,0.924149,1,2.5003,2.5003,0.129187,1.3082
kk_grpo_v3_final_holdout_000064,NKK,NKK,0.651211,1,0.6250,0.6250,0.311983,1.9131,NKK,0.976930,1,3.7500,3.7500,0.053113,1.1168,NKK,0.866947,1,1.8750,1.8750,0.189018,1.4815,NKK,0.997510,1,6.0000,6.0000,0.008430,1.0177,NKK,0.946244,1,2.8750,2.8750,0.101913,1.2361
kk_grpo_v3_final_holdout_000065,KKN,KKN,0.999985,1,11.2519,11.2519,0.000090,1.0002,KKN,0.999999,1,14.3754,14.3754,0.000009,1.0000,KKN,0.999999,1,14.1259,14.1259,0.000009,1.0000,KKN,0.999998,1,13.3758,13.3758,0.000013,1.0000,KKN,0.999998,1,13.4998,13.4998,0.000011,1.0000
kk_grpo_v3_final_holdout_000066,NKK,NKN,0.212503,2,1.1250,-1.1250,0.423771,2.4138,NKK,0.876410,1,2.3750,2.3750,0.218128,1.5739,NKK,0.985125,1,4.6250,4.6250,0.041851,1.0909,NKK,0.872247,1,2.0000,2.0000,0.200273,1.5166,NKK,0.983664,1,4.6186,4.6186,0.045431,1.0991
kk_grpo_v3_final_holdout_000067,NKN,NNK,0.429717,2,0.2503,-0.2503,0.370527,2.1608,NNK,0.318321,2,0.7501,-0.7501,0.322264,1.9545,NNK,0.268309,2,1.0013,-1.0013,0.285159,1.8094,NKN,0.705596,1,0.8750,0.8750,0.292590,1.8375,NKN,0.499531,1,0.1428,0.1428,0.431403,2.4524
kk_grpo_v3_final_holdout_000068,NKN,NKN,0.966751,1,3.3751,3.3751,0.070749,1.1585,NKN,0.997712,1,6.3749,6.3749,0.008765,1.0184,NKN,0.999257,1,7.5001,7.5001,0.003227,1.0067,NKN,0.999810,1,9.0002,9.0002,0.000943,1.0020,NKN,0.998205,1,6.5007,6.5007,0.006830,1.0143
kk_grpo_v3_final_holdout_000069,NKN,NKN,0.932281,1,2.6265,2.6265,0.120130,1.2838,NKN,0.985928,1,4.2501,4.2501,0.035614,1.0769,NKN,0.999729,1,8.2500,8.2500,0.001226,1.0026,NKN,0.999562,1,7.7500,7.7500,0.001861,1.0039,NKN,0.998897,1,6.8749,6.8749,0.004287,1.0090
kk_grpo_v3_final_holdout_000070,KKN,KKN,0.346010,1,0.4063,0.4063,0.741406,4.6726,KKN,0.692042,1,1.3949,1.3949,0.465568,2.6330,KKN,0.844234,1,1.7589,1.7589,0.231047,1.6168,KKN,0.612403,1,0.4856,0.4856,0.347206,2.0585,NKK,0.323781,2,0.3429,-0.3429,0.526654,2.9896
kk_grpo_v3_final_holdout_000071,KKK,KKK,0.992360,1,4.8917,4.8917,0.022079,1.0470,KKK,0.998027,1,6.2552,6.2552,0.007002,1.0147,KKK,0.999360,1,7.3916,7.3916,0.002633,1.0055,KKK,0.999358,1,7.3784,7.3784,0.002620,1.0055,KKK,0.999874,1,9.5336,9.5336,0.000657,1.0014
kk_grpo_v3_final_holdout_000072,NNK,NNK,0.753191,1,1.1845,1.1845,0.300388,1.8676,NNK,0.754616,1,1.3255,1.3255,0.324681,1.9643,NNK,0.994573,1,5.2922,5.2922,0.017077,1.0361,NNK,0.914830,1,2.5349,2.5349,0.157429,1.3873,NNK,0.985822,1,4.2580,4.2580,0.036430,1.0787
kk_grpo_v3_final_holdout_000073,NKK,NNK,0.410901,2,0.0633,-0.0633,0.487736,2.7572,NKK,0.901562,1,2.5913,2.5913,0.184280,1.4670,NKK,0.985702,1,4.8750,4.8750,0.041038,1.0891,NKK,0.996331,1,5.9986,5.9986,0.012842,1.0271,NKK,0.876670,1,2.0000,2.0000,0.190031,1.4846
kk_grpo_v3_final_holdout_000074,KKN,NKN,0.133340,2,1.7972,-1.7972,0.326530,1.9719,NKN,0.088896,2,2.3058,-2.3058,0.196230,1.5039,NKN,0.002789,3,5.0000,-5.8727,0.028625,1.0613,NKN,0.028949,2,3.5092,-3.5092,0.074825,1.1684,NKN,0.013537,2,4.2879,-4.2879,0.037866,1.0819
kk_grpo_v3_final_holdout_000075,NKK,NKK,0.496430,1,0.4377,0.4377,0.493708,2.7917,NKK,0.804258,1,1.5292,1.5292,0.270417,1.7547,NKK,0.975623,1,3.8682,3.8682,0.060352,1.1337,NKK,0.668513,1,0.7059,0.7059,0.310077,1.9056,NKK,0.846635,1,1.7087,1.7087,0.206255,1.5356
kk_grpo_v3_final_holdout_000076,NNN,NNN,0.979631,1,3.9987,3.9987,0.052507,1.1154,NNN,0.994577,1,5.4996,5.4996,0.018169,1.0385,NNN,0.621824,1,0.5072,0.5072,0.329200,1.9829,NNN,0.998089,1,6.9528,6.9528,0.007617,1.0160,NNN,0.983919,1,4.1397,4.1397,0.040688,1.0883
kk_grpo_v3_final_holdout_000077,KKK,KKK,0.930637,1,2.8401,2.8401,0.142255,1.3442,KKK,0.992814,1,5.0684,5.0684,0.022216,1.0473,KKK,0.993991,1,5.1313,5.1313,0.018040,1.0382,KKK,0.999672,1,8.2879,8.2879,0.001523,1.0032,KKK,0.998931,1,7.0382,7.0382,0.004331,1.0090
kk_grpo_v3_final_holdout_000078,KNK,KNN,0.114754,2,2.0000,-2.0000,0.247103,1.6717,KNK,0.584331,1,0.3750,0.3750,0.356169,2.0973,KNK,0.531088,1,0.1250,0.1250,0.333367,2.0001,KNK,0.817544,1,1.5000,1.5000,0.228656,1.6088,KNK,0.952563,1,3.0000,3.0000,0.091862,1.2105
kk_grpo_v3_final_holdout_000079,NKK,NKK,0.751381,1,1.8750,1.8750,0.395129,2.2742,NKK,0.871126,1,2.1905,2.1905,0.228585,1.6085,NKK,0.980524,1,4.5000,4.5000,0.053155,1.1169,NKK,0.992135,1,5.0110,5.0110,0.023927,1.0510,NKK,0.963212,1,3.5000,3.5000,0.086509,1.1971
kk_grpo_v3_final_holdout_000080,NKK,KNK,0.139185,3,0.5001,-1.3370,0.491540,2.7791,KKN,0.095296,3,2.1260,-2.1377,0.299912,1.8657,KKN,0.017922,2,4.0011,-4.0011,0.051881,1.1139,KKN,0.000626,3,5.2496,-7.3699,0.019041,1.0404,KKN,0.002471,2,6.0003,-6.0003,0.009638,1.0202
kk_grpo_v3_final_holdout_000081,NKK,NNK,0.040311,2,3.1680,-3.1680,0.087994,1.2008,NNK,0.029301,2,3.5003,-3.5003,0.063960,1.1423,NNK,0.001926,2,6.2501,-6.2501,0.007106,1.0149,NNK,0.001921,2,6.2532,-6.2532,0.006919,1.0145,NNK,0.003172,2,5.7500,-5.7500,0.010750,1.0226
kk_grpo_v3_final_holdout_000082,KKN,KKN,0.888226,1,2.9257,2.9257,0.232757,1.6226,KKN,0.965457,1,3.4354,3.4354,0.078892,1.1783,KKN,0.989859,1,4.6673,4.6673,0.029058,1.0623,KKN,0.994904,1,5.7503,5.7503,0.017069,1.0361,KKN,0.993950,1,5.1673,5.1673,0.018609,1.0395
kk_grpo_v3_final_holdout_000083,NKN,NKN,0.434323,1,0.6964,0.6964,0.627391,3.6863,KKK,0.440861,2,0.0453,-0.0453,0.465178,2.6309,NKN,0.800361,1,1.5097,1.5097,0.277193,1.7796,NKN,0.517072,1,0.2718,0.2718,0.473719,2.6780,NKN,0.702931,1,1.3750,1.3750,0.390030,2.2503
kk_grpo_v3_final_holdout_000084,NNK,NNK,0.998808,1,7.4083,7.4083,0.005122,1.0107,NNK,0.999697,1,8.8768,8.8768,0.001527,1.0032,NNK,0.999917,1,10.0000,10.0000,0.000459,1.0010,NNK,0.999955,1,10.3750,10.3750,0.000262,1.0005,NNK,0.999560,1,7.7500,7.7500,0.001876,1.0039
kk_grpo_v3_final_holdout_000085,NKK,NNK,0.031203,4,1.8496,-3.2246,0.370644,2.1613,NNK,0.132952,3,1.3256,-1.5756,0.502078,2.8407,NNK,0.026674,3,3.5682,-3.5682,0.122213,1.2893,NNK,0.045017,2,3.0077,-3.0077,0.181689,1.4591,NNK,0.005485,2,5.1933,-5.1933,0.038003,1.0822
kk_grpo_v3_final_holdout_000086,KKK,KKK,0.999920,1,9.4398,9.4398,0.000405,1.0008,KKK,0.999569,1,7.7507,7.7507,0.001815,1.0038,KKK,0.999884,1,9.2661,9.2661,0.000591,1.0012,KKK,0.999937,1,9.8680,9.8680,0.000339,1.0007,KKK,0.999988,1,11.6402,11.6402,0.000074,1.0002
kk_grpo_v3_final_holdout_000087,NNN,NNN,0.996717,1,5.7505,5.7505,0.010880,1.0229,NNN,0.998447,1,6.5003,6.5003,0.005711,1.0119,NNN,0.999291,1,7.3754,7.3754,0.002968,1.0062,NNN,0.999867,1,9.2549,9.2549,0.000684,1.0014,NNN,0.999894,1,9.6260,9.6260,0.000568,1.0012
kk_grpo_v3_final_holdout_000088,NNK,NNK,0.809818,1,1.6810,1.6810,0.294572,1.8451,NNK,0.980987,1,4.5546,4.5546,0.055283,1.1218,NNK,0.998739,1,7.2558,7.2558,0.005099,1.0107,NNK,0.999073,1,7.3268,7.3268,0.003957,1.0083,NNK,0.999443,1,8.1520,8.1520,0.002506,1.0052
kk_grpo_v3_final_holdout_000089,NNN,NNN,0.965788,1,3.4170,3.4170,0.076862,1.1733,NNN,0.958759,1,3.2666,3.2666,0.090662,1.2075,NNN,0.957011,1,3.1236,3.1236,0.087363,1.1992,NNN,0.561548,1,0.2503,0.2503,0.334197,2.0036,NNN,0.961904,1,3.2495,3.2495,0.079688,1.1802
kk_grpo_v3_final_holdout_000090,NNN,NNN,0.995082,1,5.6251,5.6251,0.016345,1.0346,NNN,0.996027,1,5.8751,5.8751,0.013670,1.0288,NNN,0.995757,1,5.5000,5.5000,0.013543,1.0286,NNN,0.981954,1,4.0000,4.0000,0.043653,1.0950,NNN,0.998898,1,6.8750,6.8750,0.004280,1.0089
kk_grpo_v3_final_holdout_000091,KKN,KNN,0.139161,2,1.7499,-1.7499,0.299989,1.8660,KKN,0.643274,1,0.6251,0.6251,0.339294,2.0249,KKN,0.989589,1,4.6251,4.6251,0.029081,1.0623,KKN,0.851917,1,1.7503,1.7503,0.202019,1.5221,KKN,0.976835,1,3.7505,3.7505,0.053514,1.1177
kk_grpo_v3_final_holdout_000092,NKN,NKN,0.754869,1,1.1250,1.1250,0.268067,1.7462,NKN,0.816343,1,1.4985,1.4985,0.232912,1.6231,NKN,0.983776,1,4.2480,4.2480,0.042993,1.0935,NKN,0.904582,1,2.2498,2.2498,0.151685,1.3708,NKN,0.950952,1,3.4795,3.4795,0.110012,1.2570
kk_grpo_v3_final_holdout_000093,KNK,NKK,0.435659,2,0.2499,-0.2499,0.346479,2.0554,NKK,0.494991,2,0.0123,-0.0123,0.344528,2.0471,NKK,0.393448,2,0.4055,-0.4055,0.361300,2.1198,KNK,0.925674,1,2.6207,2.6207,0.138594,1.3340,KKK,0.263975,2,0.9787,-0.9787,0.343283,2.0418
kk_grpo_v3_final_holdout_000094,NNN,NNN,0.863877,1,2.5119,2.5119,0.262946,1.7277,NNN,0.931507,1,3.1788,3.1788,0.154047,1.3776,NNN,0.939404,1,2.8629,2.8629,0.121399,1.2872,NNN,0.880515,1,2.1428,2.1428,0.199610,1.5145,NNN,0.961797,1,3.2520,3.2520,0.080527,1.1823
kk_grpo_v3_final_holdout_000095,KNN,KNN,0.467178,1,0.4478,0.4478,0.514439,2.9146,KNN,0.621686,1,0.7801,0.7801,0.422876,2.4093,NNN,0.164071,3,1.1250,-1.3465,0.440290,2.4982,KNN,0.852061,1,2.1405,2.1405,0.246988,1.6713,NNN,0.464759,2,0.0447,-0.0447,0.417875,2.3844
kk_grpo_v3_final_holdout_000096,NNK,NNK,0.647920,1,0.6587,0.6587,0.351145,2.0755,NNK,0.591540,1,0.5178,0.5178,0.408276,2.3373,NNK,0.880091,1,2.1603,2.1603,0.202874,1.5248,NNK,0.835476,1,1.8048,1.8048,0.250505,1.6836,NNK,0.979412,1,4.5078,4.5078,0.055772,1.1230
kk_grpo_v3_final_holdout_000097,NNK,NNK,0.817612,1,1.8181,1.8181,0.296244,1.8515,NNK,0.904598,1,2.9858,2.9858,0.195596,1.5019,NNK,0.991373,1,4.8402,4.8402,0.025431,1.0543,NNK,0.995388,1,5.9861,5.9861,0.015988,1.0338,NNK,0.974135,1,3.8858,3.8858,0.066469,1.1482
kk_grpo_v3_final_holdout_000098,KKN,KKN,0.506236,1,0.3749,0.3749,0.479687,2.7114,KKN,0.902950,1,2.4794,2.4794,0.178245,1.4487,NNN,0.405317,2,0.3824,-0.3824,0.326928,1.9735,KKN,0.993215,1,4.9901,4.9901,0.019633,1.0417,NNN,0.438928,2,0.2453,-0.2453,0.330241,1.9872
kk_grpo_v3_final_holdout_000099,NKN,NKN,0.606257,1,0.4999,0.4999,0.375866,2.1849,NKN,0.795855,1,1.6250,1.6250,0.299353,1.8636,NKN,0.863753,1,2.1250,2.1250,0.228942,1.6097,NKN,0.531160,1,0.1250,0.1250,0.332800,1.9978,NNN,0.147571,2,1.7500,-1.7500,0.211403,1.5521
kk_grpo_v3_final_holdout_000100,NKK,NKK,0.896464,1,2.2470,2.2470,0.178582,1.4497,NKK,0.996525,1,6.0423,6.0423,0.012635,1.0266,NKK,0.997099,1,6.2500,6.2500,0.010592,1.0223,NKK,0.999693,1,8.8750,8.8750,0.001498,1.0031,NKK,0.981457,1,4.0000,4.0000,0.045730,1.0998
kk_grpo_v3_final_holdout_000101,KKN,KNK,0.000804,3,2.1250,-7.0124,0.166433,1.4135,KNK,0.001325,3,2.2500,-6.5252,0.156028,1.3833,KNK,0.008575,3,1.6250,-4.5706,0.236890,1.6366,KNK,0.002183,3,4.3750,-6.1125,0.039584,1.0858,KNN,0.106678,3,0.2500,-1.5492,0.457716,2.5904
kk_grpo_v3_final_holdout_000102,KKK,KKK,0.976208,1,4.2500,4.2500,0.063080,1.1402,KKK,0.992798,1,5.1182,5.1182,0.022672,1.0483,KKK,0.997502,1,6.9141,6.9141,0.009752,1.0205,KKK,0.999145,1,7.5759,7.5759,0.003677,1.0077,KKK,0.997388,1,6.3750,6.3750,0.009757,1.0205
kk_grpo_v3_final_holdout_000103,KNN,KNN,0.999657,1,8.0000,8.0000,0.001500,1.0031,KNN,0.994779,1,5.2500,5.2500,0.015700,1.0332,KNN,0.999569,1,7.7500,7.7500,0.001814,1.0038,KNN,0.999986,1,11.2500,11.2500,0.000080,1.0002,KNN,0.999999,1,13.9375,13.9375,0.000008,1.0000
kk_grpo_v3_final_holdout_000104,KKK,NNK,0.182419,3,0.4088,-0.9770,0.517482,2.9331,NKK,0.132963,3,0.9998,-1.5617,0.431482,2.4528,NNK,0.095347,3,0.1251,-1.6175,0.452070,2.5601,NKK,0.095346,2,2.2070,-2.2070,0.227340,1.6044,NNK,0.182423,3,1.0000,-1.1868,0.457359,2.5884
kk_grpo_v3_final_holdout_000105,KNN,KNN,0.562918,1,0.4424,0.4424,0.446704,2.5317,KNN,0.796163,1,2.0000,2.0000,0.314282,1.9223,KNN,0.642845,1,0.7500,0.7500,0.386800,2.2352,KNN,0.620708,1,0.4978,0.4978,0.325553,1.9679,KNN,0.775319,1,1.2500,1.2500,0.263100,1.7282
kk_grpo_v3_final_holdout_000106,NKN,NKN,0.754623,1,1.1256,1.1256,0.269989,1.7532,NKN,0.851845,1,1.8628,1.8628,0.226447,1.6014,NKN,0.970378,1,4.1329,4.1329,0.074879,1.1685,NKN,0.904635,1,2.2503,2.2503,0.151597,1.3706,NKN,0.946314,1,3.0180,3.0180,0.111617,1.2612
kk_grpo_v3_final_holdout_000107,NNK,NNK,0.893273,1,2.1257,2.1257,0.163794,1.4058,NNK,0.939840,1,2.7500,2.7500,0.109637,1.2561,NNK,0.996787,1,5.7500,5.7500,0.010516,1.0221,NNK,0.998821,1,6.7500,6.7500,0.004417,1.0092,NNK,0.999346,1,7.3749,7.3749,0.002675,1.0056
kk_grpo_v3_final_holdout_000108,KNN,NKN,0.406859,2,0.2334,-0.2334,0.439754,2.4954,KNN,0.730716,1,1.0616,1.0616,0.310877,1.9088,KNN,0.647501,1,0.6277,0.6277,0.330586,1.9886,KNN,0.957848,1,3.1871,3.1871,0.088906,1.2031,KNN,0.591422,1,0.5742,0.5742,0.422321,2.4065
kk_grpo_v3_final_holdout_000109,NKN,NKN,0.774445,1,1.2761,1.2761,0.280357,1.7914,NKN,0.751841,1,1.1211,1.1211,0.277647,1.7813,NKN,0.970606,1,3.5000,3.5000,0.064095,1.1426,NKN,0.976958,1,3.7508,3.7508,0.053040,1.1166,NKN,0.924108,1,2.5002,2.5002,0.129381,1.3087
kk_grpo_v3_final_holdout_000110,KKK,KKK,0.531199,1,0.1250,0.1250,0.332566,1.9968,KKK,0.946591,1,2.8750,2.8750,0.100267,1.2318,KKK,0.932449,1,2.6250,2.6250,0.118945,1.2806,KKK,0.974039,1,3.6265,3.6265,0.058070,1.1283,KKK,0.996404,1,5.6302,5.6302,0.011525,1.0243
kk_grpo_v3_final_holdout_000111,KKK,KKK,0.999703,1,8.1799,8.1799,0.001333,1.0028,KKK,0.999769,1,8.4181,8.4181,0.001064,1.0022,KKK,0.999969,1,10.3750,10.3750,0.000173,1.0004,KKK,0.999970,1,10.4376,10.4376,0.000163,1.0003,KKK,0.999994,1,12.0626,12.0626,0.000037,1.0001
kk_grpo_v3_final_holdout_000112,KNN,KNN,0.937727,1,2.7481,2.7481,0.117680,1.2772,KNN,0.797699,1,1.3743,1.3743,0.243811,1.6603,KNN,0.685038,1,1.1250,1.1250,0.417153,2.3808,KNN,0.974260,1,3.7485,3.7485,0.062893,1.1397,KNN,0.827796,1,1.9382,1.9382,0.272457,1.7622
kk_grpo_v3_final_holdout_000113,NKN,NKN,0.777105,1,1.3047,1.3047,0.278253,1.7836,NKN,0.726155,1,1.0138,1.0138,0.306978,1.8933,NKN,0.754600,1,1.1333,1.1333,0.275006,1.7716,NKN,0.961897,1,3.2602,3.2602,0.080754,1.1828,NKN,0.813801,1,1.5021,1.5021,0.243597,1.6595
kk_grpo_v3_final_holdout_000114,NKK,NKK,0.376000,1,0.2500,0.2500,0.657377,3.9235,NKK,0.643169,1,0.8750,0.8750,0.448721,2.5423,NKK,0.758452,1,1.3750,1.3750,0.330166,1.9869,NKK,0.848384,1,2.1250,2.1250,0.263117,1.7283,NKN,0.011806,3,3.1125,-4.3750,0.137716,1.3316
kk_grpo_v3_final_holdout_000115,NKN,NKN,0.699604,1,1.0694,1.0694,0.388498,2.2431,NKN,0.588134,1,0.5945,0.5945,0.439911,2.4962,NKN,0.618454,1,0.8876,0.8876,0.466344,2.6372,NKN,0.644775,1,1.1916,1.1916,0.445148,2.5235,NKN,0.663381,1,1.4484,1.4484,0.474851,2.6843
kk_grpo_v3_final_holdout_000116,NNN,NNN,0.838397,1,1.7501,1.7501,0.238519,1.6421,NNN,0.794946,1,1.3751,1.3751,0.254520,1.6977,NNN,0.990995,1,4.7502,4.7502,0.025559,1.0546,NNN,0.998415,1,6.5010,6.5010,0.005837,1.0122,NNN,0.999170,1,7.1261,7.1261,0.003293,1.0069
kk_grpo_v3_final_holdout_000117,KNN,NKK,0.407466,2,0.3553,-0.3553,0.353149,2.0841,NKK,0.468959,2,0.1220,-0.1220,0.336827,2.0146,NKK,0.227759,2,1.2204,-1.2204,0.260067,1.7174,KNN,0.907642,1,2.2874,2.2874,0.148918,1.3630,NKK,0.322171,2,0.3983,-0.3983,0.504165,2.8530
kk_grpo_v3_final_holdout_000118,KNN,KNN,0.964934,1,4.1250,4.1250,0.095434,1.2195,KNN,0.990230,1,5.0000,5.0000,0.030301,1.0650,KNN,0.993581,1,5.6250,5.6250,0.020879,1.0444,KNN,0.999735,1,8.6252,8.6252,0.001299,1.0027,KNN,0.993446,1,5.3750,5.3750,0.020983,1.0446
kk_grpo_v3_final_holdout_000119,NNK,NNK,0.999861,1,9.5050,9.5050,0.000737,1.0015,NNK,0.999952,1,10.6005,10.6005,0.000282,1.0006,NNK,0.999936,1,9.7750,9.7750,0.000340,1.0007,NNK,0.999958,1,10.5628,10.5628,0.000242,1.0005,NNK,0.999897,1,9.2505,9.2505,0.000519,1.0011
kk_grpo_v3_final_holdout_000120,KKN,KKN,0.542366,1,0.7504,0.7504,0.557778,3.1895,KKN,0.548726,1,0.8753,0.8753,0.532882,3.0286,KKN,0.825705,1,2.1260,2.1260,0.282649,1.7999,KKN,0.492375,1,0.0009,0.0009,0.369673,2.1570,KKN,0.904870,1,2.7502,2.7502,0.185868,1.4718
kk_grpo_v3_final_holdout_000121,KNK,NNK,0.141772,2,1.7516,-1.7516,0.276890,1.7785,NNK,0.262859,2,0.9873,-0.9873,0.340466,2.0299,NNK,0.106385,2,2.1274,-2.1274,0.165895,1.4119,NNK,0.014704,2,4.2036,-4.2036,0.041380,1.0899,NNK,0.041737,2,3.1326,-3.1326,0.087755,1.2002
kk_grpo_v3_final_holdout_000122,NKK,NKK,0.671835,1,0.8721,0.8721,0.384413,2.2241,KKN,0.268973,2,0.9209,-0.9209,0.374834,2.1803,NKK,0.980722,1,4.4281,4.4281,0.054086,1.1190,NKK,0.678876,1,0.9756,0.9756,0.381369,2.2101,NKK,0.970069,1,3.5157,3.5157,0.067477,1.1506
kk_grpo_v3_final_holdout_000123,NKK,KNK,0.339583,2,0.3383,-0.3383,0.530136,3.0113,KNK,0.376709,2,0.4986,-0.4986,0.328731,1.9810,NKK,0.962349,1,3.2499,3.2499,0.078083,1.1763,KNK,0.292661,2,0.8744,-0.8744,0.308279,1.8985,KNK,0.437823,2,0.2499,-0.2499,0.329796,1.9853
kk_grpo_v3_final_holdout_000124,NKK,NKN,0.240787,2,0.8750,-0.8750,0.566882,3.2505,NKK,0.636650,1,0.8750,0.8750,0.459349,2.5992,NKK,0.717862,1,1.0000,1.0000,0.323630,1.9601,NKK,0.971838,1,4.2162,4.2162,0.078811,1.1781,NKN,0.338957,2,0.5000,-0.5000,0.463122,2.6196
kk_grpo_v3_final_holdout_000125,NKN,KKN,0.118477,2,1.9681,-1.9681,0.245670,1.6667,KKN,0.041761,2,3.1306,-3.1306,0.092064,1.2110,KKN,0.003595,2,5.6245,-5.6245,0.011844,1.0249,KKN,0.000486,2,7.6286,-7.6286,0.002303,1.0048,KKN,0.000622,2,7.3814,-7.3814,0.002817,1.0059
kk_grpo_v3_final_holdout_000126,KNN,NNK,0.177634,3,1.0004,-1.1627,0.527955,2.9977,NNK,0.052755,4,1.1270,-2.4492,0.538045,3.0613,NNK,0.037919,3,1.1229,-2.9085,0.411613,2.3535,KKN,0.075817,2,2.4999,-2.4999,0.131793,1.3153,NNK,0.001491,5,0.9752,-5.9749,0.499149,2.8234
kk_grpo_v3_final_holdout_000127,KNN,KNN,0.835277,1,1.6250,1.6250,0.216197,1.5676,KNN,0.731017,1,1.0000,1.0000,0.280263,1.7910,KNN,0.835452,1,1.6250,1.6250,0.215193,1.5644,KNN,0.867030,1,1.8750,1.8750,0.188548,1.4800,KNN,0.835461,1,1.6250,1.6250,0.215141,1.5642
kk_grpo_v3_final_holdout_000128,KNK,KNK,0.498583,1,0.0073,0.0073,0.352946,2.0833,KNK,0.678631,1,0.7531,0.7531,0.308150,1.8980,NNN,0.345645,2,0.6267,-0.6267,0.332624,1.9971,KNK,0.592558,1,0.3757,0.3757,0.327095,1.9742,KNK,0.776995,1,1.2499,1.2499,0.256667,1.7053
kk_grpo_v3_final_holdout_000129,NKN,NNK,0.095330,2,2.2491,-2.2491,0.155258,1.3811,NNK,0.268714,2,1.0005,-1.0005,0.281946,1.7973,NNK,0.320426,2,0.7492,-0.7492,0.308196,1.8981,NNK,0.022970,2,3.7502,-3.7502,0.053233,1.1171,NNN,0.003549,3,5.5000,-5.6334,0.024484,1.0522
kk_grpo_v3_final_holdout_000130,KKN,KNN,0.278481,2,0.8738,-0.8738,0.385941,2.2312,KKN,0.754505,1,1.2502,1.2502,0.311720,1.9121,KKN,0.982403,1,4.3746,4.3746,0.047765,1.1044,KKN,0.776368,1,1.2500,1.2500,0.259205,1.7143,KKN,0.995375,1,5.4997,5.4997,0.015011,1.0317
kk_grpo_v3_final_holdout_000131,KKN,KNK,0.115254,2,1.9993,-1.9993,0.247355,1.6726,KNK,0.317279,2,0.7460,-0.7460,0.336263,2.0122,KNK,0.347728,2,0.6231,-0.6231,0.323659,1.9602,KNK,0.047410,2,3.0000,-3.0000,0.093168,1.2138,KNK,0.075694,2,2.4996,-2.4996,0.138158,1.3328
kk_grpo_v3_final_holdout_000132,NKK,NKN,0.379499,2,0.2500,-0.2500,0.476074,2.6912,NKK,0.683046,1,1.4236,1.4236,0.406058,2.3265,NKK,0.696255,1,1.0000,1.0000,0.359267,2.1108,NKK,0.905098,1,2.5951,2.5951,0.178353,1.4490,NKN,0.141796,3,1.0485,-1.5000,0.432611,2.4586
kk_grpo_v3_final_holdout_000133,NNN,NNN,0.877595,1,2.2762,2.2762,0.232341,1.6212,NNN,0.850796,1,2.3821,2.3821,0.292646,1.8377,NNN,0.991773,1,5.6250,5.6250,0.027444,1.0587,NNN,0.948319,1,3.6250,3.6250,0.129184,1.3082,NNN,0.986409,1,4.6265,4.6265,0.040072,1.0869
kk_grpo_v3_final_holdout_000134,NNK,NNK,0.937431,1,3.0021,3.0021,0.131501,1.3145,NNK,0.955381,1,3.2500,3.2500,0.097692,1.2252,NNK,0.987861,1,4.7500,4.7500,0.035184,1.0759,NNK,0.993604,1,5.1250,5.1250,0.019438,1.0412,NNK,0.996032,1,6.0090,6.0090,0.013786,1.0291
kk_grpo_v3_final_holdout_000135,KKK,KKK,0.795498,1,1.6262,1.6262,0.312650,1.9158,KKK,0.992318,1,5.4696,5.4696,0.025403,1.0542,KKK,0.999297,1,7.3760,7.3760,0.002933,1.0061,KKK,0.999864,1,9.1250,9.1250,0.000692,1.0014,KKK,0.999975,1,11.3782,11.3782,0.000150,1.0003
kk_grpo_v3_final_holdout_000136,KKK,KKK,0.932113,1,2.7161,2.7161,0.131272,1.3139,KKK,0.985923,1,4.4128,4.4128,0.038587,1.0835,KKK,0.985939,1,4.8838,4.8838,0.040273,1.0874,KKK,0.997201,1,5.9658,5.9658,0.009660,1.0203,KKK,0.999664,1,8.0636,8.0636,0.001492,1.0031
kk_grpo_v3_final_holdout_000137,KKN,KNN,0.104995,3,0.5000,-1.5259,0.617246,3.6093,KNN,0.201463,3,0.2500,-0.6741,0.646060,3.8322,KNN,0.234737,2,0.8732,-0.8732,0.539125,3.0682,KNN,0.105509,3,1.7500,-1.9649,0.372374,2.1691,KNK,0.312484,2,0.3632,-0.3632,0.560533,3.2078
kk_grpo_v3_final_holdout_000138,NKK,NKK,0.730029,1,0.9987,0.9987,0.283946,1.8048,NKK,0.500000,1,0.0003,0.0003,0.334070,2.0031,NKK,0.866049,1,1.8750,1.8750,0.192915,1.4936,NKK,0.994663,1,5.2934,5.2934,0.016735,1.0354,NKK,0.777139,1,1.2541,1.2541,0.258745,1.7127
kk_grpo_v3_final_holdout_000139,KNN,KNN,0.989640,1,5.0640,5.0640,0.033185,1.0714,KNN,0.998872,1,7.6250,7.6250,0.004897,1.0102,KNN,0.999534,1,8.5000,8.5000,0.002206,1.0046,KNN,0.994750,1,5.2500,5.2500,0.015875,1.0336,KNN,0.995969,1,5.6249,5.6249,0.013374,1.0282
kk_grpo_v3_final_holdout_000140,NNK,NNK,0.996760,1,5.7501,5.7501,0.010684,1.0225,NNK,0.999643,1,8.1250,8.1250,0.001642,1.0034,NNK,0.999907,1,9.9085,9.9085,0.000508,1.0011,NNK,0.999788,1,9.2498,9.2498,0.001071,1.0022,NNK,0.999774,1,9.2012,9.2012,0.001152,1.0024
kk_grpo_v3_final_holdout_000141,KNN,KNN,0.813658,1,2.4115,2.4115,0.337465,2.0173,KNN,0.883341,1,2.7508,2.7508,0.234452,1.6283,KNN,0.945941,1,3.1258,3.1258,0.118859,1.2804,KNN,0.988122,1,5.0016,5.0016,0.035996,1.0777,KNN,0.876752,1,2.1234,2.1234,0.212248,1.5548
kk_grpo_v3_final_holdout_000142,KNK,KNN,0.448959,2,0.1250,-0.1250,0.403823,2.3157,KNK,0.555040,1,0.2500,0.2500,0.358808,2.1088,KNK,0.938187,1,2.7500,2.7500,0.116035,1.2729,KNK,0.798147,1,1.3750,1.3750,0.242108,1.6544,KNK,0.987508,1,4.3750,4.3750,0.032506,1.0699
kk_grpo_v3_final_holdout_000143,NKN,NKN,0.923865,1,2.5000,2.5000,0.130421,1.3115,NKN,0.987535,1,4.3750,4.3750,0.032356,1.0696,NKN,0.979584,1,3.8750,3.8750,0.048196,1.1054,NKN,0.997796,1,6.1250,6.1250,0.007605,1.0159,NKN,0.817535,1,1.5000,1.5000,0.228718,1.6090
kk_grpo_v3_final_holdout_000144,NKK,KNK,0.268053,2,0.8407,-0.8407,0.465884,2.6347,KNK,0.266640,2,0.9880,-0.9880,0.321411,1.9510,KNK,0.319937,2,0.7480,-0.7480,0.314738,1.9241,KNK,0.182149,2,1.4979,-1.4979,0.238957,1.6436,KNK,0.292866,2,0.8741,-0.8741,0.307345,1.8948
kk_grpo_v3_final_holdout_000145,KNN,KNN,0.468390,1,0.3972,0.3972,0.507139,2.8707,KNN,0.531206,1,0.7012,0.7012,0.487486,2.7558,NNN,0.085130,3,1.0001,-2.0613,0.396264,2.2796,KNN,0.866951,1,2.3501,2.3501,0.231676,1.6189,NNN,0.182327,2,1.4575,-1.4575,0.297548,1.8566
kk_grpo_v3_final_holdout_000146,NKK,NKK,0.958015,1,3.2500,3.2500,0.091492,1.2096,NKK,0.999257,1,7.2500,7.2500,0.003005,1.0063,NKK,0.998063,1,6.2500,6.2500,0.006783,1.0142,NKK,0.999734,1,8.3750,8.3750,0.001236,1.0026,NKK,0.997522,1,6.1247,6.1247,0.008779,1.0184
kk_grpo_v3_final_holdout_000147,KKN,KNK,0.201482,2,1.2202,-1.2202,0.458148,2.5927,KNK,0.257666,2,0.9661,-0.9661,0.410752,2.3493,KKN,0.431796,1,0.0025,0.0025,0.503459,2.8488,KNK,0.119148,2,1.9446,-1.9446,0.267556,1.7443,KKN,0.528793,1,0.2380,0.2380,0.422779,2.4088
kk_grpo_v3_final_holdout_000148,KKK,KKK,0.999727,1,8.2500,8.2500,0.001236,1.0026,KKK,0.999849,1,8.8125,8.8125,0.000718,1.0015,KKK,0.999890,1,9.1251,9.1251,0.000538,1.0011,KKK,0.999970,1,10.5001,10.5001,0.000169,1.0004,KKK,0.999915,1,9.3751,9.3751,0.000426,1.0009
kk_grpo_v3_final_holdout_000149,NKK,NKK,0.982563,1,4.5524,4.5524,0.049828,1.1092,NKK,0.966494,1,3.5347,3.5347,0.078312,1.1769,NKK,0.994532,1,5.2611,5.2611,0.016986,1.0360,NKK,0.999527,1,7.7469,7.7469,0.002045,1.0043,NKK,0.999324,1,7.9997,7.9997,0.002942,1.0061
kk_grpo_v3_final_holdout_000150,NNK,NNK,0.580596,1,0.8038,0.8038,0.496832,2.8099,NNK,0.788251,1,1.6562,1.6562,0.325473,1.9676,NKK,0.320371,2,0.6710,-0.6710,0.394316,2.2704,NNK,0.561971,1,0.7244,0.7244,0.471000,2.6629,NNK,0.965789,1,3.5022,3.5022,0.079989,1.1810
kk_grpo_v3_final_holdout_000151,KNN,NKK,0.109619,4,1.1235,-1.6156,0.563669,3.2288,NKK,0.137923,3,0.3604,-1.2355,0.555740,3.1760,NKK,0.000499,4,2.2098,-7.4600,0.229272,1.6108,NKK,0.000008,5,0.6122,-11.3094,0.324774,1.9647,NNK,0.000035,4,0.0011,-9.5583,0.378594,2.1974
kk_grpo_v3_final_holdout_000152,KNN,KNN,0.914791,1,2.3749,2.3749,0.140529,1.3394,KNN,0.817564,1,1.4999,1.4999,0.228477,1.6082,KNN,0.651337,1,0.6249,0.6249,0.310983,1.9092,KNN,0.962598,1,3.2499,3.2499,0.077039,1.1737,KNN,0.851947,1,1.7500,1.7500,0.201653,1.5209
kk_grpo_v3_final_holdout_000153,KKK,KKK,0.615670,1,1.1246,1.1246,0.469152,2.6527,KKK,0.939566,1,3.2742,3.2742,0.130885,1.3128,KKK,0.651312,1,0.8769,0.8769,0.406706,2.3297,KKK,0.977006,1,4.1390,4.1390,0.059766,1.1323,KKK,0.994767,1,5.9432,5.9432,0.018044,1.0382
kk_grpo_v3_final_holdout_000154,KNN,KNN,0.652239,1,0.8750,0.8750,0.415748,2.3739,KKN,0.292861,2,0.8750,-0.8750,0.304555,1.8838,KKN,0.148045,2,1.7500,-1.7500,0.201888,1.5217,KNN,0.798077,1,1.3750,1.3750,0.242549,1.6559,KKN,0.132961,2,1.8750,-1.8750,0.188757,1.4807
kk_grpo_v3_final_holdout_000155,KKK,KKN,0.089980,3,0.9977,-2.0000,0.400528,2.2999,KKN,0.132247,2,1.7500,-1.7500,0.343455,2.0425,KKN,0.343096,2,0.6250,-0.6250,0.345292,2.0504,KKN,0.010978,2,4.5000,-4.5000,0.032209,1.0693,KKN,0.015904,2,4.1250,-4.1250,0.039926,1.0866
kk_grpo_v3_final_holdout_000156,KKN,NKN,0.222680,2,1.2499,-1.2499,0.255797,1.7022,NKN,0.222686,2,1.2499,-1.2499,0.255814,1.7022,NKN,0.008577,2,4.7491,-4.7491,0.027317,1.0584,NKN,0.014063,2,4.2496,-4.2496,0.037383,1.0808,NKN,0.029306,2,3.5002,-3.5002,0.063706,1.1416
kk_grpo_v3_final_holdout_000157,NKK,NKK,0.691804,1,1.0921,1.0921,0.408242,2.3371,NKK,0.753260,1,1.5994,1.5994,0.353013,2.0835,NKK,0.975652,1,3.9142,3.9142,0.063362,1.1408,KKN,0.201543,2,1.3465,-1.3465,0.293891,1.8425,NKK,0.730305,1,1.0024,1.0024,0.286069,1.8128
kk_grpo_v3_final_holdout_000158,NKK,NKK,0.654421,1,0.9822,0.9822,0.410736,2.3493,NKK,0.958582,1,3.3662,3.3662,0.093025,1.2134,NKK,0.904821,1,2.3750,2.3750,0.167665,1.4172,NKK,0.915651,1,2.6249,2.6249,0.160187,1.3953,NKN,0.005206,3,1.9939,-5.1251,0.191138,1.4880
kk_grpo_v3_final_holdout_000159,KKK,KKK,0.999504,1,7.8506,7.8506,0.002193,1.0046,KKK,0.999975,1,11.1488,11.1488,0.000148,1.0003,KKK,0.999969,1,10.4652,10.4652,0.000176,1.0004,KKK,0.999997,1,12.6462,12.6462,0.000023,1.0000,KKK,0.999998,1,13.1893,13.1893,0.000013,1.0000
kk_grpo_v3_final_holdout_000160,NNK,NNK,0.602238,1,1.1026,1.1026,0.462276,2.6150,NNK,0.690545,1,1.1248,1.1248,0.386328,2.2330,NNK,0.932740,1,2.7500,2.7500,0.130230,1.3110,NNK,0.716167,1,0.9999,0.9999,0.322254,1.9545,NNK,0.970062,1,3.8750,3.8750,0.074239,1.1669
kk_grpo_v3_final_holdout_000161,KNN,NNK,0.156255,2,1.4847,-1.4847,0.426306,2.4266,NNK,0.234969,2,0.9733,-0.9733,0.441560,2.5048,NNK,0.079863,3,0.4515,-1.9515,0.429688,2.4437,NNK,0.219853,2,1.2015,-1.2015,0.341659,2.0349,NNK,0.058207,3,2.4025,-2.6525,0.311908,1.9128
kk_grpo_v3_final_holdout_000162,NKN,NKN,0.786830,1,1.7500,1.7500,0.318357,1.9387,NKK,0.404172,2,0.3750,-0.3750,0.344870,2.0486,NKN,0.903685,1,2.2500,2.2500,0.155527,1.3818,NKN,0.938367,1,2.7499,2.7499,0.115190,1.2707,NKN,0.984360,1,4.3734,4.3734,0.044055,1.0959
kk_grpo_v3_final_holdout_000163,NNN,NNN,0.643470,1,0.9999,0.9999,0.464500,2.6272,NNN,0.532455,1,0.6249,0.6249,0.519792,2.9473,NNN,0.555791,1,0.5139,0.5139,0.488331,2.7606,NNN,0.583399,1,0.9998,0.9998,0.482457,2.7271,NNN,0.854737,1,1.8749,1.8749,0.226440,1.6014
kk_grpo_v3_final_holdout_000164,NKN,KNN,0.177783,3,1.0001,-1.1620,0.538664,3.0652,KNN,0.345465,2,0.1147,-0.1147,0.580278,3.3423,KKN,0.095113,2,2.0394,-2.0394,0.422918,2.4095,KKN,0.130329,3,0.3740,-1.3709,0.479181,2.7086,KKN,0.116144,2,1.9699,-1.9699,0.275559,1.7736
kk_grpo_v3_final_holdout_000165,NKN,NKN,0.832454,1,2.1436,2.1436,0.297896,1.8579,NKN,0.944498,1,3.2386,3.2386,0.122489,1.2901,NKN,0.994141,1,5.5004,5.5004,0.019442,1.0413,NKN,0.995950,1,6.2492,6.2492,0.014747,1.0311,NKN,0.998101,1,6.8749,6.8749,0.007474,1.0157
kk_grpo_v3_final_holdout_000166,NKK,NKN,0.053389,2,2.8750,-2.8750,0.101580,1.2352,NKN,0.348564,2,0.6250,-0.6250,0.311949,1.9130,NKN,0.106668,2,2.1250,-2.1250,0.164278,1.4072,NKN,0.468727,2,0.1250,-0.1250,0.333054,1.9988,NKN,0.017983,2,4.0000,-4.0000,0.044219,1.0963
kk_grpo_v3_final_holdout_000167,NKK,KKN,0.289679,3,0.1269,-0.2195,0.580654,3.3449,NKK,0.382817,1,0.1958,0.1958,0.567461,3.2544,NKK,0.815263,1,1.5025,1.5025,0.239693,1.6461,KKN,0.001501,2,6.4993,-6.4993,0.008563,1.0180,KKN,0.002451,2,6.0082,-6.0082,0.010268,1.0216
kk_grpo_v3_final_holdout_000168,KNK,NKN,0.164516,2,1.4236,-1.4236,0.406017,2.3263,NKN,0.320839,2,0.7357,-0.7357,0.326188,1.9705,NKN,0.037330,2,3.2357,-3.2357,0.111006,1.2596,NKN,0.348693,2,0.6206,-0.6206,0.319532,1.9434,NKN,0.119226,3,1.0002,-1.6865,0.422566,2.4078
kk_grpo_v3_final_holdout_000169,NNK,NNN,0.001651,4,3.8852,-6.3749,0.078567,1.1775,NNN,0.000693,4,3.8282,-7.2500,0.058408,1.1291,NNN,0.000051,4,5.5205,-9.8750,0.013225,1.0279,NNN,0.000231,2,8.3748,-8.3748,0.001232,1.0026,NNN,0.000028,3,8.4922,-10.4999,0.001164,1.0024
kk_grpo_v3_final_holdout_000170,KKN,KKN,0.622452,1,0.5003,0.5003,0.319271,1.9424,KKN,0.946594,1,2.8752,2.8752,0.100300,1.2319,KKN,0.939870,1,2.7502,2.7502,0.109550,1.2558,KKN,0.957884,1,3.1249,3.1249,0.084068,1.1910,KKN,0.987853,1,4.4988,4.4988,0.033420,1.0720
kk_grpo_v3_final_holdout_000171,KKK,KKK,0.604180,1,0.7398,0.7398,0.487402,2.7553,KKK,0.619988,1,0.7459,0.7459,0.447256,2.5346,KKK,0.622470,1,0.8412,0.8412,0.460156,2.6035,KKK,0.994078,1,5.2027,5.2027,0.018313,1.0388,KKK,0.990296,1,5.1545,5.1545,0.030481,1.0654
kk_grpo_v3_final_holdout_000172,NNN,NNN,0.999906,1,9.7501,9.7501,0.000502,1.0010,NNN,0.999969,1,10.8133,10.8133,0.000182,1.0004,NNN,0.999945,1,10.1251,10.1251,0.000303,1.0006,NNN,0.999979,1,11.1250,11.1250,0.000124,1.0003,NNN,0.999962,1,10.6258,10.6258,0.000217,1.0005
kk_grpo_v3_final_holdout_000173,NKN,NKN,0.904843,1,2.7124,2.7124,0.191432,1.4890,NKN,0.981845,1,4.0157,4.0157,0.044830,1.0977,NKN,0.998785,1,6.7500,6.7500,0.004615,1.0096,NKN,0.996764,1,6.3484,6.3484,0.012048,1.0254,NKN,0.996900,1,5.8746,5.8746,0.010591,1.0223
kk_grpo_v3_final_holdout_000174,KKK,KKK,0.996326,1,6.0628,6.0628,0.013172,1.0278,KKK,0.999562,1,8.2681,8.2681,0.002039,1.0042,KKK,0.999924,1,9.8915,9.8915,0.000417,1.0009,KKK,0.999913,1,9.3757,9.3757,0.000442,1.0009,KKK,0.999995,1,13.0091,13.0091,0.000034,1.0001
kk_grpo_v3_final_holdout_000175,NKK,NKK,0.906555,1,2.3801,2.3801,0.166792,1.4146,NKK,0.932218,1,2.6247,2.6247,0.119967,1.2833,NKK,0.993219,1,4.9998,4.9998,0.019780,1.0420,NKK,0.999319,1,7.3749,7.3749,0.002822,1.0059,NKK,0.989008,1,4.5000,4.5000,0.029120,1.0624
kk_grpo_v3_final_holdout_000176,KKK,KKK,0.996146,1,5.6947,5.6947,0.013038,1.0275,KKK,0.999765,1,8.5788,8.5788,0.001127,1.0023,KKK,0.999887,1,9.1374,9.1374,0.000560,1.0012,KKK,0.999991,1,11.9686,11.9686,0.000060,1.0001,KKK,0.999959,1,10.2139,10.2139,0.000228,1.0005
kk_grpo_v3_final_holdout_000177,NKK,NKK,0.804263,1,1.6250,1.6250,0.285194,1.8095,NKK,0.963340,1,3.6250,3.6250,0.086369,1.1967,NKK,0.985708,1,4.2500,4.2500,0.036595,1.0791,NKK,0.998624,1,6.7500,6.7500,0.005310,1.0111,NKK,0.991214,1,4.7500,4.7500,0.024705,1.0527
kk_grpo_v3_final_holdout_000178,KNK,KNK,0.653090,1,1.0676,1.0676,0.457696,2.5902,KNK,0.985891,1,4.5991,4.5991,0.041142,1.0893,KNK,0.753284,1,1.5333,1.5333,0.367346,2.1466,KNK,0.817493,1,1.5211,1.5211,0.238529,1.6422,KNK,0.998205,1,6.7500,6.7500,0.006991,1.0146
kk_grpo_v3_final_holdout_000179,KNK,KNK,0.912557,1,2.6888,2.6888,0.176705,1.4440,KNK,0.962335,1,3.7433,3.7433,0.094440,1.2170,KNK,0.991336,1,5.3763,5.3763,0.027308,1.0584,KNK,0.998909,1,7.0018,7.0018,0.004344,1.0091,KNK,0.997409,1,6.6371,6.6371,0.010035,1.0211
kk_grpo_v3_final_holdout_000180,NKN,NKN,0.540572,1,0.2446,0.2446,0.413444,2.3625,NKN,0.524078,1,0.2180,0.2180,0.430783,2.4493,NKN,0.841538,1,1.8750,1.8750,0.252647,1.6911,NKN,0.926629,1,3.2352,3.2352,0.152951,1.3744,NKN,0.926698,1,2.8664,2.8664,0.149873,1.3657
kk_grpo_v3_final_holdout_000181,NKK,NKN,0.099659,2,2.0000,-2.0000,0.463579,2.6221,NKN,0.297388,2,0.7500,-0.7500,0.430421,2.4474,NKK,0.966205,1,3.5000,3.5000,0.079699,1.1803,NKK,0.766853,1,1.2500,1.2500,0.288390,1.8216,NKK,0.973974,1,4.2500,4.2500,0.072817,1.1635
kk_grpo_v3_final_holdout_000182,NKK,KNN,0.072396,5,0.1182,-1.6378,0.684712,4.1529,KKN,0.063082,3,0.3759,-2.1133,0.503504,2.8491,KNN,0.082466,3,0.6080,-1.9308,0.504484,2.8549,KNN,0.000119,5,3.4931,-8.9812,0.120720,1.2853,KNN,0.001286,5,1.8379,-6.4672,0.274331,1.7691
kk_grpo_v3_final_holdout_000183,KNK,KNK,0.934999,1,2.7448,2.7448,0.124083,1.2944,KNK,0.832384,1,1.7268,1.7268,0.246496,1.6696,KNK,0.813802,1,1.5988,1.5988,0.263393,1.7293,KNK,0.992220,1,4.8750,4.8750,0.022351,1.0476,KNK,0.975654,1,4.1250,4.1250,0.062663,1.1392
kk_grpo_v3_final_holdout_000184,NKK,NKK,0.607983,1,0.4774,0.4774,0.353683,2.0864,NKK,0.499361,1,0.0990,0.0990,0.411438,2.3527,NKK,0.939261,1,2.9750,2.9750,0.126421,1.3007,NKK,0.622268,1,0.7521,0.7521,0.416394,2.3771,NKK,0.898613,1,2.3055,2.3055,0.179238,1.4517
kk_grpo_v3_final_holdout_000185,NNK,NNK,0.983797,1,4.1374,4.1374,0.041148,1.0893,NNK,0.993883,1,5.1248,5.1248,0.018388,1.0390,NNK,0.999014,1,6.9998,6.9998,0.003905,1.0082,NNK,0.998947,1,6.8752,6.8752,0.004037,1.0084,NNK,0.999133,1,7.1249,7.1249,0.003489,1.0073
kk_grpo_v3_final_holdout_000186,NNK,NNK,0.487327,1,0.1106,0.1106,0.441420,2.5040,NNK,0.621272,1,0.6750,0.6750,0.408718,2.3394,KNK,0.031840,2,3.4125,-3.4125,0.075838,1.1708,KNN,0.028983,3,3.0000,-3.4626,0.153983,1.3774,NNK,0.812759,1,1.4955,1.4955,0.243581,1.6595
kk_grpo_v3_final_holdout_000187,KKN,KNK,0.085078,2,2.3640,-2.3640,0.167390,1.4163,KNK,0.222693,2,1.2403,-1.2403,0.275520,1.7735,KKN,0.754899,1,1.1360,1.1360,0.274986,1.7715,KKN,0.731046,1,1.0013,1.0013,0.281310,1.7949,KKN,0.979544,1,3.8794,3.8794,0.048647,1.1065
kk_grpo_v3_final_holdout_000188,NNN,NNN,0.671659,1,0.7616,0.7616,0.340288,2.0291,NKK,0.434012,2,0.2531,-0.2531,0.349973,2.0704,NNN,0.621879,1,0.5012,0.5012,0.324010,1.9616,NNN,0.941923,1,2.9888,2.9888,0.120397,1.2845,NNN,0.986861,1,4.3767,4.3767,0.035335,1.0762
kk_grpo_v3_final_holdout_000189,KKN,NNN,0.437729,2,0.2493,-0.2493,0.331824,1.9937,KKN,0.531176,1,0.1251,0.1251,0.332958,1.9984,NNN,0.437659,2,0.2504,-0.2504,0.330337,1.9876,KKN,0.851820,1,1.7498,1.7498,0.202308,1.5230,KKN,0.622396,1,0.5008,0.5008,0.320314,1.9466
kk_grpo_v3_final_holdout_000190,KKK,KKK,0.999715,1,8.9013,8.9013,0.001414,1.0029,KKK,0.999978,1,11.2581,11.2581,0.000133,1.0003,KKK,0.999983,1,11.9503,11.9503,0.000106,1.0002,KKK,0.999999,1,14.3299,14.3299,0.000010,1.0000,KKK,0.999998,1,13.6667,13.6667,0.000013,1.0000
kk_grpo_v3_final_holdout_000191,NKN,NKN,0.991081,1,4.9977,4.9977,0.027053,1.0579,NKN,0.993056,1,5.1250,5.1250,0.021351,1.0454,NKN,0.998959,1,7.1875,7.1875,0.004272,1.0089,NKN,0.999083,1,7.0625,7.0625,0.003654,1.0076,NKN,0.999301,1,7.5625,7.5625,0.002972,1.0062
kk_grpo_v3_final_holdout_000192,KKN,KKN,0.592557,1,0.3890,0.3890,0.341866,2.0358,KKN,0.867036,1,1.9236,1.9236,0.201374,1.5201,KKN,0.500397,1,0.0127,0.0127,0.347896,2.0615,KKN,0.994090,1,5.1486,5.1486,0.017731,1.0376,KKN,0.958338,1,3.1393,3.1393,0.083779,1.1903
kk_grpo_v3_final_holdout_000193,NKN,NKN,0.767441,1,1.5532,1.5532,0.365626,2.1389,NKN,0.847308,1,2.3750,2.3750,0.288184,1.8208,NKN,0.964330,1,3.5000,3.5000,0.085455,1.1945,NKN,0.990548,1,5.3495,5.3495,0.030585,1.0657,NKN,0.983322,1,4.4414,4.4414,0.047815,1.1045
kk_grpo_v3_final_holdout_000194,NNN,NNN,0.998047,1,6.2500,6.2500,0.006874,1.0144,NNN,0.999179,1,7.1250,7.1250,0.003243,1.0068,NNN,0.999636,1,8.1250,8.1250,0.001656,1.0034,NNN,0.999278,1,7.2502,7.2502,0.002893,1.0060,NNN,0.999842,1,8.8750,8.8750,0.000775,1.0016
kk_grpo_v3_final_holdout_000195,NNN,NNN,0.746481,1,1.5253,1.5253,0.392732,2.2629,NNN,0.809616,1,1.6515,1.6515,0.289002,1.8239,NNN,0.833364,1,1.7828,1.7828,0.255877,1.7025,NNN,0.994350,1,5.4294,5.4294,0.018758,1.0398,NNN,0.968970,1,3.6254,3.6254,0.075032,1.1689
kk_grpo_v3_final_holdout_000196,NKK,NKK,0.962341,1,3.2503,3.2503,0.078235,1.1767,NKK,0.999399,1,7.5014,7.5014,0.002532,1.0053,NKK,0.998900,1,7.1250,7.1250,0.004497,1.0094,NKK,0.999354,1,7.3765,7.3765,0.002650,1.0055,NKK,0.998689,1,7.0000,7.0000,0.005242,1.0110
kk_grpo_v3_final_holdout_000197,NKK,NKK,0.749448,1,1.3750,1.3750,0.353060,2.0837,NKK,0.988717,1,5.0100,5.0100,0.033686,1.0726,NKK,0.998338,1,6.7500,6.7500,0.006436,1.0135,NKK,0.998533,1,6.8759,6.8759,0.005753,1.0120,NKK,0.996489,1,6.3874,6.3874,0.013032,1.0275
kk_grpo_v3_final_holdout_000198,KNK,NKN,0.358697,2,0.3746,-0.3746,0.502878,2.8454,NKN,0.255038,2,0.9933,-0.9933,0.389590,2.2482,NKN,0.006176,5,1.5000,-4.8564,0.303103,1.8781,KNK,0.462092,1,0.0300,0.0300,0.486237,2.7486,NKK,0.051196,3,2.6781,-2.8088,0.295329,1.8480
kk_grpo_v3_final_holdout_000199,NKK,NNN,0.396297,2,0.3760,-0.3760,0.382577,2.2156,NKK,0.638068,1,0.6254,0.6254,0.355341,2.0937,NNN,0.320003,2,0.7501,-0.7501,0.309904,1.9049,NNN,0.294177,2,0.8736,-0.8736,0.295479,1.8486,NNN,0.148019,2,1.7455,-1.7455,0.213956,1.5603
kk_grpo_v3_final_holdout_000200,KKN,NKN,0.067580,4,0.1250,-1.7664,0.592072,3.4253,NKK,0.060097,2,2.7414,-2.7414,0.133429,1.3198,NKK,0.001924,4,3.4772,-6.1982,0.121226,1.2867,NKK,0.020219,2,3.8781,-3.8781,0.056231,1.1240,NKK,0.002798,2,5.8743,-5.8743,0.015382,1.0325
kk_grpo_v3_final_holdout_000201,KKN,NNN,0.218131,2,1.2693,-1.2693,0.270352,1.7545,NNN,0.437719,2,0.2450,-0.2450,0.338848,2.0231,NNN,0.106660,2,2.1246,-2.1246,0.165915,1.4120,NNN,0.200412,2,1.3790,-1.3790,0.254109,1.6962,NNN,0.320718,2,0.7502,-0.7502,0.302696,1.8766
kk_grpo_v3_final_holdout_000202,KKK,KKK,0.999498,1,7.6285,7.6285,0.002116,1.0044,KKK,0.999932,1,9.6262,9.6262,0.000349,1.0007,KKK,0.999988,1,11.5004,11.5004,0.000075,1.0002,KKK,0.999991,1,11.7523,11.7523,0.000056,1.0001,KKK,0.999992,1,11.7522,11.7522,0.000051,1.0001
kk_grpo_v3_final_holdout_000203,KKK,KKK,0.999730,1,8.2501,8.2501,0.001221,1.0025,KKK,0.999963,1,10.2501,10.2501,0.000201,1.0004,KKK,0.999989,1,11.5000,11.5000,0.000068,1.0001,KKK,0.999995,1,12.5001,12.5001,0.000032,1.0001,KKK,0.999993,1,12.0000,12.0000,0.000042,1.0001
kk_grpo_v3_final_holdout_000204,NNK,NNK,0.719487,1,1.2658,1.2658,0.381438,2.2104,NNK,0.843699,1,1.7784,1.7784,0.235375,1.6314,NNK,0.987871,1,4.8487,4.8487,0.036566,1.0790,NNK,0.962980,1,3.3820,3.3820,0.083148,1.1887,NNK,0.971332,1,4.1988,4.1988,0.075440,1.1698
kk_grpo_v3_final_holdout_000205,KKK,KKK,0.994768,1,5.2500,5.2500,0.015765,1.0333,KKK,0.994085,1,5.1250,5.1250,0.017447,1.0369,KKK,0.999997,1,13.1250,13.1250,0.000021,1.0000,KKN,0.119203,2,2.0000,-2.0000,0.175717,1.4411,KKK,0.999769,1,8.3750,8.3750,0.001043,1.0022
kk_grpo_v3_final_holdout_000206,KNK,KNK,0.999507,1,7.7500,7.7500,0.002149,1.0045,KNK,0.999957,1,10.3126,10.3126,0.000241,1.0005,KNK,0.999918,1,9.5626,9.5626,0.000429,1.0009,KNK,0.999912,1,9.3751,9.3751,0.000447,1.0009,KNK,0.999990,1,11.6876,11.6876,0.000060,1.0001
kk_grpo_v3_final_holdout_000207,KKN,KNK,0.106693,3,0.1250,-1.4923,0.460386,2.6048,KNN,0.348628,2,0.6140,-0.6140,0.329902,1.9858,KNN,0.320832,2,0.7499,-0.7499,0.301785,1.8730,KKN,0.592691,1,0.3753,0.3753,0.325450,1.9675,KKN,0.798175,1,1.3749,1.3749,0.241856,1.6536
kk_grpo_v3_final_holdout_000208,KNN,KNN,0.459700,1,0.3449,0.3449,0.588364,3.3990,KNN,0.509803,1,0.6072,0.6072,0.551914,3.1508,KNN,0.506190,1,0.5155,0.5155,0.557782,3.1895,KNN,0.938653,1,3.2859,3.2859,0.135058,1.3242,KNN,0.718732,1,1.1095,1.1095,0.357486,2.1030
kk_grpo_v3_final_holdout_000209,KNN,KNN,0.997757,1,6.1250,6.1250,0.007813,1.0164,KNN,0.991410,1,4.7500,4.7500,0.023812,1.0508,KNN,0.996387,1,5.6250,5.6250,0.011563,1.0243,KNN,0.932449,1,2.6250,2.6250,0.118928,1.2806,KNN,0.962657,1,3.2500,3.2500,0.076725,1.1730
kk_grpo_v3_final_holdout_000210,KNK,KNK,0.774854,1,1.3080,1.3080,0.290705,1.8303,KNK,0.904295,1,2.2622,2.2622,0.156540,1.3847,KNK,0.798154,1,1.3824,1.3824,0.246939,1.6711,KNK,0.996818,1,5.8211,5.8211,0.010746,1.0226,KNK,0.983081,1,4.2050,4.2050,0.045267,1.0987
kk_grpo_v3_final_holdout_000211,KKK,KKK,0.999372,1,7.5967,7.5967,0.002726,1.0057,KKK,0.999702,1,8.1713,8.1713,0.001339,1.0028,KKK,0.999733,1,8.5382,8.5382,0.001279,1.0027,KKK,0.999981,1,11.5705,11.5705,0.000114,1.0002,KKK,0.999979,1,10.8746,10.8746,0.000121,1.0003
kk_grpo_v3_final_holdout_000212,NNN,NNN,0.997611,1,6.4385,6.4385,0.009062,1.0190,NNN,0.998947,1,7.0892,7.0892,0.004317,1.0090,NNN,0.999801,1,8.8762,8.8762,0.000975,1.0020,NNN,0.999939,1,9.8764,9.8764,0.000330,1.0007,NNN,0.999970,1,11.1800,11.1800,0.000179,1.0004
kk_grpo_v3_final_holdout_000213,KKN,KKN,0.998294,1,7.0081,7.0081,0.006638,1.0139,KKN,0.999851,1,8.9300,8.9300,0.000736,1.0015,KKN,0.999948,1,10.0625,10.0625,0.000285,1.0006,KKN,0.999995,1,12.5502,12.5502,0.000031,1.0001,KKN,0.999931,1,9.6250,9.6250,0.000358,1.0007
kk_grpo_v3_final_holdout_000214,KNN,KNN,0.957341,1,3.1241,3.1241,0.086401,1.1968,KNN,0.988921,1,4.4999,4.4999,0.029567,1.0634,KNN,0.998022,1,6.2503,6.2503,0.007004,1.0147,KNN,0.998860,1,6.8749,6.8749,0.004461,1.0093,KNN,0.999562,1,8.2497,8.2497,0.001996,1.0042
kk_grpo_v3_final_holdout_000215,NNK,NNK,0.955373,1,3.2500,3.2500,0.097655,1.2252,NNK,0.982396,1,4.2500,4.2500,0.046906,1.1025,NNK,0.989589,1,4.6250,4.6250,0.029089,1.0624,NNK,0.999606,1,8.1250,8.1250,0.001788,1.0037,NNN,0.437631,2,0.2500,-0.2500,0.331280,1.9915
kk_grpo_v3_final_holdout_000216,KNN,KNN,0.952511,1,3.0012,3.0012,0.092375,1.2118,KNN,0.984025,1,4.1256,4.1256,0.039678,1.0860,KNN,0.994411,1,5.2499,5.2499,0.017389,1.0368,KNN,0.999860,1,9.0007,9.0007,0.000698,1.0015,KNN,0.999024,1,7.0007,7.0007,0.003861,1.0081
kk_grpo_v3_final_holdout_000217,KNK,NKK,0.403882,2,0.3732,-0.3732,0.352074,2.0795,NKK,0.305573,2,0.7980,-0.7980,0.333381,2.0002,NKK,0.035088,2,3.3097,-3.3097,0.088076,1.2010,KNK,0.877232,1,2.1069,2.1069,0.202128,1.5224,NKK,0.206685,2,0.8972,-0.8972,0.591854,3.4237
kk_grpo_v3_final_holdout_000218,NKK,NKK,0.863049,1,2.3600,2.3600,0.257182,1.7071,NKK,0.950870,1,4.0000,4.0000,0.127250,1.3029,NKK,0.990145,1,5.1250,5.1250,0.031309,1.0673,NKK,0.995041,1,5.6397,5.6397,0.016679,1.0353,NKK,0.948314,1,3.1250,3.1250,0.114007,1.2675
kk_grpo_v3_final_holdout_000219,NNK,NNK,0.855348,1,2.0876,2.0876,0.241713,1.6531,NNK,0.929678,1,2.6244,2.6244,0.128847,1.3073,NNK,0.979065,1,4.0234,4.0234,0.054377,1.1197,NNK,0.957231,1,3.1250,3.1250,0.086871,1.1980,NNK,0.942853,1,3.2500,3.2500,0.125386,1.2979
kk_grpo_v3_final_holdout_000220,KNK,KNK,0.995365,1,5.6250,5.6250,0.015427,1.0326,KNK,0.999086,1,7.2500,7.2500,0.003750,1.0078,KNK,0.998278,1,6.7565,6.7565,0.006640,1.0139,KNK,0.999928,1,10.1250,10.1250,0.000392,1.0008,KNK,0.998788,1,6.8750,6.8750,0.004742,1.0099
kk_grpo_v3_final_holdout_000221,KNK,KNK,0.904474,1,2.2520,2.2520,0.152997,1.3746,KNK,0.966838,1,3.3837,3.3837,0.071085,1.1593,KNK,0.999885,1,9.3887,9.3887,0.000594,1.0012,KNK,0.999926,1,9.6294,9.6294,0.000391,1.0008,KNK,0.999934,1,9.8193,9.8193,0.000352,1.0007
kk_grpo_v3_final_holdout_000222,KKN,KNN,0.341603,2,0.5000,-0.5000,0.456214,2.5823,KNN,0.311481,2,0.6249,-0.6249,0.450833,2.5535,KNN,0.040527,2,3.1247,-3.1247,0.158429,1.3902,KKN,0.963499,1,3.6251,3.6251,0.086387,1.1968,KKN,0.702114,1,0.8749,0.8749,0.305983,1.8894
kk_grpo_v3_final_holdout_000223,KKK,KKK,0.999814,1,8.6256,8.6256,0.000872,1.0018,KKK,0.999968,1,10.3751,10.3751,0.000178,1.0004,KKK,0.999992,1,11.8136,11.8136,0.000049,1.0001,KKK,0.999999,1,15.0247,15.0247,0.000008,1.0000,KKK,0.999993,1,11.9380,11.9380,0.000043,1.0001
kk_grpo_v3_final_holdout_000224,KNN,KNN,0.715181,1,1.2464,1.2464,0.418246,2.3862,KNN,0.925941,1,2.7500,2.7500,0.148629,1.3622,KNN,0.976603,1,3.7500,3.7500,0.054515,1.1200,KNN,0.999166,1,7.5000,7.5000,0.003600,1.0075,KNN,0.920385,1,2.5000,2.5000,0.141339,1.3417
kk_grpo_v3_final_holdout_000225,KKN,KKN,0.612220,1,0.6587,0.6587,0.445841,2.5272,KKN,0.601876,1,0.5381,0.5381,0.415239,2.3714,KKN,0.723967,1,1.0790,1.0790,0.341589,2.0346,KKN,0.945922,1,2.8778,2.8778,0.103687,1.2406,KKN,0.876719,1,2.4739,2.4739,0.227644,1.6054
kk_grpo_v3_final_holdout_000226,NKK,NKN,0.131953,2,1.8750,-1.8750,0.211256,1.5516,NKK,0.729960,1,1.0000,1.0000,0.285454,1.8105,NKK,0.754626,1,1.1250,1.1250,0.269464,1.7513,NKN,0.468742,2,0.1250,-0.1250,0.332924,1.9983,NKK,0.817417,1,1.5000,1.5000,0.229394,1.6113
kk_grpo_v3_final_holdout_000227,KKN,NNK,0.000567,5,0.4245,-6.9227,0.403731,2.3153,KNK,0.001539,4,0.6396,-5.9995,0.396744,2.2819,NNK,0.000429,4,1.2141,-7.4641,0.316629,1.9317,KNK,0.000303,4,1.4043,-7.8751,0.256151,1.7034,NNK,0.001535,4,0.8794,-6.1283,0.302727,1.8767
kk_grpo_v3_final_holdout_000228,KKN,KKN,0.784497,1,1.9151,1.9151,0.348581,2.0644,KKN,0.855021,1,1.9752,1.9752,0.233503,1.6251,KKN,0.907169,1,2.3684,2.3684,0.161898,1.4003,KKN,0.981857,1,4.6278,4.6278,0.049726,1.1089,KKN,0.967970,1,3.4978,3.4978,0.072713,1.1632
kk_grpo_v3_final_holdout_000229,KKN,NKK,0.104491,3,0.1883,-1.3952,0.655657,3.9095,NKK,0.055925,2,2.7384,-2.7384,0.278183,1.7833,KKN,0.661654,1,0.9559,0.9559,0.439258,2.4928,NKK,0.049182,2,2.9164,-2.9164,0.190107,1.4849,NKK,0.105696,2,2.1283,-2.1283,0.182152,1.4605
kk_grpo_v3_final_holdout_000230,KKN,KKN,0.508010,1,0.5283,0.5283,0.566772,3.2497,KKN,0.722725,1,1.6353,1.6353,0.442151,2.5079,KNN,0.097518,2,2.1198,-2.1198,0.307650,1.8960,KNN,0.106999,2,2.0054,-2.0054,0.358675,2.1082,KKN,0.884399,1,2.6577,2.6577,0.230537,1.6151
kk_grpo_v3_final_holdout_000231,KKK,KKK,0.996823,1,5.7500,5.7500,0.010331,1.0217,KKK,0.999195,1,7.1250,7.1250,0.003146,1.0066,KKK,0.999975,1,10.6250,10.6250,0.000139,1.0003,KKK,0.999959,1,10.1250,10.1250,0.000220,1.0005,KKK,0.999988,1,11.3750,11.3750,0.000070,1.0001
kk_grpo_v3_final_holdout_000232,KNN,NNN,0.286400,2,0.6620,-0.6620,0.510393,2.8902,NNN,0.191648,2,1.0224,-1.0224,0.571901,3.2846,NNN,0.041334,2,3.1094,-3.1094,0.152722,1.3738,NNN,0.019662,3,3.4999,-3.8788,0.111561,1.2611,NNN,0.015383,2,4.1549,-4.1549,0.051662,1.1134
kk_grpo_v3_final_holdout_000233,NKN,NKN,0.724364,1,1.2726,1.2726,0.382351,2.2146,NKN,0.796200,1,1.6539,1.6539,0.304878,1.8851,NKN,0.975569,1,4.2581,4.2581,0.066949,1.1494,NKN,0.903910,1,2.4101,2.4101,0.174089,1.4362,NKN,0.897978,1,2.5573,2.5573,0.198518,1.5111
kk_grpo_v3_final_holdout_000234,NKK,NNK,0.122438,3,0.9804,-1.6393,0.452929,2.5647,NNK,0.190496,3,0.9775,-1.1250,0.468531,2.6493,NNK,0.039628,4,1.8579,-3.0000,0.335692,2.0098,NNK,0.013599,3,3.3708,-4.2500,0.105210,1.2446,NNK,0.012723,3,2.2696,-4.2500,0.190175,1.4851
kk_grpo_v3_final_holdout_000235,KKN,KKN,0.754527,1,1.8530,1.8530,0.379111,2.1997,KKN,0.932791,1,2.8426,2.8426,0.138494,1.3337,KKN,0.722026,1,1.2396,1.2396,0.372042,2.1676,KKN,0.998121,1,6.5054,6.5054,0.007094,1.0149,KKN,0.962663,1,3.7734,3.7734,0.088861,1.2030
kk_grpo_v3_final_holdout_000236,KNN,KNN,0.899890,1,2.2462,2.2462,0.166290,1.4131,KNN,0.866802,1,1.8752,1.8752,0.189824,1.4840,KNN,0.950226,1,2.9979,2.9979,0.099754,1.2305,KNN,0.987565,1,4.3765,4.3765,0.032267,1.0694,KNN,0.987407,1,4.3752,4.3752,0.032956,1.0709
kk_grpo_v3_final_holdout_000237,KKN,KKN,0.845601,1,2.0727,2.0727,0.269040,1.7497,KKN,0.922915,1,2.5535,2.5535,0.141654,1.3425,KKN,0.970576,1,3.8131,3.8131,0.072426,1.1625,KKN,0.991817,1,5.0988,5.0988,0.025816,1.0552,KKN,0.981974,1,4.3132,4.3132,0.048585,1.1063
kk_grpo_v3_final_holdout_000238,KKN,KKN,0.904912,1,2.3686,2.3686,0.167577,1.4169,KKN,0.990065,1,4.6250,4.6250,0.027314,1.0584,KKN,0.999719,1,8.2512,8.2512,0.001274,1.0027,KKN,0.998743,1,7.2513,7.2513,0.005061,1.0106,KKN,0.998590,1,6.6256,6.6256,0.005285,1.0111
kk_grpo_v3_final_holdout_000239,KNK,KNK,0.500000,1,0.4740,0.4740,0.555042,3.1714,KNK,0.952564,1,3.1796,3.1796,0.102043,1.2364,KNK,0.562138,1,0.3925,0.3925,0.412172,2.3563,KNK,0.754846,1,1.2850,1.2850,0.317420,1.9349,KNK,0.914850,1,2.4177,2.4177,0.147306,1.3584
kk_grpo_v3_final_holdout_000240,KNK,KNK,0.920345,1,2.4959,2.4959,0.141098,1.3410,KNK,0.992327,1,4.8751,4.8751,0.021904,1.0466,KNK,0.987572,1,4.3758,4.3758,0.032193,1.0692,KNK,0.987554,1,4.3751,4.3751,0.032259,1.0694,KNK,0.994786,1,5.2513,5.2513,0.015683,1.0331
kk_grpo_v3_final_holdout_000241,KKK,KKK,0.999023,1,7.0901,7.0901,0.003976,1.0083,KKK,0.999972,1,10.5035,10.5035,0.000154,1.0003,KKK,0.999620,1,7.8918,7.8918,0.001639,1.0034,KKK,0.999994,1,12.1770,12.1770,0.000039,1.0001,KKK,0.999997,1,12.6880,12.6880,0.000021,1.0000
kk_grpo_v3_final_holdout_000242,KNK,NKK,0.338037,2,0.4832,-0.4832,0.486006,2.7473,KNK,0.554257,1,0.2417,0.2417,0.357237,2.1019,NKK,0.017865,3,1.0000,-3.6935,0.318621,1.9397,NNK,0.001700,3,1.5002,-6.1739,0.234149,1.6273,NKK,0.016532,3,2.7500,-4.0069,0.186510,1.4738
kk_grpo_v3_final_holdout_000243,NKK,NKK,0.705566,1,0.8750,0.8750,0.292726,1.8381,NKK,0.924003,1,2.5001,2.5001,0.129896,1.3101,NKK,0.914861,1,2.3750,2.3750,0.140200,1.3385,NKK,0.622211,1,0.4990,0.4990,0.318866,1.9407,NNK,0.222693,2,1.2500,-1.2500,0.255183,1.7000
kk_grpo_v3_final_holdout_000244,KNK,KNK,0.999749,1,8.5000,8.5000,0.001196,1.0025,KNK,0.999428,1,7.5000,7.5000,0.002373,1.0049,KNK,0.999503,1,7.6253,7.6253,0.002080,1.0043,KNK,0.999952,1,10.0114,10.0114,0.000258,1.0005,KNK,0.999438,1,7.5009,7.5009,0.002317,1.0048
kk_grpo_v3_final_holdout_000245,NNN,NNN,0.842956,1,2.9055,2.9055,0.330821,1.9896,NNN,0.888098,1,3.3806,3.3806,0.254430,1.6974,NNN,0.978473,1,4.0890,4.0890,0.058307,1.1289,NNN,0.968614,1,4.1369,4.1369,0.085964,1.1957,NNN,0.984859,1,4.9299,4.9299,0.046820,1.1023
kk_grpo_v3_final_holdout_000246,NNK,NNK,0.930647,1,2.6251,2.6251,0.125625,1.2985,NNK,0.754734,1,1.1262,1.1262,0.269998,1.7532,NKN,0.268546,2,0.9959,-0.9959,0.294772,1.8459,NNK,0.984039,1,4.1251,4.1251,0.039574,1.0858,NNK,0.997188,1,6.0298,6.0298,0.009994,1.0210
kk_grpo_v3_final_holdout_000247,KNN,KNN,0.907243,1,2.9900,2.9900,0.201607,1.5208,KNN,0.911563,1,2.5520,2.5520,0.169773,1.4234,KNN,0.989963,1,4.9116,4.9116,0.030938,1.0664,KNN,0.994688,1,5.5642,5.5642,0.017629,1.0373,KNN,0.988118,1,5.3817,5.3817,0.037955,1.0821
kk_grpo_v3_final_holdout_000248,KKN,KKN,0.685074,1,0.8891,0.8891,0.359232,2.1107,KKN,0.893341,1,2.2508,2.2508,0.182340,1.4611,KKN,0.938303,1,2.7706,2.7706,0.118159,1.2785,KKN,0.530785,1,0.1872,0.1872,0.386902,2.2357,KKN,0.982603,1,4.1253,4.1253,0.044736,1.0975
kk_grpo_v3_final_holdout_000249,NKK,NKK,0.726123,1,0.9932,0.9932,0.294338,1.8442,NKK,0.893225,1,2.1588,2.1588,0.171255,1.4278,NKK,0.939673,1,2.7497,2.7497,0.110413,1.2581,NKK,0.851900,1,1.7990,1.7990,0.215752,1.5662,NKK,0.893267,1,2.1249,2.1249,0.163503,1.4049
kk_grpo_v3_final_holdout_000250,KKN,NKK,0.346160,2,0.3437,-0.3437,0.502592,2.8437,NKK,0.268946,2,0.9991,-0.9991,0.282796,1.8005,NKK,0.033110,2,3.3656,-3.3656,0.092961,1.2133,KKN,0.866572,1,1.8751,1.8751,0.190648,1.4865,NKK,0.148415,2,1.7469,-1.7469,0.202864,1.5248
kk_grpo_v3_final_holdout_000251,NKN,NNK,0.017232,3,3.1087,-3.9984,0.130972,1.3130,NNK,0.005149,4,4.2358,-5.2398,0.076864,1.1733,NNK,0.006689,2,4.9987,-4.9987,0.026699,1.0571,NNK,0.000261,3,3.6250,-8.2228,0.059632,1.1320,NNK,0.000625,4,1.2500,-7.1226,0.264316,1.7326
kk_grpo_v3_final_holdout_000252,NKK,NKK,0.634936,1,1.2500,1.2500,0.456415,2.5834,NKK,0.927335,1,2.8552,2.8552,0.145705,1.3539,NKK,0.956274,1,3.3750,3.3750,0.098305,1.2268,NKK,0.991605,1,5.0000,5.0000,0.025400,1.0542,NKK,0.776124,1,1.2500,1.2500,0.260128,1.7176
kk_grpo_v3_final_holdout_000253,NNK,NNK,0.647953,1,0.6201,0.6201,0.321785,1.9525,NNK,0.835315,1,1.6248,1.6248,0.215764,1.5662,NNK,0.923920,1,2.5018,2.5018,0.130749,1.3124,NNK,0.924097,1,2.5000,2.5000,0.129390,1.3087,NNK,0.924095,1,2.6433,2.6433,0.143857,1.3487
kk_grpo_v3_final_holdout_000254,KKN,KKN,0.999768,1,8.4636,8.4636,0.001085,1.0023,KKN,0.999967,1,10.4047,10.4047,0.000184,1.0004,KKN,0.999978,1,11.0429,11.0429,0.000129,1.0003,KKN,0.999988,1,11.3895,11.3895,0.000071,1.0001,KKN,0.999858,1,8.8931,8.8931,0.000687,1.0014
kk_grpo_v3_final_holdout_000255,NNN,KNK,0.407141,2,0.3659,-0.3659,0.342040,2.0365,KNK,0.348626,2,0.6236,-0.6236,0.314730,1.9241,KNK,0.400878,2,0.4013,-0.4013,0.325318,1.9669,NNN,0.880647,1,1.9989,1.9989,0.176005,1.4419,KNK,0.242368,2,1.1396,-1.1396,0.266951,1.7421
kk_grpo_v3_final_holdout_000256,KNN,NNK,0.377280,2,0.0718,-0.0718,0.514862,2.9172,KNN,0.620237,1,1.0378,1.0378,0.458401,2.5940,NNK,0.012429,3,3.1250,-4.3321,0.115811,1.2723,NNK,0.222685,2,1.2203,-1.2203,0.304599,1.8840,NNK,0.105840,2,2.0729,-2.0729,0.268507,1.7478
kk_grpo_v3_final_holdout_000257,NKK,NKK,0.503937,1,0.9075,0.9075,0.615553,3.5967,NKK,0.606181,1,0.9818,0.9818,0.501203,2.8355,NKK,0.838383,1,1.7544,1.7544,0.242244,1.6549,NKK,0.730033,1,1.3476,1.3476,0.376574,2.1882,NKK,0.827772,1,1.9520,1.9520,0.276614,1.7775
kk_grpo_v3_final_holdout_000258,NKN,KKK,0.004063,2,5.5001,-5.5001,0.018772,1.0398,KKK,0.000139,2,8.8835,-8.8835,0.000859,1.0018,KKK,0.000331,2,8.0141,-8.0141,0.001572,1.0033,KKK,0.000179,3,7.8750,-8.6259,0.002454,1.0051,KKK,0.000075,2,9.5004,-9.5004,0.000404,1.0008
kk_grpo_v3_final_holdout_000259,KNK,NKN,0.182400,3,0.7500,-1.1116,0.479780,2.7120,NKK,0.267812,2,0.6173,-0.6173,0.504343,2.8541,NKK,0.013880,3,1.0000,-3.9496,0.312926,1.9169,KNK,0.797500,1,1.3772,1.3772,0.246691,1.6703,KKN,0.254135,2,0.3642,-0.3642,0.652456,3.8835
kk_grpo_v3_final_holdout_000260,NNN,NNN,0.865037,1,1.9086,1.9086,0.205576,1.5334,NNN,0.797552,1,1.3978,1.3978,0.255338,1.7006,NNN,0.880673,1,2.0000,2.0000,0.176373,1.4430,NNN,0.957716,1,3.1277,3.1277,0.085238,1.1939,NNN,0.979629,1,3.8750,3.8750,0.047995,1.1050
kk_grpo_v3_final_holdout_000261,KNK,KKN,0.411866,2,0.1112,-0.1112,0.522057,2.9612,KKN,0.418555,2,0.0823,-0.0823,0.505857,2.8631,KKN,0.028461,4,2.8750,-3.4448,0.220541,1.5819,KKN,0.201277,2,1.1224,-1.1224,0.454417,2.5726,KKN,0.163592,2,1.4222,-1.4222,0.423717,2.4135
kk_grpo_v3_final_holdout_000262,NKN,NKN,0.904034,1,2.3750,2.3750,0.174203,1.4365,NKN,0.903482,1,2.2500,2.2500,0.156366,1.3842,NKN,0.946003,1,2.8750,2.8750,0.102820,1.2384,NKN,0.952174,1,3.0000,3.0000,0.093662,1.2150,NKN,0.970368,1,3.6250,3.6250,0.070172,1.1571
kk_grpo_v3_final_holdout_000263,KKK,KKK,0.801249,1,1.8436,1.8436,0.314205,1.9220,KKK,0.984454,1,4.5005,4.5005,0.043251,1.0941,KKK,0.996319,1,6.1288,6.1288,0.012923,1.0272,KKK,0.913344,1,2.3786,2.3786,0.147011,1.3576,KKK,0.976328,1,3.7590,3.7590,0.055976,1.1234
kk_grpo_v3_final_holdout_000264,KNN,NKK,0.278584,2,0.5877,-0.5877,0.596220,3.4549,NKK,0.269263,2,0.7611,-0.7611,0.496076,2.8054,NKK,0.244518,2,0.9606,-0.9606,0.475930,2.6903,KNN,0.545655,1,0.5180,0.5180,0.497414,2.8133,NKK,0.086315,3,1.3531,-2.1031,0.415812,2.3742
kk_grpo_v3_final_holdout_000265,KKN,NKK,0.318394,2,0.4734,-0.4734,0.515434,2.9207,NKK,0.353171,2,0.5066,-0.5066,0.419068,2.3903,NKK,0.209324,2,1.3073,-1.3073,0.290433,1.8293,KKN,0.580576,1,0.4336,0.4336,0.396640,2.2814,NKK,0.230353,2,1.1637,-1.1637,0.334444,2.0046
kk_grpo_v3_final_holdout_000266,KNN,KNN,0.325223,1,0.1250,0.1250,0.706288,4.3435,KNN,0.466928,1,0.2500,0.2500,0.586103,3.3830,KNN,0.618563,1,0.8750,0.8750,0.497855,2.8158,KNN,0.595679,1,0.5000,0.5000,0.412980,2.3603,KNN,0.968820,1,3.9945,3.9945,0.083993,1.1908
kk_grpo_v3_final_holdout_000267,NNN,NNN,0.985212,1,4.3497,4.3497,0.040793,1.0885,NNN,0.981788,1,4.5767,4.5767,0.050363,1.1104,NNN,0.998396,1,6.9401,6.9401,0.006558,1.0137,NNN,0.999239,1,7.3135,7.3135,0.003182,1.0066,NNN,0.998877,1,6.8775,6.8775,0.004370,1.0091
kk_grpo_v3_final_holdout_000268,NKK,NKK,0.939034,1,2.7496,2.7496,0.112992,1.2649,NKK,0.992364,1,4.8750,4.8750,0.021728,1.0462,NKK,0.946566,1,2.8750,2.8750,0.100405,1.2322,NKK,0.731051,1,1.0000,1.0000,0.280042,1.7902,NKK,0.817561,1,1.5000,1.5000,0.228555,1.6084
kk_grpo_v3_final_holdout_000269,KNN,KNN,0.991362,1,4.8775,4.8775,0.025597,1.0547,KNN,0.999252,1,7.7245,7.7245,0.003252,1.0068,KNN,0.998926,1,7.0359,7.0359,0.004343,1.0091,KNN,0.999889,1,9.7584,9.7584,0.000582,1.0012,KNN,0.996688,1,5.7540,5.7540,0.011005,1.0231
kk_grpo_v3_final_holdout_000270,NNN,NNN,0.914808,1,2.3765,2.3765,0.140924,1.3405,NNN,0.970658,1,3.5002,3.5002,0.063846,1.1420,NNN,0.998661,1,6.6259,6.6259,0.004952,1.0104,NNN,0.999717,1,8.3749,8.3749,0.001326,1.0028,NNN,0.999455,1,7.6453,7.6453,0.002362,1.0049
kk_grpo_v3_final_holdout_000271,KKK,KNN,0.344720,2,0.6361,-0.6361,0.322052,1.9536,KKK,0.999607,1,7.8752,7.8752,0.001707,1.0036,KKK,0.999988,1,11.8133,11.8133,0.000076,1.0002,KKK,0.999986,1,11.8751,11.8751,0.000091,1.0002,KKK,0.999994,1,12.7500,12.7500,0.000043,1.0001
kk_grpo_v3_final_holdout_000272,KKN,KNK,0.120279,2,1.8736,-1.8736,0.343091,2.0410,KNK,0.141814,2,1.7495,-1.7495,0.282975,1.8012,KNK,0.105507,2,2.1239,-2.1239,0.196885,1.5059,KNK,0.004598,2,5.3749,-5.3749,0.023524,1.0501,KNK,0.059799,2,2.7269,-2.7269,0.173686,1.4350
kk_grpo_v3_final_holdout_000273,KNN,KNN,0.622217,1,0.5011,0.5011,0.321856,1.9528,KNN,0.705711,1,0.8749,0.8749,0.291763,1.8344,KNN,0.993174,1,4.9997,4.9997,0.019988,1.0424,KNN,0.997195,1,5.8750,5.8750,0.009288,1.0195,KNN,0.996730,1,5.7500,5.7500,0.010800,1.0227
kk_grpo_v3_final_holdout_000274,KNK,KNK,0.998915,1,6.8749,6.8749,0.004195,1.0088,KNK,0.998946,1,6.8750,6.8750,0.004035,1.0084,KNK,0.997800,1,6.1249,6.1249,0.007579,1.0159,KNK,0.997510,1,6.0000,6.0000,0.008428,1.0177,KNK,0.974039,1,3.6250,3.6250,0.057919,1.1280
kk_grpo_v3_final_holdout_000275,NKK,KNK,0.429968,2,0.2570,-0.2570,0.365040,2.1363,KNK,0.106587,2,2.1183,-2.1183,0.183145,1.4635,KNK,0.319186,2,0.7536,-0.7536,0.310756,1.9083,NKK,0.989270,1,4.6246,4.6246,0.030179,1.0648,NKK,0.880759,1,2.1250,2.1250,0.199042,1.5127
kk_grpo_v3_final_holdout_000276,NNK,NNK,0.919086,1,2.9649,2.9649,0.172216,1.4306,NNK,0.967244,1,3.8617,3.8617,0.082161,1.1863,NNK,0.996439,1,6.0000,6.0000,0.012656,1.0267,NNK,0.991267,1,5.1227,5.1227,0.027590,1.0590,NNK,0.991849,1,5.1250,5.1250,0.025681,1.0549
kk_grpo_v3_final_holdout_000277,KNK,KNK,0.813793,1,1.4955,1.4955,0.240167,1.6478,KNK,0.936526,1,2.7467,2.7467,0.120174,1.2839,KNK,0.970544,1,3.6218,3.6218,0.069098,1.1545,KNK,0.999334,1,7.5000,7.5000,0.002818,1.0059,KNK,0.988856,1,4.8726,4.8726,0.032825,1.0706
kk_grpo_v3_final_holdout_000278,NKN,NKN,0.904586,1,2.2507,2.2507,0.151996,1.3717,NKN,0.987298,1,4.3751,4.3751,0.033444,1.0720,NKN,0.981373,1,3.9998,3.9998,0.046211,1.1009,NKN,0.893299,1,2.1261,2.1261,0.163813,1.4058,NKN,0.904447,1,2.2527,2.2527,0.153233,1.3753
kk_grpo_v3_final_holdout_000279,KKK,KKK,0.996021,1,6.0047,6.0047,0.014677,1.0310,KKK,0.999503,1,7.8017,7.8017,0.002223,1.0046,KKK,0.999869,1,9.4388,9.4388,0.000682,1.0014,KKK,0.999993,1,12.5342,12.5342,0.000049,1.0001,KKK,0.999980,1,11.1458,11.1458,0.000119,1.0002
kk_grpo_v3_final_holdout_000280,NKN,NKN,0.777346,1,1.2506,1.2506,0.255326,1.7005,NKN,0.817587,1,1.5002,1.5002,0.228570,1.6085,NKN,0.989918,1,4.6254,4.6254,0.027904,1.0597,NKN,0.531268,1,0.1253,0.1253,0.332567,1.9968,NKN,0.602211,1,0.4790,0.4790,0.373262,2.1731
kk_grpo_v3_final_holdout_000281,NNN,NNN,0.957856,1,3.1735,3.1735,0.088102,1.2011,NNN,0.952538,1,3.0486,3.0486,0.096350,1.2218,NNN,0.754841,1,1.1269,1.1269,0.269884,1.7528,NNN,0.984002,1,4.1547,4.1547,0.040751,1.0884,NNN,0.995828,1,5.5001,5.5001,0.013251,1.0279
kk_grpo_v3_final_holdout_000282,NNK,NKK,0.013244,4,0.9178,-3.8749,0.439860,2.4959,NKK,0.009667,4,2.0553,-4.4013,0.334354,2.0043,NKK,0.000989,4,3.1858,-6.8748,0.092283,1.2115,NKK,0.002050,4,1.2771,-5.8737,0.358965,2.1095,NKK,0.014209,3,2.1789,-4.1250,0.211076,1.5510
kk_grpo_v3_final_holdout_000283,NNK,NNK,0.651109,1,0.6247,0.6247,0.312231,1.9141,KNN,0.437704,2,0.2502,-0.2502,0.330259,1.9873,NNK,0.851932,1,1.7502,1.7502,0.201934,1.5218,KNN,0.182428,2,1.5000,-1.5000,0.228511,1.6083,NNK,0.531190,1,0.1250,0.1250,0.332559,1.9968
kk_grpo_v3_final_holdout_000284,NNK,NKN,0.383266,2,0.1247,-0.1247,0.559991,3.2042,NKN,0.321645,2,0.4993,-0.4993,0.507066,2.8703,NNK,0.463651,1,0.0020,0.0020,0.451958,2.5595,NKN,0.198202,2,1.1951,-1.1951,0.449501,2.5465,NNK,0.579076,1,0.6270,0.6270,0.473184,2.6750
kk_grpo_v3_final_holdout_000285,KNN,KNN,0.893705,1,2.3750,2.3750,0.190262,1.4853,KNN,0.972232,1,3.8750,3.8750,0.068900,1.1540,KNN,0.924846,1,2.8750,2.8750,0.150549,1.3676,KNN,0.996877,1,6.1250,6.1250,0.011162,1.0235,KNN,0.966214,1,3.5000,3.5000,0.077491,1.1748
kk_grpo_v3_final_holdout_000286,NNN,NNN,0.994361,1,5.7477,5.7477,0.018617,1.0395,NNN,0.997661,1,6.7489,6.7489,0.008723,1.0183,NNN,0.993941,1,5.6226,5.6226,0.019759,1.0419,NNN,0.777003,1,1.2501,1.2501,0.256653,1.7052,NNN,0.991019,1,4.7500,4.7500,0.025459,1.0544
kk_grpo_v3_final_holdout_000287,NKK,NKK,0.796147,1,1.3728,1.3728,0.249179,1.6789,NKK,0.705574,1,0.8748,0.8748,0.292384,1.8367,NKK,0.946278,1,2.8747,2.8747,0.101628,1.2353,NKK,0.992382,1,4.8750,4.8750,0.021653,1.0461,NKK,0.922758,1,2.4986,2.4986,0.134150,1.3217
kk_grpo_v3_final_holdout_000288,NKN,NNK,0.035336,3,2.8391,-3.2498,0.173652,1.4349,NNK,0.041987,2,3.1249,-3.1249,0.092170,1.2113,NNK,0.084984,2,2.3756,-2.3756,0.142973,1.3462,NNK,0.008578,2,4.7498,-4.7498,0.024427,1.0521,NNK,0.037314,2,3.2499,-3.2499,0.078477,1.1773
kk_grpo_v3_final_holdout_000289,NNK,NNK,0.845516,1,2.3503,2.3503,0.283491,1.8031,NNK,0.911028,1,2.6254,2.6254,0.169154,1.4215,NNK,0.977034,1,3.8803,3.8803,0.056837,1.1255,NNK,0.997659,1,6.1251,6.1251,0.008223,1.0172,NNK,0.991719,1,4.8772,4.8772,0.024285,1.0518
kk_grpo_v3_final_holdout_000290,KNN,KNN,0.599179,1,0.4619,0.4619,0.366786,2.1441,KNN,0.725352,1,1.4137,1.4137,0.369016,2.1540,KNN,0.615565,1,0.5439,0.5439,0.367729,2.1483,KNN,0.865556,1,1.8750,1.8750,0.194240,1.4977,KNN,0.779861,1,1.3750,1.3750,0.288916,1.8235
kk_grpo_v3_final_holdout_000291,KKN,KKN,0.891197,1,2.1230,2.1230,0.171379,1.4281,KKN,0.946479,1,2.8765,2.8765,0.101138,1.2341,KKN,0.962651,1,3.2566,3.2566,0.077463,1.1748,KKN,0.993261,1,5.0004,5.0004,0.019576,1.0415,KKN,0.974096,1,3.6289,3.6289,0.057990,1.1282
kk_grpo_v3_final_holdout_000292,NNK,NNK,0.834536,1,2.3638,2.3638,0.301702,1.8727,NNK,0.901026,1,2.9812,2.9812,0.208276,1.5420,NNK,0.910103,1,2.5090,2.5090,0.167992,1.4181,NNK,0.680175,1,1.0090,1.0090,0.404267,2.3179,NNN,0.009450,3,3.2764,-4.6133,0.106601,1.2482
kk_grpo_v3_final_holdout_000293,NKN,NKN,0.973483,1,3.6285,3.6285,0.060708,1.1346,NKN,0.989484,1,4.6355,4.6355,0.029877,1.0641,NKN,0.977646,1,3.8750,3.8750,0.055570,1.1225,NKN,0.998442,1,6.7508,6.7508,0.006143,1.0129,NKN,0.982501,1,4.1249,4.1249,0.045405,1.0990
kk_grpo_v3_final_holdout_000294,NNK,NNK,0.668036,1,0.8312,0.8312,0.371141,2.1636,NNK,0.972206,1,3.8741,3.8741,0.069360,1.1551,NNK,0.943530,1,2.8775,2.8775,0.111220,1.2602,NNK,0.998274,1,6.4999,6.4999,0.006504,1.0136,NNK,0.868907,1,1.9049,1.9049,0.191501,1.4892
kk_grpo_v3_final_holdout_000295,KKN,NKK,0.212281,2,1.0416,-1.0416,0.487882,2.7580,NKK,0.308718,2,0.6984,-0.6984,0.410811,2.3496,NKK,0.066616,2,2.6369,-2.6369,0.127818,1.3045,NKK,0.172427,2,1.5505,-1.5505,0.260832,1.7201,NKK,0.075556,2,2.4877,-2.4877,0.166936,1.4150
kk_grpo_v3_final_holdout_000296,KNN,KNN,0.839025,1,2.1502,2.1502,0.301093,1.8703,KNN,0.419042,1,0.0312,0.0312,0.554350,3.1669,KKK,0.314257,2,0.7485,-0.7485,0.349942,2.0703,KNN,0.725522,1,1.0002,1.0002,0.299793,1.8653,KKK,0.000552,4,7.0327,-7.4995,0.008670,1.0182
kk_grpo_v3_final_holdout_000297,KKN,NNK,0.348523,2,0.6187,-0.6187,0.323978,1.9615,KKN,0.592610,1,0.3836,0.3836,0.335131,2.0075,NNK,0.025948,2,3.6248,-3.6248,0.060093,1.1331,KKN,0.531153,1,0.1265,0.1265,0.335237,2.0079,NNK,0.085024,2,2.3756,-2.3756,0.141375,1.3418
kk_grpo_v3_final_holdout_000298,KNN,KNN,0.999996,1,12.7499,12.7499,0.000027,1.0001,KNN,0.999995,1,12.2500,12.2500,0.000031,1.0001,KNN,0.999904,1,9.2501,9.2501,0.000476,1.0010,KNN,0.999999,1,13.9375,13.9375,0.000007,1.0000,KNN,0.999976,1,10.6252,10.6252,0.000137,1.0003
kk_grpo_v3_final_holdout_000299,KKN,KKN,0.999813,1,8.6250,8.6250,0.000878,1.0018,KKN,0.999830,1,8.6875,8.6875,0.000795,1.0017,KKN,0.999089,1,7.0000,7.0000,0.003508,1.0073,KKN,0.999980,1,10.8750,10.8750,0.000113,1.0002,KKN,0.999480,1,7.5625,7.5625,0.002141,1.0045
kk_grpo_v3_final_holdout_000300,NKN,KKN,0.468778,2,0.1238,-0.1238,0.334834,2.0063,KKN,0.468780,2,0.1250,-0.1250,0.332536,1.9967,NKN,0.851970,1,1.7502,1.7502,0.201664,1.5210,KKN,0.268899,2,1.0002,-1.0002,0.280141,1.7906,NKN,0.705678,1,0.8750,0.8750,0.291995,1.8353
kk_grpo_v3_final_holdout_000301,NNK,NNK,0.997385,1,6.6248,6.6248,0.010248,1.0215,NNK,0.998925,1,7.5427,7.5427,0.004650,1.0097,NNK,0.998953,1,6.9999,6.9999,0.004204,1.0088,NNK,0.999923,1,10.0650,10.0650,0.000416,1.0009,NNK,0.999794,1,8.8749,8.8749,0.001021,1.0021
kk_grpo_v3_final_holdout_000302,NKK,NKK,0.774886,1,1.2566,1.2566,0.269433,1.7511,NKK,0.880765,1,2.0041,2.0041,0.177399,1.4461,NKK,0.998412,1,6.5181,6.5181,0.005920,1.0124,NKK,0.995318,1,5.3759,5.3759,0.014535,1.0307,NKK,0.995469,1,5.6005,5.6005,0.015015,1.0317
kk_grpo_v3_final_holdout_000303,KNN,KKN,0.164353,2,1.6250,-1.6250,0.218827,1.5762,KKN,0.182417,2,1.4999,-1.4999,0.228941,1.6097,KKN,0.377577,2,0.4998,-0.4998,0.318784,1.9404,KNN,0.851974,1,1.7502,1.7502,0.201635,1.5209,KNN,0.562120,1,0.2498,0.2498,0.329621,1.9846
kk_grpo_v3_final_holdout_000304,NKK,NKK,0.554961,1,0.2496,0.2496,0.366272,2.1418,NKK,0.651244,1,0.6460,0.6460,0.328979,1.9820,NKK,0.952180,1,3.0547,3.0547,0.098342,1.2269,KNK,0.148062,2,1.7317,-1.7317,0.238692,1.6427,NKK,0.797700,1,1.4747,1.4747,0.274596,1.7700
kk_grpo_v3_final_holdout_000305,NKK,NKK,0.623675,1,0.6250,0.6250,0.383451,2.2197,NKK,0.917680,1,2.4787,2.4787,0.146447,1.3560,NKK,0.970355,1,3.5000,3.5000,0.065216,1.1452,NKK,0.989709,1,4.6250,4.6250,0.028720,1.0615,NKK,0.979082,1,3.8750,3.8750,0.050238,1.1101
kk_grpo_v3_final_holdout_000306,NNK,NNK,0.668396,1,1.3164,1.3164,0.423227,2.4111,NNK,0.610738,1,0.8211,0.8211,0.438350,2.4881,NNK,0.673933,1,1.2500,1.2500,0.410644,2.3488,NNK,0.956289,1,3.3750,3.3750,0.098244,1.2267,NNK,0.976365,1,4.2500,4.2500,0.061633,1.1367
kk_grpo_v3_final_holdout_000307,NNN,NNN,0.904582,1,2.2507,2.2507,0.152029,1.3718,NNN,0.902138,1,2.2229,2.2229,0.154672,1.3794,NNN,0.932075,1,2.6237,2.6237,0.120413,1.2845,NNN,0.991396,1,4.7527,4.7527,0.023963,1.0511,NNN,0.883295,1,2.0244,2.0244,0.173479,1.4344
kk_grpo_v3_final_holdout_000308,NKK,NKK,0.702978,1,0.8715,0.8715,0.301564,1.8721,NKK,0.730977,1,1.0001,1.0001,0.280593,1.7923,NKK,0.966592,1,3.3748,3.3748,0.071286,1.1598,NKK,0.893258,1,2.1254,2.1254,0.163735,1.4056,NKK,0.775970,1,1.2483,1.2483,0.259719,1.7161
kk_grpo_v3_final_holdout_000309,NNK,NNK,0.947335,1,2.9958,2.9958,0.108092,1.2520,NNK,0.972422,1,3.7581,3.7581,0.067563,1.1508,NNK,0.996900,1,6.0779,6.0779,0.011301,1.0238,NNK,0.997784,1,6.7498,6.7498,0.008361,1.0175,NNK,0.999580,1,8.2498,8.2498,0.001957,1.0041
kk_grpo_v3_final_holdout_000310,NNK,NNK,0.705542,1,0.8763,0.8763,0.294257,1.8439,NNK,0.705738,1,0.8750,0.8750,0.291642,1.8339,NNK,0.962520,1,3.2500,3.2500,0.077414,1.1747,NNK,0.977037,1,3.7512,3.7512,0.052646,1.1157,NNK,0.991328,1,4.7501,4.7501,0.024244,1.0517
kk_grpo_v3_final_holdout_000311,NKK,NKK,0.970148,1,3.4997,3.4997,0.066149,1.1475,NKK,0.993127,1,5.0000,5.0000,0.020163,1.0428,NKK,0.992371,1,4.8750,4.8750,0.021696,1.0461,NKK,0.998459,1,6.5000,6.5000,0.005646,1.0118,NKK,0.993191,1,5.0000,5.0000,0.019888,1.0422
kk_grpo_v3_final_holdout_000312,KNK,KNK,0.835738,1,1.7227,1.7227,0.241712,1.6531,KNK,0.915662,1,2.6250,2.6250,0.160692,1.3968,KNK,0.869464,1,2.5562,2.5562,0.230198,1.6139,KNK,0.976098,1,3.7614,3.7614,0.056848,1.1255,KNK,0.878248,1,2.1388,2.1388,0.203453,1.5266
kk_grpo_v3_final_holdout_000313,NNN,NKN,0.174166,3,0.8750,-1.1484,0.545885,3.1116,NKN,0.033948,3,0.1250,-2.6794,0.460397,2.6048,NKN,0.015794,3,1.8750,-3.9863,0.234546,1.6286,NKN,0.117691,3,1.6250,-1.8344,0.365100,2.1366,NKN,0.104248,3,1.5000,-1.9442,0.379729,2.2026
kk_grpo_v3_final_holdout_000314,KKK,KKK,0.994363,1,5.3750,5.3750,0.018147,1.0385,KKK,0.999274,1,7.8118,7.8118,0.003159,1.0066,KKK,0.999780,1,8.6375,8.6375,0.001052,1.0022,KKK,0.999937,1,10.0000,10.0000,0.000345,1.0007,KKK,0.999969,1,10.5430,10.5430,0.000179,1.0004
kk_grpo_v3_final_holdout_000315,NNK,NKN,0.121573,2,1.8752,-1.8752,0.330490,1.9882,NKN,0.082853,3,1.1250,-2.1119,0.407389,2.3330,NKN,0.053320,3,1.8750,-2.7065,0.332215,1.9954,NKN,0.196427,2,1.3790,-1.3790,0.293713,1.8418,NKN,0.050813,3,2.0139,-2.7860,0.297193,1.8552
kk_grpo_v3_final_holdout_000316,NKK,NNK,0.237426,2,0.8945,-0.8945,0.562391,3.2203,NNK,0.447455,2,0.0732,-0.0732,0.474155,2.6804,NKK,0.479089,1,0.1194,0.1194,0.468936,2.6515,NNK,0.321139,2,0.7191,-0.7191,0.347739,2.0608,NNK,0.177012,2,1.5047,-1.5047,0.287354,1.8176
kk_grpo_v3_final_holdout_000317,KNN,KNN,0.983540,1,4.1245,4.1245,0.041556,1.0903,KNN,0.981641,1,3.9997,3.9997,0.044921,1.0979,KNN,0.999403,1,7.8749,7.8749,0.002610,1.0054,KNN,0.999930,1,10.1875,10.1875,0.000381,1.0008,KNN,0.999485,1,7.9375,7.9375,0.002278,1.0047
kk_grpo_v3_final_holdout_000318,KNK,KNK,0.638486,1,0.7424,0.7424,0.409522,2.3433,KNK,0.730476,1,1.1222,1.1222,0.333974,2.0027,KNK,0.558061,1,0.2495,0.2495,0.349020,2.0663,KNK,0.957118,1,3.1250,3.1250,0.087257,1.1990,KNK,0.554024,1,0.2393,0.2393,0.357546,2.1033
kk_grpo_v3_final_holdout_000319,NKK,NKK,0.899911,1,2.7117,2.7117,0.190978,1.4875,NKK,0.969660,1,3.5001,3.5001,0.067717,1.1512,NKK,0.997512,1,6.2512,6.2512,0.009045,1.0190,NKK,0.817104,1,1.5000,1.5000,0.230750,1.6158,NKK,0.851414,1,1.7500,1.7500,0.204386,1.5296
kk_grpo_v3_final_holdout_000320,KNN,KNN,0.703728,1,0.8727,0.8727,0.299381,1.8637,KNN,0.834917,1,1.6245,1.6245,0.217565,1.5721,NNK,0.464685,2,0.1337,-0.1337,0.344121,2.0454,KNN,0.942207,1,3.4697,3.4697,0.125530,1.2983,KNN,0.653643,1,0.7113,0.7113,0.354215,2.0888
kk_grpo_v3_final_holdout_000321,NKK,NKK,0.987632,1,4.7464,4.7464,0.036199,1.0782,NKK,0.999287,1,7.3750,7.3750,0.002977,1.0062,NKK,0.999343,1,7.3751,7.3751,0.002692,1.0056,NKK,0.997500,1,6.0000,6.0000,0.008488,1.0178,NKK,0.998792,1,6.7501,6.7501,0.004571,1.0095
kk_grpo_v3_final_holdout_000322,NKN,NKN,0.549187,1,0.2499,0.2499,0.378852,2.1986,NKN,0.847476,1,1.7500,1.7500,0.218236,1.5743,NKN,0.979187,1,3.8748,3.8748,0.049948,1.1094,NKN,0.981781,1,4.0001,4.0001,0.044462,1.0969,NNK,0.118981,2,2.0015,-2.0015,0.177904,1.4476
kk_grpo_v3_final_holdout_000323,NKN,KNN,0.306984,2,0.4710,-0.4710,0.548834,3.1307,KNN,0.275977,2,0.6531,-0.6531,0.552294,3.1533,KKN,0.117033,3,0.8486,-1.6435,0.473742,2.6781,KKN,0.067110,3,0.6212,-2.1991,0.417150,2.3808,KKN,0.113600,3,0.7490,-1.6607,0.453826,2.5695
kk_grpo_v3_final_holdout_000324,KKK,KKK,0.994775,1,5.2500,5.2500,0.015731,1.0333,KKK,0.999983,1,11.0000,11.0000,0.000099,1.0002,KKK,0.999988,1,11.3750,11.3750,0.000071,1.0001,KKK,0.999960,1,10.1250,10.1250,0.000217,1.0005,KKK,1.000000,1,15.4375,15.4375,0.000002,1.0000
kk_grpo_v3_final_holdout_000325,KKN,KKN,0.622460,1,0.5005,0.5005,0.319550,1.9435,KKN,0.835496,1,1.6260,1.6260,0.215591,1.5657,KKN,0.705840,1,0.8756,0.8756,0.291805,1.8345,NKN,0.407354,2,0.3748,-0.3748,0.325373,1.9672,KKN,0.754940,1,1.1253,1.1253,0.268014,1.7460
kk_grpo_v3_final_holdout_000326,NKN,KNN,0.195867,2,1.1834,-1.1834,0.457703,2.5903,KNN,0.200641,2,1.1228,-1.1228,0.461584,2.6113,NNK,0.156873,3,1.0342,-1.3750,0.449540,2.5467,NNK,0.106192,3,1.2331,-1.8741,0.393929,2.2686,NNK,0.020624,3,0.4675,-3.3621,0.394126,2.2695
kk_grpo_v3_final_holdout_000327,KKN,KKN,0.499974,1,0.0052,0.0052,0.341339,2.0336,KKN,0.904643,1,2.2552,2.2552,0.152891,1.3743,KKN,0.851933,1,1.7524,1.7524,0.202968,1.5251,KKN,0.932379,1,2.6257,2.6257,0.119482,1.2820,KKN,0.966860,1,3.3784,3.3784,0.070527,1.1580
kk_grpo_v3_final_holdout_000328,KKK,KKK,0.999977,1,10.7707,10.7707,0.000133,1.0003,KKK,0.999999,1,14.0633,14.0633,0.000007,1.0000,KKK,1.000000,1,15.5002,15.5002,0.000003,1.0000,KKK,0.999999,1,14.5629,14.5629,0.000006,1.0000,KKK,1.000000,1,14.9376,14.9376,0.000003,1.0000
kk_grpo_v3_final_holdout_000329,KNK,KNK,0.578512,1,0.5930,0.5930,0.443724,2.5161,NKK,0.316615,2,0.6267,-0.6267,0.430388,2.4473,KKK,0.101570,3,1.6004,-1.9765,0.391407,2.2567,KNK,0.440505,1,0.0042,0.0042,0.474657,2.6832,KKK,0.053677,3,2.0632,-2.7500,0.261033,1.7208
kk_grpo_v3_final_holdout_000330,KNK,KNK,0.962660,1,3.2500,3.2500,0.076720,1.1730,KNK,0.997195,1,5.8750,5.8750,0.009289,1.0195,KNK,0.995389,1,5.3750,5.3750,0.014145,1.0299,KNK,0.999860,1,8.8750,8.8750,0.000669,1.0014,KNK,0.999660,1,8.0000,8.0000,0.001482,1.0031
kk_grpo_v3_final_holdout_000331,NKN,NKN,0.770288,1,1.6523,1.6523,0.348301,2.0632,NKN,0.897264,1,2.4685,2.4685,0.200375,1.5169,NKN,0.997084,1,6.1385,6.1385,0.010610,1.0223,NKN,0.991222,1,5.1457,5.1457,0.028146,1.0603,NKN,0.976604,1,4.0052,4.0052,0.062075,1.1378
kk_grpo_v3_final_holdout_000332,KKN,KKN,0.999900,1,9.6250,9.6250,0.000535,1.0011,KKN,0.999850,1,8.8125,8.8125,0.000710,1.0015,KKN,0.999851,1,8.8125,8.8125,0.000704,1.0015,KKN,0.999569,1,7.7500,7.7500,0.001816,1.0038,KKN,0.998675,1,6.6250,6.6250,0.004860,1.0102
kk_grpo_v3_final_holdout_000333,KKN,NKK,0.278289,2,0.3984,-0.3984,0.644458,3.8195,NKK,0.280260,2,0.8691,-0.8691,0.397539,2.2857,NKK,0.025777,2,3.6219,-3.6219,0.086785,1.1978,NKK,0.132069,2,1.8617,-1.8617,0.234427,1.6282,NKK,0.046963,2,2.9536,-2.9536,0.200266,1.5166
kk_grpo_v3_final_holdout_000334,NKK,KNK,0.348405,2,0.6256,-0.6256,0.312158,1.9138,KNK,0.320813,2,0.7499,-0.7499,0.302098,1.8742,NKK,0.798032,1,1.3749,1.3749,0.242654,1.6563,KNK,0.025958,2,3.6250,-3.6250,0.057967,1.1281,KNK,0.499903,2,0.0001,-0.0001,0.333941,2.0025
kk_grpo_v3_final_holdout_000335,NKN,NKN,0.499929,1,0.0002,0.0002,0.334462,2.0047,NKN,0.731038,1,1.0001,1.0001,0.280269,1.7911,NKN,0.500003,1,0.0012,0.0012,0.335663,2.0097,NNK,0.085105,2,2.3741,-2.3741,0.142954,1.3462,NNK,0.085090,2,2.3746,-2.3746,0.141918,1.3433
kk_grpo_v3_final_holdout_000336,NKN,NNK,0.267630,2,1.0002,-1.0002,0.294703,1.8456,NNK,0.464494,2,0.1337,-0.1337,0.345696,2.0521,NKN,0.818207,1,1.6108,1.6108,0.263608,1.7301,NKN,0.591788,1,0.3739,0.3739,0.329111,1.9825,NNK,0.036020,2,3.2836,-3.2836,0.086829,1.1979
kk_grpo_v3_final_holdout_000337,NKN,NKN,0.551835,1,0.8750,0.8750,0.485889,2.7466,NKK,0.354855,2,0.5000,-0.5000,0.410249,2.3469,NKK,0.065994,2,2.6250,-2.6250,0.168985,1.4210,NKN,0.494510,1,0.0000,0.0000,0.359292,2.1109,NKK,0.359633,2,0.5000,-0.5000,0.398254,2.2891
kk_grpo_v3_final_holdout_000338,NNK,NNK,0.407207,1,0.0534,0.0534,0.509999,2.8879,KNK,0.294021,2,0.7154,-0.7154,0.434544,2.4685,KNK,0.407218,2,0.3749,-0.3749,0.326513,1.9718,KNK,0.003173,3,3.2500,-5.7120,0.086700,1.1976,KNK,0.042079,2,3.1250,-3.1250,0.084749,1.1927
kk_grpo_v3_final_holdout_000339,NNK,NNK,0.808078,1,1.6219,1.6219,0.283149,1.8018,NNK,0.813923,1,2.1250,2.1250,0.312111,1.9137,NNK,0.922634,1,2.9813,2.9813,0.161250,1.3984,NNK,0.433618,1,0.1250,0.1250,0.543467,3.0960,NNN,0.000004,7,2.0581,-12.1250,0.339686,2.0266
kk_grpo_v3_final_holdout_000340,NKN,NKN,0.914518,1,2.3750,2.3750,0.141835,1.3430,NKK,0.437809,2,0.2500,-0.2500,0.329807,1.9854,NKK,0.294206,2,0.8750,-0.8750,0.291513,1.8334,NKN,0.893295,1,2.1250,2.1250,0.163383,1.4046,NKN,0.777266,1,1.2500,1.2500,0.255271,1.7003
kk_grpo_v3_final_holdout_000341,KNN,KNN,0.963436,1,3.3742,3.3742,0.081288,1.1842,KNN,0.990719,1,4.7535,4.7535,0.026643,1.0570,KNN,0.997589,1,6.5003,6.5003,0.008926,1.0187,KNN,0.999360,1,7.3750,7.3750,0.002603,1.0054,KNN,0.999632,1,8.5000,8.5000,0.001710,1.0036
kk_grpo_v3_final_holdout_000342,NKK,KKN,0.376841,2,0.5010,-0.5010,0.323286,1.9586,KKN,0.268950,2,0.9996,-0.9996,0.281110,1.7942,NKK,0.621306,1,0.4992,0.4992,0.324361,1.9630,NKK,0.622463,1,0.5488,0.5488,0.353710,2.0866,KKN,0.182302,3,0.5000,-1.0264,0.490240,2.7716
kk_grpo_v3_final_holdout_000343,NNK,NNK,0.610017,1,0.6250,0.6250,0.422176,2.4058,NNK,0.815353,1,1.7500,1.7500,0.292700,1.8380,NNK,0.902810,1,2.2500,2.2500,0.158956,1.3917,NNK,0.955507,1,3.1250,3.1250,0.092948,1.2132,NNK,0.997855,1,6.4103,6.4103,0.008206,1.0172
kk_grpo_v3_final_holdout_000344,KKN,NKK,0.377299,2,0.5009,-0.5009,0.319266,1.9423,NKK,0.437626,2,0.2507,-0.2507,0.329950,1.9860,NKK,0.037310,2,3.2503,-3.2503,0.077287,1.1743,NKK,0.163595,2,1.6317,-1.6317,0.214388,1.5617,NKK,0.437740,2,0.2501,-0.2501,0.330291,1.9874
kk_grpo_v3_final_holdout_000345,NNN,NNN,0.952529,1,3.0019,3.0019,0.092353,1.2117,NNN,0.914880,1,2.3753,2.3753,0.140211,1.3385,NNN,0.851945,1,1.7511,1.7511,0.202315,1.5230,NNN,0.974037,1,3.6251,3.6251,0.057951,1.1281,NNN,0.932459,1,2.7520,2.7520,0.130767,1.3125
kk_grpo_v3_final_holdout_000346,KNK,KNK,0.774521,1,1.8750,1.8750,0.333566,2.0010,KNK,0.845656,1,2.0712,2.0712,0.252990,1.6923,KNK,0.947591,1,3.2431,3.2431,0.114409,1.2686,KNK,0.969629,1,3.7500,3.7500,0.073626,1.1654,KNK,0.984939,1,4.2510,4.2510,0.039399,1.0854
kk_grpo_v3_final_holdout_000347,NNK,NKK,0.059004,3,1.2235,-2.4788,0.418172,2.3859,NKK,0.020184,3,1.2734,-3.6248,0.320643,1.9479,NKK,0.007327,4,4.0002,-4.8750,0.101634,1.2353,NKK,0.012325,2,4.3749,-4.3749,0.058823,1.1301,NKK,0.050871,2,2.8750,-2.8750,0.203018,1.5253
kk_grpo_v3_final_holdout_000348,KNN,KNN,0.999857,1,9.5538,9.5538,0.000760,1.0016,KNN,0.999971,1,10.9302,10.9302,0.000170,1.0004,KNN,0.999181,1,7.1253,7.1253,0.003230,1.0067,KNN,0.999993,1,12.3750,12.3750,0.000046,1.0001,KNN,0.999889,1,9.2509,9.2509,0.000560,1.0012
kk_grpo_v3_final_holdout_000349,KKN,NNK,0.497423,2,0.0005,-0.0005,0.348752,2.0652,KKN,0.562171,1,0.2512,0.2512,0.331690,1.9932,KKN,0.622714,1,0.5036,0.5036,0.321885,1.9530,KKN,0.990290,1,4.6310,4.6310,0.026473,1.0566,KKN,0.914921,1,2.3812,2.3812,0.141438,1.3419
kk_grpo_v3_final_holdout_000350,KKN,KNN,0.182425,2,1.4514,-1.4514,0.303592,1.8801,KNN,0.468769,2,0.1243,-0.1243,0.334065,2.0030,KNN,0.499828,2,0.0007,-0.0007,0.333344,2.0000,KKN,0.651174,1,0.6242,0.6242,0.311018,1.9093,KKN,0.705636,1,0.8743,0.8743,0.291439,1.8331
kk_grpo_v3_final_holdout_000351,KNK,KNK,0.730969,1,1.0007,1.0007,0.281291,1.7949,KNK,0.893305,1,2.1264,2.1264,0.163881,1.4060,KNK,0.731076,1,1.0002,1.0002,0.280183,1.7907,KNK,0.993307,1,5.0020,5.0020,0.019373,1.0411,KNK,0.977028,1,3.7506,3.7506,0.052641,1.1157
kk_grpo_v3_final_holdout_000352,NKN,NKN,0.951283,1,3.0129,3.0129,0.098288,1.2268,NKN,0.962650,1,3.3291,3.3291,0.081640,1.1850,NKN,0.990953,1,4.8200,4.8200,0.026944,1.0576,NKN,0.995373,1,5.8571,5.8571,0.015776,1.0333,NKN,0.985501,1,4.7235,4.7235,0.043867,1.0955
kk_grpo_v3_final_holdout_000353,KKK,KKK,0.923466,1,2.7163,2.7163,0.158557,1.3906,KKK,0.991173,1,4.9375,4.9375,0.027395,1.0586,KKK,0.999819,1,9.3402,9.3402,0.000948,1.0020,KKK,0.980687,1,4.2549,4.2549,0.053547,1.1178,KKK,0.999581,1,8.1318,8.1318,0.001928,1.0040
kk_grpo_v3_final_holdout_000354,NKK,NKK,0.658838,1,1.1687,1.1687,0.480941,2.7185,NKK,0.767183,1,1.4388,1.4388,0.333110,1.9991,NKK,0.990140,1,5.3752,5.3752,0.031778,1.0683,NKK,0.961868,1,3.5302,3.5302,0.091776,1.2103,NKK,0.950829,1,3.1242,3.1242,0.107315,1.2500
kk_grpo_v3_final_holdout_000355,KKN,KKN,0.581759,1,0.6356,0.6356,0.488599,2.7622,KKN,0.784326,1,1.8789,1.8789,0.341143,2.0327,KKN,0.980071,1,4.0561,4.0561,0.052997,1.1165,KKN,0.997681,1,6.2523,6.2523,0.008441,1.0177,KKN,0.701112,1,0.8553,0.8553,0.296206,1.8514
kk_grpo_v3_final_holdout_000356,KNN,KNK,0.012197,6,0.9166,-3.7500,0.630694,3.7117,KNK,0.002872,6,1.5011,-5.5000,0.461015,2.6082,NNN,0.010217,4,0.5078,-4.0078,0.478382,2.7041,NNN,0.000080,7,0.5444,-8.9194,0.418839,2.3892,NNN,0.010554,3,1.2879,-4.2879,0.301289,1.8711
kk_grpo_v3_final_holdout_000357,KKK,KKK,0.965379,1,3.8605,3.8605,0.087595,1.1998,KKK,0.999455,1,8.2483,8.2483,0.002480,1.0052,KKK,0.999727,1,8.3128,8.3128,0.001259,1.0026,KKK,0.989827,1,4.6649,4.6649,0.028724,1.0616,KKK,0.999984,1,11.3128,11.3128,0.000099,1.0002
kk_grpo_v3_final_holdout_000358,KNN,KNN,0.981939,1,4.0000,4.0000,0.043729,1.0952,KNN,0.997915,1,6.2500,6.2500,0.007463,1.0156,KNN,0.999839,1,9.3750,9.3750,0.000810,1.0017,KNN,0.999964,1,10.6250,10.6250,0.000210,1.0004,KNN,0.999525,1,7.9999,7.9999,0.002117,1.0044
kk_grpo_v3_final_holdout_000359,NNK,NNK,0.849856,1,1.7857,1.7857,0.220581,1.5820,NNK,0.904332,1,2.2510,2.2510,0.153232,1.3753,NNK,0.996106,1,5.6233,5.6233,0.012763,1.0269,NNK,0.985879,1,4.2538,4.2538,0.036022,1.0778,NNK,0.991326,1,4.7497,4.7497,0.024211,1.0516
kk_grpo_v3_final_holdout_000360,NNK,NNK,0.542170,1,0.6250,0.6250,0.550130,3.1392,NNK,0.655682,1,1.0000,1.0000,0.454003,2.5704,NNK,0.678055,1,0.7500,0.7500,0.307983,1.8973,NNK,0.650778,1,0.6250,0.6250,0.314375,1.9227,NNK,0.835182,1,1.6250,1.6250,0.216623,1.5690
kk_grpo_v3_final_holdout_000361,KKN,KKN,0.518962,1,0.1249,0.1249,0.386115,2.2320,KKN,0.557341,1,0.2750,0.2750,0.374006,2.1765,NNN,0.182241,2,1.4934,-1.4934,0.246769,1.6705,KKN,0.927581,1,2.6284,2.6284,0.135198,1.3246,NNN,0.468735,2,0.1192,-0.1192,0.342122,2.0369
kk_grpo_v3_final_holdout_000362,KKK,KKK,0.856048,1,1.7871,1.7871,0.200307,1.5167,KKK,0.983929,1,4.1199,4.1199,0.039896,1.0865,KKK,0.973816,1,3.6200,3.6200,0.058674,1.1298,KKK,0.940643,1,2.7645,2.7645,0.108664,1.2535,KKK,0.998439,1,6.5183,6.5183,0.005793,1.0121
kk_grpo_v3_final_holdout_000363,KKN,NKN,0.097522,3,0.5747,-1.5972,0.662524,3.9657,NKN,0.096439,3,1.5728,-1.9492,0.515417,2.9206,NKN,0.003253,3,2.3995,-5.6342,0.160971,1.3976,NKN,0.024189,3,1.9364,-3.5445,0.281971,1.7974,NKN,0.007911,3,1.0052,-4.5127,0.318576,1.9396
kk_grpo_v3_final_holdout_000364,KNK,KNK,0.945515,1,3.5088,3.5088,0.124700,1.2960,KNK,0.976852,1,3.8718,3.8718,0.057256,1.1264,KNK,0.991944,1,4.8759,4.8759,0.023536,1.0502,KNK,0.991419,1,4.7512,4.7512,0.023797,1.0507,KNK,0.974036,1,3.6255,3.6255,0.057989,1.1282
kk_grpo_v3_final_holdout_000365,KNN,KNN,0.987552,1,4.3752,4.3752,0.032285,1.0694,KNN,0.984056,1,4.1262,4.1262,0.039533,1.0857,KNN,0.989007,1,4.5015,4.5015,0.029185,1.0626,KNN,0.997817,1,6.1254,6.1254,0.007487,1.0157,KNN,0.966925,1,3.3754,3.3754,0.069878,1.1564
kk_grpo_v3_final_holdout_000366,NKN,NKN,0.918293,1,2.8093,2.8093,0.167825,1.4176,NKN,0.948210,1,3.5026,3.5026,0.121876,1.2884,NKN,0.949925,1,3.0025,3.0025,0.101303,1.2345,NKN,0.946697,1,3.1382,3.1382,0.114041,1.2676,NKN,0.986734,1,4.6218,4.6218,0.037636,1.0814
kk_grpo_v3_final_holdout_000367,KKN,KKN,0.881157,1,2.7467,2.7467,0.234754,1.6293,KKN,0.973428,1,3.7370,3.7370,0.064604,1.1438,KKN,0.997152,1,6.0013,6.0013,0.009999,1.0210,KKN,0.999745,1,8.7489,8.7489,0.001220,1.0025,KKN,0.999835,1,8.8824,8.8824,0.000809,1.0017
kk_grpo_v3_final_holdout_000368,KKN,KKN,0.974013,1,3.8834,3.8834,0.066672,1.1487,KKN,0.999705,1,8.3273,8.3273,0.001387,1.0029,KKN,0.976985,1,3.9367,3.9367,0.058185,1.1286,KKN,0.991414,1,4.8812,4.8812,0.025639,1.0548,KKN,0.998826,1,6.8387,6.8387,0.004552,1.0095
kk_grpo_v3_final_holdout_000369,KKK,KKK,0.997541,1,6.0703,6.0703,0.008576,1.0180,KKK,0.999841,1,8.7586,8.7586,0.000754,1.0016,KKK,0.999891,1,9.1256,9.1256,0.000533,1.0011,KKK,0.999841,1,8.7562,8.7562,0.000747,1.0016,KKK,0.999972,1,10.5002,10.5002,0.000153,1.0003
kk_grpo_v3_final_holdout_000370,NKN,NNK,0.099597,3,1.5049,-1.9999,0.365206,2.1370,NNK,0.128364,3,1.7265,-1.7500,0.367742,2.1483,NNK,0.037047,2,3.2499,-3.2499,0.097660,1.2252,NNK,0.018792,3,2.4799,-3.8749,0.173382,1.4341,NNK,0.021877,3,3.0056,-3.7505,0.145382,1.3530
kk_grpo_v3_final_holdout_000371,NNN,NNN,0.880904,1,2.0013,2.0013,0.175728,1.4411,NNN,0.893517,1,2.1274,2.1274,0.163199,1.4041,NNN,0.989008,1,4.5020,4.5020,0.029200,1.0626,NNN,0.952333,1,2.9953,2.9953,0.092271,1.2115,NNN,0.924322,1,2.5042,2.5042,0.129411,1.3088
kk_grpo_v3_final_holdout_000372,KKK,NNK,0.310617,2,0.7921,-0.7921,0.310186,1.9060,NNK,0.357229,2,0.5849,-0.5849,0.319131,1.9418,KKK,0.851934,1,1.7500,1.7500,0.201782,1.5213,KKK,0.558306,1,0.2345,0.2345,0.330447,1.9880,KKK,0.562064,1,0.2497,0.2497,0.329869,1.9856
kk_grpo_v3_final_holdout_000373,NKK,KNK,0.131500,3,0.9064,-1.5306,0.474808,2.6841,KNK,0.072020,3,0.4287,-2.0516,0.432975,2.4605,KNK,0.001022,4,2.0047,-6.7551,0.190319,1.4855,KNK,0.009043,3,2.6267,-4.6254,0.147941,1.3602,NNN,0.009554,4,0.2072,-3.9998,0.428143,2.4359
kk_grpo_v3_final_holdout_000374,KKK,KKK,0.996341,1,5.6254,5.6254,0.011827,1.0249,KKK,0.999915,1,9.5000,9.5000,0.000443,1.0009,KKK,0.999856,1,8.8750,8.8750,0.000695,1.0014,KKK,0.998069,1,6.2491,6.2491,0.006739,1.0141,KKK,0.999977,1,10.8750,10.8750,0.000134,1.0003
kk_grpo_v3_final_holdout_000375,KNN,NNN,0.200575,2,1.3809,-1.3809,0.246224,1.6686,KNN,0.527155,1,0.1173,0.1173,0.343913,2.0445,NNN,0.066120,2,2.6457,-2.6457,0.124034,1.2942,KNN,0.927581,1,2.6118,2.6118,0.132862,1.3182,NNN,0.363975,2,0.5340,-0.5340,0.349815,2.0697
kk_grpo_v3_final_holdout_000376,NKK,NKK,0.601076,1,0.8750,0.8750,0.452546,2.5627,NKK,0.923818,1,2.4991,2.4991,0.130431,1.3116,NKK,0.962592,1,3.2495,3.2495,0.076997,1.1736,NKK,0.976597,1,4.1152,4.1152,0.060454,1.1340,NKK,0.957866,1,3.1245,3.1245,0.084107,1.1911
kk_grpo_v3_final_holdout_000377,NNN,NNN,0.962306,1,3.2545,3.2545,0.078826,1.1781,NNN,0.923865,1,2.5052,2.5052,0.131690,1.3150,NNN,0.977015,1,3.7574,3.7574,0.053189,1.1170,NNN,0.996392,1,5.6398,5.6398,0.011674,1.0246,NNN,0.977025,1,3.7547,3.7547,0.052970,1.1164
kk_grpo_v3_final_holdout_000378,KKK,KKK,0.999768,1,8.3931,8.3931,0.001063,1.0022,KKK,0.999968,1,10.4012,10.4012,0.000178,1.0004,KKK,0.999985,1,11.1248,11.1248,0.000088,1.0002,KKK,0.999999,1,13.5734,13.5734,0.000010,1.0000,KKK,0.999997,1,12.6914,12.6914,0.000022,1.0000
kk_grpo_v3_final_holdout_000379,KKN,KKN,0.946585,1,2.8758,2.8758,0.100455,1.2323,KKN,0.994779,1,5.2509,5.2509,0.015719,1.0332,KKN,0.999194,1,7.1347,7.1347,0.003175,1.0066,KKN,0.939915,1,2.7506,2.7506,0.109399,1.2554,KKN,0.999620,1,7.8956,7.8956,0.001641,1.0034
kk_grpo_v3_final_holdout_000380,KKN,KNK,0.407316,2,0.0939,-0.0939,0.483856,2.7351,KKN,0.754892,1,1.2251,1.2251,0.304954,1.8854,KKN,0.973976,1,3.7377,3.7377,0.062477,1.1387,KKN,0.994056,1,5.1949,5.1949,0.018302,1.0388,KKN,0.994656,1,5.3626,5.3626,0.017142,1.0363
kk_grpo_v3_final_holdout_000381,NNK,NNK,0.996168,1,5.8794,5.8794,0.013558,1.0286,NNK,0.998885,1,7.0028,7.0028,0.004445,1.0093,NNK,0.997742,1,6.2520,6.2520,0.008164,1.0171,NNK,0.999747,1,8.3775,8.3775,0.001170,1.0024,NNK,0.957926,1,3.1275,3.1275,0.084225,1.1914
kk_grpo_v3_final_holdout_000382,NNN,NNN,0.718127,1,0.9406,0.9406,0.290715,1.8304,NNN,0.545127,1,0.1813,0.1813,0.332080,1.9948,NNN,0.835414,1,1.6248,1.6248,0.215299,1.5647,NNN,0.932426,1,2.6249,2.6249,0.119040,1.2809,NNN,0.605551,1,0.4575,0.4575,0.347126,2.0582
kk_grpo_v3_final_holdout_000383,KNN,KNN,0.466999,1,0.2073,0.2073,0.521572,2.9582,KNN,0.768440,1,1.3604,1.3604,0.325069,1.9659,KNN,0.806320,1,1.6800,1.6800,0.302681,1.8765,KNN,0.892861,1,2.1666,2.1666,0.175125,1.4393,KNN,0.880774,1,2.6194,2.6194,0.238058,1.6405
kk_grpo_v3_final_holdout_000384,KKK,KKK,0.998070,1,7.0760,7.0760,0.007737,1.0162,KKK,0.999769,1,8.6982,8.6982,0.001110,1.0023,KKK,0.999985,1,11.7010,11.7010,0.000093,1.0002,KKK,0.999998,1,13.5314,13.5314,0.000016,1.0000,KKK,0.999996,1,13.0231,13.0231,0.000026,1.0001
kk_grpo_v3_final_holdout_000385,NNK,KNN,0.005018,6,0.0616,-4.3314,0.654554,3.9005,KKN,0.001341,6,0.2520,-5.8209,0.593158,3.4330,KKK,0.000056,7,1.2500,-9.3864,0.488811,2.7634,KKN,0.000009,7,1.2759,-11.3740,0.285348,1.8101,KKN,0.000324,7,1.2557,-7.5851,0.473598,2.6773
kk_grpo_v3_final_holdout_000386,KNN,KKN,0.306987,2,0.6253,-0.6253,0.454981,2.5757,KKN,0.269149,2,0.8751,-0.8751,0.407531,2.3337,KKN,0.047230,2,3.0041,-3.0041,0.092571,1.2123,KKN,0.164045,2,1.6279,-1.6279,0.216580,1.5689,KKN,0.318579,2,0.7568,-0.7568,0.309102,1.9017
kk_grpo_v3_final_holdout_000387,NKK,KNK,0.468349,2,0.1207,-0.1207,0.342539,2.0387,KNK,0.320806,2,0.7424,-0.7424,0.316544,1.9314,NKK,0.957878,1,3.1258,3.1258,0.084267,1.1915,KNK,0.047433,2,2.9995,-2.9995,0.093211,1.2139,NKK,0.651348,1,0.6257,0.6257,0.312039,1.9134
kk_grpo_v3_final_holdout_000388,NNK,KNN,0.311206,2,0.1237,-0.1237,0.575413,3.3086,NNK,0.448695,1,0.2502,0.2502,0.528568,3.0015,NNK,0.694344,1,1.2502,1.2502,0.395300,2.2751,KNN,0.002048,3,4.4999,-6.1772,0.039390,1.0854,NNK,0.675702,1,1.2422,1.2422,0.475300,2.6868
kk_grpo_v3_final_holdout_000389,KNK,KNK,0.499573,1,0.0430,0.0430,0.379154,2.1999,NKK,0.499123,2,0.0000,-0.0000,0.339543,2.0260,NKK,0.053323,2,2.8726,-2.8726,0.112464,1.2635,KNK,0.979579,1,3.8751,3.8751,0.048238,1.1055,NKK,0.316836,2,0.7464,-0.7464,0.339114,2.0242
kk_grpo_v3_final_holdout_000390,KKN,KKN,0.610734,1,1.0013,1.0013,0.506089,2.8645,KKN,0.722057,1,1.3761,1.3761,0.403901,2.3161,KKN,0.966704,1,3.7501,3.7501,0.083994,1.1908,KKN,0.969019,1,3.4994,3.4994,0.070009,1.1567,KKN,0.968893,1,4.2842,4.2842,0.085647,1.1949
kk_grpo_v3_final_holdout_000391,KNN,KNN,0.720716,1,1.6259,1.6259,0.398677,2.2911,NNK,0.109444,3,0.5898,-1.5898,0.547236,3.1204,KNK,0.000390,5,1.0989,-7.5000,0.365779,2.1396,NNK,0.291147,2,0.5832,-0.5832,0.508710,2.8801,KNK,0.006320,3,0.6277,-4.6250,0.340798,2.0313
kk_grpo_v3_final_holdout_000392,KKK,KKK,0.999980,1,10.8773,10.8773,0.000118,1.0002,KKK,0.999993,1,12.0070,12.0070,0.000045,1.0001,KKK,0.999998,1,13.6895,13.6895,0.000011,1.0000,KKK,0.999999,1,14.1293,14.1293,0.000006,1.0000,KKK,0.999999,1,14.7504,14.7504,0.000004,1.0000
kk_grpo_v3_final_holdout_000393,KKK,KKK,0.999874,1,9.3526,9.3526,0.000658,1.0014,KKK,0.999987,1,11.8035,11.8035,0.000084,1.0002,KKK,0.999996,1,12.9411,12.9411,0.000030,1.0001,KKK,0.999999,1,14.9387,14.9387,0.000004,1.0000,KKK,0.999999,1,14.8713,14.8713,0.000007,1.0000
kk_grpo_v3_final_holdout_000394,NKN,NKN,0.592539,1,0.4368,0.4368,0.370226,2.1595,NKN,0.531195,1,0.2853,0.2853,0.427311,2.4316,NKN,0.879940,1,2.1597,2.1597,0.203125,1.5256,KNN,0.245082,2,1.1125,-1.1125,0.292174,1.8359,NKN,0.679150,1,0.7508,0.7508,0.302972,1.8776
kk_grpo_v3_final_holdout_000395,KNN,KNN,0.988993,1,4.5041,4.5041,0.029356,1.0629,KNN,0.998069,1,6.2626,6.2626,0.006809,1.0143,KNN,0.997196,1,5.9753,5.9753,0.009705,1.0204,KNN,0.999737,1,8.2522,8.2522,0.001179,1.0025,KNN,0.994090,1,5.1260,5.1260,0.017440,1.0369
kk_grpo_v3_final_holdout_000396,NKK,NKK,0.649715,1,0.6229,0.6229,0.317120,1.9337,NKK,0.562187,1,0.2502,0.2502,0.329958,1.9860,NKK,0.901848,1,2.2469,2.2469,0.161178,1.3982,KKN,0.468740,2,0.1250,-0.1250,0.332945,1.9984,NKK,0.700416,1,0.8673,0.8673,0.306524,1.8916
kk_grpo_v3_final_holdout_000397,NNK,NNK,0.515641,1,0.1955,0.1955,0.440630,2.4999,NNK,0.530414,1,0.1255,0.1255,0.338476,2.0215,NNK,0.939724,1,2.7500,2.7500,0.110171,1.2575,NNK,0.592538,1,0.3891,0.3891,0.340367,2.0295,NNK,0.892750,1,2.1244,2.1244,0.165559,1.4110
kk_grpo_v3_final_holdout_000398,KKK,KKK,0.999930,1,9.6250,9.6250,0.000362,1.0008,KKK,0.999997,1,12.7500,12.7500,0.000023,1.0000,KKK,0.999999,1,14.2500,14.2500,0.000009,1.0000,KKK,0.999998,1,13.5005,13.5005,0.000012,1.0000,KKK,1.000000,1,15.5625,15.5625,0.000003,1.0000
kk_grpo_v3_final_holdout_000399,KKK,KKK,0.999129,1,7.7724,7.7724,0.003842,1.0080,KKK,0.999919,1,10.2915,10.2915,0.000449,1.0009,KKK,0.999952,1,10.1944,10.1944,0.000270,1.0006,KKK,0.999995,1,12.3752,12.3752,0.000032,1.0001,KKK,0.999995,1,12.8126,12.8126,0.000034,1.0001
kk_grpo_v3_final_holdout_000400,KNK,KNK,0.988699,1,5.1250,5.1250,0.034099,1.0735,KNK,0.999144,1,7.4997,7.4997,0.003607,1.0075,KNK,0.999368,1,7.3750,7.3750,0.002557,1.0053,KNK,0.999908,1,9.8750,9.8750,0.000487,1.0010,KNK,0.994084,1,5.1250,5.1250,0.017451,1.0370
kk_grpo_v3_final_holdout_000401,NKK,NKN,0.005586,4,3.3416,-5.1250,0.139428,1.3363,NKN,0.338413,2,0.6250,-0.6250,0.375017,2.1811,NKK,0.923060,1,2.5000,2.5000,0.133607,1.3203,NKK,0.850663,1,1.7500,1.7500,0.207343,1.5390,NKK,0.921185,1,2.5000,2.5000,0.140669,1.3398
kk_grpo_v3_final_holdout_000402,NNK,NNK,0.798097,1,1.3749,1.3749,0.242351,1.6553,NNK,0.952555,1,3.0001,3.0001,0.091921,1.2106,NNK,0.851932,1,1.7500,1.7500,0.201799,1.5214,NNK,0.995916,1,5.4999,5.4999,0.012811,1.0270,NNK,0.996347,1,5.6251,5.6251,0.011771,1.0248
kk_grpo_v3_final_holdout_000403,NNN,NNN,0.972487,1,4.9021,4.9021,0.082141,1.1863,NNN,0.981795,1,4.9516,4.9516,0.056857,1.1255,NNN,0.994488,1,5.6272,5.6272,0.018470,1.0392,NNN,0.999441,1,7.9299,7.9299,0.002554,1.0053,NNN,0.998669,1,6.9636,6.9636,0.005372,1.0112
kk_grpo_v3_final_holdout_000404,KNK,KNK,0.711307,1,1.3750,1.3750,0.451618,2.5577,KNK,0.875522,1,2.5000,2.5000,0.244678,1.6633,KNK,0.895805,1,2.4757,2.4757,0.206046,1.5349,KNK,0.930305,1,2.6250,2.6250,0.127407,1.3033,KNK,0.896287,1,2.5918,2.5918,0.201733,1.5212
kk_grpo_v3_final_holdout_000405,KKK,KKK,0.896207,1,2.4834,2.4834,0.205438,1.5330,KKK,0.983078,1,4.1521,4.1521,0.044194,1.0963,KKK,0.995346,1,5.3770,5.3770,0.014409,1.0304,KKK,0.999568,1,8.4747,8.4747,0.002041,1.0043,KKK,0.995914,1,5.5010,5.5010,0.012839,1.0271
kk_grpo_v3_final_holdout_000406,KKN,KKN,0.924188,1,2.6166,2.6166,0.142374,1.3445,KKN,0.946079,1,2.8742,2.8742,0.102488,1.2375,KKN,0.933185,1,3.0000,3.0000,0.137794,1.3318,KKN,0.994675,1,5.2495,5.2495,0.016232,1.0343,KKN,0.981773,1,4.6250,4.6250,0.049864,1.1093
kk_grpo_v3_final_holdout_000407,NNK,NNK,0.678978,1,0.7500,0.7500,0.303103,1.8781,NNK,0.932361,1,2.6250,2.6250,0.119426,1.2819,NNK,0.999681,1,8.3750,8.3750,0.001512,1.0031,NNK,0.999840,1,9.3771,9.3771,0.000834,1.0017,NNK,0.970591,1,3.5000,3.5000,0.064174,1.1428
kk_grpo_v3_final_holdout_000408,KKN,KNN,0.182428,2,1.5000,-1.5000,0.228562,1.6085,KNN,0.294209,2,0.8750,-0.8750,0.291382,1.8329,KKN,0.970685,1,3.5000,3.5000,0.063662,1.1415,KKN,0.731056,1,1.0000,1.0000,0.279993,1.7900,KKN,0.987564,1,4.3749,4.3749,0.032193,1.0692
kk_grpo_v3_final_holdout_000409,NKN,NKN,0.851880,1,1.7501,1.7501,0.202170,1.5226,NKN,0.946428,1,2.8750,2.8750,0.101053,1.2338,NKN,0.979396,1,3.8754,3.8754,0.049052,1.1074,NKN,0.993295,1,5.0040,5.0040,0.019488,1.0414,NKN,0.957876,1,3.1259,3.1259,0.084294,1.1916
kk_grpo_v3_final_holdout_000410,KKN,KNK,0.038509,3,2.8029,-3.1197,0.257990,1.7100,KNK,0.017135,4,3.6727,-3.9974,0.156730,1.3853,KNK,0.007470,3,4.5235,-4.8683,0.080215,1.1815,KNK,0.002468,3,2.7500,-5.9379,0.124572,1.2957,KNN,0.008567,3,3.0000,-4.6986,0.127142,1.3026
kk_grpo_v3_final_holdout_000411,KKN,KNN,0.155153,2,1.2500,-1.2500,0.648386,3.8508,KNK,0.280846,2,0.1808,-0.1808,0.678275,4.0977,KNK,0.005583,6,0.0586,-4.4336,0.493568,2.7908,KNN,0.059369,2,2.7288,-2.7288,0.191818,1.4901,KKK,0.068158,3,0.0672,-1.8750,0.564779,3.2363
kk_grpo_v3_final_holdout_000412,KNN,KNN,0.999652,1,8.1250,8.1250,0.001587,1.0033,KNN,0.999923,1,9.8750,9.8750,0.000419,1.0009,KNN,0.999266,1,7.2500,7.2500,0.002954,1.0062,KNN,0.999995,1,12.6812,12.6812,0.000032,1.0001,KNN,0.999958,1,10.3750,10.3750,0.000239,1.0005
kk_grpo_v3_final_holdout_000413,NNK,NNK,0.700292,1,1.0003,1.0003,0.359039,2.1098,NNK,0.584354,1,0.3760,0.3760,0.358502,2.1075,NNK,0.865300,1,1.8692,1.8692,0.193817,1.4964,NNK,0.934355,1,2.7504,2.7504,0.126247,1.3002,NNK,0.796858,1,2.4266,2.4266,0.366505,2.1428
kk_grpo_v3_final_holdout_000414,KNN,KNN,0.684378,1,1.1928,1.1928,0.440398,2.4987,KNN,0.730396,1,1.5545,1.5545,0.415127,2.3708,KNN,0.761048,1,1.4807,1.4807,0.364419,2.1336,KNN,0.991286,1,5.1278,5.1278,0.027984,1.0599,KNN,0.884224,1,2.4784,2.4784,0.227925,1.6063
kk_grpo_v3_final_holdout_000415,KKN,KKN,0.977778,1,3.8750,3.8750,0.054707,1.1205,KKN,0.999120,1,7.1251,7.1251,0.003555,1.0074,KKN,0.999914,1,10.0000,10.0000,0.000480,1.0010,KKN,0.999952,1,10.5000,10.5000,0.000276,1.0006,KKN,0.999766,1,8.3750,8.3750,0.001063,1.0022
kk_grpo_v3_final_holdout_000416,NKN,KNK,0.438076,2,0.1630,-0.1630,0.422992,2.4099,KNK,0.118202,2,1.9875,-1.9875,0.221804,1.5860,KNK,0.009576,3,1.3741,-4.4127,0.268098,1.7463,KNK,0.000158,4,2.6233,-8.6811,0.124190,1.2947,KKK,0.000025,4,0.6254,-10.1840,0.311552,1.9114
kk_grpo_v3_final_holdout_000417,NNK,NNK,0.851349,1,1.7553,1.7553,0.206749,1.5371,NNK,0.914726,1,2.3747,2.3747,0.140781,1.3401,NNK,0.981897,1,3.9994,3.9994,0.043874,1.0955,NNK,0.991404,1,4.7500,4.7500,0.023844,1.0508,NNK,0.970576,1,3.4997,3.4997,0.064171,1.1428
kk_grpo_v3_final_holdout_000418,NKN,NKN,0.923746,1,2.5693,2.5693,0.139827,1.3374,NKN,0.903062,1,2.3026,2.3026,0.166440,1.4135,NKN,0.991189,1,4.7518,4.7518,0.024854,1.0530,NKN,0.996290,1,5.6242,5.6242,0.012022,1.0253,NKN,0.995958,1,5.6423,5.6423,0.013522,1.0285
kk_grpo_v3_final_holdout_000419,KKK,KKK,0.994832,1,6.0000,6.0000,0.017899,1.0379,KKK,0.999921,1,10.2546,10.2546,0.000439,1.0009,KKK,0.999945,1,10.5005,10.5005,0.000312,1.0006,KKK,0.999986,1,11.3750,11.3750,0.000086,1.0002,KKK,0.999996,1,12.7500,12.7500,0.000029,1.0001
kk_grpo_v3_final_holdout_000420,NNK,NNK,0.765274,1,1.1884,1.1884,0.267336,1.7435,NNK,0.944743,1,2.8409,2.8409,0.103186,1.2393,NNK,0.977928,1,3.8719,3.8719,0.053907,1.1186,NNK,0.999587,1,8.1251,8.1251,0.001916,1.0040,NNK,0.986538,1,4.4985,4.4985,0.037785,1.0817
kk_grpo_v3_final_holdout_000421,KNN,NNK,0.428579,2,0.2015,-0.2015,0.418451,2.3873,KNN,0.642896,1,0.6496,0.6496,0.359711,2.1128,NNK,0.029365,2,3.4948,-3.4948,0.074295,1.1671,NNK,0.410433,2,0.3618,-0.3618,0.326717,1.9727,NNK,0.164342,2,1.6256,-1.6256,0.217375,1.5715
kk_grpo_v3_final_holdout_000422,KKN,KKN,0.994048,1,5.1513,5.1513,0.017986,1.0381,KKN,0.999857,1,9.2235,9.2235,0.000726,1.0015,KKN,0.999950,1,10.0336,10.0336,0.000272,1.0006,KKN,0.999992,1,12.3870,12.3870,0.000054,1.0001,KKN,0.999994,1,12.3137,12.3137,0.000037,1.0001
kk_grpo_v3_final_holdout_000423,NNK,NKN,0.019254,3,2.9343,-3.8732,0.157583,1.3878,NKN,0.000896,5,4.1884,-6.9942,0.061750,1.1370,NKN,0.000907,4,4.1250,-6.9845,0.054364,1.1197,NKN,0.000203,4,3.6250,-8.4737,0.061919,1.1374,NKN,0.095171,3,1.6250,-2.0702,0.352007,2.0792
kk_grpo_v3_final_holdout_000424,NKN,NKN,0.977507,1,3.8751,3.8751,0.055276,1.1218,NKN,0.993527,1,5.1251,5.1251,0.019745,1.0419,NKN,0.997090,1,5.8751,5.8751,0.009831,1.0207,NKN,0.880784,1,2.0002,2.0002,0.175894,1.4416,NKN,0.531171,1,0.1251,0.1251,0.332999,1.9986
kk_grpo_v3_final_holdout_000425,KNN,KNN,0.886486,1,2.1251,2.1251,0.184016,1.4662,KKN,0.468819,2,0.1247,-0.1247,0.332958,1.9984,KKN,0.095392,2,2.2494,-2.2494,0.151675,1.3708,KNN,0.592860,1,0.3758,0.3758,0.325065,1.9659,KKN,0.119061,2,2.0013,-2.0013,0.175638,1.4408
kk_grpo_v3_final_holdout_000426,NNK,NNK,0.499877,1,0.0002,0.0002,0.334741,2.0059,KKN,0.468725,2,0.1250,-0.1250,0.333166,1.9993,NNK,0.981890,1,4.0006,4.0006,0.043987,1.0958,NNK,0.561588,1,0.2491,0.2491,0.332145,1.9951,NNK,0.704826,1,0.8740,0.8740,0.295523,1.8488
kk_grpo_v3_final_holdout_000427,NKN,KNK,0.119564,2,1.8879,-1.8879,0.331221,1.9912,KNK,0.063535,3,1.9260,-2.5517,0.293932,1.8427,KNK,0.028451,2,3.5097,-3.5097,0.116168,1.2732,KNK,0.029659,3,2.8036,-3.4289,0.167258,1.4160,KNK,0.000333,3,2.2542,-7.9055,0.153766,1.3768
kk_grpo_v3_final_holdout_000428,KNN,KNN,0.997180,1,5.8750,5.8750,0.009374,1.0197,KNN,0.984086,1,4.1250,4.1250,0.039311,1.0852,KNN,0.979654,1,3.8749,3.8749,0.047848,1.1046,KNN,0.993302,1,5.0000,5.0000,0.019355,1.0411,KNK,0.468775,2,0.1250,-0.1250,0.332501,1.9965
kk_grpo_v3_final_holdout_000429,NNK,KKN,0.160381,3,0.2608,-1.0104,0.572514,3.2888,KKN,0.063583,3,0.8193,-2.3193,0.404501,2.3190,NKK,0.103363,3,1.1554,-1.8748,0.422120,2.4055,KKN,0.031379,3,2.4513,-3.3256,0.241312,1.6517,KKN,0.165258,3,0.7120,-1.2120,0.487277,2.7546
kk_grpo_v3_final_holdout_000430,NKK,NKK,0.838228,1,1.9924,1.9924,0.280983,1.7937,NKK,0.902893,1,2.2493,2.2493,0.157957,1.3888,NKK,0.945834,1,2.8768,2.8768,0.103667,1.2406,NKK,0.991794,1,5.3769,5.3769,0.027059,1.0579,NKK,0.974131,1,3.8858,3.8858,0.064500,1.1435
kk_grpo_v3_final_holdout_000431,NNN,NNN,0.961752,1,3.2450,3.2450,0.080189,1.1815,NNN,0.939681,1,2.7498,2.7498,0.110393,1.2580,NNN,0.984063,1,4.1269,4.1269,0.039533,1.0857,NNN,0.999827,1,9.2499,9.2499,0.000864,1.0018,NNN,0.999506,1,7.6290,7.6290,0.002070,1.0043
kk_grpo_v3_final_holdout_000432,KNN,KNN,0.903784,1,2.8277,2.8277,0.187778,1.4777,KNN,0.945881,1,2.9305,2.9305,0.109145,1.2548,KNN,0.979756,1,4.3750,4.3750,0.057606,1.1273,KNN,0.994467,1,5.3199,5.3199,0.017776,1.0377,KNN,0.979007,1,3.8805,3.8805,0.051031,1.1120
kk_grpo_v3_final_holdout_000433,KNN,KNN,0.914959,1,2.3829,2.3829,0.141817,1.3430,KNN,0.952579,1,3.0083,3.0083,0.092968,1.2133,KNN,0.979762,1,3.8849,3.8849,0.047980,1.1049,KNN,0.998945,1,6.9138,6.9138,0.004118,1.0086,KNN,0.995915,1,5.5073,5.5073,0.012902,1.0272
kk_grpo_v3_final_holdout_000434,NKK,NKK,0.834046,1,1.6238,1.6238,0.220962,1.5832,NKK,0.923440,1,2.4992,2.4992,0.131983,1.3158,NKK,0.962534,1,3.2498,3.2498,0.077307,1.1744,NKK,0.966704,1,3.3746,3.3746,0.070833,1.1587,NKK,0.904631,1,2.2499,2.2499,0.151460,1.3702
kk_grpo_v3_final_holdout_000435,KNK,KNK,0.711153,1,1.2500,1.2500,0.375458,2.1831,KNK,0.870102,1,2.1250,2.1250,0.217152,1.5708,KNK,0.983518,1,4.3750,4.3750,0.044944,1.0980,KNK,0.834502,1,1.6250,1.6250,0.219146,1.5773,KNK,0.988095,1,5.0000,5.0000,0.035074,1.0757
kk_grpo_v3_final_holdout_000436,NNK,KNN,0.172989,2,1.4189,-1.4189,0.418127,2.3856,KNN,0.256083,2,0.9135,-0.9135,0.453572,2.5681,KNN,0.070589,3,2.2497,-2.4083,0.363887,2.1312,NNK,0.608304,1,0.6477,0.6477,0.421827,2.4041,KNN,0.289446,2,0.8848,-0.8848,0.316545,1.9314
kk_grpo_v3_final_holdout_000437,KKK,KKK,0.999434,1,8.3750,8.3750,0.002642,1.0055,KKK,0.999965,1,10.5549,10.5549,0.000200,1.0004,KKK,0.999940,1,9.7515,9.7515,0.000313,1.0007,KKK,0.999992,1,12.5000,12.5000,0.000053,1.0001,KKK,0.999995,1,12.7117,12.7117,0.000035,1.0001
kk_grpo_v3_final_holdout_000438,KNK,KNK,0.995363,1,5.3750,5.3750,0.014296,1.0302,KNK,0.987564,1,4.3750,4.3750,0.032200,1.0693,KNK,0.880800,1,2.0001,2.0001,0.175699,1.4410,KNK,0.939915,1,2.7500,2.7500,0.109266,1.2551,KNK,0.622484,1,0.5001,0.5001,0.318768,1.9403
kk_grpo_v3_final_holdout_000439,KKK,KKK,0.999959,1,10.1303,10.1303,0.000223,1.0005,KKK,0.999979,1,10.8138,10.8138,0.000120,1.0002,KKK,0.999972,1,10.5111,10.5111,0.000159,1.0003,KKK,0.999987,1,11.3140,11.3140,0.000075,1.0002,KKK,0.999986,1,11.2080,11.2080,0.000083,1.0002
kk_grpo_v3_final_holdout_000440,NNK,NKN,0.184628,2,1.3720,-1.3720,0.400496,2.2998,NKN,0.032877,4,2.3261,-3.2268,0.323962,1.9614,NKN,0.047139,2,2.9904,-2.9904,0.134819,1.3236,NKN,0.008550,2,4.7481,-4.7481,0.041409,1.0899,NKN,0.094298,2,2.2238,-2.2238,0.232908,1.6231
kk_grpo_v3_final_holdout_000441,KKK,KKK,0.998919,1,6.8750,6.8750,0.004184,1.0087,KKK,0.999971,1,10.6875,10.6875,0.000166,1.0003,KKK,0.999695,1,8.1250,8.1250,0.001355,1.0028,KKK,0.999654,1,8.0000,8.0000,0.001516,1.0032,KKK,0.999992,1,12.4523,12.4523,0.000055,1.0001
kk_grpo_v3_final_holdout_000442,NKK,KNK,0.330604,2,0.1271,-0.1271,0.532829,3.0283,NKK,0.565354,1,0.3306,0.3306,0.383128,2.2182,NNN,0.405294,2,0.3027,-0.3027,0.403719,2.3152,KNK,0.273575,2,0.9480,-0.9480,0.333036,1.9988,NKK,0.661859,1,1.0530,1.0530,0.450962,2.5542
kk_grpo_v3_final_holdout_000443,NNN,NNN,0.929841,1,3.1411,3.1411,0.148768,1.3625,NNN,0.936915,1,3.1118,3.1118,0.135621,1.3258,NNN,0.989951,1,4.7543,4.7543,0.029988,1.0643,NNN,0.995586,1,6.2498,6.2498,0.015939,1.0337,NNN,0.994701,1,5.5017,5.5017,0.018004,1.0381
kk_grpo_v3_final_holdout_000444,KKK,KKK,0.748871,1,1.1684,1.1684,0.308117,1.8978,KKK,0.731078,1,1.0119,1.0119,0.289132,1.8244,KKK,0.957666,1,3.1219,3.1219,0.084749,1.1927,KKK,0.622719,1,0.5041,0.5041,0.322709,1.9563,KKK,0.914984,1,2.3806,2.3806,0.141144,1.3411
kk_grpo_v3_final_holdout_000445,KNK,KNK,0.818781,1,1.5739,1.5739,0.255370,1.7007,KNK,0.961062,1,3.2577,3.2577,0.083979,1.1908,KNK,0.997649,1,6.2985,6.2985,0.008815,1.0185,KNK,0.999579,1,7.8802,7.8802,0.001853,1.0039,KNK,0.999703,1,8.7504,8.7504,0.001431,1.0030
kk_grpo_v3_final_holdout_000446,NKN,NKN,0.992929,1,5.2249,5.2249,0.022653,1.0482,NKN,0.998120,1,6.5002,6.5002,0.007036,1.0147,NKN,0.554520,1,0.2192,0.2192,0.330911,1.9900,NKN,0.973844,1,3.6250,3.6250,0.058818,1.1301,NKN,0.798060,1,1.3750,1.3750,0.242555,1.6560
kk_grpo_v3_final_holdout_000447,NKN,NKN,0.726012,1,1.1056,1.1056,0.340092,2.0283,NKN,0.530509,1,0.2128,0.2128,0.400987,2.3021,NKN,0.851802,1,2.0023,2.0023,0.240362,1.6484,NKN,0.999692,1,8.4741,8.4741,0.001460,1.0030,NKN,0.992133,1,5.1212,5.1212,0.024618,1.0525
kk_grpo_v3_final_holdout_000448,NKK,KNN,0.233703,3,0.6320,-0.6738,0.610721,3.5607,KKK,0.074014,3,0.0050,-1.8133,0.486275,2.7488,KKK,0.001669,3,2.6259,-6.3235,0.125308,1.2977,NKK,0.561014,1,0.5434,0.5434,0.464423,2.6267,KKN,0.009403,4,1.7728,-4.3983,0.368470,2.1516
kk_grpo_v3_final_holdout_000449,KKK,KKK,0.999763,1,8.3983,8.3983,0.001095,1.0023,KKK,0.999898,1,9.2575,9.2575,0.000514,1.0011,KKK,0.999953,1,10.1894,10.1894,0.000265,1.0006,KKK,0.999990,1,12.0380,12.0380,0.000066,1.0001,KKK,0.999994,1,12.7016,12.7016,0.000044,1.0001
kk_grpo_v3_final_holdout_000450,NKN,NKN,0.617969,1,0.6786,0.6786,0.419165,2.3908,NKN,0.777049,1,1.2663,1.2663,0.266407,1.7402,NKN,0.946513,1,2.9186,2.9186,0.105288,1.2448,NKN,0.679246,1,0.7991,0.7991,0.331536,1.9925,NKN,0.774475,1,1.2430,1.2430,0.263038,1.7280
kk_grpo_v3_final_holdout_000451,KKK,KKK,0.999951,1,10.0040,10.0040,0.000266,1.0006,KKK,0.999984,1,11.1882,11.1882,0.000095,1.0002,KKK,0.999996,1,12.4998,12.4998,0.000027,1.0001,KKK,0.999999,1,14.0643,14.0643,0.000007,1.0000,KKK,0.999998,1,13.7500,13.7500,0.000012,1.0000
kk_grpo_v3_final_holdout_000452,KKN,KKN,0.817583,1,1.5043,1.5043,0.230889,1.6163,KKN,0.777325,1,1.2502,1.2502,0.255107,1.6997,KKN,0.987548,1,4.3809,4.3809,0.032503,1.0699,KKN,0.999997,1,13.3768,13.3768,0.000021,1.0000,KKN,0.999660,1,8.0000,8.0000,0.001479,1.0031
kk_grpo_v3_final_holdout_000453,NNK,NNK,0.745791,1,1.2152,1.2152,0.320473,1.9472,NNK,0.838929,1,1.7390,1.7390,0.235100,1.6305,NNK,0.971994,1,4.1222,4.1222,0.070723,1.1584,NNK,0.776851,1,1.2504,1.2504,0.257552,1.7084,NNK,0.815303,1,1.4992,1.4992,0.236788,1.6362
kk_grpo_v3_final_holdout_000454,KKN,KNK,0.075852,3,0.2500,-1.9241,0.433824,2.4648,KNK,0.119161,3,1.1250,-1.7192,0.411685,2.3539,KKN,0.774510,1,1.8750,1.8750,0.350448,2.0725,KNN,0.053372,3,0.8750,-2.5272,0.376034,2.1857,KNK,0.320282,2,0.5725,-0.5725,0.448455,2.5409
kk_grpo_v3_final_holdout_000455,KNK,KNK,0.667304,1,0.8738,0.8738,0.387062,2.2364,KNK,0.522031,1,0.1235,0.1235,0.370188,2.1593,KNK,0.700710,1,0.8734,0.8734,0.310516,1.9073,KNK,0.531016,1,0.1247,0.1247,0.333437,2.0004,KKN,0.293583,2,0.8760,-0.8760,0.296704,1.8533
kk_grpo_v3_final_holdout_000456,KNN,KNN,0.500058,1,0.0022,0.0022,0.336769,2.0143,KNN,0.679241,1,0.7508,0.7508,0.302434,1.8755,KNN,0.531684,1,0.1271,0.1271,0.332800,1.9978,KNN,0.562347,1,0.2507,0.2507,0.329668,1.9848,KNN,0.799413,1,1.3828,1.3828,0.241177,1.6512
kk_grpo_v3_final_holdout_000457,KKK,KKK,0.987108,1,4.5001,4.5001,0.036193,1.0782,KKK,0.999194,1,7.2501,7.2501,0.003293,1.0069,KKK,0.999693,1,8.3289,8.3289,0.001436,1.0030,KKK,0.979665,1,3.8751,3.8751,0.047793,1.1045,KKK,0.999934,1,9.7501,9.7501,0.000349,1.0007
kk_grpo_v3_final_holdout_000458,NNN,NNN,0.942745,1,3.1521,3.1521,0.126580,1.3011,NNN,0.920820,1,2.5227,2.5227,0.144115,1.3494,NNN,0.969405,1,3.8857,3.8857,0.077200,1.1741,NNN,0.986775,1,4.7611,4.7611,0.039023,1.0845,NNN,0.996820,1,5.9127,5.9127,0.011095,1.0233
kk_grpo_v3_final_holdout_000459,NKN,NKN,0.990074,1,4.6250,4.6250,0.027308,1.0584,NKN,0.957819,1,3.1250,3.1250,0.084401,1.1919,NKN,0.990230,1,4.6250,4.6250,0.026605,1.0569,NKN,0.994065,1,5.1250,5.1250,0.017554,1.0372,NKN,0.995337,1,5.3750,5.3750,0.014417,1.0304
kk_grpo_v3_final_holdout_000460,KKK,KKK,0.996406,1,5.9224,5.9224,0.012548,1.0264,KKK,0.999619,1,8.0391,8.0391,0.001707,1.0036,KKK,0.999739,1,8.5102,8.5102,0.001243,1.0026,KKK,0.999978,1,10.9472,10.9472,0.000129,1.0003,KKK,0.999976,1,11.2588,11.2588,0.000145,1.0003
kk_grpo_v3_final_holdout_000461,NNK,NNK,0.985897,1,4.3629,4.3629,0.038077,1.0824,NNK,0.990283,1,4.6251,4.6251,0.026342,1.0563,NNK,0.995383,1,5.3750,5.3750,0.014187,1.0299,NNK,0.991415,1,4.7500,4.7500,0.023785,1.0507,NNK,0.995923,1,5.5000,5.5000,0.012771,1.0269
kk_grpo_v3_final_holdout_000462,NKK,NKK,0.942602,1,3.1238,3.1238,0.123370,1.2925,NKK,0.930718,1,2.8394,2.8394,0.143176,1.3468,NKK,0.984759,1,4.6506,4.6506,0.044763,1.0976,NKK,0.997956,1,6.2469,6.2469,0.007319,1.0153,NKK,0.980950,1,4.5693,4.5693,0.054117,1.1191
kk_grpo_v3_final_holdout_000463,KNK,KNK,0.996796,1,5.7769,5.7769,0.010679,1.0225,KNK,0.999367,1,7.3771,7.3771,0.002573,1.0054,KNK,0.998827,1,6.7499,6.7499,0.004380,1.0092,KNK,0.998496,1,6.4999,6.4999,0.005435,1.0114,KNK,0.991421,1,4.7500,4.7500,0.023748,1.0506
kk_grpo_v3_final_holdout_000464,NNN,NNN,0.867025,1,2.1238,2.1238,0.227073,1.6035,NNN,0.798222,1,1.3818,1.3818,0.246098,1.6682,NNN,0.817595,1,1.5017,1.5017,0.229457,1.6115,NNN,0.914900,1,2.3793,2.3793,0.141234,1.3414,NNN,0.835442,1,1.6253,1.6253,0.215458,1.5652
kk_grpo_v3_final_holdout_000465,KNN,KNN,0.996783,1,5.7500,5.7500,0.010542,1.0222,KNN,0.979657,1,3.8750,3.8750,0.047831,1.1046,KNN,0.996391,1,5.6250,5.6250,0.011540,1.0243,KNN,0.893307,1,2.1250,2.1250,0.163295,1.4043,KNN,0.924133,1,2.5000,2.5000,0.129193,1.3082
kk_grpo_v3_final_holdout_000466,NNK,NKN,0.155403,2,1.5000,-1.5000,0.411663,2.3538,NKN,0.390167,2,0.3745,-0.3745,0.398920,2.2922,NKN,0.041834,2,3.1091,-3.1091,0.138957,1.3350,NKN,0.015617,3,3.9864,-4.1252,0.082402,1.1869,NKN,0.292219,2,0.8732,-0.8732,0.313680,1.9199
kk_grpo_v3_final_holdout_000467,NKN,NKN,0.999001,1,7.0000,7.0000,0.003949,1.0082,NKN,0.999922,1,10.0001,10.0001,0.000422,1.0009,NKN,0.999960,1,10.4404,10.4404,0.000228,1.0005,NKN,0.999972,1,11.0000,11.0000,0.000166,1.0003,NKN,0.998656,1,6.6283,6.6283,0.004980,1.0104
kk_grpo_v3_final_holdout_000468,NKN,NNN,0.201657,2,1.3751,-1.3751,0.244547,1.6628,NNN,0.437705,2,0.2500,-0.2500,0.330686,1.9890,NNN,0.201787,2,1.3750,-1.3750,0.242469,1.6557,NKN,0.730999,1,0.9999,0.9999,0.280315,1.7912,NNN,0.029310,2,3.5000,-3.5000,0.063924,1.1422
kk_grpo_v3_final_holdout_000469,NNK,NNK,0.805857,1,2.0432,2.0432,0.325314,1.9669,NNK,0.889751,1,2.7991,2.7991,0.214789,1.5631,NNK,0.954479,1,3.1433,3.1433,0.097671,1.2252,NNK,0.961197,1,3.3754,3.3754,0.087454,1.1994,NNK,0.941046,1,3.2243,3.2243,0.134031,1.3214
kk_grpo_v3_final_holdout_000470,KKN,KNK,0.320831,2,0.4980,-0.4980,0.474984,2.6851,KKN,0.562157,1,0.7240,0.7240,0.469181,2.6528,KKN,0.651379,1,0.9384,0.9384,0.408553,2.3386,KNK,0.268940,2,0.8398,-0.8398,0.427397,2.4321,KKN,0.946592,1,3.4508,3.4508,0.117839,1.2777
kk_grpo_v3_final_holdout_000471,KNK,KNK,0.975955,1,3.8771,3.8771,0.061530,1.1365,KNK,0.993247,1,5.2500,5.2500,0.021301,1.0453,KNK,0.983014,1,4.3751,4.3751,0.046179,1.1008,KNK,0.999540,1,7.7502,7.7502,0.001980,1.0041,KNK,0.880753,1,2.0000,2.0000,0.175949,1.4418
kk_grpo_v3_final_holdout_000472,NNN,NNN,0.992684,1,5.0000,5.0000,0.022015,1.0468,NNN,0.997024,1,6.0000,6.0000,0.010465,1.0220,NNN,0.994010,1,5.1250,5.1250,0.017834,1.0378,NNN,0.999810,1,8.7500,8.7500,0.000921,1.0019,NNN,0.999899,1,9.3750,9.3750,0.000521,1.0011
kk_grpo_v3_final_holdout_000473,NNN,NNN,0.974001,1,3.6250,3.6250,0.058135,1.1285,NNN,0.997787,1,6.1250,6.1250,0.007656,1.0160,NNN,0.998048,1,6.2504,6.2504,0.006868,1.0144,NNN,0.999461,1,7.6270,7.6270,0.002309,1.0048,NNN,0.981999,1,4.0002,4.0002,0.043429,1.0945
kk_grpo_v3_final_holdout_000474,NNN,KKN,0.182503,2,1.4716,-1.4716,0.282777,1.8004,KKN,0.117064,2,1.9845,-1.9845,0.242813,1.6568,KKN,0.015055,2,4.1741,-4.1741,0.058144,1.1285,KNN,0.009094,3,3.7447,-4.6591,0.102782,1.2383,KKN,0.003585,3,1.1398,-5.3453,0.290533,1.8297
kk_grpo_v3_final_holdout_000475,NNK,NNK,0.992664,1,5.0002,5.0002,0.022067,1.0470,NNK,0.985368,1,4.2501,4.2501,0.037949,1.0821,NNK,0.997079,1,5.8751,5.8751,0.009866,1.0207,NNK,0.995384,1,5.3751,5.3751,0.014180,1.0299,NNK,0.932454,1,2.6252,2.6252,0.118960,1.2807
kk_grpo_v3_final_holdout_000476,NNN,NNN,0.993981,1,5.2799,5.2799,0.019169,1.0407,NNN,0.995096,1,5.4234,5.4234,0.015852,1.0335,NNN,0.990254,1,4.6257,4.6257,0.026519,1.0567,NNN,0.999284,1,7.2521,7.2521,0.002862,1.0060,NNN,0.992408,1,4.8768,4.8768,0.021556,1.0458
kk_grpo_v3_final_holdout_000477,NKN,KNN,0.327663,2,0.6774,-0.6774,0.366185,2.1414,KNN,0.198965,2,1.3512,-1.3512,0.310186,1.9060,NKN,0.650300,1,0.6357,0.6357,0.325734,1.9686,KNN,0.006682,3,4.3752,-4.9891,0.051473,1.1130,KNN,0.131325,2,1.8018,-1.8018,0.331505,1.9924
kk_grpo_v3_final_holdout_000478,KNN,KNN,0.798586,1,1.4011,1.4011,0.253922,1.6956,KNN,0.962658,1,3.2567,3.2567,0.077443,1.1747,KNN,0.946715,1,2.8839,2.8839,0.101129,1.2340,KNN,0.995926,1,5.5017,5.5017,0.012778,1.0269,KNN,0.952674,1,3.0026,3.0026,0.091717,1.2101
kk_grpo_v3_final_holdout_000479,KKN,KNN,0.437742,2,0.2485,-0.2485,0.333507,2.0007,KKN,0.798149,1,1.3759,1.3759,0.242750,1.6566,KKN,0.777817,1,1.2531,1.2531,0.254799,1.6987,KKN,0.947254,1,2.8885,2.8885,0.099412,1.2296,KKN,0.904673,1,2.2508,2.2508,0.151583,1.3705
kk_grpo_v3_final_holdout_000480,KKK,KKK,0.999995,1,12.5000,12.5000,0.000034,1.0001,KKK,1.000000,1,15.5846,15.5846,0.000003,1.0000,KKK,1.000000,1,15.6619,15.6619,0.000004,1.0000,KKK,1.000000,1,15.5190,15.5190,0.000003,1.0000,KKK,1.000000,1,17.0673,17.0673,0.000001,1.0000
kk_grpo_v3_final_holdout_000481,KNN,KNN,0.739820,1,1.4189,1.4189,0.381452,2.2105,KNN,0.796177,1,1.5456,1.5456,0.298931,1.8619,KNN,0.987647,1,4.8729,4.8729,0.037812,1.0818,KNN,0.970087,1,4.0373,4.0373,0.075287,1.1695,KNN,0.929487,1,3.3128,3.3128,0.162529,1.4021
kk_grpo_v3_final_holdout_000482,KKN,KKN,0.805227,1,1.6562,1.6562,0.285452,1.8105,KKN,0.991974,1,4.9734,4.9734,0.024075,1.0513,KKN,0.787117,1,1.8474,1.8474,0.322237,1.9544,KKN,0.995401,1,5.3799,5.3799,0.014153,1.0299,KKN,0.999555,1,7.7799,7.7799,0.001926,1.0040
kk_grpo_v3_final_holdout_000483,NNN,NNN,0.989279,1,4.8751,4.8751,0.031705,1.0682,NNN,0.996028,1,5.6250,5.6250,0.013071,1.0276,NNN,0.998802,1,7.2502,7.2502,0.004842,1.0101,NNN,0.999506,1,7.6250,7.6250,0.002063,1.0043,NNN,0.999885,1,9.5000,9.5000,0.000596,1.0012
kk_grpo_v3_final_holdout_000484,KKK,NKN,0.003735,7,0.2767,-4.5787,0.710818,4.3846,NKK,0.050474,4,1.1736,-2.4152,0.596658,3.4581,NKK,0.014718,4,1.8583,-4.0123,0.305496,1.8875,NKK,0.008473,5,0.0154,-3.9936,0.485859,2.7465,NNK,0.029473,3,0.8758,-3.1118,0.414113,2.3658
kk_grpo_v3_final_holdout_000485,NNN,KNK,0.306796,2,0.7202,-0.7202,0.425168,2.4208,KNK,0.091858,2,2.2549,-2.2549,0.231144,1.6171,KNK,0.007155,4,1.3865,-4.6565,0.344683,2.0478,KNK,0.101259,2,2.1612,-2.1612,0.213549,1.5590,KNK,0.000243,4,0.8001,-7.9128,0.367019,2.1451
kk_grpo_v3_final_holdout_000486,NNN,NNN,0.483912,1,0.4238,0.4238,0.565266,3.2396,NKK,0.407575,2,0.2615,-0.2615,0.442915,2.5118,NKK,0.220353,2,1.0578,-1.0578,0.462543,2.6165,NKK,0.353341,2,0.5325,-0.5325,0.395607,2.2765,NNN,0.616859,1,1.1716,1.1716,0.473519,2.6769
kk_grpo_v3_final_holdout_000487,NNN,NNK,0.002920,4,2.7220,-5.7500,0.165414,1.4105,NNK,0.002051,4,3.0287,-6.1250,0.132750,1.3179,NNK,0.000009,6,5.7211,-11.6250,0.013956,1.0294,NNK,0.000021,4,6.3034,-10.7500,0.010679,1.0225,NNK,0.000006,6,5.1117,-12.0000,0.021235,1.0451
kk_grpo_v3_final_holdout_000488,NKK,KNK,0.198956,2,1.1854,-1.1854,0.437813,2.4853,KNK,0.249631,2,0.7774,-0.7774,0.484356,2.7379,KKN,0.148118,2,1.7061,-1.7061,0.274372,1.7692,KKN,0.015911,3,1.1240,-3.8433,0.303010,1.8778,KKN,0.023033,3,3.6124,-3.7114,0.134481,1.3227
kk_grpo_v3_final_holdout_000489,KNK,NKK,0.352698,2,0.4236,-0.4236,0.453514,2.5678,KNK,0.499933,1,0.0335,0.0335,0.368543,2.1519,KNK,0.558824,1,0.2702,0.2702,0.361392,2.1202,KNK,0.998671,1,6.6482,6.6482,0.004966,1.0104,NKK,0.086260,3,1.9955,-2.2327,0.302405,1.8754
kk_grpo_v3_final_holdout_000490,NNK,NNK,0.851547,1,1.7498,1.7498,0.203604,1.5271,NNK,0.880185,1,1.9991,1.9991,0.178110,1.4483,NKN,0.348059,2,0.6265,-0.6265,0.313722,1.9201,NNK,0.865312,1,1.8726,1.8726,0.194394,1.4982,NNK,0.888592,1,2.1197,2.1197,0.177600,1.4467
kk_grpo_v3_final_holdout_000491,KKN,KKN,0.999588,1,8.1582,8.1582,0.001878,1.0039,KKN,0.999981,1,11.5555,11.5555,0.000118,1.0002,KKN,0.999994,1,12.4375,12.4375,0.000038,1.0001,KKN,0.999999,1,13.9058,13.9058,0.000011,1.0000,KKN,0.999998,1,13.3750,13.3750,0.000014,1.0000
kk_grpo_v3_final_holdout_000492,NKK,NNK,0.075628,2,2.4998,-2.4998,0.139764,1.3373,NNK,0.060525,2,2.7421,-2.7421,0.110782,1.2591,NNK,0.015938,2,4.1229,-4.1229,0.039686,1.0860,NNK,0.048033,2,2.9866,-2.9866,0.092696,1.2126,NNK,0.026141,2,3.6176,-3.6176,0.058706,1.1298
kk_grpo_v3_final_holdout_000493,KNK,KNK,0.838213,1,1.7225,1.7225,0.236598,1.6356,KNK,0.877810,1,2.0455,2.0455,0.194683,1.4991,KNK,0.904731,1,2.2550,2.2550,0.152619,1.3735,KNK,0.979673,1,3.8984,3.8984,0.048909,1.1071,KNK,0.957538,1,3.1229,3.1229,0.085484,1.1945
kk_grpo_v3_final_holdout_000494,KKK,KKK,0.999975,1,10.8125,10.8125,0.000145,1.0003,KKK,0.999999,1,14.2506,14.2506,0.000010,1.0000,KKK,0.999999,1,14.3750,14.3750,0.000008,1.0000,KKK,0.999998,1,13.1875,13.1875,0.000015,1.0000,KKK,1.000000,1,16.4366,16.4366,0.000001,1.0000
kk_grpo_v3_final_holdout_000495,KNK,KNK,0.999561,1,8.0001,8.0001,0.001979,1.0041,KNK,0.999953,1,10.7500,10.7500,0.000274,1.0006,KNK,0.999958,1,10.2500,10.2500,0.000233,1.0005,KNK,0.999992,1,12.2500,12.2500,0.000053,1.0001,KNK,0.999980,1,11.1250,11.1250,0.000120,1.0002
kk_grpo_v3_final_holdout_000496,KNK,NKN,0.210511,2,1.3026,-1.3026,0.286468,1.8143,NKN,0.343475,2,0.6380,-0.6380,0.328010,1.9780,NKN,0.047020,2,3.0084,-3.0084,0.093920,1.2157,NKN,0.009609,2,4.6348,-4.6348,0.028721,1.0615,NKN,0.016949,2,4.0453,-4.0453,0.079993,1.1810
kk_grpo_v3_final_holdout_000497,KNK,KNK,0.749718,1,1.5974,1.5974,0.355167,2.0929,KNK,0.925815,1,2.5786,2.5786,0.135091,1.3243,KNK,0.654747,1,0.7037,0.7037,0.349056,2.0665,KNK,0.991177,1,4.7659,4.7659,0.025195,1.0538,KNK,0.965454,1,3.4535,3.4535,0.078977,1.1785
kk_grpo_v3_final_holdout_000498,NNN,NNN,0.914905,1,2.3757,2.3757,0.140187,1.3384,NNN,0.835488,1,1.6254,1.6254,0.215269,1.5646,NNN,0.866958,1,1.8745,1.8745,0.188714,1.4806,NNN,0.988713,1,4.4736,4.4736,0.029779,1.0639,NNN,0.998048,1,6.2493,6.2493,0.006863,1.0144
kk_grpo_v3_final_holdout_000499,KKK,KKK,0.999185,1,7.4899,7.4899,0.003509,1.0073,KKK,0.999771,1,8.4257,8.4257,0.001059,1.0022,KKK,0.999828,1,9.3364,9.3364,0.000860,1.0018,KKK,0.999948,1,9.8931,9.8931,0.000274,1.0006,KKK,0.999962,1,10.6278,10.6278,0.000220,1.0005
kk_grpo_v3_final_holdout_000500,NKK,NNN,0.465973,2,0.0216,-0.0216,0.423068,2.4103,NKK,0.866915,1,1.9299,1.9299,0.202501,1.5236,NKK,0.981385,1,4.0420,4.0420,0.047695,1.1043,NKK,0.951524,1,3.0272,3.0272,0.098052,1.2262,NKK,0.809661,1,1.5763,1.5763,0.268649,1.7483
kk_grpo_v3_final_holdout_000501,NNK,NNK,0.995032,1,6.1000,6.1000,0.018091,1.0383,NNK,0.999340,1,8.1560,8.1560,0.003096,1.0065,NNK,0.999867,1,9.6005,9.6005,0.000715,1.0015,NNK,0.999840,1,9.0000,9.0000,0.000800,1.0017,NNK,0.999430,1,7.5336,7.5336,0.002402,1.0050
kk_grpo_v3_final_holdout_000502,NKN,NNN,0.460689,2,0.0038,-0.0038,0.468986,2.6518,NKN,0.622237,1,0.6248,0.6248,0.401245,2.3034,NKN,0.879370,1,2.0001,2.0001,0.181664,1.4590,NKN,0.909066,1,2.3750,2.3750,0.159653,1.3937,NKN,0.750816,1,1.1250,1.1250,0.284152,1.8056
kk_grpo_v3_final_holdout_000503,KKN,KKN,0.999592,1,8.2500,8.2500,0.001899,1.0040,KKN,0.994779,1,5.2500,5.2500,0.015702,1.0332,KKN,0.995926,1,5.5000,5.5000,0.012751,1.0269,KKN,0.974781,1,4.3734,4.3734,0.068434,1.1529,KKN,0.979659,1,3.8750,3.8750,0.047822,1.1046
kk_grpo_v3_final_holdout_000504,NKN,NKN,0.939808,1,2.7737,2.7737,0.113078,1.2651,NKN,0.994585,1,5.5186,5.5186,0.018193,1.0386,NKN,0.997814,1,6.1271,6.1271,0.007517,1.0158,NKN,0.998496,1,6.5014,6.5014,0.005440,1.0114,NKN,0.835491,1,1.6251,1.6251,0.215017,1.5638
kk_grpo_v3_final_holdout_000505,KKK,KKK,0.996131,1,5.6397,5.6397,0.012849,1.0271,KKK,0.999328,1,7.3832,7.3832,0.002783,1.0058,KKK,0.999449,1,7.5671,7.5671,0.002318,1.0048,KKK,0.999944,1,9.8823,9.8823,0.000299,1.0006,KKK,0.999928,1,9.6899,9.6899,0.000378,1.0008
kk_grpo_v3_final_holdout_000506,NNK,NNK,0.999839,1,9.7014,9.7014,0.000862,1.0018,NNK,0.999921,1,10.1561,10.1561,0.000444,1.0009,NNK,0.999966,1,10.6262,10.6262,0.000194,1.0004,NNK,0.999993,1,12.2590,12.2590,0.000046,1.0001,NNK,0.999965,1,10.3762,10.3762,0.000194,1.0004
kk_grpo_v3_final_holdout_000507,NNN,NNN,0.997587,1,6.2524,6.2524,0.008914,1.0187,NNN,0.998629,1,6.7675,6.7675,0.005332,1.0112,NNN,0.999112,1,7.1451,7.1451,0.003598,1.0075,NNN,0.999823,1,9.2486,9.2486,0.000893,1.0019,NNN,0.999789,1,8.7553,8.7553,0.001034,1.0022
kk_grpo_v3_final_holdout_000508,NNK,NKN,0.009424,3,0.3596,-4.1252,0.349760,2.0695,KNN,0.374013,2,0.3509,-0.3509,0.446454,2.5304,NNK,0.807744,1,1.5913,1.5913,0.273931,1.7676,KNN,0.201676,2,1.3757,-1.3757,0.242236,1.6549,NNK,0.650753,1,0.6227,0.6227,0.311640,1.9118
kk_grpo_v3_final_holdout_000509,KKK,KKK,0.642521,1,0.9000,0.9000,0.481067,2.7192,KKK,0.815969,1,1.5497,1.5497,0.253669,1.6947,KKK,0.991357,1,4.7546,4.7546,0.024211,1.0516,KKK,0.530956,1,0.1276,0.1276,0.337952,2.0193,KKK,0.966929,1,3.3811,3.3811,0.070442,1.1578
kk_grpo_v3_final_holdout_000510,NKN,NKN,0.993734,1,5.2499,5.2499,0.019850,1.0421,NKN,0.916222,1,2.3940,2.3940,0.139046,1.3353,NKN,0.997995,1,6.2502,6.2502,0.007138,1.0150,NKN,0.998463,1,6.4990,6.4990,0.005617,1.0117,NKN,0.950663,1,2.9596,2.9596,0.094732,1.2177
kk_grpo_v3_final_holdout_000511,NNK,NNK,0.741023,1,1.5128,1.5128,0.361315,2.1198,NNK,0.832395,1,1.8857,1.8857,0.264218,1.7323,NNK,0.887533,1,2.0952,2.0952,0.176301,1.4428,NNK,0.990379,1,4.7481,4.7481,0.027682,1.0593,NNK,0.987505,1,4.6237,4.6237,0.035607,1.0769
kk_grpo_v3_final_holdout_000512,NNN,NNN,0.916717,1,2.3988,2.3988,0.137980,1.3323,NNN,0.940008,1,2.7524,2.7524,0.109321,1.2552,NNN,0.996791,1,5.7550,5.7550,0.010541,1.0222,NNN,0.991265,1,4.7513,4.7513,0.024523,1.0523,NNN,0.984070,1,4.1292,4.1292,0.039621,1.0859
kk_grpo_v3_final_holdout_000513,KNN,NKN,0.067564,2,2.5983,-2.5983,0.173266,1.4338,NKN,0.053431,2,2.8582,-2.8582,0.138265,1.3331,NKN,0.017994,2,3.9960,-3.9960,0.055048,1.1213,NKN,0.011001,3,2.8750,-4.4438,0.128380,1.3060,NKN,0.020350,3,2.1249,-3.7611,0.208669,1.5433
kk_grpo_v3_final_holdout_000514,NKK,NKK,0.371699,1,0.2596,0.2596,0.655667,3.9095,KKK,0.222668,2,1.1802,-1.1802,0.347728,2.0608,NKK,0.741335,1,1.1075,1.1075,0.301127,1.8704,KNK,0.025967,3,0.1253,-2.9920,0.382214,2.2140,KKK,0.432388,2,0.2600,-0.2600,0.348373,2.0635
kk_grpo_v3_final_holdout_000515,KNN,NKN,0.057241,3,1.1250,-2.5173,0.366522,2.1429,NKN,0.046042,3,1.3750,-2.8042,0.325229,1.9666,NKN,0.092493,2,2.1827,-2.1827,0.305476,1.8874,NKN,0.064987,2,2.6086,-2.6086,0.218084,1.5738,NKN,0.010125,3,0.8749,-4.2318,0.322708,1.9563
kk_grpo_v3_final_holdout_000516,KKN,KKN,0.817276,1,1.4997,1.4997,0.229882,1.6129,KKN,0.979335,1,3.8746,3.8746,0.049214,1.1078,KKN,0.997042,1,6.2489,6.2489,0.010631,1.0224,KKN,0.999332,1,7.3749,7.3749,0.002748,1.0057,KKN,0.984028,1,4.1250,4.1250,0.039601,1.0858
kk_grpo_v3_final_holdout_000517,NKK,NNN,0.131392,2,1.8285,-1.8285,0.295962,1.8505,NNN,0.200439,2,1.3654,-1.3654,0.282546,1.7996,NNN,0.008564,2,4.7483,-4.7483,0.035370,1.0763,NNN,0.042088,2,3.1139,-3.1139,0.112079,1.2625,NNN,0.009703,2,4.6240,-4.6240,0.032329,1.0695
kk_grpo_v3_final_holdout_000518,KKK,KKK,0.930640,1,2.6250,2.6250,0.125742,1.2988,KKK,0.999775,1,8.8795,8.8795,0.001093,1.0023,KKK,0.999987,1,11.6256,11.6256,0.000082,1.0002,KKK,0.999794,1,8.5000,8.5000,0.000949,1.0020,KKK,0.999996,1,12.6253,12.6253,0.000025,1.0001
kk_grpo_v3_final_holdout_000519,NNK,NKN,0.059460,4,1.1250,-2.2370,0.634477,3.7410,NKK,0.028042,5,0.8750,-3.0317,0.567808,3.2567,NKK,0.017156,6,1.7307,-3.6341,0.548316,3.1274,NKK,0.033036,2,3.3622,-3.3622,0.105279,1.2447,NKK,0.120382,3,0.3750,-1.3724,0.601146,3.4905
kk_grpo_v3_final_holdout_000520,NKN,NKN,0.660704,1,0.7924,0.7924,0.386857,2.2355,NKN,0.764470,1,1.3461,1.3461,0.317297,1.9344,NKN,0.854932,1,2.0000,2.0000,0.234816,1.6295,NKN,0.879574,1,2.0250,2.0250,0.187494,1.4768,NKN,0.904423,1,2.2530,2.2530,0.153469,1.3759
kk_grpo_v3_final_holdout_000521,NNK,NNK,0.952464,1,3.0000,3.0000,0.092375,1.2118,NNK,0.994057,1,5.1250,5.1250,0.017608,1.0373,NNK,0.999460,1,7.6250,7.6250,0.002319,1.0048,NNK,0.851923,1,1.7499,1.7499,0.201790,1.5214,NNK,0.998446,1,6.5000,6.5000,0.005720,1.0120
kk_grpo_v3_final_holdout_000522,KNN,KNN,0.690621,1,1.0359,1.0359,0.373684,2.1751,KNN,0.705532,1,0.8746,0.8746,0.292409,1.8368,KNN,0.776484,1,1.2489,1.2489,0.258092,1.7103,KNN,0.946571,1,2.8750,2.8750,0.100373,1.2321,KNN,0.754496,1,1.1244,1.1244,0.269508,1.7514
kk_grpo_v3_final_holdout_000523,NNK,KNK,0.146949,3,0.1250,-1.1248,0.488532,2.7618,KNK,0.119152,3,0.7500,-1.6135,0.441884,2.5065,KNK,0.022975,3,2.2500,-3.6499,0.200593,1.5176,KNN,0.201824,2,1.0938,-1.0938,0.455708,2.5796,KNK,0.060093,3,1.5000,-2.5485,0.324084,1.9619
kk_grpo_v3_final_holdout_000524,KNN,KNN,0.893217,1,2.1250,2.1250,0.163823,1.4059,KNN,0.730993,1,1.0000,1.0000,0.280402,1.7915,KNN,0.705721,1,0.8750,0.8750,0.291793,1.8345,KNN,0.731027,1,1.0000,1.0000,0.280200,1.7908,KNN,0.651319,1,0.6250,0.6250,0.311219,1.9101
kk_grpo_v3_final_holdout_000525,KNK,NNN,0.434308,2,0.0491,-0.0491,0.479051,2.7079,KNK,0.497784,1,0.1785,0.1785,0.452516,2.5625,KNK,0.833753,1,1.7025,1.7025,0.242883,1.6571,KNK,0.995795,1,6.0785,6.0785,0.014867,1.0314,KNK,0.990450,1,4.9999,4.9999,0.029003,1.0622
kk_grpo_v3_final_holdout_000526,KNN,KNN,0.691401,1,1.3739,1.3739,0.402518,2.3095,KNN,0.834254,1,1.8745,1.8745,0.259987,1.7171,KNN,0.830044,1,2.1639,2.1639,0.292360,1.8367,KNN,0.977964,1,4.2500,4.2500,0.060145,1.1332,KNN,0.930189,1,3.3750,3.3750,0.157522,1.3876
kk_grpo_v3_final_holdout_000527,NKK,KKN,0.332348,2,0.1990,-0.1990,0.607080,3.5338,KKN,0.118565,2,2.0043,-2.0043,0.181016,1.4570,KKN,0.077924,2,2.4518,-2.4518,0.173289,1.4338,KKN,0.028433,2,3.5264,-3.5264,0.077856,1.1757,KKN,0.003543,2,5.6391,-5.6391,0.011708,1.0246
kk_grpo_v3_final_holdout_000528,KNK,NKN,0.069387,3,0.2499,-2.0132,0.444501,2.5201,NKN,0.088105,3,1.5000,-2.1276,0.370439,2.1604,NKN,0.047665,3,1.8750,-2.8309,0.314691,1.9240,NKN,0.198927,2,1.2359,-1.2359,0.428222,2.4363,NKN,0.240103,3,0.6255,-0.7165,0.515988,2.9240
kk_grpo_v3_final_holdout_000529,KNK,KNK,0.891987,1,2.1253,2.1253,0.168810,1.4205,KNK,0.987495,1,4.3750,4.3750,0.032562,1.0701,KNK,0.562185,1,0.2501,0.2501,0.329700,1.9849,KNK,0.999901,1,9.2501,9.2501,0.000497,1.0010,KNK,0.987553,1,4.4052,4.4052,0.033070,1.0712
kk_grpo_v3_final_holdout_000530,KNN,KNN,0.808626,1,1.4924,1.4924,0.254173,1.6965,KNN,0.901795,1,2.2473,2.2473,0.160798,1.3971,KNN,0.949312,1,3.2500,3.2500,0.110777,1.2590,KNN,0.996504,1,6.0000,6.0000,0.012210,1.0257,KNN,0.998619,1,7.0000,7.0000,0.005476,1.0115
kk_grpo_v3_final_holdout_000531,KNK,NNN,0.348548,2,0.6112,-0.6112,0.334471,2.0047,KNK,0.705754,1,0.9012,0.9012,0.308524,1.8994,NNN,0.294135,2,0.8717,-0.8717,0.299607,1.8645,KNK,0.867004,1,1.8753,1.8753,0.188887,1.4811,NNN,0.499859,2,0.0002,-0.0002,0.334073,2.0031
kk_grpo_v3_final_holdout_000532,NNK,NNK,0.999653,1,8.4741,8.4741,0.001630,1.0034,NNK,0.999842,1,8.8790,8.8790,0.000769,1.0016,NNK,0.999905,1,9.5002,9.5002,0.000493,1.0010,NNK,0.999982,1,11.4452,11.4452,0.000109,1.0002,NNK,0.999983,1,11.5626,11.5626,0.000107,1.0002
kk_grpo_v3_final_holdout_000533,NNK,NNK,0.893156,1,2.1257,2.1257,0.164358,1.4074,NNK,0.939852,1,2.7500,2.7500,0.109598,1.2560,NNK,0.994061,1,5.1250,5.1250,0.017580,1.0372,NNK,0.995922,1,5.5000,5.5000,0.012779,1.0269,NNK,0.995902,1,5.5000,5.5000,0.012885,1.0272
kk_grpo_v3_final_holdout_000534,KNK,KNK,0.431987,1,0.3384,0.3384,0.649839,3.8625,KNK,0.630185,1,1.3389,1.3389,0.539785,3.0724,KNK,0.811341,1,1.8004,1.8004,0.307409,1.8950,KNK,0.737503,1,1.1143,1.1143,0.316389,1.9308,KNK,0.620175,1,0.5934,0.5934,0.387569,2.2388
kk_grpo_v3_final_holdout_000535,NNK,KNK,0.209060,2,1.0102,-1.0102,0.594319,3.4413,KNK,0.240568,2,0.9085,-0.9085,0.544385,3.1019,KNK,0.127390,2,1.8323,-1.8323,0.347511,2.0598,KNK,0.073369,2,2.4554,-2.4554,0.272370,1.7619,KNK,0.117923,2,1.9030,-1.9030,0.347535,2.0599
kk_grpo_v3_final_holdout_000536,KNK,NKK,0.250781,2,1.0619,-1.0619,0.330264,1.9873,NKK,0.153390,2,1.6943,-1.6943,0.236912,1.6366,NKK,0.009731,3,3.7240,-4.5987,0.079784,1.1805,NKK,0.041544,3,2.4293,-3.0541,0.212836,1.5567,NKK,0.001955,3,2.3979,-6.1479,0.146091,1.3550
kk_grpo_v3_final_holdout_000537,NNK,NNK,0.808094,1,2.0305,2.0305,0.300799,1.8692,NNK,0.866026,1,2.3755,2.3755,0.233124,1.6238,NNK,0.984627,1,4.2546,4.2546,0.040597,1.0881,NNK,0.791335,1,1.3759,1.3759,0.264273,1.7325,NNK,0.980086,1,4.3810,4.3810,0.054722,1.1205
kk_grpo_v3_final_holdout_000538,NNK,NNK,0.999675,1,8.1249,8.1249,0.001470,1.0031,NNK,0.999946,1,10.3750,10.3750,0.000308,1.0006,NNK,0.999962,1,10.4371,10.4371,0.000219,1.0005,NNK,0.999906,1,10.0681,10.0681,0.000507,1.0011,NNK,0.999853,1,9.6249,9.6249,0.000780,1.0016
kk_grpo_v3_final_holdout_000539,KKK,KKK,0.999837,1,9.3751,9.3751,0.000823,1.0017,KKK,0.999990,1,11.6253,11.6253,0.000063,1.0001,KKK,0.999999,1,14.0009,14.0009,0.000011,1.0000,KKK,0.999989,1,11.5001,11.5001,0.000065,1.0001,KKK,0.999999,1,13.9583,13.9583,0.000008,1.0000
kk_grpo_v3_final_holdout_000540,KKK,KKK,0.965911,1,3.7259,3.7259,0.082023,1.1860,KKK,0.994999,1,5.3750,5.3750,0.015831,1.0335,KKK,0.989313,1,4.6250,4.6250,0.030123,1.0646,KKK,0.998055,1,6.2500,6.2500,0.006827,1.0143,KKK,0.999778,1,8.7904,8.7904,0.001101,1.0023
kk_grpo_v3_final_holdout_000541,NNN,NNN,0.985720,1,4.6317,4.6317,0.041286,1.0896,NNN,0.996317,1,6.1296,6.1296,0.013442,1.0283,NNN,0.999566,1,8.2537,8.2537,0.002022,1.0042,NNN,0.998864,1,6.8756,6.8756,0.004467,1.0093,NNN,0.679065,1,0.7500,0.7500,0.302548,1.8760
kk_grpo_v3_final_holdout_000542,NNN,NNN,0.970954,1,3.6255,3.6255,0.068663,1.1535,NNN,0.974289,1,3.7508,3.7508,0.062131,1.1379,NNN,0.992511,1,5.0000,5.0000,0.022495,1.0479,NNN,0.997573,1,6.1251,6.1251,0.008582,1.0180,NNN,0.998895,1,7.5015,7.5015,0.004526,1.0095
kk_grpo_v3_final_holdout_000543,NNK,NKN,0.169788,2,1.4443,-1.4443,0.422734,2.4086,NKN,0.113838,3,0.7500,-1.6255,0.503370,2.8483,NKK,0.319856,2,0.2276,-0.2276,0.530496,3.0136,NKN,0.180961,2,1.4696,-1.4696,0.296698,1.8533,NNK,0.890757,1,2.2851,2.2851,0.194712,1.4991
kk_grpo_v3_final_holdout_000544,KKN,KKN,0.994760,1,5.2534,5.2534,0.015870,1.0336,KKN,0.999931,1,9.6268,9.6268,0.000357,1.0007,KKN,0.999950,1,10.0800,10.0800,0.000277,1.0006,KKN,0.999993,1,12.6526,12.6526,0.000046,1.0001,KKN,0.999970,1,10.7048,10.7048,0.000174,1.0004
kk_grpo_v3_final_holdout_000545,KKK,KKK,0.999299,1,7.5373,7.5373,0.003059,1.0064,KKK,0.999813,1,8.8522,8.8522,0.000927,1.0019,KKK,0.999818,1,8.6955,8.6955,0.000869,1.0018,KKK,0.999990,1,11.5575,11.5575,0.000064,1.0001,KKK,0.999991,1,11.8061,11.8061,0.000054,1.0001
kk_grpo_v3_final_holdout_000546,NKN,NKN,0.881017,1,2.0042,2.0042,0.176489,1.4434,NKN,0.985876,1,4.2516,4.2516,0.035956,1.0776,NKN,0.983883,1,4.1251,4.1251,0.040295,1.0874,NKN,0.998155,1,6.3757,6.3757,0.006734,1.0141,NKN,0.952536,1,3.0011,3.0011,0.092218,1.2114
kk_grpo_v3_final_holdout_000547,KNN,KNN,0.979601,1,3.8724,3.8724,0.047962,1.1049,KNN,0.966924,1,3.3754,3.3754,0.069870,1.1564,KNN,0.835557,1,1.6255,1.6255,0.214951,1.5636,KNN,0.997193,1,5.8748,5.8748,0.009302,1.0195,KNN,0.974078,1,3.6271,3.6271,0.057910,1.1280
kk_grpo_v3_final_holdout_000548,KNN,NNK,0.094700,2,2.2465,-2.2465,0.179208,1.4516,NNK,0.075658,2,2.4977,-2.4977,0.144102,1.3494,NNK,0.025857,2,3.6284,-3.6284,0.060173,1.1333,NNK,0.009699,2,4.6253,-4.6253,0.029223,1.0627,NNK,0.017130,2,4.0482,-4.0482,0.047692,1.1043
kk_grpo_v3_final_holdout_000549,KKN,KKN,0.399752,1,0.4715,0.4715,0.635418,3.7483,KKN,0.511545,1,0.4469,0.4469,0.492269,2.7833,KKN,0.784540,1,1.5131,1.5131,0.303646,1.8803,KKN,0.987567,1,4.5699,4.5699,0.035384,1.0764,KKN,0.998753,1,7.2521,7.2521,0.005261,1.0110
kk_grpo_v3_final_holdout_000550,NKN,NKN,0.754396,1,1.1251,1.1251,0.270483,1.7550,NKN,0.952523,1,3.0001,3.0001,0.092090,1.2111,NKN,0.970643,1,3.5002,3.5002,0.063923,1.1422,NKN,0.957909,1,3.1252,3.1252,0.083993,1.1908,NKN,0.970646,1,3.5003,3.5003,0.063910,1.1421
kk_grpo_v3_final_holdout_000551,KNK,KNK,0.995346,1,5.3729,5.3729,0.014361,1.0303,KNK,0.999852,1,8.8749,8.8749,0.000716,1.0015,KNK,0.999940,1,9.8751,9.8751,0.000323,1.0007,KNK,0.999975,1,10.7500,10.7500,0.000148,1.0003,KNK,0.999990,1,12.0003,12.0003,0.000067,1.0001
kk_grpo_v3_final_holdout_000552,KNN,NKK,0.182222,3,0.0479,-0.7610,0.585172,3.3765,NKK,0.093627,4,0.4958,-1.6739,0.560122,3.2051,NKK,0.001501,4,1.4966,-6.2833,0.269211,1.7503,NKK,0.008121,4,0.3844,-4.2116,0.445237,2.5240,NNK,0.000123,5,0.1973,-8.3728,0.384254,2.2234
kk_grpo_v3_final_holdout_000553,NKK,NKK,0.681159,1,1.0570,1.0570,0.399613,2.2955,NKK,0.884032,1,2.3731,2.3731,0.209652,1.5464,NKK,0.977916,1,3.8709,3.8709,0.054449,1.1199,NKK,0.988246,1,4.7536,4.7536,0.034488,1.0744,NKK,0.989456,1,4.7463,4.7463,0.031431,1.0675
kk_grpo_v3_final_holdout_000554,NKK,KNK,0.406906,2,0.3756,-0.3756,0.327745,1.9769,KNK,0.268930,2,0.9999,-0.9999,0.280461,1.7918,NKK,0.866432,1,1.8748,1.8748,0.191165,1.4881,KNK,0.033088,2,3.3749,-3.3749,0.070110,1.1570,KNK,0.201532,2,1.3758,-1.3758,0.245081,1.6647
kk_grpo_v3_final_holdout_000555,NNN,NNN,0.998417,1,7.2618,7.2618,0.006765,1.0142,NNN,0.999592,1,8.5839,8.5839,0.001979,1.0041,NNN,0.998947,1,7.1827,7.1827,0.004414,1.0092,NNN,0.999901,1,9.7531,9.7531,0.000531,1.0011,NNN,0.999828,1,9.2376,9.2376,0.000888,1.0018
kk_grpo_v3_final_holdout_000556,NNK,NNK,0.979308,1,3.8759,3.8759,0.049499,1.1084,NNK,0.985912,1,4.2500,4.2500,0.035694,1.0770,NNK,0.998463,1,6.5000,6.5000,0.005610,1.0117,NNK,0.999280,1,7.2500,7.2500,0.002883,1.0060,NNK,0.999137,1,7.1250,7.1250,0.003448,1.0072
kk_grpo_v3_final_holdout_000557,KKN,KKN,0.999866,1,9.0789,9.0789,0.000674,1.0014,KKN,0.999981,1,11.2502,11.2502,0.000115,1.0002,KKN,0.999971,1,10.6348,10.6348,0.000167,1.0003,KKN,0.999993,1,11.8767,11.8767,0.000045,1.0001,KKN,0.999994,1,12.1875,12.1875,0.000038,1.0001
kk_grpo_v3_final_holdout_000558,NNN,KNK,0.260189,2,0.7564,-0.7564,0.573639,3.2965,KNK,0.263661,3,0.3285,-0.4500,0.572891,3.2913,KKK,0.067256,3,1.6608,-2.4516,0.328068,1.9782,KKK,0.020540,4,1.1966,-3.5404,0.410129,2.3463,KKN,0.075077,3,0.5000,-2.0354,0.428354,2.4369
kk_grpo_v3_final_holdout_000559,NKN,NKN,0.493123,1,0.1510,0.1510,0.444494,2.5201,NKN,0.503924,1,0.1899,0.1899,0.438436,2.4886,NKN,0.565165,1,0.2643,0.2643,0.332814,1.9978,KKN,0.096939,2,2.2311,-2.2311,0.155476,1.3817,NKN,0.591545,1,0.3728,0.3728,0.328639,1.9806
kk_grpo_v3_final_holdout_000560,NNK,NKN,0.041214,2,3.1246,-3.1246,0.138476,1.3337,NKN,0.005806,4,4.5936,-5.1246,0.068510,1.1531,NKN,0.000422,4,3.0188,-7.7203,0.096576,1.2224,NKN,0.000059,3,1.9842,-9.6072,0.177859,1.4475,NKK,0.000548,3,3.2579,-7.4698,0.079531,1.1798
kk_grpo_v3_final_holdout_000561,NNK,NNK,0.999314,1,7.7421,7.7421,0.002963,1.0062,NNK,0.999648,1,8.5000,8.5000,0.001646,1.0034,NNK,0.999733,1,8.7502,8.7502,0.001289,1.0027,NNK,0.998523,1,6.5626,6.5626,0.005480,1.0115,NNK,0.996799,1,5.7500,5.7500,0.010466,1.0220
kk_grpo_v3_final_holdout_000562,KNK,KNK,0.583105,1,0.4300,0.4300,0.387495,2.2384,KNK,0.610368,1,0.4818,0.4818,0.348368,2.0635,KNK,0.972357,1,3.7394,3.7394,0.066741,1.1489,KNK,0.997915,1,6.2497,6.2497,0.007462,1.0156,KNK,0.637050,1,0.5750,0.5750,0.326670,1.9725
kk_grpo_v3_final_holdout_000563,NKK,NKK,0.698598,1,1.8843,1.8843,0.487252,2.7544,NKK,0.788455,1,1.7179,1.7179,0.344028,2.0450,NKK,0.899186,1,2.3553,2.3553,0.183210,1.4637,NKK,0.950359,1,3.7327,3.7327,0.117393,1.2765,NNK,0.118477,2,1.9052,-1.9052,0.312773,1.9163
kk_grpo_v3_final_holdout_000564,KNK,KNK,0.957545,1,3.1638,3.1638,0.089013,1.2033,KNK,0.974022,1,3.6257,3.6257,0.058084,1.1284,KNK,0.974054,1,3.6256,3.6256,0.057893,1.1279,KNK,0.994102,1,5.1277,5.1277,0.017403,1.0369,KNK,0.880813,1,2.0002,2.0002,0.175679,1.4410
kk_grpo_v3_final_holdout_000565,KKN,KKN,0.913541,1,2.3737,2.3737,0.144921,1.3517,KKN,0.993251,1,4.9969,4.9969,0.019563,1.0415,KKN,0.997814,1,6.1249,6.1249,0.007498,1.0157,KKN,0.999691,1,8.1250,8.1250,0.001376,1.0029,KKN,0.999192,1,7.1242,7.1242,0.003165,1.0066
kk_grpo_v3_final_holdout_000566,NKN,KNN,0.286054,2,0.7571,-0.7571,0.449921,2.5487,NKN,0.545702,1,0.2451,0.2451,0.394523,2.2714,KNN,0.322210,2,0.4577,-0.4577,0.530604,3.0143,KNN,0.047405,2,2.9995,-2.9995,0.095355,1.2193,KNN,0.081580,2,2.3832,-2.3832,0.223303,1.5910
kk_grpo_v3_final_holdout_000567,KKN,KKN,0.999776,1,8.4990,8.4990,0.001049,1.0022,KKN,0.999930,1,9.6252,9.6252,0.000363,1.0008,KKN,0.999973,1,10.6246,10.6246,0.000158,1.0003,KKN,0.999962,1,10.2501,10.2501,0.000209,1.0004,KKN,0.999954,1,10.0637,10.0637,0.000251,1.0005
kk_grpo_v3_final_holdout_000568,KKK,KKK,0.999902,1,9.7919,9.7919,0.000531,1.0011,KKK,0.999995,1,12.5335,12.5335,0.000035,1.0001,KKK,0.999999,1,14.1165,14.1165,0.000010,1.0000,KKK,0.999999,1,14.0000,14.0000,0.000008,1.0000,KKK,1.000000,1,15.7500,15.7500,0.000003,1.0000
kk_grpo_v3_final_holdout_000569,KNN,KNN,0.835494,1,1.6268,1.6268,0.216093,1.5673,KNN,0.754925,1,1.1253,1.1253,0.268061,1.7462,KNN,0.939820,1,2.7493,2.7493,0.109640,1.2561,KNN,0.957920,1,3.1260,3.1260,0.084055,1.1910,KNN,0.939938,1,2.7508,2.7508,0.109334,1.2553
kk_grpo_v3_final_holdout_000570,NKN,NKN,0.850323,1,1.7507,1.7507,0.208642,1.5432,NKN,0.880555,1,2.0005,2.0005,0.177155,1.4454,NKN,0.979428,1,3.8750,3.8750,0.048961,1.1072,NKN,0.981990,1,4.0001,4.0001,0.043473,1.0946,NKN,0.904584,1,2.6373,2.6373,0.180661,1.4560
kk_grpo_v3_final_holdout_000571,KNK,KNK,0.533331,1,0.6463,0.6463,0.564381,3.2336,KNK,0.758520,1,1.7873,1.7873,0.360288,2.1153,KNK,0.776933,1,1.4482,1.4482,0.318785,1.9404,KNK,0.902036,1,2.8881,2.8881,0.191826,1.4902,KNK,0.975159,1,3.8732,3.8732,0.063649,1.1415
kk_grpo_v3_final_holdout_000572,NKN,NNK,0.095321,2,2.2499,-2.2499,0.152881,1.3742,NNK,0.294214,2,0.8749,-0.8749,0.291722,1.8342,NNK,0.042092,2,3.1248,-3.1248,0.084193,1.1913,NNK,0.029315,2,3.4999,-3.4999,0.063767,1.1418,NNK,0.060088,2,2.7499,-2.7499,0.109668,1.2561
kk_grpo_v3_final_holdout_000573,NKK,NKK,0.810178,1,1.6026,1.6026,0.281324,1.7950,NKK,0.930135,1,2.6246,2.6246,0.128008,1.3050,NKK,0.973473,1,3.8692,3.8692,0.066531,1.1484,NKK,0.995522,1,5.6241,5.6241,0.015152,1.0320,NKK,0.921373,1,2.7463,2.7463,0.158172,1.3895
kk_grpo_v3_final_holdout_000574,KKN,KKN,0.515097,1,0.0605,0.0605,0.333351,2.0001,KKN,0.867032,1,1.8750,1.8750,0.188528,1.4800,KKN,0.946225,1,2.8678,2.8678,0.100784,1.2332,KKN,0.914885,1,2.3751,2.3751,0.140109,1.3382,KKN,0.894551,1,2.1384,2.1384,0.162174,1.4011
kk_grpo_v3_final_holdout_000575,NNN,KNK,0.075110,2,2.4306,-2.4306,0.252116,1.6892,KNK,0.017703,3,2.6249,-3.9458,0.161492,1.3991,KNK,0.000907,3,4.7500,-6.9960,0.027652,1.0592,KNK,0.000075,3,2.7507,-9.4390,0.109921,1.2568,KNK,0.000910,3,2.1249,-6.8883,0.167432,1.4165
kk_grpo_v3_final_holdout_000576,KNN,KNN,0.993717,1,5.7500,5.7500,0.021433,1.0456,KNN,0.994956,1,5.3750,5.3750,0.015983,1.0338,KNN,0.990140,1,4.6250,4.6250,0.027022,1.0578,KNN,0.999857,1,9.2500,9.2500,0.000734,1.0015,KNN,0.893148,1,2.1250,2.1250,0.164095,1.4067
kk_grpo_v3_final_holdout_000577,NNK,NNK,0.495191,1,0.3770,0.3770,0.523665,2.9711,NNK,0.643141,1,1.1310,1.1310,0.456335,2.5829,NNK,0.863929,1,2.5077,2.5077,0.244458,1.6625,NNK,0.888256,1,2.6953,2.6953,0.225391,1.5979,NNK,0.976203,1,4.5701,4.5701,0.067578,1.1509
kk_grpo_v3_final_holdout_000578,KKK,KKK,0.994153,1,5.2500,5.2500,0.018231,1.0386,KKK,0.999895,1,9.2500,9.2500,0.000530,1.0011,KKK,0.999932,1,9.6250,9.6250,0.000349,1.0007,KKK,0.999072,1,7.1250,7.1250,0.003736,1.0078,KKK,0.999999,1,14.6875,14.6875,0.000005,1.0000
kk_grpo_v3_final_holdout_000579,NNK,NNN,0.202088,2,0.9999,-0.9999,0.558162,3.1921,NNN,0.004594,4,2.2758,-5.2499,0.225080,1.5969,NNK,0.695736,1,1.0001,1.0001,0.368682,2.1525,NNN,0.018980,3,2.6732,-3.8738,0.171707,1.4291,NNK,0.785024,1,1.3752,1.3752,0.282640,1.7999
kk_grpo_v3_final_holdout_000580,KKK,KKK,0.994149,1,5.2494,5.2494,0.018258,1.0387,KKK,0.993298,1,5.0001,5.0001,0.019386,1.0411,KKK,0.997191,1,5.8797,5.8797,0.009355,1.0196,KKK,0.999756,1,8.7499,8.7499,0.001171,1.0024,KKK,0.999770,1,8.9532,8.9532,0.001115,1.0023
kk_grpo_v3_final_holdout_000581,KKN,KKN,0.875725,1,2.0095,2.0095,0.195248,1.5008,KKN,0.866982,1,1.8762,1.8762,0.189439,1.4828,KKN,0.952600,1,3.0118,3.0118,0.093177,1.2138,KKN,0.994054,1,5.1318,5.1318,0.017727,1.0375,KKN,0.985932,1,4.2561,4.2561,0.035842,1.0774
kk_grpo_v3_final_holdout_000582,KKK,KKK,0.986243,1,4.9023,4.9023,0.041550,1.0902,KKK,0.993383,1,5.1251,5.1251,0.020541,1.0436,KKK,0.999396,1,8.2587,8.2587,0.002752,1.0057,KKK,0.999435,1,7.5627,7.5627,0.002395,1.0050,KKK,0.999464,1,7.6419,7.6419,0.002312,1.0048
kk_grpo_v3_final_holdout_000583,KNK,KNK,0.622460,1,0.5283,0.5283,0.343149,2.0412,KNK,0.817576,1,1.5002,1.5002,0.228605,1.6086,NKK,0.468801,2,0.1247,-0.1247,0.333010,1.9987,KNK,0.914916,1,3.0078,3.0078,0.169093,1.4214,KNK,0.835494,1,1.6261,1.6261,0.215658,1.5659
kk_grpo_v3_final_holdout_000584,KNN,NKK,0.250705,2,0.6380,-0.6380,0.602165,3.4979,NKK,0.207700,3,0.4987,-0.8443,0.531670,3.0210,NKK,0.093923,3,0.9180,-1.9180,0.439379,2.4934,KKN,0.042669,3,1.3361,-2.8749,0.328015,1.9780,NKK,0.013502,4,0.7695,-3.8945,0.365476,2.1382
kk_grpo_v3_final_holdout_000585,KKN,KKN,0.995196,1,5.3750,5.3750,0.015106,1.0319,KKK,0.119201,2,2.0000,-2.0000,0.175727,1.4411,KKN,0.966871,1,3.3750,3.3750,0.070130,1.1570,KKN,0.989004,1,4.5000,4.5000,0.029148,1.0625,KKN,0.970684,1,3.5000,3.5000,0.063667,1.1416
kk_grpo_v3_final_holdout_000586,NNK,KNK,0.468815,2,0.0743,-0.0743,0.384799,2.2259,KNK,0.320896,2,0.7272,-0.7272,0.338731,2.0226,NNK,0.651619,1,0.6986,0.6986,0.355021,2.0923,KNK,0.407447,2,0.3733,-0.3733,0.327952,1.9777,KNK,0.222780,2,1.2356,-1.2356,0.284194,1.8057
kk_grpo_v3_final_holdout_000587,KNK,KNK,0.496012,1,0.4337,0.4337,0.588114,3.3972,NKN,0.306138,2,0.4793,-0.4793,0.586115,3.3831,KKN,0.285388,2,0.5999,-0.5999,0.537675,3.0589,NKN,0.241460,2,1.0342,-1.0342,0.420629,2.3981,KNK,0.544343,1,1.0066,1.0066,0.608841,3.5468
kk_grpo_v3_final_holdout_000588,NKK,NKK,0.989713,1,5.0000,5.0000,0.030849,1.0663,NKK,0.999559,1,7.7500,7.7500,0.001880,1.0039,NKK,0.999710,1,8.2500,8.2500,0.001328,1.0028,NKK,0.999807,1,8.7500,8.7500,0.000934,1.0019,NKK,0.999636,1,8.0000,8.0000,0.001615,1.0034
kk_grpo_v3_final_holdout_000589,KNN,KNN,0.726802,1,1.3758,1.3758,0.403231,2.3129,KNN,0.833483,1,1.8485,1.8485,0.262418,1.7258,KNN,0.743195,1,1.1503,1.1503,0.318736,1.9402,KNN,0.987995,1,4.5606,4.5606,0.034284,1.0739,KNN,0.900237,1,2.8210,2.8210,0.196761,1.5055
kk_grpo_v3_final_holdout_000590,NNN,NNN,0.999745,1,8.6251,8.6251,0.001220,1.0025,NNN,0.999913,1,10.0439,10.0439,0.000467,1.0010,NNN,0.999957,1,10.4374,10.4374,0.000244,1.0005,NNN,0.999981,1,11.0625,11.0625,0.000114,1.0002,NNN,0.999988,1,12.0146,12.0146,0.000079,1.0002
kk_grpo_v3_final_holdout_000591,KKK,KKK,0.999913,1,9.5000,9.5000,0.000453,1.0009,KKK,0.999997,1,13.7500,13.7500,0.000018,1.0000,KKK,0.999986,1,11.2500,11.2500,0.000087,1.0002,KKK,0.999990,1,11.7500,11.7500,0.000063,1.0001,KKK,0.999999,1,14.6253,14.6253,0.000005,1.0000
kk_grpo_v3_final_holdout_000592,KKK,KKK,0.998121,1,6.9644,6.9644,0.007514,1.0157,KKK,0.999250,1,7.8599,7.8599,0.003307,1.0069,KKK,0.999727,1,8.8221,8.8221,0.001344,1.0028,KKK,0.999984,1,11.5661,11.5661,0.000101,1.0002,KKK,0.999975,1,10.6951,10.6951,0.000141,1.0003
kk_grpo_v3_final_holdout_000593,KKK,KKK,0.999918,1,10.0947,10.0947,0.000463,1.0010,KKK,0.999989,1,11.8243,11.8243,0.000072,1.0001,KKK,0.999998,1,13.5560,13.5560,0.000017,1.0000,KKK,1.000000,1,15.8319,15.8319,0.000003,1.0000,KKK,1.000000,1,15.5637,15.5637,0.000003,1.0000
kk_grpo_v3_final_holdout_000594,KKK,KKK,0.989213,1,5.1472,5.1472,0.033835,1.0729,KKK,0.999491,1,8.2011,8.2011,0.002316,1.0048,KKK,0.999924,1,10.3750,10.3750,0.000427,1.0009,KKK,0.999759,1,8.3750,8.3750,0.001104,1.0023,KKK,0.999988,1,11.7813,11.7813,0.000077,1.0002
kk_grpo_v3_final_holdout_000595,KKN,KKN,0.531208,1,0.1251,0.1251,0.332717,1.9974,KKN,0.705802,1,0.8752,0.8752,0.291554,1.8336,NNK,0.222685,2,1.2500,-1.2500,0.255310,1.7005,KKN,0.893302,1,2.1251,2.1251,0.163380,1.4046,KKN,0.562163,1,0.2501,0.2501,0.329877,1.9857
kk_grpo_v3_final_holdout_000596,NKK,NKK,0.589024,1,0.3764,0.3764,0.345176,2.0499,NKK,0.651290,1,0.6259,0.6259,0.312654,1.9158,NKK,0.849687,1,2.0606,2.0606,0.251278,1.6863,NKK,0.622238,1,0.5032,0.5032,0.324107,1.9620,NKK,0.866603,1,1.8992,1.8992,0.198057,1.5096
kk_grpo_v3_final_holdout_000597,NKK,KNK,0.195900,2,1.1466,-1.1466,0.527983,2.9979,KNK,0.147094,2,1.5134,-1.5134,0.498578,2.8201,KNK,0.124199,3,1.4300,-1.6543,0.512514,2.9030,KNK,0.077995,2,2.4202,-2.4202,0.238390,1.6417,KNK,0.077625,2,2.3741,-2.3741,0.303031,1.8779
kk_grpo_v3_final_holdout_000598,KNK,KNK,0.562079,1,0.2500,0.2500,0.330412,1.9879,KNK,0.866978,1,1.8750,1.8750,0.188840,1.4809,KNK,0.866935,1,1.8750,1.8750,0.189062,1.4816,KNN,0.095348,2,2.2500,-2.2500,0.151482,1.3703,KNK,0.984073,1,4.1250,4.1250,0.039387,1.0854
kk_grpo_v3_final_holdout_000599,KNN,NNN,0.050551,2,2.9229,-2.9229,0.125123,1.2972,NNN,0.046462,2,3.0188,-3.0188,0.100270,1.2318,NNN,0.008505,2,4.7579,-4.7579,0.026249,1.0561,NNN,0.000206,3,8.1249,-8.4875,0.002408,1.0050,NNN,0.006649,2,5.0061,-5.0061,0.021292,1.0453
kk_grpo_v3_final_holdout_000600,KKN,KKN,0.705383,1,1.0539,1.0539,0.356218,2.0975,KKN,0.730760,1,1.0035,1.0035,0.284661,1.8075,KKN,0.880925,1,2.3154,2.3154,0.209322,1.5454,KKN,0.946411,1,2.8759,2.8759,0.101343,1.2346,KKK,0.001556,3,2.3729,-6.3750,0.145581,1.3535
kk_grpo_v3_final_holdout_000601,KNK,KNK,0.835381,1,1.6250,1.6250,0.215595,1.5657,KNK,0.957232,1,3.1250,3.1250,0.086896,1.1980,KNK,0.987022,1,4.3750,4.3750,0.034421,1.0742,KNK,0.998894,1,7.4995,7.4995,0.004522,1.0094,KNK,0.996074,1,5.6251,5.6251,0.012895,1.0272
kk_grpo_v3_final_holdout_000602,KNK,KNK,0.487441,1,0.1570,0.1570,0.483207,2.7314,KNK,0.561035,1,0.3689,0.3689,0.422730,2.4086,KNK,0.554272,1,0.2457,0.2457,0.361362,2.1200,NNK,0.118830,2,2.0030,-2.0030,0.177531,1.4465,NNK,0.243234,2,1.1325,-1.1325,0.273387,1.7656
kk_grpo_v3_final_holdout_000603,KNN,KNN,0.962638,1,3.2504,3.2504,0.076885,1.1734,KNN,0.992358,1,4.8751,4.8751,0.021759,1.0463,KNN,0.979673,1,3.9137,3.9137,0.049349,1.1081,KNN,0.998241,1,6.3751,6.3751,0.006338,1.0133,KNK,0.020135,2,3.8750,-3.8750,0.073589,1.1654
kk_grpo_v3_final_holdout_000604,KKN,KNK,0.302360,2,0.1151,-0.1151,0.697430,4.2642,KKK,0.140417,4,0.8928,-1.2500,0.619330,3.6250,KKK,0.062637,2,2.6250,-2.6250,0.258465,1.7117,KKK,0.003740,4,2.8424,-5.5000,0.172536,1.4316,KKK,0.048956,4,1.8144,-2.7500,0.383443,2.2196
kk_grpo_v3_final_holdout_000605,NKN,NKN,0.893003,1,2.1222,2.1222,0.163798,1.4058,NKN,0.987562,1,4.3750,4.3750,0.032214,1.0693,NKN,0.992418,1,4.8750,4.8750,0.021453,1.0456,NKN,0.994083,1,5.1245,5.1245,0.017448,1.0369,NKN,0.904643,1,2.2500,2.2500,0.151403,1.3700
kk_grpo_v3_final_holdout_000606,NNN,NNN,0.952549,1,2.9999,2.9999,0.091926,1.2106,NNN,0.957902,1,3.1250,3.1250,0.083989,1.1908,NNN,0.995386,1,5.3750,5.3750,0.014167,1.0299,NNN,0.999703,1,8.1250,8.1250,0.001308,1.0027,NNN,0.999662,1,8.0000,8.0000,0.001470,1.0031
kk_grpo_v3_final_holdout_000607,KNN,KNN,0.945616,1,2.8837,2.8837,0.105353,1.2449,KNN,0.989584,1,4.6368,4.6368,0.029418,1.0631,KNN,0.997014,1,6.1250,6.1250,0.010690,1.0225,KNN,0.998939,1,6.8750,6.8750,0.004075,1.0085,KNN,0.981960,1,4.0000,4.0000,0.043621,1.0949
kk_grpo_v3_final_holdout_000608,NKN,NKN,0.665027,1,1.4072,1.4072,0.475030,2.6853,NKN,0.821279,1,2.0553,2.0553,0.295491,1.8487,NKN,0.935016,1,2.7646,2.7646,0.126740,1.3015,NKN,0.875099,1,2.4458,2.4458,0.237252,1.6378,NNN,0.345307,2,0.5527,-0.5527,0.413982,2.3652
kk_grpo_v3_final_holdout_000609,NNN,NNN,0.865881,1,2.3382,2.3382,0.245405,1.6658,NNN,0.847512,1,2.0156,2.0156,0.252727,1.6914,NNN,0.959603,1,3.2882,3.2882,0.089816,1.2053,NNN,0.969852,1,3.5036,3.5036,0.067373,1.1504,NNN,0.991304,1,5.3048,5.3048,0.028526,1.0611
kk_grpo_v3_final_holdout_000610,NNK,NNK,0.754915,1,1.5993,1.5993,0.346136,2.0540,NNK,0.731047,1,1.2812,1.2812,0.352123,2.0797,NNK,0.754825,1,1.1293,1.1293,0.271479,1.7586,NNK,0.970671,1,3.7253,3.7253,0.070823,1.1587,NNK,0.914890,1,2.5547,2.5547,0.158303,1.3898
kk_grpo_v3_final_holdout_000611,KKK,KKK,0.983827,1,4.6486,4.6486,0.045743,1.0998,KKK,0.970666,1,4.0760,4.0760,0.073449,1.1650,KKK,0.994778,1,5.8828,5.8828,0.017446,1.0369,KKK,0.997199,1,6.5082,6.5082,0.010199,1.0214,KKK,0.999969,1,10.7621,10.7621,0.000182,1.0004
kk_grpo_v3_final_holdout_000612,KKK,KKK,0.998424,1,6.5051,6.5051,0.005821,1.0122,KKK,0.999446,1,7.5017,7.5017,0.002270,1.0047,KKK,0.999539,1,7.6879,7.6879,0.001933,1.0040,KKK,0.999883,1,9.0634,9.0634,0.000571,1.0012,KKK,0.999969,1,10.3775,10.3775,0.000172,1.0004
kk_grpo_v3_final_holdout_000613,KKK,KKK,0.994687,1,5.3228,5.3228,0.016837,1.0356,KKK,0.999507,1,7.6318,7.6318,0.002068,1.0043,KKK,0.999795,1,8.5027,8.5027,0.000940,1.0020,KKK,0.999981,1,10.8756,10.8756,0.000110,1.0002,KKK,0.999981,1,10.8771,10.8771,0.000109,1.0002
kk_grpo_v3_final_holdout_000614,KKK,KKK,0.999958,1,10.5232,10.5232,0.000245,1.0005,KKK,0.999997,1,13.3186,13.3186,0.000021,1.0000,KKK,0.999998,1,13.5240,13.5240,0.000012,1.0000,KKK,0.999999,1,14.7956,14.7956,0.000005,1.0000,KKK,0.999999,1,14.5000,14.5000,0.000006,1.0000
kk_grpo_v3_final_holdout_000615,KNK,KNK,0.564512,1,1.2110,1.2110,0.587571,3.3934,KNK,0.540507,1,0.8656,0.8656,0.552145,3.1524,KNK,0.629937,1,0.8747,0.8747,0.473196,2.6751,KNK,0.575200,1,0.5001,0.5001,0.444545,2.5204,KNK,0.614387,1,0.4990,0.4990,0.353268,2.0846
kk_grpo_v3_final_holdout_000616,KKK,KKK,0.997817,1,6.1952,6.1952,0.007747,1.0162,KKK,0.999512,1,7.6269,7.6269,0.002027,1.0042,KKK,0.999665,1,8.0005,8.0005,0.001453,1.0030,KKK,0.999995,1,12.1295,12.1295,0.000035,1.0001,KKK,0.999969,1,10.3750,10.3750,0.000171,1.0004
kk_grpo_v3_final_holdout_000617,NNN,NNN,0.800442,1,1.8079,1.8079,0.308404,1.8990,NNN,0.783736,1,1.7747,1.7747,0.323267,1.9586,NNN,0.971094,1,3.7501,3.7501,0.070489,1.1579,NNN,0.884322,1,2.1152,2.1152,0.189417,1.4827,NNN,0.984243,1,4.7435,4.7435,0.045155,1.0984
kk_grpo_v3_final_holdout_000618,NNK,NNK,0.981999,1,4.0028,4.0028,0.043584,1.0949,NNK,0.988995,1,4.5000,4.5000,0.029196,1.0626,NNK,0.999545,1,7.7500,7.7500,0.001953,1.0041,NNK,0.998956,1,6.8751,6.8751,0.003984,1.0083,NNK,0.999855,1,8.8750,8.8750,0.000698,1.0015
kk_grpo_v3_final_holdout_000619,NNK,NNK,0.900613,1,2.5629,2.5629,0.202535,1.5237,NNK,0.953038,1,3.6991,3.6991,0.115243,1.2708,NNK,0.988479,1,5.0973,5.0973,0.036843,1.0796,NNK,0.976453,1,4.1238,4.1238,0.063599,1.1414,NNK,0.997470,1,6.6728,6.6728,0.009860,1.0207
kk_grpo_v3_final_holdout_000620,KKK,KKK,0.984227,1,4.3750,4.3750,0.043925,1.0956,KKK,0.999732,1,8.5000,8.5000,0.001275,1.0027,KKK,0.999891,1,9.2500,9.2500,0.000553,1.0012,KKK,0.996197,1,6.0000,6.0000,0.013235,1.0279,KKK,0.999856,1,9.0776,9.0776,0.000726,1.0015
kk_grpo_v3_final_holdout_000621,KKN,KKN,0.979647,1,3.8774,3.8774,0.048052,1.1051,KKN,0.999085,1,7.0003,7.0003,0.003532,1.0074,KKN,0.999962,1,10.2496,10.2496,0.000209,1.0004,KKN,0.999446,1,7.4999,7.4999,0.002271,1.0047,KKN,0.999970,1,10.4991,10.4991,0.000167,1.0003
kk_grpo_v3_final_holdout_000622,NNK,NNK,0.950717,1,3.4414,3.4414,0.117032,1.2755,NNK,0.973118,1,4.4464,4.4464,0.073453,1.1650,NNK,0.986252,1,4.9395,4.9395,0.042843,1.0932,NNK,0.996034,1,5.8751,5.8751,0.014107,1.0298,NNK,0.995379,1,5.8763,5.8763,0.016366,1.0346
kk_grpo_v3_final_holdout_000623,NKN,NKN,0.834280,1,2.1230,2.1230,0.295774,1.8497,NKN,0.763863,1,1.8143,1.8143,0.380400,2.2056,NKN,0.935817,1,3.6991,3.6991,0.158405,1.3901,NKN,0.817417,1,1.5000,1.5000,0.229390,1.6112,NKN,0.984442,1,4.7500,4.7500,0.046056,1.1005
kk_grpo_v3_final_holdout_000624,KKN,KKN,0.952193,1,3.5048,3.5048,0.113475,1.2661,KKN,0.939056,1,2.7500,2.7500,0.112974,1.2648,KKN,0.815553,1,1.5000,1.5000,0.236746,1.6361,KKN,0.797918,1,1.3750,1.3750,0.243328,1.6586,KKN,0.914896,1,2.3750,2.3750,0.139999,1.3379
kk_grpo_v3_final_holdout_000625,KNK,KNK,0.634462,1,0.6878,0.6878,0.397542,2.2857,KNK,0.586904,1,0.3777,0.3777,0.353751,2.0867,KNK,0.796951,1,1.3744,1.3744,0.247102,1.6717,KNK,0.946386,1,2.8754,2.8754,0.101307,1.2345,KNK,0.892257,1,2.1243,2.1243,0.167456,1.4165
kk_grpo_v3_final_holdout_000626,NNN,NNK,0.199266,3,0.4994,-0.8750,0.555061,3.1715,KNK,0.368707,2,0.0659,-0.0659,0.543807,3.0982,NNN,0.662773,1,0.8164,0.8164,0.387677,2.2393,NNN,0.608131,1,0.4813,0.4813,0.357005,2.1009,NNN,0.834427,1,1.6398,1.6398,0.225546,1.5984
kk_grpo_v3_final_holdout_000627,KNK,NNK,0.045650,2,3.0376,-3.0376,0.097810,1.2256,NNK,0.094310,2,2.2608,-2.2608,0.154865,1.3799,NNK,0.002799,2,5.8754,-5.8754,0.009764,1.0205,NNK,0.000180,3,6.8750,-8.6241,0.004771,1.0100,NNK,0.012412,2,4.3764,-4.3764,0.033246,1.0716
kk_grpo_v3_final_holdout_000628,KKN,KKN,0.834298,1,1.6242,1.6242,0.219627,1.5789,KKN,0.817610,1,1.5042,1.5042,0.230813,1.6160,KKN,0.835675,1,1.6274,1.6274,0.215495,1.5653,KKN,0.967368,1,3.3951,3.3951,0.069747,1.1561,KKN,0.952918,1,3.0626,3.0626,0.096024,1.2210
kk_grpo_v3_final_holdout_000629,NKN,NKN,0.605897,1,0.5029,0.5029,0.381399,2.2102,NKN,0.703505,1,0.8816,0.8816,0.307422,1.8951,NKN,0.879831,1,2.8598,2.8598,0.241288,1.6516,NKN,0.866464,1,1.9042,1.9042,0.199800,1.5151,NKN,0.934012,1,2.8361,2.8361,0.137616,1.3313
kk_grpo_v3_final_holdout_000630,NNN,NNN,0.754762,1,1.3265,1.3265,0.324771,1.9647,NKN,0.377524,2,0.4968,-0.4968,0.325488,1.9676,NKN,0.201808,2,1.3740,-1.3740,0.245174,1.6650,NKN,0.222701,2,1.2459,-1.2459,0.264989,1.7350,NNN,0.622439,1,0.5001,0.5001,0.319084,1.9416
kk_grpo_v3_final_holdout_000631,KNK,KNK,0.804309,1,2.2606,2.2606,0.345861,2.0528,KNK,0.861714,1,2.6321,2.6321,0.264677,1.7339,KNK,0.843728,1,2.0000,2.0000,0.262424,1.7258,KNK,0.992578,1,5.5615,5.5615,0.024774,1.0529,KNK,0.976716,1,4.5000,4.5000,0.064079,1.1425
kk_grpo_v3_final_holdout_000632,KNK,KNK,0.551371,1,0.3294,0.3294,0.428487,2.4376,KNK,0.592505,1,0.3784,0.3784,0.330494,1.9882,NKK,0.118629,2,1.9618,-1.9618,0.251532,1.6872,NKK,0.347957,2,0.6170,-0.6170,0.331009,1.9904,NKK,0.465728,2,0.0186,-0.0186,0.428185,2.4361
kk_grpo_v3_final_holdout_000633,KKN,KNK,0.176387,2,1.4941,-1.4941,0.312848,1.9166,KNK,0.242386,2,1.1174,-1.1174,0.310354,1.9067,KKN,0.878875,1,2.0059,2.0059,0.184946,1.4690,KNK,0.245057,2,1.1225,-1.1225,0.274790,1.7708,KKN,0.903652,1,2.2508,2.2508,0.155766,1.3825
kk_grpo_v3_final_holdout_000634,KKK,KNK,0.119193,2,2.0000,-2.0000,0.176133,1.4423,KNK,0.320823,2,0.7500,-0.7500,0.301799,1.8731,KNK,0.499988,2,0.0000,-0.0000,0.333358,2.0001,KNK,0.320820,2,0.7500,-0.7500,0.301761,1.8729,KNK,0.245081,2,1.1250,-1.1250,0.267798,1.7452
kk_grpo_v3_final_holdout_000635,NKN,NKN,0.499880,1,0.0140,0.0140,0.351712,2.0779,KKN,0.294225,2,0.8748,-0.8748,0.291986,1.8352,NKN,0.817464,1,1.4994,1.4994,0.228675,1.6088,KKN,0.182432,2,1.4997,-1.4997,0.229320,1.6110,NKN,0.651534,1,0.6258,0.6258,0.311007,1.9093
kk_grpo_v3_final_holdout_000636,NKN,KNK,0.044564,4,2.7500,-2.9001,0.362116,2.1234,KNK,0.007452,3,3.1236,-4.8439,0.120078,1.2836,KNK,0.002528,4,3.2308,-5.9172,0.140451,1.3392,KNN,0.265408,2,0.5121,-0.5121,0.629229,3.7004,KNK,0.006275,5,2.9728,-4.9782,0.193357,1.4949
kk_grpo_v3_final_holdout_000637,NNK,NKN,0.468318,2,0.1252,-0.1252,0.335838,2.0104,NKN,0.348549,2,0.6251,-0.6251,0.311973,1.9131,NNK,0.622343,1,0.5004,0.5004,0.320209,1.9462,NNK,0.817491,1,1.4997,1.4997,0.228750,1.6091,NNK,0.531134,1,0.1345,0.1345,0.344898,2.0487
kk_grpo_v3_final_holdout_000638,KNN,KNN,0.972374,1,3.8072,3.8072,0.069751,1.1561,KNN,0.995875,1,5.6288,5.6288,0.013812,1.0291,KNN,0.995962,1,5.6250,5.6250,0.013469,1.0284,KNN,0.999910,1,9.6607,9.6607,0.000484,1.0010,KNN,0.998629,1,6.6250,6.6250,0.005101,1.0107
kk_grpo_v3_final_holdout_000639,KKK,KKK,0.999569,1,8.1553,8.1553,0.001998,1.0042,KKK,0.999915,1,9.4873,9.4873,0.000441,1.0009,KKK,0.999722,1,8.6617,8.6617,0.001349,1.0028,KKK,0.999980,1,11.2376,11.2376,0.000122,1.0003,KKK,0.999972,1,10.5890,10.5890,0.000159,1.0003
kk_grpo_v3_final_holdout_000640,NKK,KNK,0.499860,2,0.0003,-0.0003,0.334047,2.0030,NKK,0.592674,1,0.3751,0.3751,0.325121,1.9661,NKK,0.939879,1,2.7501,2.7501,0.109471,1.2556,KNK,0.201813,2,1.3750,-1.3750,0.241876,1.6536,NKK,0.731009,1,1.0000,1.0000,0.280294,1.7911
kk_grpo_v3_final_holdout_000641,NNN,NNK,0.468352,2,0.1250,-0.1250,0.335705,2.0099,NNK,0.268838,2,1.0000,-1.0000,0.281612,1.7961,NNK,0.377478,2,0.5000,-0.5000,0.319465,1.9431,NNN,0.995845,1,5.5000,5.5000,0.013164,1.0278,NNN,0.991394,1,4.7500,4.7500,0.023901,1.0510
kk_grpo_v3_final_holdout_000642,KKN,NKN,0.429936,2,0.2623,-0.2623,0.358977,2.1095,NKN,0.437568,2,0.2493,-0.2493,0.333379,2.0002,NKN,0.042070,2,3.1254,-3.1254,0.084133,1.1912,NKN,0.407135,2,0.3744,-0.3744,0.328343,1.9794,NKN,0.106671,2,2.1252,-2.1252,0.163352,1.4045
kk_grpo_v3_final_holdout_000643,KKK,KKK,0.878964,1,1.9842,1.9842,0.178204,1.4486,KKK,0.982073,1,4.0040,4.0040,0.043262,1.0941,KKK,0.940655,1,2.7633,2.7633,0.108314,1.2526,KKK,0.879128,1,1.9842,1.9842,0.177291,1.4458,KKK,0.998299,1,6.3754,6.3754,0.006035,1.0126
kk_grpo_v3_final_holdout_000644,NNK,NKN,0.130318,2,1.8344,-1.8344,0.308728,1.9002,NKN,0.116643,2,1.9657,-1.9657,0.273890,1.7675,NKN,0.066584,3,1.2500,-2.3872,0.360019,2.1141,NKN,0.006290,3,1.5000,-4.8605,0.247409,1.6728,NKK,0.033063,3,1.3750,-3.1502,0.304242,1.8826
kk_grpo_v3_final_holdout_000645,NKK,NKK,0.957451,1,3.1247,3.1247,0.086101,1.1961,NKK,0.985819,1,4.2500,4.2500,0.036146,1.0781,NKK,0.996358,1,5.6250,5.6250,0.011714,1.0247,NKK,0.998620,1,6.6250,6.6250,0.005161,1.0108,NKK,0.990240,1,4.6250,4.6250,0.026559,1.0568
kk_grpo_v3_final_holdout_000646,KKN,KNN,0.147581,2,1.7535,-1.7535,0.202023,1.5221,KKN,0.966836,1,3.3729,3.3729,0.070049,1.1568,KKN,0.997169,1,5.8729,5.8729,0.009416,1.0198,KKN,0.979615,1,3.8728,3.8728,0.047899,1.1047,KKN,0.999874,1,9.4255,9.4255,0.000646,1.0013
kk_grpo_v3_final_holdout_000647,KNK,KNK,0.999818,1,9.1131,9.1131,0.000922,1.0019,KNK,0.999984,1,11.1251,11.1251,0.000093,1.0002,KNK,0.999959,1,10.1252,10.1252,0.000218,1.0005,KNK,0.999995,1,12.7501,12.7501,0.000034,1.0001,KNK,0.999925,1,9.5000,9.5000,0.000379,1.0008
kk_grpo_v3_final_holdout_000648,NKK,NNK,0.190137,2,1.3797,-1.3797,0.342747,2.0395,NNK,0.092864,2,2.2501,-2.2501,0.209551,1.5461,NNK,0.053462,2,2.8726,-2.8726,0.104876,1.2437,NNK,0.085270,2,2.3720,-2.3720,0.143079,1.3465,NNK,0.033067,2,3.3750,-3.3750,0.072164,1.1619
kk_grpo_v3_final_holdout_000649,NKN,NNK,0.445280,2,0.1240,-0.1240,0.438115,2.4869,NNK,0.401915,2,0.3747,-0.3747,0.360700,2.1171,NKN,0.805219,1,1.6949,1.6949,0.292080,1.8356,NKN,0.816238,1,1.5005,1.5005,0.234645,1.6289,NKN,0.618416,1,0.4955,0.4955,0.333714,2.0016
kk_grpo_v3_final_holdout_000650,NKK,NKK,0.515464,1,0.3934,0.3934,0.485432,2.7440,NKK,0.795898,1,1.4738,1.4738,0.278100,1.7830,NKK,0.493706,1,0.0623,0.0623,0.414546,2.3679,KKN,0.359559,2,0.5483,-0.5483,0.355107,2.0926,KKN,0.231244,2,0.8283,-0.8283,0.559515,3.2010
kk_grpo_v3_final_holdout_000651,KNK,KNK,0.753753,1,1.1267,1.1267,0.274591,1.7700,KNK,0.835221,1,1.6248,1.6248,0.216302,1.5680,KNK,0.946416,1,2.8746,2.8746,0.101106,1.2340,KNK,0.995369,1,5.3750,5.3750,0.014269,1.0301,KNK,0.990204,1,4.6248,4.6248,0.026743,1.0572
kk_grpo_v3_final_holdout_000652,NKN,NKN,0.592904,1,1.0697,1.0697,0.462182,2.6145,NKN,0.798059,1,1.4058,1.4058,0.256164,1.7035,NKN,0.987623,1,4.4317,4.4317,0.033492,1.0721,NKN,0.713797,1,0.9208,0.9208,0.293951,1.8427,NKN,0.754564,1,1.1338,1.1338,0.276047,1.7754
kk_grpo_v3_final_holdout_000653,NKK,NKK,0.976767,1,3.7500,3.7500,0.053841,1.1185,NKK,0.999800,1,8.6317,8.6317,0.000951,1.0020,NKK,0.999886,1,9.4014,9.4014,0.000594,1.0012,NKK,0.999751,1,8.6250,8.6250,0.001207,1.0025,NKK,0.999703,1,8.5001,8.5001,0.001402,1.0029
kk_grpo_v3_final_holdout_000654,KNN,KNN,0.755550,1,1.5000,1.5000,0.359624,2.1124,KNN,0.525765,1,0.1238,0.1238,0.356717,2.0997,KKN,0.359004,2,0.5796,-0.5796,0.314123,1.9217,KNN,0.904460,1,2.2499,2.2499,0.152294,1.3726,KKN,0.483762,2,0.0643,-0.0643,0.334533,2.0050
kk_grpo_v3_final_holdout_000655,NNN,NNN,0.866425,1,2.0347,2.0347,0.218016,1.5736,NNN,0.866704,1,1.9875,1.9875,0.211787,1.5533,NNN,0.987073,1,4.4640,4.4640,0.036106,1.0780,NNN,0.981943,1,4.0189,4.0189,0.044556,1.0971,NNN,0.880647,1,2.1282,2.1282,0.197876,1.5090
kk_grpo_v3_final_holdout_000656,KKN,NKK,0.222380,2,1.0018,-1.0018,0.490915,2.7755,NKK,0.301952,2,0.7893,-0.7893,0.358986,2.1096,NKK,0.000761,4,0.9986,-6.8653,0.286339,1.8138,NKK,0.028400,3,3.2463,-3.4928,0.142024,1.3436,NKK,0.013487,3,2.3738,-4.2023,0.176397,1.4431
kk_grpo_v3_final_holdout_000657,KKN,KKN,0.562089,1,0.2499,0.2499,0.330186,1.9870,KKN,0.592635,1,0.3751,0.3751,0.325433,1.9674,NNK,0.067010,2,2.6334,-2.6334,0.118723,1.2800,KKN,0.777289,1,1.2503,1.2503,0.255362,1.7006,KKN,0.622465,1,0.5009,0.5009,0.320111,1.9458
kk_grpo_v3_final_holdout_000658,NKN,NKK,0.493703,2,0.0000,-0.0000,0.365817,2.1398,NKK,0.244678,2,1.1250,-1.1250,0.273741,1.7669,NKN,0.531068,1,0.1250,0.1250,0.333548,2.0009,NKK,0.029302,2,3.5000,-3.5000,0.065136,1.1450,NKN,0.962567,1,3.2500,3.2500,0.077195,1.1741
kk_grpo_v3_final_holdout_000659,KNN,KNN,0.997502,1,6.0002,6.0002,0.008481,1.0178,KNN,0.998498,1,6.4999,6.4999,0.005421,1.0113,KNN,0.997197,1,5.8749,5.8749,0.009274,1.0195,KNN,0.999365,1,7.3749,7.3749,0.002574,1.0054,KNN,0.993306,1,5.0000,5.0000,0.019328,1.0410
kk_grpo_v3_final_holdout_000660,NNN,NNN,0.852486,1,2.3375,2.3375,0.269439,1.7512,NNN,0.918540,1,2.8425,2.8425,0.168339,1.4191,NNN,0.998092,1,6.9395,6.9395,0.007686,1.0161,NNN,0.996564,1,6.1557,6.1557,0.012693,1.0267,NNN,0.993662,1,5.2850,5.2850,0.020622,1.0438
kk_grpo_v3_final_holdout_000661,NNK,NNK,0.561550,1,0.3192,0.3192,0.384881,2.2263,KNK,0.437617,2,0.2451,-0.2451,0.339736,2.0268,NNK,0.622079,1,0.4995,0.4995,0.320708,1.9482,NNK,0.932396,1,2.6681,2.6681,0.124899,1.2966,NNK,0.754758,1,1.1248,1.1248,0.268533,1.7479
kk_grpo_v3_final_holdout_000662,NNK,NNK,0.976085,1,4.0630,4.0630,0.062964,1.1399,NNK,0.993732,1,5.1411,5.1411,0.019232,1.0408,NNK,0.999131,1,7.2516,7.2516,0.003621,1.0076,NNK,0.999602,1,7.8756,7.8756,0.001732,1.0036,NNK,0.999842,1,9.2509,9.2509,0.000811,1.0017
kk_grpo_v3_final_holdout_000663,NNN,NNN,0.987356,1,4.3773,4.3773,0.033308,1.0717,NNN,0.988925,1,4.5006,4.5006,0.029591,1.0635,NNN,0.998938,1,6.8762,6.8762,0.004089,1.0085,NNN,0.998649,1,6.6250,6.6250,0.005008,1.0105,NNN,0.996822,1,5.7508,5.7508,0.010349,1.0218
kk_grpo_v3_final_holdout_000664,KKN,KKN,0.589150,1,0.6502,0.6502,0.444463,2.5199,KKN,0.817205,1,1.7249,1.7249,0.274071,1.7681,KKN,0.500038,1,0.4288,0.4288,0.488905,2.7639,KKN,0.914796,1,2.3770,2.3770,0.141096,1.3410,KKN,0.499853,1,0.0093,0.0093,0.346695,2.0564
kk_grpo_v3_final_holdout_000665,NKN,NKN,0.780662,1,1.3003,1.3003,0.270565,1.7553,NKN,0.864710,1,1.8587,1.8587,0.192454,1.4921,NKN,0.964761,1,3.3809,3.3809,0.077660,1.1753,NKN,0.970183,1,3.5059,3.5059,0.066256,1.1477,NKN,0.896034,1,2.8199,2.8199,0.195122,1.5004
kk_grpo_v3_final_holdout_000666,KNN,KNN,0.983903,1,4.5146,4.5146,0.045030,1.0982,KNN,0.997917,1,6.2557,6.2557,0.007485,1.0157,KNN,0.999389,1,7.7500,7.7500,0.002651,1.0055,KNN,0.999897,1,9.2634,9.2634,0.000524,1.0011,KNN,0.999549,1,7.7527,7.7527,0.001930,1.0040
kk_grpo_v3_final_holdout_000667,NKK,NKK,0.891626,1,2.2233,2.2233,0.185722,1.4714,NKK,0.914866,1,2.3759,2.3759,0.140471,1.3392,NKK,0.976998,1,3.7503,3.7503,0.052792,1.1160,NKK,0.999363,1,7.7857,7.7857,0.002789,1.0058,NKK,0.998942,1,6.8750,6.8750,0.004056,1.0085
kk_grpo_v3_final_holdout_000668,NNN,NNN,0.999786,1,8.8293,8.8293,0.001059,1.0022,NNN,0.999869,1,9.2889,9.2889,0.000679,1.0014,NNN,0.999956,1,10.5050,10.5050,0.000252,1.0005,NNN,0.999977,1,11.6345,11.6345,0.000139,1.0003,NNN,0.999963,1,10.8748,10.8748,0.000217,1.0005
kk_grpo_v3_final_holdout_000669,KKN,KNN,0.041616,3,0.3750,-2.6128,0.397709,2.2865,KNN,0.085950,3,0.6250,-1.9215,0.453303,2.5667,KNK,0.142253,3,0.5000,-1.2500,0.555639,3.1754,KNN,0.115030,3,0.2500,-1.4622,0.469435,2.6543,KNN,0.302801,3,0.1250,-0.1511,0.580933,3.3468
kk_grpo_v3_final_holdout_000670,KNK,KNK,0.783618,1,2.1209,2.1209,0.365507,2.1384,KNK,0.841071,1,2.4947,2.4947,0.293135,1.8396,KNK,0.903694,1,2.7488,2.7488,0.191816,1.4901,KNK,0.863306,1,1.8744,1.8744,0.202316,1.5230,KNK,0.932081,1,3.1208,3.1208,0.150590,1.3677
kk_grpo_v3_final_holdout_000671,KKK,KKK,0.999987,1,11.5079,11.5079,0.000081,1.0002,KKK,0.999997,1,13.3790,13.3790,0.000018,1.0000,KKK,0.999996,1,13.3231,13.3231,0.000026,1.0001,KKK,0.999987,1,11.3937,11.3937,0.000082,1.0002,KKK,0.999999,1,14.0646,14.0646,0.000008,1.0000
kk_grpo_v3_final_holdout_000672,KKK,KKK,0.924052,1,2.6085,2.6085,0.144022,1.3492,KKK,0.984075,1,4.1488,4.1488,0.040344,1.0875,KKK,0.996394,1,5.6253,5.6253,0.011532,1.0243,KKK,0.999889,1,9.1265,9.1265,0.000547,1.0011,KKK,0.999790,1,8.5013,8.5013,0.000974,1.0020
kk_grpo_v3_final_holdout_000673,KKN,NKN,0.282183,2,0.3806,-0.3806,0.591618,3.4220,KKN,0.577020,1,0.7072,0.7072,0.473197,2.6751,KKN,0.612195,1,0.5716,0.5716,0.390426,2.2521,KKN,0.940678,1,3.1104,3.1104,0.125927,1.2993,KKN,0.599199,1,0.5104,0.5104,0.401100,2.3027
kk_grpo_v3_final_holdout_000674,KNN,NNN,0.084919,4,0.5792,-1.7042,0.656681,3.9178,NNN,0.035396,5,0.7390,-2.4890,0.717765,4.4484,KNK,0.094718,4,0.3741,-1.5000,0.673401,4.0564,NNN,0.028817,5,0.9346,-2.9346,0.620289,3.6323,NNN,0.092869,3,0.5598,-1.6848,0.622119,3.6461
kk_grpo_v3_final_holdout_000675,NKN,NKN,0.999148,1,7.4999,7.4999,0.003583,1.0075,NKN,0.999764,1,9.1250,9.1250,0.001174,1.0024,NKN,0.999539,1,8.3748,8.3748,0.002121,1.0044,NKN,0.999953,1,10.6253,10.6253,0.000272,1.0006,NKN,0.997752,1,6.1250,6.1250,0.007818,1.0164
kk_grpo_v3_final_holdout_000676,KKK,KKK,0.999996,1,13.3051,13.3051,0.000027,1.0001,KKK,0.999998,1,13.1255,13.1255,0.000017,1.0000,KKK,0.999999,1,14.0005,14.0005,0.000009,1.0000,KKK,0.999999,1,14.3126,14.3126,0.000008,1.0000,KKK,0.999999,1,14.3782,14.3782,0.000005,1.0000
kk_grpo_v3_final_holdout_000677,KKN,KKN,0.345991,1,0.0624,0.0624,0.569430,3.2677,KKN,0.643896,1,0.8828,0.8828,0.415778,2.3740,NKK,0.116459,2,1.9895,-1.9895,0.244339,1.6621,KKN,0.920763,1,2.6144,2.6144,0.149863,1.3657,NKK,0.370419,2,0.5024,-0.5024,0.362554,2.1253
kk_grpo_v3_final_holdout_000678,KKK,KKK,0.999774,1,8.7500,8.7500,0.001115,1.0023,KKK,0.999996,1,13.3835,13.3835,0.000025,1.0001,KKK,0.999998,1,13.6250,13.6250,0.000017,1.0000,KKK,0.999999,1,13.8750,13.8750,0.000010,1.0000,KKK,1.000000,1,16.3917,16.3917,0.000002,1.0000
kk_grpo_v3_final_holdout_000679,KKK,KKK,0.966404,1,4.0299,4.0299,0.091347,1.2092,KKK,0.995279,1,6.2988,6.2988,0.017435,1.0369,KKK,0.997920,1,6.8361,6.8361,0.008487,1.0178,KKK,0.999867,1,10.1001,10.1001,0.000730,1.0015,KKK,0.999662,1,8.7758,8.7758,0.001630,1.0034
kk_grpo_v3_final_holdout_000680,KNK,KKN,0.385515,2,0.2497,-0.2497,0.488893,2.7639,KKN,0.155702,2,1.6238,-1.6238,0.319404,1.9429,KKN,0.091804,2,2.2483,-2.2483,0.230052,1.6135,KKN,0.147676,2,1.7465,-1.7465,0.219420,1.5782,KKK,0.041929,2,3.1087,-3.1087,0.133988,1.3213
kk_grpo_v3_final_holdout_000681,NKN,NKN,0.730807,1,0.9995,0.9995,0.280979,1.7937,NKN,0.817466,1,1.4995,1.4995,0.228734,1.6090,NKN,0.970684,1,3.5000,3.5000,0.063668,1.1416,NKN,0.562137,1,0.2499,0.2499,0.329752,1.9852,NKN,0.851942,1,1.7499,1.7499,0.201663,1.5210
kk_grpo_v3_final_holdout_000682,NNK,NNK,0.633283,1,0.8594,0.8594,0.422671,2.4083,NNK,0.786984,1,1.6761,1.6761,0.315608,1.9276,NNK,0.969329,1,3.6271,3.6271,0.073220,1.1645,NNK,0.990436,1,5.3740,5.3740,0.030307,1.0651,NNK,0.975536,1,4.1165,4.1165,0.065494,1.1459
kk_grpo_v3_final_holdout_000683,KNN,KNN,0.387953,1,0.4582,0.4582,0.784777,5.1136,KKK,0.223638,2,0.3111,-0.3111,0.796634,5.2412,KKK,0.021128,5,0.3064,-3.1814,0.524570,2.9767,KNN,0.750198,1,1.4358,1.4358,0.370328,2.1599,KKK,0.022350,5,0.9649,-3.3399,0.502004,2.8402
kk_grpo_v3_final_holdout_000684,KNN,KNN,0.739287,1,1.1139,1.1139,0.311518,1.9113,KNN,0.903996,1,2.2511,2.2511,0.154688,1.3794,KNN,0.622424,1,0.5005,0.5005,0.319814,1.9446,KNN,0.985908,1,4.2501,4.2501,0.035724,1.0771,KNN,0.967528,1,3.4969,3.4969,0.074064,1.1665
kk_grpo_v3_final_holdout_000685,KNN,KNN,0.924072,1,2.5000,2.5000,0.129522,1.3091,KNN,0.914807,1,2.3750,2.3750,0.140457,1.3392,KNN,0.966837,1,3.3750,3.3750,0.070276,1.1574,KNN,0.973995,1,3.6250,3.6250,0.058153,1.1285,KNN,0.939893,1,2.7500,2.7500,0.109382,1.2554
kk_grpo_v3_final_holdout_000686,KNK,NKN,0.145050,2,1.4944,-1.4944,0.517147,2.9311,NKN,0.082201,3,1.8785,-2.2535,0.347926,2.0616,NKK,0.000758,5,4.0138,-7.1519,0.084890,1.1931,NKK,0.017551,3,2.3013,-3.9251,0.200095,1.5160,NKK,0.002475,5,3.3693,-5.9305,0.158221,1.3896
kk_grpo_v3_final_holdout_000687,NKK,KNN,0.241347,2,0.8978,-0.8978,0.459191,2.5983,KNN,0.341490,2,0.6003,-0.6003,0.376455,2.1876,KNN,0.229956,2,1.1887,-1.1887,0.298347,1.8597,KNN,0.053175,2,2.8793,-2.8793,0.101139,1.2341,KNN,0.040262,3,1.3062,-2.9312,0.321775,1.9525
kk_grpo_v3_final_holdout_000688,KKK,KKK,0.981721,1,4.3510,4.3510,0.052204,1.1147,KKK,0.998822,1,7.1803,7.1803,0.004942,1.0103,KKK,0.998826,1,6.8554,6.8554,0.004627,1.0097,KKK,0.999977,1,11.4270,11.4270,0.000142,1.0003,KKK,0.999959,1,10.3414,10.3414,0.000237,1.0005
kk_grpo_v3_final_holdout_000689,NNK,NNK,0.561024,1,0.2499,0.2499,0.336244,2.0121,NNK,0.650650,1,0.6249,0.6249,0.314662,1.9238,NKK,0.468585,2,0.1251,-0.1251,0.333980,2.0027,NNK,0.957773,1,3.1227,3.1227,0.084333,1.1917,NNK,0.932299,1,2.6250,2.6250,0.119724,1.2827
kk_grpo_v3_final_holdout_000690,KKN,KKN,0.904625,1,2.2501,2.2501,0.151580,1.3705,KKN,0.996826,1,5.7503,5.7503,0.010317,1.0217,KKN,0.999619,1,7.8750,7.8750,0.001628,1.0034,KKN,0.999903,1,9.2501,9.2501,0.000480,1.0010,KKN,0.999989,1,11.6250,11.6250,0.000068,1.0001
kk_grpo_v3_final_holdout_000691,NKN,KKN,0.399537,2,0.2674,-0.2674,0.474593,2.6829,KKN,0.243358,2,1.1115,-1.1115,0.313890,1.9208,KKN,0.041922,2,3.1222,-3.1222,0.104061,1.2416,KKN,0.000334,3,5.9639,-8.0002,0.011106,1.0234,KKN,0.010954,2,4.4994,-4.4994,0.040620,1.0881
kk_grpo_v3_final_holdout_000692,NNK,NNK,0.827370,1,2.1942,2.1942,0.285957,1.8124,NNK,0.720077,1,1.5000,1.5000,0.380900,2.2079,NNK,0.951442,1,3.0324,3.0324,0.099344,1.2295,NNK,0.945350,1,3.2500,3.2500,0.118736,1.2801,NNK,0.732781,1,1.1250,1.1250,0.324569,1.9639
kk_grpo_v3_final_holdout_000693,KNK,KNK,0.770526,1,1.4740,1.4740,0.331635,1.9929,KNK,0.824845,1,1.6507,1.6507,0.257170,1.7071,KNK,0.849695,1,2.4396,2.4396,0.258791,1.7128,KNK,0.966389,1,4.0819,4.0819,0.085150,1.1937,KNK,0.612434,1,0.4995,0.4995,0.353904,2.0874
kk_grpo_v3_final_holdout_000694,KKK,KKK,0.998297,1,6.3749,6.3749,0.006051,1.0127,KKK,0.998297,1,6.3749,6.3749,0.006050,1.0127,KKK,0.999768,1,8.3747,8.3747,0.001047,1.0022,KKK,0.999974,1,10.6250,10.6250,0.000145,1.0003,KKK,0.999968,1,10.3749,10.3749,0.000175,1.0004
kk_grpo_v3_final_holdout_000695,NNK,NNK,0.730929,1,0.9998,0.9998,0.280599,1.7923,NNK,0.679066,1,0.7498,0.7498,0.302273,1.8749,NNK,0.974011,1,3.6251,3.6251,0.058082,1.1284,NNK,0.705632,1,0.8748,0.8748,0.292130,1.8358,NNK,0.932357,1,2.6250,2.6250,0.119393,1.2818
kk_grpo_v3_final_holdout_000696,NKN,NKN,0.892861,1,2.1312,2.1312,0.167237,1.4159,NKN,0.962633,1,3.2502,3.2502,0.076897,1.1734,NKN,0.996314,1,5.7523,5.7523,0.012500,1.0263,NKN,0.995349,1,5.3750,5.3750,0.014367,1.0303,NKN,0.995287,1,5.4994,5.4994,0.015348,1.0324
kk_grpo_v3_final_holdout_000697,NNK,NKK,0.047364,2,2.9995,-2.9995,0.098866,1.2282,NKK,0.033078,2,3.3750,-3.3750,0.070859,1.1588,NKK,0.119039,2,2.0008,-2.0008,0.178171,1.4485,NKK,0.038527,2,3.2169,-3.2169,0.079346,1.1794,NKK,0.201808,2,1.3742,-1.3742,0.244664,1.6632
kk_grpo_v3_final_holdout_000698,KNN,KNN,0.703026,1,1.3750,1.3750,0.389076,2.2458,KNN,0.941810,1,3.3750,3.3750,0.125987,1.2995,KNN,0.786832,1,1.9170,1.9170,0.327097,1.9742,KNN,0.851480,1,1.7500,1.7500,0.203797,1.5277,KNN,0.964950,1,3.5000,3.5000,0.080722,1.1828
kk_grpo_v3_final_holdout_000699,KNK,NKN,0.348326,2,0.4005,-0.4005,0.469737,2.6559,KNK,0.705501,1,1.1878,1.1878,0.374939,2.1807,NKN,0.029304,2,3.4740,-3.4740,0.119849,1.2830,KNK,0.939900,1,3.2242,3.2242,0.128533,1.3064,KNK,0.730949,1,1.0034,1.0034,0.283516,1.8032
kk_grpo_v3_final_holdout_000700,NKN,NKN,0.961928,1,3.6250,3.6250,0.092727,1.2127,NKN,0.893239,1,2.1250,2.1250,0.163688,1.4055,NKK,0.222697,2,1.2500,-1.2500,0.255107,1.6997,NKN,0.731040,1,1.0000,1.0000,0.280102,1.7904,NKK,0.015906,2,4.1250,-4.1250,0.039353,1.0853
kk_grpo_v3_final_holdout_000701,NNK,KNN,0.234360,3,0.6710,-0.7168,0.577170,3.3208,NKN,0.308999,2,0.0895,-0.0895,0.623036,3.6531,KNN,0.170433,2,1.1294,-1.1294,0.607404,3.5362,NNK,0.643947,1,1.2017,1.2017,0.478952,2.7073,NNK,0.673320,1,0.9015,0.9015,0.383951,2.2220
kk_grpo_v3_final_holdout_000702,NNN,NNN,0.737415,1,1.2500,1.2500,0.350143,2.0711,NKK,0.215457,2,1.2565,-1.2565,0.311652,1.9118,NNN,0.969370,1,3.5133,3.5133,0.070072,1.1569,NNN,0.718111,1,0.9858,0.9858,0.316867,1.9327,NNN,0.933924,1,3.2697,3.2697,0.148624,1.3621
kk_grpo_v3_final_holdout_000703,KKK,KKK,0.817549,1,1.5000,1.5000,0.228589,1.6086,KKK,0.987566,1,4.3750,4.3750,0.032190,1.0692,KKK,0.998673,1,6.6250,6.6250,0.004874,1.0102,KKK,0.998067,1,6.2499,6.2499,0.006759,1.0142,KKK,0.999372,1,7.3744,7.3744,0.002533,1.0053
kk_grpo_v3_final_holdout_000704,NNK,NNK,0.546566,1,0.3737,0.3737,0.453829,2.5695,NNK,0.484825,1,0.2505,0.2505,0.515695,2.9223,NNK,0.926895,1,2.6200,2.6200,0.137162,1.3301,KNN,0.433941,2,0.2588,-0.2588,0.341894,2.0359,NNK,0.869011,1,1.9900,1.9900,0.209836,1.5470
kk_grpo_v3_final_holdout_000705,NNK,NNK,0.620182,1,1.0725,1.0725,0.450898,2.5539,NNK,0.499341,1,0.1414,0.1414,0.430134,2.4460,NNK,0.562127,1,0.2986,0.2986,0.370162,2.1592,NNK,0.622413,1,0.5204,0.5204,0.336987,2.0153,NNK,0.866927,1,1.9180,1.9180,0.200253,1.5165
kk_grpo_v3_final_holdout_000706,KNK,KNK,0.923408,1,2.5000,2.5000,0.132314,1.3167,KNK,0.983978,1,4.1250,4.1250,0.039849,1.0864,KNK,0.991376,1,4.7500,4.7500,0.023990,1.0512,KNK,0.998288,1,6.3750,6.3750,0.006103,1.0128,KNK,0.995855,1,5.5000,5.5000,0.013107,1.0276
kk_grpo_v3_final_holdout_000707,KNN,KNN,0.502179,1,0.2500,0.2500,0.459463,2.5998,KNN,0.553233,1,0.2500,0.2500,0.363705,2.1304,KNK,0.132708,2,1.8750,-1.8750,0.194902,1.4997,KNN,0.994519,1,5.2500,5.2500,0.016862,1.0357,KNK,0.201807,2,1.3750,-1.3750,0.242044,1.6542
kk_grpo_v3_final_holdout_000708,KKK,KNK,0.418473,2,0.2486,-0.2486,0.420738,2.3986,KKK,0.676731,1,0.7504,0.7504,0.313374,1.9187,KKK,0.866136,1,1.8750,1.8750,0.192364,1.4918,KKK,0.705621,1,0.8751,0.8751,0.292473,1.8371,KKK,0.970581,1,3.5000,3.5000,0.064204,1.1428
kk_grpo_v3_final_holdout_000709,KKK,KKK,0.999370,1,7.4184,7.4184,0.002603,1.0054,KKK,0.999620,1,7.9238,7.9238,0.001662,1.0035,KKK,0.999769,1,8.3822,8.3822,0.001045,1.0022,KKK,0.999967,1,10.3225,10.3225,0.000183,1.0004,KKK,0.999967,1,10.5280,10.5280,0.000191,1.0004
kk_grpo_v3_final_holdout_000710,KKN,KKN,0.679211,1,0.7561,0.7561,0.307368,1.8949,KKN,0.817588,1,1.5047,1.5047,0.231035,1.6168,KKN,0.754992,1,1.1874,1.1874,0.294552,1.8450,KKN,0.679232,1,0.7531,0.7531,0.304715,1.8845,KKN,0.914929,1,2.5182,2.5182,0.156024,1.3833
kk_grpo_v3_final_holdout_000711,NNN,NNN,0.994556,1,5.2513,5.2513,0.016730,1.0354,NNN,0.997696,1,6.1263,6.1263,0.008069,1.0169,NNN,0.998873,1,6.8764,6.8764,0.004381,1.0092,NNN,0.999692,1,8.7501,8.7501,0.001449,1.0030,NNN,0.999310,1,7.7540,7.7540,0.002970,1.0062
kk_grpo_v3_final_holdout_000712,NNN,KNN,0.037304,3,0.6249,-2.8219,0.376134,2.1862,KKN,0.006690,3,2.2500,-4.9003,0.169686,1.4231,KNN,0.000028,3,4.2499,-10.4861,0.035713,1.0771,KNN,0.000031,3,6.6244,-10.3744,0.005109,1.0107,KKN,0.000004,3,2.8751,-12.2583,0.100258,1.2318
kk_grpo_v3_final_holdout_000713,KKK,KNN,0.071566,3,1.3482,-2.2232,0.511536,2.8971,KNN,0.174871,2,1.4751,-1.4751,0.361312,2.1198,KKK,0.722527,1,1.0154,1.0154,0.323187,1.9582,KNN,0.145628,2,1.7642,-1.7642,0.214908,1.5634,KNN,0.426377,2,0.2470,-0.2470,0.393679,2.2674
kk_grpo_v3_final_holdout_000714,KNK,KNK,0.848963,1,2.8192,2.8192,0.300374,1.8675,KNK,0.885417,1,2.9968,2.9968,0.235622,1.6323,KNK,0.881350,1,2.3638,2.3638,0.226996,1.6032,KNK,0.989895,1,5.1243,5.1243,0.031756,1.0683,KNK,0.741178,1,1.1250,1.1250,0.315013,1.9252
kk_grpo_v3_final_holdout_000715,NNN,NNN,0.966767,1,3.3750,3.3750,0.070592,1.1581,NNN,0.952526,1,3.0000,3.0000,0.092053,1.2110,NNN,0.974010,1,3.6250,3.6250,0.058089,1.1284,NNN,0.991409,1,4.7502,4.7502,0.023828,1.0508,NNN,0.995369,1,5.3751,5.3751,0.014264,1.0301
kk_grpo_v3_final_holdout_000716,KNK,KNK,0.991046,1,4.7498,4.7498,0.025352,1.0541,KNK,0.997199,1,5.8750,5.8750,0.009266,1.0195,KNK,0.993307,1,5.0000,5.0000,0.019325,1.0410,KNK,0.999445,1,7.5000,7.5000,0.002278,1.0047,KNK,0.977022,1,3.7500,3.7500,0.052617,1.1156
kk_grpo_v3_final_holdout_000717,KKN,KKN,0.562159,1,0.2528,0.2528,0.333744,2.0017,KKN,0.731038,1,1.0002,1.0002,0.280313,1.7912,KKN,0.592626,1,0.3774,0.3774,0.328554,1.9802,KNK,0.245080,2,1.1249,-1.1249,0.268207,1.7467,KNK,0.407304,2,0.3741,-0.3741,0.327380,1.9754
kk_grpo_v3_final_holdout_000718,KKN,NKK,0.180359,2,1.3678,-1.3678,0.391415,2.2567,NKK,0.095317,2,2.2393,-2.2393,0.177790,1.4473,NKK,0.004609,3,3.5000,-5.3454,0.077548,1.1750,NKK,0.015889,2,4.1253,-4.1253,0.042610,1.0926,NKK,0.006689,3,4.6250,-4.9908,0.045504,1.0992
kk_grpo_v3_final_holdout_000719,NKN,NKN,0.584863,1,0.6275,0.6275,0.479267,2.7091,NKN,0.651828,1,0.7554,0.7554,0.389660,2.2485,NKN,0.665601,1,0.8212,0.8212,0.383280,2.2189,NNK,0.390852,2,0.3602,-0.3602,0.408542,2.3386,NNK,0.293273,3,0.0000,-0.1825,0.534932,3.0415
kk_grpo_v3_final_holdout_000720,NKN,NKN,0.495209,1,0.1274,0.1274,0.434014,2.4658,KKN,0.412929,2,0.1249,-0.1249,0.471038,2.6631,KKN,0.285097,3,0.2500,-0.2502,0.605308,3.5209,KKN,0.072551,3,2.2500,-2.4342,0.295676,1.8494,KKN,0.019579,2,3.9095,-3.9095,0.059235,1.1311
kk_grpo_v3_final_holdout_000721,KNN,NKN,0.330166,2,0.2689,-0.2689,0.565921,3.2440,KNN,0.426688,1,0.2997,0.2997,0.577457,3.3227,KNN,0.560102,1,1.0256,1.0256,0.561233,3.2125,KNN,0.705841,1,0.9459,0.9459,0.329576,1.9844,KNN,0.750987,1,1.5066,1.5066,0.360569,2.1165
kk_grpo_v3_final_holdout_000722,NKN,NKN,0.473045,1,0.3751,0.3751,0.537103,3.0553,NKN,0.722015,1,1.4545,1.4545,0.406457,2.3285,NKN,0.920278,1,2.5000,2.5000,0.142752,1.3456,NKN,0.763244,1,1.3446,1.3446,0.325494,1.9677,NNK,0.144182,2,1.7494,-1.7494,0.257017,1.7065
kk_grpo_v3_final_holdout_000723,KKK,KKK,0.559245,1,0.5559,0.5559,0.509731,2.8862,KKK,0.641968,1,0.7010,0.7010,0.385675,2.2300,NKN,0.407270,2,0.3577,-0.3577,0.353681,2.0864,KKK,0.904563,1,2.2620,2.2620,0.155077,1.3805,KKK,0.835501,1,1.6635,1.6635,0.229281,1.6109
kk_grpo_v3_final_holdout_000724,NNN,NNN,0.892726,1,2.1473,2.1473,0.172056,1.4302,NNN,0.939687,1,2.7886,2.7886,0.115125,1.2705,NNN,0.979416,1,3.9294,3.9294,0.051004,1.1119,NNN,0.990268,1,4.6292,4.6292,0.026553,1.0568,NNN,0.985818,1,4.2539,4.2539,0.036322,1.0785
kk_grpo_v3_final_holdout_000725,KKN,KKN,0.999995,1,12.3763,12.3763,0.000036,1.0001,KKN,0.999999,1,14.4378,14.4378,0.000008,1.0000,KKN,0.999999,1,14.1876,14.1876,0.000009,1.0000,KKN,0.999999,1,14.3777,14.3777,0.000007,1.0000,KKN,0.999999,1,13.6878,13.6878,0.000009,1.0000
kk_grpo_v3_final_holdout_000726,NNN,KNK,0.377054,2,0.1511,-0.1511,0.504692,2.8562,KKN,0.201740,2,1.1234,-1.1234,0.446696,2.5317,NNN,0.500018,1,0.3875,0.3875,0.485155,2.7424,KNK,0.106692,2,2.0120,-2.0120,0.309664,1.9039,KNK,0.095373,3,1.3810,-2.0240,0.374624,2.1793
kk_grpo_v3_final_holdout_000727,KKK,KKK,0.999957,1,10.3161,10.3161,0.000246,1.0005,KKK,0.999994,1,13.0105,13.0105,0.000041,1.0001,KKK,0.999998,1,14.0000,14.0000,0.000014,1.0000,KKK,0.999999,1,15.1587,15.1587,0.000005,1.0000,KKK,0.999999,1,14.6174,14.6174,0.000007,1.0000
kk_grpo_v3_final_holdout_000728,NKN,NKN,0.699186,1,1.3428,1.3428,0.437225,2.4823,NKN,0.721087,1,1.0352,1.0352,0.335473,2.0089,NKN,0.814953,1,1.5008,1.5008,0.240076,1.6474,NKN,0.913035,1,2.5539,2.5539,0.165739,1.4115,NKN,0.941039,1,2.8812,2.8812,0.120152,1.2838
kk_grpo_v3_final_holdout_000729,NNK,NNK,0.720141,1,1.3744,1.3744,0.379124,2.1998,NNK,0.935006,1,2.7448,2.7448,0.124022,1.2942,NNK,0.954270,1,3.6059,3.6059,0.104387,1.2424,NNK,0.982923,1,4.7419,4.7419,0.047260,1.1033,NNK,0.891360,1,2.1157,2.1157,0.168430,1.4194
kk_grpo_v3_final_holdout_000730,NNK,NNK,0.433239,1,0.3038,0.3038,0.613550,3.5817,NKK,0.288230,2,0.8746,-0.8746,0.336647,2.0138,NKK,0.200991,2,1.3750,-1.3750,0.253959,1.6957,NKK,0.242994,2,1.1247,-1.1247,0.291112,1.8319,NNK,0.558854,1,0.2502,0.2502,0.346328,2.0548
kk_grpo_v3_final_holdout_000731,NNN,NNN,0.999580,1,8.1302,8.1302,0.001948,1.0041,NNN,0.999861,1,9.6250,9.6250,0.000731,1.0015,NNN,0.999943,1,10.3750,10.3750,0.000325,1.0007,NNN,0.999947,1,10.0000,10.0000,0.000292,1.0006,NNN,0.999959,1,10.8750,10.8750,0.000237,1.0005
kk_grpo_v3_final_holdout_000732,NNK,NNK,0.850912,1,1.8491,1.8491,0.228088,1.6069,NNK,0.817402,1,1.5429,1.5429,0.244674,1.6633,NNK,0.678742,1,0.7619,0.7619,0.313866,1.9207,NNK,0.592613,1,0.3763,0.3763,0.327352,1.9753,NNK,0.995851,1,5.6264,5.6264,0.013757,1.0290
kk_grpo_v3_final_holdout_000733,NNK,NNK,0.988533,1,4.5003,4.5003,0.031253,1.0671,NNK,0.997950,1,6.2501,6.2501,0.007337,1.0154,NNK,0.999056,1,7.1252,7.1252,0.003814,1.0080,NNK,0.999903,1,9.3758,9.3758,0.000496,1.0010,NNK,0.999626,1,8.1876,8.1876,0.001709,1.0036
kk_grpo_v3_final_holdout_000734,KNK,KKN,0.322202,2,0.6249,-0.6249,0.423757,2.4137,KNK,0.687136,1,1.0002,1.0002,0.376080,2.1859,KKN,0.041502,2,3.1208,-3.1208,0.132152,1.3163,KNK,0.988530,1,4.5000,4.5000,0.031165,1.0670,KKK,0.033012,3,1.6250,-3.1947,0.286544,1.8146
kk_grpo_v3_final_holdout_000735,NNN,NNN,0.999636,1,8.7494,8.7494,0.001764,1.0037,NNN,0.999819,1,9.5043,9.5043,0.000931,1.0019,NNN,0.999788,1,8.5159,8.5159,0.000991,1.0021,NNN,0.999979,1,11.0651,11.0651,0.000126,1.0003,NNN,0.999616,1,7.8890,7.8890,0.001662,1.0035
kk_grpo_v3_final_holdout_000736,KNN,NNK,0.153397,2,1.5815,-1.5815,0.374507,2.1788,NNK,0.246000,2,0.9615,-0.9615,0.453294,2.5666,NNK,0.024871,2,3.6541,-3.6541,0.095703,1.2202,NNK,0.066151,2,2.6400,-2.6400,0.139344,1.3361,NNK,0.040199,3,1.7067,-2.9866,0.324489,1.9636
kk_grpo_v3_final_holdout_000737,KKN,KKN,0.406891,1,0.2011,0.2011,0.524544,2.9765,KKN,0.817569,1,2.1328,2.1328,0.289331,1.8251,KKN,0.974027,1,4.1483,4.1483,0.066453,1.1482,KKN,0.962659,1,3.7244,3.7244,0.088666,1.2025,KKN,0.999753,1,8.7237,8.7237,0.001205,1.0025
kk_grpo_v3_final_holdout_000738,NKN,NKN,0.729672,1,1.0049,1.0049,0.290120,1.8281,NKN,0.878887,1,2.0077,2.0077,0.185401,1.4704,NKN,0.963343,1,3.8060,3.8060,0.092626,1.2124,NKN,0.777311,1,1.2599,1.2599,0.260965,1.7206,NKN,0.932313,1,2.6742,2.6742,0.125901,1.2993
kk_grpo_v3_final_holdout_000739,KKN,KNK,0.000203,3,3.6250,-8.4737,0.058854,1.1302,KNK,0.000058,3,5.0000,-9.7433,0.019624,1.0417,KNK,0.000038,3,5.0000,-10.1808,0.019525,1.0414,KNK,0.000006,3,7.7500,-12.0621,0.001849,1.0039,KNK,0.000026,3,5.1250,-10.5566,0.017563,1.0372
kk_grpo_v3_final_holdout_000740,KNN,KNN,0.986085,1,4.3735,4.3735,0.037525,1.0812,KNN,0.995506,1,5.7487,5.7487,0.015146,1.0320,KNN,0.940549,1,3.2500,3.2500,0.127505,1.3036,KNN,0.999722,1,8.5000,8.5000,0.001308,1.0027,KNN,0.977507,1,4.1183,4.1183,0.058280,1.1288
kk_grpo_v3_final_holdout_000741,KKK,KKK,0.638586,1,1.4475,1.4475,0.526012,2.9856,KKK,0.889090,1,2.8271,2.8271,0.231418,1.6180,KKK,0.974975,1,4.5819,4.5819,0.070781,1.1586,KKK,0.992430,1,5.2498,5.2498,0.024665,1.0526,KKK,0.973530,1,4.6677,4.6677,0.074268,1.1670
kk_grpo_v3_final_holdout_000742,KNN,KKN,0.156788,3,1.2018,-1.2526,0.570969,3.2782,KKN,0.011941,4,1.8785,-4.2534,0.259989,1.7171,KKN,0.039268,4,0.1945,-2.4999,0.513359,2.9081,KKN,0.001313,4,5.4645,-6.6260,0.030223,1.0649,KKN,0.032373,3,1.8412,-3.2499,0.256099,1.7033
kk_grpo_v3_final_holdout_000743,KNN,KNN,0.979624,1,3.8750,3.8750,0.048019,1.1050,KNN,0.981997,1,4.0000,4.0000,0.043428,1.0945,KNN,0.864956,1,1.8575,1.8575,0.190655,1.4865,KNN,0.995920,1,5.5000,5.5000,0.012791,1.0270,KNN,0.835476,1,1.6250,1.6250,0.215054,1.5639
kk_grpo_v3_final_holdout_000744,NKN,NKN,0.622454,1,0.5100,0.5100,0.329155,1.9827,NKN,0.777294,1,1.2520,1.2520,0.256802,1.7057,NKN,0.973458,1,3.6257,3.6257,0.060354,1.1337,NKN,0.867534,1,1.8799,1.8799,0.188381,1.4795,NKN,0.798050,1,1.3752,1.3752,0.242831,1.6569
kk_grpo_v3_final_holdout_000745,KNN,KNN,0.357369,1,0.0774,0.0774,0.564059,3.2314,KNN,0.391685,1,0.1243,0.1243,0.598574,3.4719,NKK,0.033812,3,1.7472,-3.1882,0.276919,1.7786,KNN,0.665966,1,1.4741,1.4741,0.462028,2.6137,NNK,0.290017,2,0.6668,-0.6668,0.512280,2.9016
kk_grpo_v3_final_holdout_000746,KNN,KNN,0.678077,1,0.7943,0.7943,0.335497,2.0090,KNN,0.562071,1,0.2616,0.2616,0.345071,2.0494,KNN,0.796227,1,1.3814,1.3814,0.253527,1.6942,KNN,0.957866,1,3.1521,3.1521,0.086741,1.1977,KNN,0.954459,1,3.1246,3.1246,0.095426,1.2195
kk_grpo_v3_final_holdout_000747,KKK,KKK,0.999983,1,11.7500,11.7500,0.000110,1.0002,KKK,0.999991,1,12.5232,12.5232,0.000059,1.0001,KKK,0.999999,1,14.7212,14.7212,0.000007,1.0000,KKK,0.999997,1,13.5761,13.5761,0.000020,1.0000,KKK,0.999999,1,14.8359,14.8359,0.000004,1.0000
kk_grpo_v3_final_holdout_000748,NNN,NNN,0.437368,1,0.1636,0.1636,0.570427,3.2745,NNN,0.404493,1,0.0041,0.0041,0.619458,3.6260,KNK,0.243931,2,0.9256,-0.9256,0.449709,2.5476,KNK,0.074011,3,1.6237,-2.3423,0.339001,2.0237,KKN,0.162706,3,0.7556,-1.2488,0.477626,2.6999
kk_grpo_v3_final_holdout_000749,KNK,KNK,0.956789,1,3.1239,3.1239,0.088136,1.2011,KNK,0.957809,1,3.1249,3.1249,0.084438,1.1919,KNK,0.867004,1,1.8751,1.8751,0.188747,1.4807,KNK,0.970681,1,3.5001,3.5001,0.063694,1.1416,KNK,0.592722,1,0.3754,0.3754,0.325289,1.9668
kk_grpo_v3_final_holdout_000750,KKK,KKK,0.999944,1,9.8855,9.8855,0.000299,1.0006,KKK,0.999986,1,11.7663,11.7663,0.000087,1.0002,KKK,0.999979,1,11.1085,11.1085,0.000129,1.0003,KKK,0.999993,1,12.3404,12.3404,0.000048,1.0001,KKK,0.999996,1,12.7539,12.7539,0.000024,1.0001
kk_grpo_v3_final_holdout_000751,NKN,NKN,0.966674,1,3.3750,3.3750,0.071058,1.1592,NKN,0.798118,1,1.3750,1.3750,0.242272,1.6550,NKN,0.651315,1,0.6250,0.6250,0.311234,1.9102,NKN,0.985922,1,4.2500,4.2500,0.035646,1.0769,NKN,0.893265,1,2.1250,2.1250,0.163532,1.4050
kk_grpo_v3_final_holdout_000752,NNK,KNK,0.234674,2,1.0962,-1.0962,0.374363,2.1781,KNK,0.293464,2,0.8369,-0.8369,0.352533,2.0815,KNK,0.054306,2,2.8503,-2.8503,0.122136,1.2891,NNK,0.636219,1,0.6016,0.6016,0.346277,2.0546,KNK,0.146553,2,1.7491,-1.7491,0.230671,1.6155
kk_grpo_v3_final_holdout_000753,NKK,NKN,0.095235,2,2.2501,-2.2501,0.155582,1.3820,NKK,0.777132,1,1.2499,1.2499,0.255989,1.7029,NKN,0.222560,2,1.2501,-1.2501,0.257422,1.7079,NKK,0.798032,1,1.3749,1.3749,0.242651,1.6563,NKN,0.007576,2,4.8751,-4.8751,0.021529,1.0458
kk_grpo_v3_final_holdout_000754,KNK,KNK,0.951313,1,3.7498,3.7498,0.115333,1.2710,KNK,0.984203,1,4.3749,4.3749,0.044167,1.0962,KNK,0.957851,1,3.1249,3.1249,0.084267,1.1915,KNK,0.914863,1,2.3749,2.3749,0.140174,1.3384,KKK,0.245077,2,1.1250,-1.1250,0.267914,1.7456
kk_grpo_v3_final_holdout_000755,KNK,KNK,0.391578,1,0.0443,0.0443,0.590034,3.4108,NKK,0.348564,2,0.6251,-0.6251,0.311603,1.9116,NKK,0.037315,2,3.2503,-3.2503,0.077065,1.1738,KNK,0.729681,1,0.9977,0.9977,0.284628,1.8074,NKK,0.293646,2,0.8768,-0.8768,0.293763,1.8420
kk_grpo_v3_final_holdout_000756,KNK,KKK,0.090296,3,0.6128,-1.8751,0.435862,2.4753,KKK,0.021424,3,2.6028,-3.7500,0.168308,1.4190,NKN,0.002231,4,0.4982,-5.6232,0.339400,2.0254,KKK,0.004391,3,2.9958,-5.3750,0.105335,1.2449,KKK,0.003210,3,2.1242,-5.6250,0.174775,1.4383
kk_grpo_v3_final_holdout_000757,KKN,KKN,0.997740,1,6.5563,6.5563,0.008590,1.0180,KKN,0.999940,1,10.5555,10.5555,0.000342,1.0007,KKN,0.999923,1,9.6454,9.6454,0.000411,1.0009,KKN,0.999956,1,10.5230,10.5230,0.000247,1.0005,KKN,0.999987,1,11.8754,11.8754,0.000083,1.0002
kk_grpo_v3_final_holdout_000758,NKK,NKN,0.437799,2,0.2500,-0.2500,0.329915,1.9858,NKK,0.962655,1,3.2500,3.2500,0.076747,1.1730,NKK,0.984075,1,4.1250,4.1250,0.039378,1.0853,NKK,0.997517,1,6.0000,6.0000,0.008388,1.0176,NKK,0.989002,1,4.5000,4.5000,0.029158,1.0625
kk_grpo_v3_final_holdout_000759,NNN,NNN,0.815883,1,2.0739,2.0739,0.294797,1.8460,NNN,0.785775,1,1.6490,1.6490,0.313027,1.9173,NNN,0.826821,1,1.8532,1.8532,0.281249,1.7947,NNN,0.987426,1,4.7639,4.7639,0.037327,1.0807,NNN,0.881212,1,2.4332,2.4332,0.213594,1.5592
kk_grpo_v3_final_holdout_000760,KNN,NNK,0.119186,3,0.5007,-1.5263,0.456579,2.5842,NNK,0.119200,3,0.1251,-1.3675,0.468476,2.6490,NNK,0.005908,3,0.1266,-4.4937,0.347859,2.0613,NNK,0.119235,2,1.8575,-1.8575,0.341460,2.0341,NNK,0.037288,2,3.2130,-3.2130,0.150468,1.3674
kk_grpo_v3_final_holdout_000761,KNN,KNN,0.904954,1,2.3750,2.3750,0.168583,1.4199,KNN,0.970484,1,3.5000,3.5000,0.064654,1.1439,KNN,0.914885,1,2.3750,2.3750,0.140064,1.3381,KNN,0.924138,1,2.5000,2.5000,0.129161,1.3081,KNN,0.939912,1,2.7500,2.7500,0.109269,1.2551
kk_grpo_v3_final_holdout_000762,KKK,KKK,0.999724,1,8.6250,8.6250,0.001314,1.0027,KKK,0.999982,1,11.2738,11.2738,0.000109,1.0002,KKK,0.999992,1,12.3655,12.3655,0.000054,1.0001,KKK,0.999996,1,12.5000,12.5000,0.000027,1.0001,KKK,0.999999,1,15.0160,15.0160,0.000005,1.0000
kk_grpo_v3_final_holdout_000763,KKN,KKN,0.817576,1,1.5160,1.5160,0.235668,1.6324,KKN,0.997527,1,6.0263,6.0263,0.008485,1.0178,KKN,0.995929,1,5.5110,5.5110,0.012862,1.0271,KKN,0.994780,1,5.2931,5.2931,0.016181,1.0342,KKN,0.999512,1,8.4517,8.4517,0.002277,1.0047
kk_grpo_v3_final_holdout_000764,KNN,NNK,0.468694,2,0.1251,-0.1251,0.333201,1.9995,KNN,0.851854,1,1.7500,1.7500,0.202223,1.5227,KNN,0.754958,1,1.1255,1.1255,0.268114,1.7464,KNN,0.970662,1,3.5018,3.5018,0.063963,1.1423,KNN,0.866804,1,1.8780,1.8780,0.190804,1.4870
kk_grpo_v3_final_holdout_000765,NKN,KNN,0.098472,2,2.0932,-2.0932,0.366627,2.1434,KNN,0.001502,4,0.6073,-5.9695,0.436013,2.4760,KNN,0.000072,4,1.5000,-9.2077,0.377378,2.1918,KNK,0.000014,4,0.1250,-10.5237,0.337412,2.0170,KNK,0.000006,5,0.6250,-11.5074,0.408979,2.3407
kk_grpo_v3_final_holdout_000766,NNN,KKN,0.424844,2,0.2996,-0.2996,0.334247,2.0038,KKN,0.389718,2,0.4411,-0.4411,0.334421,2.0045,KKN,0.131190,2,1.8888,-1.8888,0.192152,1.4912,NNN,0.523741,1,0.7583,0.7583,0.491768,2.7804,KKN,0.339118,2,0.6641,-0.6641,0.314807,1.9244
kk_grpo_v3_final_holdout_000767,KKN,NNK,0.154099,3,0.0803,-1.0488,0.489171,2.7654,KKN,0.634206,1,1.1215,1.1215,0.436482,2.4785,KKN,0.513832,1,0.0745,0.0745,0.355270,2.0933,NNK,0.071929,3,0.1232,-1.9238,0.433787,2.4646,KKN,0.803573,1,1.4323,1.4323,0.248706,1.6773
kk_grpo_v3_final_holdout_000768,NNN,NNN,0.914530,1,2.3750,2.3750,0.141821,1.3430,NNN,0.892907,1,2.1250,2.1250,0.165212,1.4099,NNN,0.981658,1,4.0000,4.0000,0.045023,1.0981,NNN,0.966546,1,3.3750,3.3750,0.071604,1.1606,NNN,0.991311,1,4.7500,4.7500,0.024322,1.0519
kk_grpo_v3_final_holdout_000769,NKN,NNK,0.069495,3,0.5173,-2.1249,0.423020,2.4100,NNK,0.128757,3,0.6761,-1.4999,0.455475,2.5783,NNK,0.019910,3,0.7206,-3.4999,0.345607,2.0517,KNN,0.000110,3,6.9880,-9.1128,0.004297,1.0090,KNN,0.003447,3,1.1364,-5.3863,0.283892,1.8046
kk_grpo_v3_final_holdout_000770,NKK,NNK,0.196005,2,1.2987,-1.2987,0.388981,2.2454,NNK,0.199546,2,1.3753,-1.3753,0.268792,1.7488,NNK,0.163828,2,1.6251,-1.6251,0.226872,1.6028,NNK,0.106493,2,2.1255,-2.1255,0.168145,1.4186,NNK,0.075528,2,2.5003,-2.5003,0.141315,1.3416
kk_grpo_v3_final_holdout_000771,NKK,NKK,0.643270,1,0.6213,0.6213,0.341744,2.0353,NKK,0.678243,1,0.7514,0.7514,0.308177,1.8981,NKK,0.754630,1,1.2529,1.2529,0.312079,1.9135,KNK,0.438082,2,0.1318,-0.1318,0.428826,2.4393,NKK,0.727664,1,1.0053,1.0053,0.297334,1.8558
kk_grpo_v3_final_holdout_000772,NKK,NKN,0.037224,2,3.2499,-3.2499,0.085998,1.1958,NKK,0.561661,1,0.2500,0.2500,0.333023,1.9987,NKN,0.182387,2,1.4999,-1.4999,0.229648,1.6121,NKK,0.903829,1,2.2501,2.2501,0.155026,1.3804,NKN,0.320644,2,0.7500,-0.7500,0.303901,1.8813
kk_grpo_v3_final_holdout_000773,KNK,KNK,0.997188,1,5.8767,5.8767,0.009349,1.0196,KNK,0.999089,1,7.0024,7.0024,0.003511,1.0073,KNK,0.997528,1,6.0006,6.0006,0.008326,1.0175,KNK,0.999511,1,7.6282,7.6282,0.002034,1.0042,KNK,0.996835,1,5.7526,5.7526,0.010282,1.0216
kk_grpo_v3_final_holdout_000774,NNN,NNN,0.962388,1,3.2500,3.2500,0.078011,1.1761,NNN,0.957829,1,3.1250,3.1250,0.084368,1.1918,NNN,0.851847,1,1.7500,1.7500,0.202233,1.5228,NNN,0.995907,1,5.4997,5.4997,0.012856,1.0271,NNN,0.997496,1,5.9999,5.9999,0.008507,1.0178
kk_grpo_v3_final_holdout_000775,NNK,NNK,0.550752,1,0.3628,0.3628,0.447031,2.5334,NNK,0.496661,1,0.1602,0.1602,0.452423,2.5620,NNK,0.904403,1,2.6789,2.6789,0.182294,1.4609,NNK,0.923986,1,2.6604,2.6604,0.145238,1.3526,NNK,0.976413,1,4.0634,4.0634,0.061697,1.1369
kk_grpo_v3_final_holdout_000776,KKK,KKK,0.999762,1,8.3750,8.3750,0.001083,1.0023,KKK,0.999941,1,9.7500,9.7500,0.000309,1.0006,KKK,0.999987,1,11.3125,11.3125,0.000077,1.0002,KKK,0.999991,1,11.7500,11.7500,0.000057,1.0001,KKK,0.999972,1,10.5000,10.5000,0.000158,1.0003
kk_grpo_v3_final_holdout_000777,KKN,KNK,0.467982,2,0.1244,-0.1244,0.339342,2.0251,KKN,0.924097,1,2.5001,2.5001,0.129441,1.3089,KKN,0.979660,1,3.8751,3.8751,0.047826,1.1046,KKN,0.966909,1,3.3749,3.3749,0.069900,1.1564,KKN,0.999624,1,7.9996,7.9996,0.001671,1.0035
kk_grpo_v3_final_holdout_000778,KNN,KNN,0.730940,1,1.0006,1.0006,0.281384,1.7952,KNN,0.835419,1,1.6253,1.6253,0.215622,1.5658,KNN,0.777315,1,1.2504,1.2504,0.255359,1.7006,KNN,0.993329,1,5.0057,5.0057,0.019325,1.0410,KNN,0.777422,1,1.2509,1.2509,0.255174,1.7000
kk_grpo_v3_final_holdout_000779,KNN,KNN,0.993255,1,5.0000,5.0000,0.019600,1.0416,KNN,0.999084,1,7.0000,7.0000,0.003537,1.0074,KNN,0.999924,1,9.5000,9.5000,0.000388,1.0008,KNN,0.999876,1,9.0000,9.0000,0.000600,1.0012,KNN,0.999932,1,9.6250,9.6250,0.000349,1.0007
kk_grpo_v3_final_holdout_000780,NKN,NKN,0.999457,1,8.0000,8.0000,0.002422,1.0050,NKN,0.999831,1,9.2502,9.2502,0.000853,1.0018,NKN,0.999966,1,11.0001,11.0001,0.000200,1.0004,NKN,0.999979,1,11.2500,11.2500,0.000127,1.0003,NKN,0.999861,1,9.1271,9.1271,0.000705,1.0015
kk_grpo_v3_final_holdout_000781,KNN,NNK,0.163826,2,1.4276,-1.4276,0.430338,2.4470,NNK,0.117706,2,2.0015,-2.0015,0.207244,1.5387,NNK,0.014384,4,2.6371,-4.1254,0.218963,1.5767,NNK,0.020328,2,3.8676,-3.8676,0.068940,1.1541,NNK,0.025949,2,3.6246,-3.6246,0.060892,1.1350
kk_grpo_v3_final_holdout_000782,NNK,NNK,0.999433,1,7.8749,7.8749,0.002501,1.0052,NNK,0.999903,1,9.8126,9.8126,0.000524,1.0011,NNK,0.999892,1,9.6878,9.6878,0.000579,1.0012,NNK,0.999955,1,10.3750,10.3750,0.000256,1.0005,NNK,0.999947,1,10.3148,10.3148,0.000296,1.0006
kk_grpo_v3_final_holdout_000783,NKK,KNN,0.069369,3,0.2059,-1.9564,0.496447,2.8076,KNN,0.059899,4,0.6248,-2.1342,0.559564,3.2014,KNN,0.047678,3,0.0494,-2.2995,0.458118,2.5925,NNK,0.012008,3,1.1212,-4.1251,0.305391,1.8871,NNK,0.003140,4,0.1603,-5.1251,0.381745,2.2118
kk_grpo_v3_final_holdout_000784,NNN,NNN,0.800274,1,1.6250,1.6250,0.290129,1.8282,NNN,0.951496,1,3.3750,3.3750,0.108262,1.2525,NNN,0.992214,1,5.3750,5.3750,0.024505,1.0523,NNN,0.998164,1,6.6250,6.6250,0.007024,1.0147,NNN,0.996887,1,6.1250,6.1250,0.011101,1.0234
kk_grpo_v3_final_holdout_000785,KNN,KNN,0.923993,1,2.5000,2.5000,0.129880,1.3101,KNN,0.979512,1,3.8750,3.8750,0.048505,1.1061,KNN,0.989656,1,4.6250,4.6250,0.028899,1.0619,KNN,0.999715,1,8.1899,8.1899,0.001273,1.0027,KNN,0.996659,1,5.7500,5.7500,0.011136,1.0234
kk_grpo_v3_final_holdout_000786,KKK,KKK,0.999753,1,8.3751,8.3751,0.001134,1.0024,KKK,0.999857,1,8.8751,8.8751,0.000684,1.0014,KKK,0.999940,1,10.0552,10.0552,0.000328,1.0007,KKK,0.999982,1,11.1252,11.1252,0.000109,1.0002,KKK,0.999990,1,11.6250,11.6250,0.000062,1.0001
kk_grpo_v3_final_holdout_000787,KKK,KKK,0.999919,1,9.7500,9.7500,0.000433,1.0009,KKK,0.999991,1,12.1250,12.1250,0.000056,1.0001,KKK,0.999995,1,12.6514,12.6514,0.000037,1.0001,KKK,0.999997,1,13.4769,13.4769,0.000020,1.0000,KKK,0.999999,1,14.8125,14.8125,0.000008,1.0000
kk_grpo_v3_final_holdout_000788,NKK,NKK,0.693644,1,1.0957,1.0957,0.399703,2.2960,NKK,0.920806,1,3.1239,3.1239,0.170524,1.4256,NKK,0.917087,1,3.0837,3.0837,0.166748,1.4145,NKK,0.753566,1,1.1261,1.1261,0.275220,1.7723,NKK,0.557812,1,0.2500,0.2500,0.352418,2.0810
kk_grpo_v3_final_holdout_000789,KKK,NKN,0.164520,2,1.4921,-1.4921,0.375515,2.1834,NKN,0.105512,3,0.6250,-1.7080,0.442545,2.5099,NKK,0.020397,3,0.7500,-3.4827,0.350175,2.0713,NKK,0.006697,3,1.1250,-4.7170,0.289812,1.8269,NKK,0.015918,3,0.5000,-3.6502,0.353008,2.0835
kk_grpo_v3_final_holdout_000790,KNK,KNK,0.645733,1,0.9256,0.9256,0.450709,2.5529,KNK,0.790554,1,1.4791,1.4791,0.291858,1.8347,KNK,0.616580,1,0.5022,0.5022,0.347481,2.0597,KNK,0.992165,1,4.8764,4.8764,0.022614,1.0481,KNK,0.926691,1,2.7388,2.7388,0.143356,1.3473
kk_grpo_v3_final_holdout_000791,KNK,KNK,0.568195,1,1.2220,1.2220,0.552428,3.1542,KNK,0.832059,1,2.2535,2.2535,0.280449,1.7917,KNK,0.834296,1,1.6853,1.6853,0.237287,1.6379,KNK,0.968816,1,4.1309,4.1309,0.079946,1.1809,KNK,0.902765,1,2.2482,2.2482,0.158261,1.3897
kk_grpo_v3_final_holdout_000792,NKN,NNK,0.085017,2,2.3758,-2.3758,0.140906,1.3404,NNK,0.163258,2,1.6326,-1.6326,0.219014,1.5768,NKN,0.570484,1,0.3372,0.3372,0.371429,2.1649,NNK,0.094703,2,2.2567,-2.2567,0.153506,1.3760,NNK,0.010850,2,4.5109,-4.5109,0.035453,1.0765
kk_grpo_v3_final_holdout_000793,KNK,KNK,0.835209,1,1.6252,1.6252,0.216609,1.5690,KNK,0.914832,1,2.3755,2.3755,0.140545,1.3394,KNK,0.924118,1,2.5001,2.5001,0.129310,1.3085,KNK,0.998485,1,6.5000,6.5000,0.005500,1.0115,KNK,0.991380,1,4.7500,4.7500,0.023986,1.0511
kk_grpo_v3_final_holdout_000794,NNN,NNN,0.999878,1,9.1880,9.1880,0.000617,1.0013,NNN,0.999958,1,10.4377,10.4377,0.000238,1.0005,NNN,0.999963,1,10.8139,10.8139,0.000212,1.0004,NNN,0.999960,1,10.5004,10.5004,0.000227,1.0005,NNN,0.999970,1,10.8840,10.8840,0.000179,1.0004
kk_grpo_v3_final_holdout_000795,NNK,NNK,0.698047,1,1.2501,1.2501,0.431697,2.4539,NNK,0.706079,1,1.0001,1.0001,0.356989,2.1008,NNK,0.984399,1,4.9432,4.9432,0.049014,1.1073,NNK,0.978426,1,4.3751,4.3751,0.060861,1.1349,NNK,0.992302,1,5.4995,5.4995,0.026797,1.0573
kk_grpo_v3_final_holdout_000796,NKK,KKN,0.291818,2,0.7034,-0.7034,0.453734,2.5690,KKN,0.201777,2,1.3203,-1.3203,0.322261,1.9545,KKN,0.407260,2,0.3726,-0.3726,0.330757,1.9893,KKN,0.025959,2,3.6208,-3.6208,0.070385,1.1576,KKN,0.201470,2,1.3729,-1.3729,0.253541,1.6942
kk_grpo_v3_final_holdout_000797,NNK,NNK,0.508981,1,0.3025,0.3025,0.492711,2.7859,NNK,0.423952,1,0.1982,0.1982,0.517796,2.9351,NNK,0.771677,1,1.3760,1.3760,0.305548,1.8877,KNN,0.104312,2,2.0953,-2.0953,0.258867,1.7131,NNK,0.826556,1,1.7573,1.7573,0.268787,1.7488
kk_grpo_v3_final_holdout_000798,NNK,NNK,0.611828,1,0.5749,0.5749,0.406956,2.3309,NNK,0.492363,1,0.0068,0.0068,0.382524,2.2154,KNK,0.381598,2,0.4297,-0.4297,0.383455,2.2197,KNK,0.221033,2,1.2396,-1.2396,0.294687,1.8456,KNK,0.203718,2,1.2960,-1.2960,0.336134,2.0117
kk_grpo_v3_final_holdout_000799,NKK,KKN,0.142855,3,0.1678,-1.1678,0.506668,2.8679,NKK,0.695871,1,0.8613,0.8613,0.316976,1.9331,NKK,0.847917,1,2.0000,2.0000,0.245805,1.6672,NKK,0.614688,1,0.4884,0.4884,0.340416,2.0297,NKK,0.739599,1,1.1047,1.1047,0.303966,1.8815
kk_grpo_v3_final_holdout_000800,NNN,KKN,0.436238,2,0.1747,-0.1747,0.407414,2.3331,KKN,0.201090,2,1.2997,-1.2997,0.347321,2.0590,NNN,0.592063,1,0.5345,0.5345,0.409934,2.3453,KKN,0.164486,2,1.5110,-1.5110,0.355391,2.0939,KKN,0.182418,2,1.3715,-1.3715,0.376329,2.1871
kk_grpo_v3_final_holdout_000801,KNK,KNK,0.667941,1,0.8749,0.8749,0.393351,2.2659,KKN,0.305560,2,0.7495,-0.7495,0.396323,2.2799,KNK,0.545489,1,0.2500,0.2500,0.395540,2.2762,KKN,0.095369,2,2.2495,-2.2495,0.152424,1.3729,KKN,0.000484,6,5.2861,-7.6228,0.035729,1.0771
kk_grpo_v3_final_holdout_000802,NNN,NNN,0.865235,1,1.9169,1.9169,0.207594,1.5398,NNN,0.831443,1,1.6429,1.6429,0.236860,1.6365,NNN,0.914816,1,2.4667,2.4667,0.153103,1.3749,NNN,0.797753,1,1.4037,1.4037,0.258198,1.7107,NNN,0.893220,1,2.4154,2.4154,0.201762,1.5213
kk_grpo_v3_final_holdout_000803,KNK,KNK,0.678589,1,1.1783,1.1783,0.404503,2.3190,KNK,0.835464,1,2.2012,2.2012,0.269523,1.7515,NNN,0.377509,2,0.2985,-0.2985,0.461657,2.6117,KNK,0.995922,1,5.5209,5.5209,0.012978,1.0274,KNK,0.904604,1,2.3931,2.3931,0.169741,1.4233
kk_grpo_v3_final_holdout_000804,NKN,NNK,0.134519,3,1.3546,-1.6248,0.417719,2.3836,NNK,0.093984,3,1.9030,-2.1248,0.324616,1.9641,NNK,0.074927,2,2.4997,-2.4997,0.160400,1.3959,NNK,0.039849,3,2.8333,-3.1247,0.180378,1.4551,NNK,0.044528,2,3.0011,-3.0011,0.215510,1.5654
kk_grpo_v3_final_holdout_000805,KNK,KNK,0.952555,1,3.0000,3.0000,0.091909,1.2106,KNK,0.981996,1,4.0000,4.0000,0.043433,1.0945,KNK,0.851966,1,1.7501,1.7501,0.201657,1.5209,KNK,0.999860,1,8.8752,8.8752,0.000667,1.0014,KNK,0.991424,1,4.7513,4.7513,0.023773,1.0507
kk_grpo_v3_final_holdout_000806,NKN,NKN,0.979245,1,3.8750,3.8750,0.049779,1.1091,NKN,0.946564,1,2.8750,2.8750,0.100427,1.2322,NKN,0.880784,1,2.0000,2.0000,0.175773,1.4412,NKN,0.997178,1,5.8750,5.8750,0.009384,1.0197,NKN,0.998042,1,6.2500,6.2500,0.006895,1.0144
kk_grpo_v3_final_holdout_000807,KNK,KNK,0.893302,1,2.1250,2.1250,0.163335,1.4045,KNK,0.974042,1,3.6250,3.6250,0.057906,1.1280,KNK,0.991422,1,4.7500,4.7500,0.023739,1.0506,KNK,0.996827,1,5.7500,5.7500,0.010305,1.0217,KNK,0.995929,1,5.5000,5.5000,0.012730,1.0268
kk_grpo_v3_final_holdout_000808,NNN,NNN,0.703705,1,1.0575,1.0575,0.360846,2.1178,NNN,0.648263,1,0.6205,0.6205,0.321007,1.9494,KNN,0.468535,2,0.1254,-0.1254,0.333840,2.0021,KNN,0.325046,2,0.6003,-0.6003,0.424749,2.4187,KNN,0.222065,2,1.2526,-1.2526,0.258142,1.7105
kk_grpo_v3_final_holdout_000809,KNK,KNK,0.650453,1,1.7547,1.7547,0.578229,3.3281,KNK,0.879951,1,3.0410,3.0410,0.265788,1.7379,KNK,0.883180,1,2.1276,2.1276,0.197064,1.5065,KNK,0.980070,1,4.3144,4.3144,0.054634,1.1203,KNK,0.862513,1,1.8714,1.8714,0.202891,1.5249
kk_grpo_v3_final_holdout_000810,NNN,KNK,0.128604,3,0.8858,-1.4451,0.614930,3.5920,KNK,0.015745,5,1.7871,-3.8948,0.379588,2.2019,KNK,0.043533,3,2.2389,-2.9347,0.344839,2.0484,KNK,0.030762,2,3.4270,-3.4270,0.126194,1.3001,KNN,0.014970,4,0.6250,-3.7200,0.417050,2.3803
kk_grpo_v3_final_holdout_000811,KNK,NKN,0.201800,3,0.1250,-0.7419,0.508844,2.8809,KNK,0.377503,1,0.1325,0.1325,0.525944,2.9852,NKK,0.010985,3,0.1250,-3.8676,0.357974,2.1051,KNK,0.817582,1,1.9742,1.9742,0.286675,1.8151,NKN,0.221675,2,1.0531,-1.0531,0.436087,2.4764
kk_grpo_v3_final_holdout_000812,KKK,KKK,0.999908,1,9.5625,9.5625,0.000489,1.0010,KKK,0.999992,1,12.2500,12.2500,0.000051,1.0001,KKK,0.999993,1,12.5001,12.5001,0.000048,1.0001,KKK,0.999978,1,10.9376,10.9376,0.000129,1.0003,KKK,0.999998,1,13.7733,13.7733,0.000018,1.0000
kk_grpo_v3_final_holdout_000813,KNN,KNN,0.788728,1,1.8425,1.8425,0.335239,2.0079,KNN,0.846602,1,1.9666,1.9666,0.261016,1.7208,KNK,0.014446,5,3.2146,-4.1250,0.232581,1.6220,KNN,0.944024,1,3.5000,3.5000,0.140188,1.3385,KNK,0.000678,6,1.2489,-7.0000,0.346350,2.0549
kk_grpo_v3_final_holdout_000814,NKN,NKN,0.914753,1,2.3754,2.3754,0.140885,1.3404,NKN,0.997456,1,6.0013,6.0013,0.008721,1.0183,NKN,0.999761,1,8.6251,8.6251,0.001158,1.0024,NKN,0.999607,1,7.8757,7.8757,0.001703,1.0035,NKN,0.966865,1,3.3749,3.3749,0.070151,1.1571
kk_grpo_v3_final_holdout_000815,KKK,KKK,0.998738,1,7.2500,7.2500,0.005217,1.0109,KKK,0.999880,1,9.5119,9.5119,0.000632,1.0013,KKK,0.999871,1,9.5625,9.5625,0.000672,1.0014,KKK,0.999996,1,12.7875,12.7875,0.000026,1.0001,KKK,0.999994,1,12.3914,12.3914,0.000041,1.0001
kk_grpo_v3_final_holdout_000816,KKN,KNN,0.108258,3,1.2682,-1.7493,0.512194,2.9011,KNN,0.278355,2,0.6243,-0.6243,0.531438,3.0195,KNN,0.046987,2,2.9943,-2.9943,0.135248,1.3248,KNN,0.022944,2,3.7487,-3.7487,0.062849,1.1396,KNN,0.377528,2,0.4900,-0.4900,0.336066,2.0114
kk_grpo_v3_final_holdout_000817,KNK,KNK,0.992248,1,5.0290,5.0290,0.023818,1.0508,KNK,0.994763,1,5.2501,5.2501,0.015798,1.0334,KNK,0.987560,1,4.3750,4.3750,0.032228,1.0693,KNK,0.997507,1,6.0000,6.0000,0.008445,1.0177,KNK,0.851952,1,1.7500,1.7500,0.201658,1.5210
kk_grpo_v3_final_holdout_000818,NNK,NNK,0.705444,1,0.8777,0.8777,0.295950,1.8504,NNK,0.650992,1,0.6247,0.6247,0.312814,1.9165,NNK,0.817548,1,1.5000,1.5000,0.228612,1.6086,KNK,0.047427,2,2.9997,-2.9997,0.092905,1.2131,KNK,0.348642,2,0.6250,-0.6250,0.311022,1.9093
kk_grpo_v3_final_holdout_000819,NKN,NKN,0.991857,1,4.8750,4.8750,0.024025,1.0512,NKN,0.988580,1,4.5000,4.5000,0.031061,1.0667,NKN,0.988295,1,4.5000,4.5000,0.032071,1.0690,NKN,0.995214,1,5.5000,5.5000,0.015642,1.0331,NKN,0.987506,1,4.5000,4.5000,0.035086,1.0757
kk_grpo_v3_final_holdout_000820,KKN,KKN,0.513566,1,0.1272,0.1272,0.405207,2.3224,KKN,0.615581,1,0.5023,0.5023,0.351013,2.0749,KKN,0.993052,1,5.2608,5.2608,0.022563,1.0480,KKN,0.970650,1,3.5005,3.5005,0.063922,1.1422,KKN,0.996597,1,6.6359,6.6359,0.013151,1.0277
kk_grpo_v3_final_holdout_000821,NKK,NKK,0.830325,1,2.1250,2.1250,0.282809,1.8005,NKK,0.957065,1,3.7295,3.7295,0.099762,1.2305,NKK,0.995800,1,6.0000,6.0000,0.014764,1.0312,NKK,0.991348,1,5.0000,5.0000,0.026244,1.0561,NKK,0.956381,1,3.2434,3.2434,0.096874,1.2232
kk_grpo_v3_final_holdout_000822,NNK,NKN,0.106680,2,2.1243,-2.1243,0.166256,1.4130,NKN,0.000553,3,5.3750,-7.4954,0.016437,1.0348,NKN,0.002801,2,5.8729,-5.8729,0.016738,1.0354,NKN,0.000203,2,8.5000,-8.5000,0.001187,1.0025,NKN,0.017985,2,3.9964,-3.9964,0.054594,1.1202
kk_grpo_v3_final_holdout_000823,NKN,NKN,0.882175,1,2.6254,2.6254,0.215356,1.5649,NKN,0.961119,1,3.7338,3.7338,0.092633,1.2124,NKN,0.979339,1,3.8754,3.8754,0.049337,1.1080,NKN,0.975114,1,3.7504,3.7504,0.059418,1.1315,NKN,0.753298,1,1.1255,1.1255,0.275022,1.7716
kk_grpo_v3_final_holdout_000824,NNK,NNK,0.872231,1,1.9917,1.9917,0.199590,1.5144,NNK,0.924449,1,2.6165,2.6165,0.141112,1.3410,NNK,0.978895,1,3.9970,3.9970,0.053478,1.1176,NNK,0.978656,1,3.8741,3.8741,0.051613,1.1133,NNK,0.978369,1,3.8753,3.8753,0.052659,1.1157
kk_grpo_v3_final_holdout_000825,NKK,NKK,0.800101,1,1.6820,1.6820,0.316579,1.9315,NKK,0.896883,1,2.3114,2.3114,0.184256,1.4669,NKK,0.958232,1,3.3882,3.3882,0.097323,1.2243,NKK,0.989485,1,4.7499,4.7499,0.030949,1.0665,NKK,0.958551,1,3.6250,3.6250,0.100088,1.2314
kk_grpo_v3_final_holdout_000826,KKK,KKK,0.999824,1,8.9362,8.9362,0.000876,1.0018,KKK,0.999985,1,11.2623,11.2623,0.000091,1.0002,KKK,0.999997,1,13.3167,13.3167,0.000020,1.0000,KKK,1.000000,1,15.0738,15.0738,0.000003,1.0000,KKK,1.000000,1,15.0000,15.0000,0.000004,1.0000
kk_grpo_v3_final_holdout_000827,KNN,KNN,0.562093,1,0.2566,0.2566,0.338506,2.0216,KNN,0.835460,1,1.6260,1.6260,0.215777,1.5663,NNK,0.407358,2,0.3738,-0.3738,0.327583,1.9762,NNK,0.012434,2,4.3747,-4.3747,0.032424,1.0697,NNK,0.010979,2,4.5006,-4.5006,0.029506,1.0633
kk_grpo_v3_final_holdout_000828,KKN,KKN,0.999981,1,11.6547,11.6547,0.000117,1.0002,KKN,0.999997,1,13.0625,13.0625,0.000022,1.0000,KKN,0.999996,1,12.6875,12.6875,0.000028,1.0001,KKN,0.999998,1,13.9375,13.9375,0.000016,1.0000,KKN,0.999997,1,12.7500,12.7500,0.000021,1.0000
kk_grpo_v3_final_holdout_000829,KNN,KNN,0.556003,1,0.2412,0.2412,0.351374,2.0765,KNN,0.729529,1,0.9988,0.9988,0.286580,1.8147,NNK,0.406903,2,0.3753,-0.3753,0.328668,1.9807,KNN,0.973595,1,4.2500,4.2500,0.067731,1.1512,KNN,0.531090,1,0.1259,0.1259,0.335057,2.0072
kk_grpo_v3_final_holdout_000830,KKN,KKN,0.999661,1,8.0006,8.0006,0.001479,1.0031,KKN,0.999982,1,11.0004,11.0004,0.000105,1.0002,KKN,0.999991,1,12.1883,12.1883,0.000057,1.0001,KKN,0.999993,1,12.1876,12.1876,0.000045,1.0001,KKN,0.999978,1,10.9375,10.9375,0.000128,1.0003
kk_grpo_v3_final_holdout_000831,NNK,NNK,0.645024,1,0.6250,0.6250,0.334303,2.0040,NNK,0.835122,1,1.6265,1.6265,0.217666,1.5724,NKK,0.377542,2,0.4992,-0.4992,0.320838,1.9487,NNK,0.866982,1,1.8755,1.8755,0.189099,1.4817,NNK,0.988962,1,4.5000,4.5000,0.029357,1.0629
kk_grpo_v3_final_holdout_000832,NNN,NNN,0.997753,1,6.6249,6.6249,0.008437,1.0177,NNN,0.993375,1,5.1249,5.1249,0.020271,1.0431,NNN,0.999075,1,7.3749,7.3749,0.003840,1.0080,NNN,0.995698,1,5.6249,5.6249,0.014266,1.0301,NNN,0.998704,1,7.1249,7.1249,0.005190,1.0109
kk_grpo_v3_final_holdout_000833,KKN,KKN,0.478420,1,0.3474,0.3474,0.587707,3.3943,KKN,0.632843,1,1.0248,1.0248,0.474668,2.6833,KKN,0.859814,1,1.8818,1.8818,0.215531,1.5655,KKN,0.969926,1,4.0190,4.0190,0.078636,1.1776,KKN,0.951869,1,3.0107,3.0107,0.096191,1.2214
kk_grpo_v3_final_holdout_000834,NNN,KNK,0.200261,2,1.1330,-1.1330,0.450884,2.5538,KNK,0.093618,3,0.9366,-1.9376,0.414754,2.3690,KNK,0.046690,3,2.7010,-2.9497,0.204360,1.5295,KNK,0.024450,3,3.2735,-3.6491,0.129338,1.3086,KNK,0.060376,2,2.6962,-2.6962,0.216090,1.5673
kk_grpo_v3_final_holdout_000835,KNK,KNK,0.957906,1,3.1250,3.1250,0.083972,1.1908,KNK,0.985928,1,4.2500,4.2500,0.035604,1.0768,KNK,0.994767,1,5.2500,5.2500,0.015776,1.0333,KNK,0.994777,1,5.2500,5.2500,0.015714,1.0332,KNK,0.996803,1,5.7500,5.7500,0.010444,1.0220
kk_grpo_v3_final_holdout_000836,NKN,NKN,0.958469,1,3.5000,3.5000,0.097071,1.2237,NKN,0.879743,1,2.0000,2.0000,0.180085,1.4542,NKN,0.776947,1,1.2500,1.2500,0.256985,1.7064,NKN,0.914850,1,2.3751,2.3751,0.140297,1.3388,NKN,0.981281,1,4.0000,4.0000,0.046321,1.1011
kk_grpo_v3_final_holdout_000837,NNN,NNN,0.998930,1,6.8750,6.8750,0.004123,1.0086,NNN,0.999177,1,7.1250,7.1250,0.003258,1.0068,NNN,0.997788,1,6.1250,6.1250,0.007653,1.0160,NNN,0.999754,1,8.3751,8.3751,0.001132,1.0024,NNN,0.999847,1,9.0000,9.0000,0.000766,1.0016
kk_grpo_v3_final_holdout_000838,NNN,NNN,0.939887,1,3.2514,3.2514,0.134745,1.3234,NNN,0.911420,1,2.7490,2.7490,0.174709,1.4381,NNN,0.970698,1,3.6250,3.6250,0.069291,1.1550,NNN,0.996527,1,6.1240,6.1240,0.012572,1.0265,NNN,0.996910,1,6.0002,6.0002,0.010966,1.0231
kk_grpo_v3_final_holdout_000839,KNK,KNK,0.866582,1,2.4093,2.4093,0.249337,1.6795,KNK,0.929107,1,2.6645,2.6645,0.135267,1.3248,KNK,0.963290,1,3.8052,3.8052,0.092906,1.2131,KNK,0.999038,1,7.8979,7.8979,0.004182,1.0087,KNK,0.813734,1,1.5005,1.5005,0.243631,1.6597
kk_grpo_v3_final_holdout_000840,KNN,KNN,0.914909,1,2.5037,2.5037,0.155378,1.3814,KNN,0.914926,1,2.3839,2.3839,0.142199,1.3441,KNN,0.979649,1,3.8846,3.8846,0.048442,1.1060,KNN,0.989017,1,4.5221,4.5221,0.029656,1.0636,KNN,0.992392,1,4.8970,4.8970,0.022010,1.0468
kk_grpo_v3_final_holdout_000841,KKK,KKK,0.999560,1,7.7501,7.7501,0.001868,1.0039,KKK,0.999858,1,8.8751,8.8751,0.000676,1.0014,KKK,0.999991,1,11.8126,11.8126,0.000054,1.0001,KKK,0.999987,1,11.3750,11.3750,0.000079,1.0002,KKK,0.999990,1,11.6250,11.6250,0.000063,1.0001
kk_grpo_v3_final_holdout_000842,KNK,KNK,0.939642,1,2.8668,2.8668,0.121102,1.2864,KNK,0.990203,1,4.6404,4.6404,0.027173,1.0581,KNK,0.999881,1,9.3750,9.3750,0.000619,1.0013,KNK,0.999967,1,10.7518,10.7518,0.000196,1.0004,KNK,0.999964,1,11.0688,11.0688,0.000214,1.0004
kk_grpo_v3_final_holdout_000843,KKK,KKK,0.770707,1,1.6928,1.6928,0.343148,2.0412,KKK,0.982393,1,4.2500,4.2500,0.046952,1.1026,KKK,0.998012,1,6.5000,6.5000,0.007446,1.0156,KKK,0.907515,1,2.4830,2.4830,0.169540,1.4227,KKK,0.976928,1,3.7500,3.7500,0.053087,1.1167
kk_grpo_v3_final_holdout_000844,KKK,KKK,0.998772,1,6.9397,6.9397,0.004960,1.0104,KKK,0.999817,1,8.7076,8.7076,0.000883,1.0018,KKK,0.999984,1,11.1792,11.1792,0.000097,1.0002,KKK,0.999997,1,13.5086,13.5086,0.000018,1.0000,KKK,0.999996,1,13.1025,13.1025,0.000028,1.0001
kk_grpo_v3_final_holdout_000845,KKK,KKK,0.998196,1,6.3750,6.3750,0.006580,1.0138,KKK,0.999978,1,11.5625,11.5625,0.000135,1.0003,KKK,0.999991,1,12.1875,12.1875,0.000059,1.0001,KKK,0.999993,1,11.8750,11.8750,0.000045,1.0001,KKK,0.999999,1,14.9120,14.9120,0.000007,1.0000
kk_grpo_v3_final_holdout_000846,KNN,KNN,0.932480,1,2.7527,2.7527,0.130827,1.3126,KNN,0.651652,1,1.2589,1.2589,0.426682,2.4285,KKK,0.001170,3,2.6250,-6.6793,0.123130,1.2918,KKN,0.005224,3,1.7500,-5.0890,0.216305,1.5680,KKK,0.000203,3,7.5000,-8.4995,0.003191,1.0067
kk_grpo_v3_final_holdout_000847,NKK,NKK,0.649926,1,0.7680,0.7680,0.396434,2.2804,NKK,0.776117,1,1.2596,1.2596,0.265831,1.7381,NKK,0.967598,1,3.5129,3.5129,0.074859,1.1684,NKK,0.998421,1,6.6280,6.6280,0.006080,1.0127,NKK,0.994474,1,5.8848,5.8848,0.018810,1.0399
kk_grpo_v3_final_holdout_000848,KNN,NNK,0.032224,3,1.5721,-3.1971,0.324596,1.9640,NNK,0.059603,3,1.4134,-2.5384,0.339892,2.0275,NNK,0.034461,2,3.3293,-3.3293,0.083995,1.1908,NNK,0.015592,2,4.1377,-4.1377,0.060080,1.1331,NNK,0.015847,2,4.1287,-4.1287,0.039765,1.0862
kk_grpo_v3_final_holdout_000849,NKN,NKN,0.723594,1,1.2372,1.2372,0.391836,2.2587,NKN,0.904951,1,3.0945,3.0945,0.202855,1.5247,NKN,0.944742,1,3.1250,3.1250,0.124202,1.2947,NKN,0.782058,1,1.4634,1.4634,0.305385,1.8871,NKN,0.856041,1,2.2672,2.2672,0.267944,1.7457
kk_grpo_v3_final_holdout_000850,KKK,KKK,0.999941,1,9.9778,9.9778,0.000325,1.0007,KKK,0.999983,1,11.0649,11.0649,0.000104,1.0002,KKK,0.999993,1,12.2944,12.2944,0.000050,1.0001,KKK,0.999998,1,13.4484,13.4484,0.000013,1.0000,KKK,0.999998,1,13.8876,13.8876,0.000012,1.0000
kk_grpo_v3_final_holdout_000851,NNK,NNK,0.585335,1,0.4866,0.4866,0.421150,2.4007,NNK,0.499792,1,0.1603,0.1603,0.436025,2.4761,NKN,0.201456,3,0.1250,-0.7419,0.514522,2.9151,NKN,0.377408,2,0.4766,-0.4766,0.353251,2.0846,NNK,0.703725,1,1.3972,1.3972,0.396288,2.2797
kk_grpo_v3_final_holdout_000852,NKK,NKK,0.724044,1,1.2500,1.2500,0.371381,2.1647,NKK,0.896008,1,2.8379,2.8379,0.197568,1.5081,NKN,0.132914,2,1.8750,-1.8750,0.190216,1.4852,NKK,0.975075,1,3.7500,3.7500,0.059616,1.1320,NKN,0.000140,4,6.5131,-8.8750,0.008777,1.0184
kk_grpo_v3_final_holdout_000853,KKN,KKN,0.610758,1,0.9339,0.9339,0.488144,2.7595,KKN,0.750227,1,1.7888,1.7888,0.394948,2.2734,KKN,0.954562,1,3.7500,3.7500,0.111618,1.2612,KKN,0.993143,1,5.3749,5.3749,0.022228,1.0473,KKN,0.987481,1,4.6453,4.6453,0.036646,1.0792
kk_grpo_v3_final_holdout_000854,NNN,NNN,0.891049,1,2.1298,2.1298,0.173517,1.4345,NNN,0.834060,1,1.6785,1.6785,0.236800,1.6363,NNN,0.939641,1,2.8289,2.8289,0.118283,1.2789,NNN,0.991372,1,5.0006,5.0006,0.026176,1.0559,NNN,0.995211,1,5.3751,5.3751,0.014988,1.0317
kk_grpo_v3_final_holdout_000855,KNK,NKN,0.038248,3,0.8733,-2.8732,0.366489,2.1428,NKN,0.009802,3,0.5251,-4.1501,0.342810,2.0398,NKN,0.000478,3,1.8776,-7.5026,0.191588,1.4894,KNN,0.028591,3,0.7091,-3.1250,0.360599,2.1167,KNN,0.071302,2,2.5000,-2.5000,0.241872,1.6536
kk_grpo_v3_final_holdout_000856,NNN,NNN,0.994744,1,5.2500,5.2500,0.015908,1.0336,NNN,0.997484,1,6.0000,6.0000,0.008571,1.0180,NNN,0.999608,1,7.8750,7.8750,0.001702,1.0035,NNN,0.998496,1,6.5004,6.5004,0.005434,1.0114,NNN,0.999756,1,8.3751,8.3751,0.001123,1.0023
kk_grpo_v3_final_holdout_000857,NNK,NNK,0.979511,1,3.9667,3.9667,0.051693,1.1135,NNK,0.990228,1,4.6587,4.6587,0.027366,1.0586,NNK,0.999734,1,8.4075,8.4075,0.001250,1.0026,NNK,0.999946,1,10.3125,10.3125,0.000302,1.0006,NNK,0.999636,1,8.2500,8.2500,0.001671,1.0035
kk_grpo_v3_final_holdout_000858,KKK,KKK,0.948370,1,3.7963,3.7963,0.126249,1.3002,KKK,0.993529,1,5.7572,5.7572,0.022531,1.0480,KKK,0.992263,1,5.3981,5.3981,0.025111,1.0536,KKK,0.999686,1,8.8183,8.8183,0.001547,1.0032,KKK,0.999737,1,8.7242,8.7242,0.001263,1.0026
kk_grpo_v3_final_holdout_000859,KNN,KNN,0.923918,1,2.5000,2.5000,0.130220,1.3110,KNN,0.932435,1,2.6250,2.6250,0.119014,1.2808,KNN,0.988992,1,4.5000,4.5000,0.029213,1.0626,KNN,0.999080,1,7.0000,7.0000,0.003562,1.0074,KNN,0.939890,1,2.7500,2.7500,0.109402,1.2555
kk_grpo_v3_final_holdout_000860,NNN,NNN,0.999964,1,10.9139,10.9139,0.000213,1.0004,NNN,0.999976,1,11.3808,11.3808,0.000142,1.0003,NNN,0.999971,1,10.8788,10.8788,0.000169,1.0004,NNN,0.999965,1,11.0188,11.0188,0.000207,1.0004,NNN,0.999949,1,10.3247,10.3247,0.000289,1.0006
kk_grpo_v3_final_holdout_000861,KKK,KKK,0.999365,1,7.4752,7.4752,0.002687,1.0056,KKK,0.999982,1,11.1602,11.1602,0.000109,1.0002,KKK,0.999987,1,11.3929,11.3929,0.000081,1.0002,KKK,0.999999,1,14.3954,14.3954,0.000006,1.0000,KKK,1.000000,1,15.5830,15.5830,0.000004,1.0000
kk_grpo_v3_final_holdout_000862,NNK,NKK,0.376008,2,0.4987,-0.4987,0.333274,1.9998,NKK,0.222657,2,1.2500,-1.2500,0.255909,1.7026,NKK,0.182415,2,1.5000,-1.5000,0.228658,1.6088,NKK,0.119201,2,2.0000,-2.0000,0.175742,1.4412,NKK,0.182410,2,1.5000,-1.5000,0.228738,1.6091
kk_grpo_v3_final_holdout_000863,NKK,NKK,0.929087,1,2.6214,2.6214,0.129671,1.3095,NKK,0.835410,1,1.6250,1.6250,0.215470,1.5653,NKK,0.928155,1,2.6210,2.6210,0.132260,1.3166,NKK,0.999273,1,7.7501,7.7501,0.003116,1.0065,NKK,0.984989,1,4.4982,4.4982,0.041756,1.0907
kk_grpo_v3_final_holdout_000864,NNN,NNN,0.996996,1,6.3491,6.3491,0.011088,1.0233,NNN,0.999170,1,7.6882,7.6882,0.003630,1.0076,NNN,0.999466,1,8.3185,8.3185,0.002430,1.0051,NNN,0.999848,1,9.2509,9.2509,0.000769,1.0016,NNN,0.999882,1,9.6371,9.6371,0.000628,1.0013
kk_grpo_v3_final_holdout_000865,NKK,NKK,0.893127,1,2.1250,2.1250,0.164256,1.4071,NKK,0.993958,1,5.1250,5.1250,0.018082,1.0383,NKK,0.999129,1,7.1250,7.1250,0.003494,1.0073,NKK,0.946545,1,2.8750,2.8750,0.100514,1.2325,NKK,0.998879,1,6.8750,6.8750,0.004356,1.0091
kk_grpo_v3_final_holdout_000866,NKK,NKK,0.622842,1,0.9339,0.9339,0.478556,2.7051,NKK,0.678846,1,1.2237,1.2237,0.410366,2.3475,NKK,0.728639,1,1.1087,1.1087,0.339537,2.0260,KKN,0.244648,2,0.9460,-0.9460,0.442749,2.5110,NKK,0.679162,1,0.7764,0.7764,0.322307,1.9547
kk_grpo_v3_final_holdout_000867,NKN,NKN,0.893142,1,2.1334,2.1334,0.166845,1.4147,NKN,0.939858,1,2.7503,2.7503,0.109648,1.2561,NKN,0.998015,1,6.2504,6.2504,0.007032,1.0147,NKN,0.991354,1,4.7501,4.7501,0.024100,1.0514,NKN,0.990237,1,4.6250,4.6250,0.026578,1.0568
kk_grpo_v3_final_holdout_000868,KKN,KKN,0.991874,1,5.0347,5.0347,0.025195,1.0538,KKN,0.999802,1,9.2236,9.2236,0.001007,1.0021,KKN,0.999881,1,9.1551,9.1551,0.000598,1.0012,KKN,0.999991,1,12.2982,12.2982,0.000060,1.0001,KKN,0.999987,1,11.7879,11.7879,0.000083,1.0002
kk_grpo_v3_final_holdout_000869,KKK,KKK,0.999806,1,8.7511,8.7511,0.000938,1.0020,KKK,0.999795,1,8.5003,8.5003,0.000943,1.0020,KKK,0.999895,1,9.2502,9.2502,0.000529,1.0011,KKK,0.999972,1,10.6894,10.6894,0.000161,1.0003,KKK,0.999984,1,11.0640,11.0640,0.000095,1.0002
kk_grpo_v3_final_holdout_000870,NNK,NNK,0.592785,1,0.4808,0.4808,0.399642,2.2957,NNK,0.651603,1,0.6749,0.6749,0.344804,2.0483,NNK,0.981930,1,4.1232,4.1232,0.046749,1.1021,NNK,0.706489,1,1.5722,1.5722,0.395398,2.2755,NNK,0.777616,1,1.5041,1.5041,0.312656,1.9158
kk_grpo_v3_final_holdout_000871,NNN,NNN,0.999412,1,8.3746,8.3746,0.002766,1.0058,NNN,0.999668,1,8.9998,8.9998,0.001636,1.0034,NNN,0.999919,1,10.1680,10.1680,0.000449,1.0009,NNN,0.999981,1,11.0258,11.0258,0.000115,1.0002,NNN,0.999972,1,10.8290,10.8290,0.000169,1.0004
kk_grpo_v3_final_holdout_000872,KNN,KNN,0.809809,1,1.4905,1.4905,0.250837,1.6847,KNN,0.830188,1,1.6188,1.6188,0.231167,1.6172,KNN,0.992286,1,5.0006,5.0006,0.023396,1.0499,KNN,0.754743,1,1.1251,1.1251,0.268976,1.7495,KNN,0.903450,1,2.2487,2.2487,0.156003,1.3832
kk_grpo_v3_final_holdout_000873,NNN,NNN,0.979637,1,3.8751,3.8751,0.047957,1.1049,NNN,0.988988,1,4.5005,4.5005,0.029257,1.0627,NNN,0.997804,1,6.1250,6.1250,0.007560,1.0158,NNN,0.999741,1,8.6285,8.6285,0.001256,1.0026,NNN,0.998059,1,6.2504,6.2504,0.006811,1.0143
kk_grpo_v3_final_holdout_000874,KNK,KNK,0.991984,1,4.8772,4.8772,0.023358,1.0498,KNK,0.998294,1,6.3751,6.3751,0.006067,1.0127,KNK,0.998071,1,6.2501,6.2501,0.006734,1.0141,KNK,0.999595,1,7.8752,7.8752,0.001761,1.0037,KNK,0.957913,1,3.1250,3.1250,0.083928,1.1907
kk_grpo_v3_final_holdout_000875,NNN,NNN,0.529380,1,0.3405,0.3405,0.458812,2.5963,KNN,0.090784,2,2.2849,-2.2849,0.190912,1.4873,KNN,0.067762,2,2.6087,-2.6087,0.155011,1.3803,KNN,0.017511,2,4.0259,-4.0259,0.047727,1.1043,KNN,0.005895,3,5.0624,-5.1204,0.039633,1.0859
kk_grpo_v3_final_holdout_000876,KNK,NKN,0.400436,2,0.3354,-0.3354,0.398119,2.2884,KNK,0.749111,1,1.1222,1.1222,0.287895,1.8197,NKN,0.059823,2,2.7540,-2.7540,0.111606,1.2612,KNK,0.967482,1,3.6199,3.6199,0.077065,1.1738,KNK,0.743983,1,1.1094,1.1094,0.295121,1.8472
kk_grpo_v3_final_holdout_000877,KKN,KKN,0.531067,1,0.1246,0.1246,0.332904,1.9982,KKN,0.924121,1,2.4998,2.4998,0.129194,1.3082,KKN,0.914851,1,2.3744,2.3744,0.140046,1.3381,KKN,0.946562,1,2.8749,2.8749,0.100415,1.2322,KKN,0.984124,1,4.1278,4.1278,0.039258,1.0851
kk_grpo_v3_final_holdout_000878,NKK,NKK,0.752368,1,1.1221,1.1221,0.276997,1.7789,NKK,0.777329,1,1.2504,1.2504,0.255256,1.7003,NKK,0.974021,1,3.6252,3.6252,0.058043,1.1283,NKK,0.939974,1,2.7514,2.7514,0.109278,1.2551,NKK,0.922126,1,2.4978,2.4978,0.136050,1.3270
kk_grpo_v3_final_holdout_000879,KKK,KKK,0.773148,1,1.7500,1.7500,0.378679,2.1978,KKK,0.986717,1,4.9265,4.9265,0.040567,1.0880,KKK,0.998064,1,6.2931,6.2931,0.006940,1.0145,KKK,0.987544,1,4.8984,4.8984,0.036366,1.0786,KKK,0.999736,1,8.2989,8.2989,0.001208,1.0025
kk_grpo_v3_final_holdout_000880,NNK,NNK,0.374927,1,0.7011,0.7011,0.749079,4.7477,NNK,0.469928,1,0.6604,0.6604,0.651814,3.8783,NNK,0.685116,1,0.9087,0.9087,0.376971,2.1900,NNK,0.360858,1,0.1673,0.1673,0.644786,3.8221,NNK,0.859936,1,2.1074,2.1074,0.239480,1.6454
kk_grpo_v3_final_holdout_000881,KNK,KNK,0.940991,1,2.8689,2.8689,0.116735,1.2747,KNK,0.914896,1,2.3750,2.3750,0.139984,1.3379,KNK,0.754912,1,1.1250,1.1250,0.267812,1.7453,KNK,0.992420,1,4.8750,4.8750,0.021438,1.0456,KNK,0.731069,1,1.0001,1.0001,0.279977,1.7900
kk_grpo_v3_final_holdout_000882,NNN,NNN,0.843390,1,2.6068,2.6068,0.313159,1.9178,NNN,0.856246,1,2.8218,2.8218,0.299158,1.8628,NNN,0.931386,1,3.3830,3.3830,0.156677,1.3851,NNN,0.999317,1,7.9679,7.9679,0.003047,1.0064,NNN,0.991397,1,5.1299,5.1299,0.027326,1.0585
kk_grpo_v3_final_holdout_000883,KNK,KNN,0.158164,2,1.5000,-1.5000,0.387935,2.2405,KNN,0.132246,2,1.7500,-1.7500,0.345651,2.0519,KNN,0.296417,2,0.7500,-0.7500,0.411813,2.3545,KNK,0.666950,1,0.7500,0.7500,0.341856,2.0358,KNK,0.924573,1,3.0000,3.0000,0.154841,1.3799
kk_grpo_v3_final_holdout_000884,KNK,KNK,0.446484,1,0.0885,0.0885,0.532204,3.0243,NKK,0.433424,2,0.0943,-0.0943,0.474551,2.6826,NNN,0.042440,3,0.8709,-2.7184,0.443557,2.5152,KNK,0.469516,1,0.2548,0.2548,0.501715,2.8385,KKN,0.069381,4,0.0563,-1.7441,0.590834,3.4165
kk_grpo_v3_final_holdout_000885,KNN,NNK,0.341521,2,0.5023,-0.5023,0.454065,2.5708,KNN,0.517501,1,0.4124,0.4124,0.510991,2.8938,NNK,0.053240,2,2.8675,-2.8675,0.128595,1.3066,NNK,0.182359,2,1.4935,-1.4935,0.245165,1.6650,NNK,0.147457,2,1.6525,-1.6525,0.348793,2.0653
kk_grpo_v3_final_holdout_000886,NNN,NNN,0.999070,1,7.0000,7.0000,0.003617,1.0075,NNN,0.998959,1,6.8750,6.8750,0.003963,1.0083,NNN,0.999365,1,7.3750,7.3750,0.002576,1.0054,NNN,0.999614,1,7.8750,7.8750,0.001662,1.0035,NNN,0.998664,1,6.6250,6.6250,0.004927,1.0103
kk_grpo_v3_final_holdout_000887,KKN,KKN,0.991395,1,4.7693,4.7693,0.024332,1.0519,KKN,0.995915,1,5.5166,5.5166,0.012983,1.0274,KKN,0.957413,1,3.2370,3.2370,0.092875,1.2130,KKN,0.996227,1,5.6250,5.6250,0.012302,1.0259,KKN,0.995920,1,5.6012,5.6012,0.013477,1.0284
kk_grpo_v3_final_holdout_000888,NKN,NKN,0.705484,1,0.8753,0.8753,0.293539,1.8412,NKN,0.622455,1,0.5041,0.5041,0.323673,1.9602,NKN,0.914818,1,2.4236,2.4236,0.148228,1.3610,NKN,0.904647,1,2.2577,2.2577,0.153463,1.3759,NKN,0.835518,1,2.0121,2.0121,0.264624,1.7337
kk_grpo_v3_final_holdout_000889,NKK,KNK,0.327318,2,0.3386,-0.3386,0.543517,3.0963,KKN,0.344307,2,0.3563,-0.3563,0.497093,2.8114,KKN,0.146531,2,1.6903,-1.6903,0.307328,1.8947,KKN,0.095209,3,2.0002,-2.1245,0.310950,1.9090,KKN,0.448322,2,0.1398,-0.1398,0.408328,2.3375
kk_grpo_v3_final_holdout_000890,NNK,NNK,0.755640,1,1.2558,1.2558,0.310650,1.9079,NNK,0.706846,1,1.0234,1.0234,0.346454,2.0553,NNK,0.970763,1,3.5266,3.5266,0.065130,1.1450,NNK,0.835850,1,1.6612,1.6612,0.226219,1.6006,NNK,0.732787,1,1.2888,1.2888,0.350620,2.0732
kk_grpo_v3_final_holdout_000891,KKN,NKK,0.429939,2,0.2629,-0.2629,0.357462,2.1029,KKN,0.561741,1,0.2500,0.2500,0.332608,1.9970,NKK,0.029306,2,3.4797,-3.4797,0.110052,1.2571,KKN,0.678655,1,0.7496,0.7496,0.304359,1.8831,NKK,0.437802,2,0.1951,-0.1951,0.386336,2.2330
kk_grpo_v3_final_holdout_000892,NNK,NNK,0.999866,1,9.6359,9.6359,0.000712,1.0015,NNK,0.999935,1,10.3935,10.3935,0.000365,1.0008,NNK,0.999935,1,9.7555,9.7555,0.000342,1.0007,NNK,0.999932,1,9.9424,9.9424,0.000366,1.0008,NNK,0.999836,1,8.8206,8.8206,0.000796,1.0017
kk_grpo_v3_final_holdout_000893,NNK,NNK,0.983007,1,4.3750,4.3750,0.047513,1.1038,NNK,0.995018,1,6.0743,6.0743,0.017391,1.0368,NNK,0.999617,1,8.2837,8.2837,0.001804,1.0038,NNK,0.999431,1,8.2500,8.2500,0.002628,1.0055,NNK,0.999543,1,7.7886,7.7886,0.002006,1.0042
kk_grpo_v3_final_holdout_000894,KKK,KKK,0.999791,1,8.7521,8.7521,0.001016,1.0021,KKK,0.999954,1,10.4751,10.4751,0.000257,1.0005,KKK,0.999990,1,11.9746,11.9746,0.000066,1.0001,KKK,0.999998,1,13.8873,13.8873,0.000011,1.0000,KKK,0.999999,1,13.6557,13.6557,0.000010,1.0000
kk_grpo_v3_final_holdout_000895,NNN,NNN,0.976148,1,3.8756,3.8756,0.059198,1.1310,NNN,0.987108,1,4.5002,4.5002,0.035768,1.0772,NNN,0.993753,1,5.2500,5.2500,0.019591,1.0416,NNN,0.988905,1,4.5001,4.5001,0.029621,1.0635,NNN,0.998754,1,7.0001,7.0001,0.004957,1.0104
kk_grpo_v3_final_holdout_000896,KKN,KKN,0.999785,1,8.5052,8.5052,0.001004,1.0021,KKN,0.999945,1,9.8786,9.8786,0.000295,1.0006,KKN,0.999951,1,10.6250,10.6250,0.000278,1.0006,KKN,0.999896,1,9.6250,9.6250,0.000546,1.0011,KKN,0.999940,1,10.2551,10.2551,0.000328,1.0007
kk_grpo_v3_final_holdout_000897,NNN,NNN,0.951536,1,3.1233,3.1233,0.102986,1.2388,NNN,0.961773,1,3.2514,3.2514,0.080416,1.1820,NNN,0.988916,1,4.5044,4.5044,0.029727,1.0638,NNN,0.997872,1,6.6250,6.6250,0.008002,1.0168,NNN,0.994084,1,5.1264,5.1264,0.017482,1.0370
kk_grpo_v3_final_holdout_000898,NKK,NKK,0.563894,1,0.6200,0.6200,0.534321,3.0377,NKK,0.611589,1,0.5041,0.5041,0.364175,2.1325,NKK,0.649680,1,0.6253,0.6253,0.319765,1.9444,KKK,0.000707,3,6.8765,-7.2534,0.006784,1.0142,KKK,0.068491,2,2.6086,-2.6086,0.125527,1.2983
kk_grpo_v3_final_holdout_000899,NNK,NNK,0.968199,1,4.0061,4.0061,0.083610,1.1899,NNK,0.987105,1,4.4994,4.4994,0.035857,1.0774,NNK,0.997298,1,6.0003,6.0003,0.009365,1.0197,NNK,0.999461,1,7.8797,7.8797,0.002372,1.0049,NNK,0.998966,1,7.1252,7.1252,0.004181,1.0087
kk_grpo_v3_final_holdout_000900,KNN,NKK,0.024354,4,1.6851,-3.4351,0.374828,2.1802,NKK,0.010144,4,2.4894,-4.4894,0.184366,1.4672,NKK,0.010980,3,0.9073,-4.1573,0.326197,1.9705,NKK,0.001627,3,1.7595,-6.2595,0.209352,1.5455,NKK,0.007368,3,1.2820,-4.6570,0.275343,1.7728
kk_grpo_v3_final_holdout_000901,KKN,KKN,0.999888,1,9.2492,9.2492,0.000565,1.0012,KKN,0.999980,1,11.2497,11.2497,0.000117,1.0002,KKN,0.999995,1,12.5069,12.5069,0.000036,1.0001,KKN,0.999994,1,12.6316,12.6316,0.000038,1.0001,KKN,0.999998,1,13.6347,13.6347,0.000013,1.0000
kk_grpo_v3_final_holdout_000902,NKN,NKN,0.499301,1,0.1250,0.1250,0.423173,2.4108,NKN,0.638417,1,0.7500,0.7500,0.393158,2.2649,NKN,0.768754,1,1.2500,1.2500,0.281365,1.7951,NKN,0.656721,1,0.7500,0.7500,0.361818,2.1220,NNN,0.074492,2,2.5000,-2.5000,0.170278,1.4249
kk_grpo_v3_final_holdout_000903,NKK,NKN,0.000552,3,6.4994,-7.5000,0.007875,1.0165,NKN,0.106672,2,2.1250,-2.1250,0.164121,1.4067,NKK,0.651287,1,0.6250,0.6250,0.311507,1.9113,NKN,0.025705,2,3.6250,-3.6250,0.083653,1.1900,NKK,0.892243,1,2.1250,2.1250,0.167588,1.4169
kk_grpo_v3_final_holdout_000904,KKN,KKN,0.867027,1,1.8750,1.8750,0.188554,1.4801,KKN,0.992422,1,4.8749,4.8749,0.021428,1.0456,KKN,0.998072,1,6.2499,6.2499,0.006725,1.0141,KKN,0.999195,1,7.1249,7.1249,0.003146,1.0066,KKN,0.999620,1,7.8757,7.8757,0.001624,1.0034
kk_grpo_v3_final_holdout_000905,KNN,KNN,0.730982,1,1.0789,1.0789,0.315201,1.9260,KNN,0.867041,1,2.0553,2.0553,0.217353,1.5714,KNN,0.993130,1,5.0113,5.0113,0.020349,1.0432,KNN,0.998091,1,6.2622,6.2622,0.006687,1.0140,KNN,0.999931,1,9.9444,9.9444,0.000379,1.0008
kk_grpo_v3_final_holdout_000906,KNN,KNN,0.423142,1,0.0606,0.0606,0.501398,2.8367,KNN,0.469623,1,0.1274,0.1274,0.467349,2.6428,NKN,0.245792,2,0.7382,-0.7382,0.495314,2.8010,KNN,0.933050,1,2.8608,2.8608,0.134414,1.3225,NNN,0.348170,2,0.5841,-0.5841,0.365612,2.1389
kk_grpo_v3_final_holdout_000907,NKK,NKK,0.761380,1,1.2345,1.2345,0.296180,1.8513,NKK,0.815542,1,1.5016,1.5016,0.237611,1.6390,NKK,0.964581,1,3.6168,3.6168,0.083678,1.1901,NKK,0.797875,1,1.3763,1.3763,0.244376,1.6622,NKK,0.866517,1,2.2500,2.2500,0.231097,1.6170
kk_grpo_v3_final_holdout_000908,KNN,NNK,0.376700,2,0.5015,-0.5015,0.323520,1.9596,NNK,0.499597,2,0.0006,-0.0006,0.335330,2.0083,NNK,0.067511,2,2.6255,-2.6255,0.119098,1.2810,KNN,0.924110,1,2.5000,2.5000,0.129338,1.3086,NNN,0.118444,2,1.9859,-1.9859,0.219829,1.5795
kk_grpo_v3_final_holdout_000909,KKK,KKK,0.999965,1,11.0000,11.0000,0.000207,1.0004,KKK,0.999998,1,13.5670,13.5670,0.000016,1.0000,KKK,0.999998,1,14.0629,14.0629,0.000013,1.0000,KKK,0.999999,1,14.4386,14.4386,0.000008,1.0000,KKK,1.000000,1,14.8753,14.8753,0.000004,1.0000
kk_grpo_v3_final_holdout_000910,KKK,KKK,0.970679,1,3.5035,3.5035,0.064029,1.1424,KKK,0.999567,1,7.7501,7.7501,0.001828,1.0038,KKK,0.999568,1,7.7500,7.7500,0.001819,1.0038,KKK,0.999986,1,11.2501,11.2501,0.000086,1.0002,KKK,0.999996,1,12.6250,12.6250,0.000024,1.0000
kk_grpo_v3_final_holdout_000911,NNN,NNN,0.703797,1,0.8726,0.8726,0.298560,1.8605,KNK,0.499634,2,0.0006,-0.0006,0.335199,2.0078,KNK,0.133012,2,1.8738,-1.8738,0.191368,1.4888,KNK,0.017982,2,4.0002,-4.0002,0.043525,1.0947,KNK,0.025958,2,3.6248,-3.6248,0.058790,1.1300
kk_grpo_v3_final_holdout_000912,NNK,NKN,0.086136,3,1.5000,-2.0499,0.525784,2.9842,NKK,0.027755,4,0.1250,-2.8671,0.491208,2.7772,NKK,0.015813,3,2.3750,-4.0361,0.194716,1.4992,NKK,0.013993,3,1.7500,-4.0896,0.250660,1.6841,NKN,0.338291,2,0.0750,-0.0750,0.557621,3.1885
kk_grpo_v3_final_holdout_000913,NNK,KNN,0.201455,2,1.2340,-1.2340,0.394034,2.2691,KNN,0.132874,3,0.8750,-1.5272,0.441576,2.5049,KNN,0.053427,3,1.3750,-2.6490,0.329657,1.9848,KNN,0.009715,2,4.6231,-4.6231,0.030704,1.0659,KNN,0.029332,3,0.1250,-2.8666,0.386823,2.2353
kk_grpo_v3_final_holdout_000914,KKK,KKK,0.957511,1,3.1194,3.1194,0.085106,1.1936,KKK,0.987483,1,4.3734,4.3734,0.032552,1.0700,KKK,0.995916,1,5.5009,5.5009,0.012817,1.0270,KKK,0.993288,1,4.9993,4.9993,0.019419,1.0412,KKK,0.999965,1,10.7509,10.7509,0.000203,1.0004
kk_grpo_v3_final_holdout_000915,NNN,NNN,0.484238,1,0.2732,0.2732,0.525031,2.9795,KNK,0.092411,3,1.8751,-2.0591,0.427244,2.4313,KNK,0.424037,2,0.2048,-0.2048,0.429166,2.4410,NNN,0.860237,1,1.8781,1.8781,0.213356,1.5584,NNN,0.807298,1,1.5079,1.5079,0.264214,1.7322
kk_grpo_v3_final_holdout_000916,KNN,KNN,0.973847,1,3.6252,3.6252,0.058829,1.1301,KNN,0.987349,1,4.3762,4.3762,0.033245,1.0716,KNN,0.950998,1,3.0291,3.0291,0.100313,1.2319,KNN,0.999065,1,7.0002,7.0002,0.003642,1.0076,KNN,0.973998,1,3.6252,3.6252,0.058152,1.1285
kk_grpo_v3_final_holdout_000917,KKK,KKK,0.999997,1,13.5330,13.5330,0.000019,1.0000,KKK,1.000000,1,15.2740,15.2740,0.000003,1.0000,KKK,1.000000,1,15.4677,15.4677,0.000003,1.0000,KKK,1.000000,1,15.5239,15.5239,0.000002,1.0000,KKK,1.000000,1,17.2989,17.2989,0.000001,1.0000
kk_grpo_v3_final_holdout_000918,KNK,KNK,0.753043,1,1.1266,1.1266,0.277259,1.7799,KNK,0.914548,1,2.4044,2.4044,0.146898,1.3573,KNK,0.754529,1,1.1246,1.1246,0.269553,1.7516,KNK,0.997389,1,6.3742,6.3742,0.009537,1.0200,KNK,0.989388,1,4.6242,4.6242,0.029771,1.0639
kk_grpo_v3_final_holdout_000919,NKK,NKK,0.996532,1,5.7500,5.7500,0.011715,1.0247,NKK,0.999739,1,8.3750,8.3750,0.001216,1.0025,NKK,0.999610,1,7.8750,7.8750,0.001688,1.0035,NKK,0.999977,1,11.3750,11.3750,0.000141,1.0003,NKK,0.999605,1,7.8750,7.8750,0.001712,1.0036
kk_grpo_v3_final_holdout_000920,KKK,KKK,0.778002,1,1.4575,1.4575,0.314922,1.9249,KKK,0.821926,1,1.5750,1.5750,0.243715,1.6600,KKK,0.693828,1,0.8242,0.8242,0.302282,1.8749,KNK,0.280930,3,0.0000,-0.2466,0.525700,2.9837,KKK,0.956940,1,3.1060,3.1060,0.086077,1.1960
kk_grpo_v3_final_holdout_000921,KNK,KNK,0.999905,1,9.5000,9.5000,0.000500,1.0010,KNK,0.999980,1,10.8750,10.8750,0.000114,1.0002,KNK,0.999972,1,10.5001,10.5001,0.000157,1.0003,KNK,0.999993,1,12.1874,12.1874,0.000044,1.0001,KNK,0.999891,1,9.1251,9.1251,0.000532,1.0011
kk_grpo_v3_final_holdout_000922,NKN,NKN,0.798160,1,1.3751,1.3751,0.242076,1.6543,NKN,0.880778,1,2.0000,2.0000,0.175832,1.4414,NKN,0.992826,1,5.0002,5.0002,0.021327,1.0453,NKN,0.852005,1,1.7505,1.7505,0.201641,1.5209,NKN,0.893026,1,2.1250,2.1250,0.164636,1.4083
kk_grpo_v3_final_holdout_000923,KKK,KKK,0.999902,1,9.3505,9.3505,0.000504,1.0010,KKK,0.999994,1,12.0116,12.0116,0.000041,1.0001,KKK,0.999998,1,13.2546,13.2546,0.000013,1.0000,KKK,0.999999,1,13.8249,13.8249,0.000008,1.0000,KKK,0.999999,1,14.1888,14.1888,0.000005,1.0000
kk_grpo_v3_final_holdout_000924,NNN,NNN,0.998273,1,6.3750,6.3750,0.006183,1.0129,NNN,0.998954,1,6.8750,6.8750,0.003995,1.0083,NNN,0.998658,1,6.6250,6.6250,0.004959,1.0104,NNN,0.992414,1,4.8750,4.8750,0.021479,1.0457,NNN,0.999651,1,8.0000,8.0000,0.001533,1.0032
kk_grpo_v3_final_holdout_000925,KNK,KKN,0.451732,2,0.0013,-0.0013,0.463237,2.6203,KKN,0.187963,2,1.3762,-1.3762,0.349330,2.0676,KNK,0.621983,1,0.4998,0.4998,0.321503,1.9514,KNK,0.866975,1,1.8751,1.8751,0.188913,1.4812,KKN,0.118976,2,2.0003,-2.0003,0.181422,1.4583
kk_grpo_v3_final_holdout_000926,KNK,NNN,0.347136,2,0.5672,-0.5672,0.387127,2.2367,KNK,0.750253,1,1.2800,1.2800,0.331266,1.9914,NNN,0.029133,3,2.2500,-3.4059,0.211269,1.5517,NNN,0.025946,3,2.8750,-3.5706,0.155595,1.3820,NNN,0.164168,2,1.6196,-1.6196,0.233896,1.6264
kk_grpo_v3_final_holdout_000927,NKK,NNK,0.324829,2,0.5232,-0.5232,0.478720,2.7060,NNK,0.353102,2,0.3752,-0.3752,0.472290,2.6701,NKK,0.839905,1,1.7499,1.7499,0.234652,1.6290,NKK,0.983961,1,4.2695,4.2695,0.042925,1.0934,NKK,0.951570,1,3.3749,3.3749,0.108252,1.2525
kk_grpo_v3_final_holdout_000928,KNK,KNK,0.814232,1,1.5894,1.5894,0.261604,1.7229,KNK,0.915074,1,2.3791,2.3791,0.140367,1.3389,KNK,0.962816,1,3.2626,3.2626,0.077365,1.1745,KNK,0.996771,1,5.7626,5.7626,0.010672,1.0224,KNK,0.984083,1,4.1318,4.1318,0.039675,1.0860
kk_grpo_v3_final_holdout_000929,KKN,KKN,0.944408,1,3.3749,3.3749,0.122059,1.2889,KKN,0.985113,1,4.3720,4.3720,0.040481,1.0878,KKN,0.996229,1,5.6260,5.6260,0.012292,1.0259,KKN,0.996824,1,5.8761,5.8761,0.010871,1.0229,KKN,0.998005,1,6.3761,6.3761,0.007332,1.0154
kk_grpo_v3_final_holdout_000930,NNN,NNN,0.776616,1,1.8822,1.8822,0.331962,1.9943,NNN,0.828939,1,1.9660,1.9660,0.272352,1.7618,NNN,0.974016,1,3.8048,3.8048,0.063637,1.1415,NNN,0.963045,1,3.5750,3.5750,0.086580,1.1973,NNN,0.861939,1,2.0570,2.0570,0.226531,1.6017
kk_grpo_v3_final_holdout_000931,KKN,NNN,0.041702,4,0.3136,-2.3932,0.556407,3.1804,KNN,0.044366,4,0.7071,-2.5241,0.521408,2.9572,NNN,0.096009,3,1.3745,-1.9285,0.478324,2.7038,KNN,0.213435,2,1.1074,-1.1074,0.455380,2.5778,NNN,0.094648,3,1.6573,-1.9988,0.449357,2.5457
kk_grpo_v3_final_holdout_000932,KKN,KKN,0.783329,1,1.3064,1.3064,0.261982,1.7242,KKN,0.998677,1,6.6281,6.6281,0.004863,1.0102,KKN,0.999857,1,8.8573,8.8573,0.000678,1.0014,KKN,0.999195,1,7.1248,7.1248,0.003145,1.0066,KKN,0.999999,1,14.0006,14.0006,0.000007,1.0000
kk_grpo_v3_final_holdout_000933,NNK,NNN,0.499871,2,0.0000,-0.0000,0.334427,2.0046,NNK,0.730984,1,1.0000,1.0000,0.280493,1.7919,NNK,0.979596,1,3.8750,3.8750,0.048162,1.1053,NNK,0.834938,1,1.6249,1.6249,0.217515,1.5719,NNK,0.499872,1,0.0001,0.0001,0.334712,2.0057
kk_grpo_v3_final_holdout_000934,NKK,KNK,0.120977,5,0.3387,-0.9695,0.756007,4.8166,KNK,0.217483,2,1.0165,-1.0165,0.547842,3.1243,KNK,0.208048,2,1.0269,-1.0269,0.511702,2.8981,KNK,0.051150,3,2.3994,-2.8130,0.275988,1.7752,KNK,0.011029,3,0.6477,-4.0653,0.361329,2.1199
kk_grpo_v3_final_holdout_000935,NNN,NNN,0.729173,1,1.0749,1.0749,0.322093,1.9538,KNK,0.302033,2,0.8193,-0.8193,0.328788,1.9812,KNK,0.132668,2,1.8618,-1.8618,0.226811,1.6026,NNN,0.612091,1,0.4664,0.4664,0.332934,1.9983,KNK,0.000293,4,4.1327,-8.1091,0.066088,1.1473
kk_grpo_v3_final_holdout_000936,NNK,KNN,0.174733,3,0.9288,-1.0722,0.620459,3.6335,KKN,0.167222,2,1.4575,-1.4575,0.437523,2.4838,KKN,0.305142,2,0.7844,-0.7844,0.352192,2.0800,KKN,0.055661,2,2.7949,-2.7949,0.180871,1.4566,KKN,0.082644,2,2.4023,-2.4023,0.151814,1.3712
kk_grpo_v3_final_holdout_000937,KKN,KKN,0.993065,1,5.0941,5.0941,0.021366,1.0454,KKN,0.998960,1,6.8833,6.8833,0.003980,1.0083,KKN,0.999899,1,9.2565,9.2565,0.000507,1.0011,KKN,0.999991,1,11.7763,11.7763,0.000055,1.0001,KKN,0.999990,1,11.6308,11.6308,0.000059,1.0001
kk_grpo_v3_final_holdout_000938,NNK,KNK,0.189520,3,0.7429,-0.8996,0.645715,3.8295,KNK,0.264339,2,0.6356,-0.6356,0.595479,3.4496,KNK,0.230849,2,0.9141,-0.9141,0.571093,3.2791,KNN,0.137017,2,1.8093,-1.8093,0.262433,1.7258,KNK,0.134038,2,1.7261,-1.7261,0.385515,2.2292
kk_grpo_v3_final_holdout_000939,NKN,NKN,0.342701,1,0.4106,0.4106,0.795655,5.2306,NKK,0.229231,3,0.3723,-0.4870,0.707713,4.3564,NKN,0.623545,1,1.0322,1.0322,0.504686,2.8561,NKK,0.084544,3,1.2389,-2.1015,0.424513,2.4175,NNN,0.334197,2,0.6376,-0.6376,0.389808,2.2492
kk_grpo_v3_final_holdout_000940,NNK,NNK,0.877537,1,1.9962,1.9962,0.186213,1.4729,NNK,0.919277,1,2.4949,2.4949,0.143931,1.3489,NNK,0.988776,1,4.4999,4.4999,0.030184,1.0648,NNK,0.851734,1,1.7502,1.7502,0.202926,1.5250,NNK,0.982388,1,4.4928,4.4928,0.048216,1.1055
kk_grpo_v3_final_holdout_000941,NKN,NKN,0.666432,1,0.8565,0.8565,0.387987,2.2407,NKN,0.815594,1,2.0294,2.0294,0.291661,1.8340,NKN,0.593267,1,0.5320,0.5320,0.405823,2.3254,NKN,0.916304,1,2.6081,2.6081,0.158318,1.3899,NKN,0.633853,1,1.0000,1.0000,0.439015,2.4916
kk_grpo_v3_final_holdout_000942,KKN,KKN,0.879148,1,1.9859,1.9859,0.177963,1.4478,KKN,0.984191,1,4.1313,4.1313,0.039072,1.0846,KKN,0.995917,1,5.4969,5.4969,0.012761,1.0269,KKN,0.977135,1,3.7551,3.7551,0.052420,1.1152,KKN,0.999891,1,9.1244,9.1244,0.000532,1.0011
kk_grpo_v3_final_holdout_000943,NKK,NNK,0.007910,6,2.1383,-4.5704,0.420731,2.3986,NNK,0.009102,5,3.5428,-4.6073,0.206814,1.5373,NNK,0.027303,3,1.1340,-3.2708,0.377614,2.1929,NNK,0.008295,4,4.4254,-4.7614,0.083088,1.1886,NNN,0.001258,4,4.1371,-6.6573,0.055551,1.1225
kk_grpo_v3_final_holdout_000944,NNN,NNN,0.594231,1,0.7402,0.7402,0.453322,2.5668,KKN,0.338103,2,0.3888,-0.3888,0.488982,2.7644,NNN,0.864185,1,2.5497,2.5497,0.238611,1.6424,NNN,0.669233,1,1.0548,1.0548,0.403327,2.3133,NNN,0.809843,1,1.6336,1.6336,0.277394,1.7804
kk_grpo_v3_final_holdout_000945,NNK,NNK,0.996871,1,6.1131,6.1131,0.011582,1.0244,NNK,0.999194,1,7.2586,7.2586,0.003339,1.0070,NNK,0.998884,1,7.3799,7.3799,0.004580,1.0096,NNK,0.999891,1,9.8675,9.8675,0.000577,1.0012,NNK,0.999338,1,7.7531,7.7531,0.002861,1.0060
kk_grpo_v3_final_holdout_000946,KNN,KKN,0.197628,2,1.3444,-1.3444,0.324733,1.9646,KKN,0.060101,3,1.0000,-2.4364,0.372571,2.1700,KKK,0.008564,3,0.0000,-4.0585,0.354280,2.0890,KKN,0.003177,3,1.7500,-5.5885,0.211327,1.5518,KKN,0.004529,3,5.1250,-5.3867,0.031937,1.0687
kk_grpo_v3_final_holdout_000947,NNK,NKN,0.120465,3,0.9507,-1.6600,0.431044,2.4506,NKK,0.041033,3,1.4040,-2.9317,0.312111,1.9137,NKK,0.022982,2,3.7411,-3.7411,0.076283,1.1719,NKK,0.286937,2,0.9008,-0.9008,0.306923,1.8931,NNK,0.614485,1,0.4894,0.4894,0.342650,2.0391
kk_grpo_v3_final_holdout_000948,NNK,NNK,0.454013,1,0.6109,0.6109,0.617433,3.6108,NNK,0.445943,1,0.2868,0.2868,0.526987,2.9917,NNK,0.773959,1,1.6359,1.6359,0.328181,1.9787,NNK,0.638376,1,1.0667,1.0667,0.433740,2.4644,NNK,0.516499,1,0.1147,0.1147,0.384430,2.2242
kk_grpo_v3_final_holdout_000949,KKN,KKN,0.930898,1,2.6843,2.6843,0.130806,1.3126,KKN,0.997678,1,6.1252,6.1252,0.008161,1.0171,KKN,0.989055,1,4.5056,4.5056,0.029068,1.0623,KKN,0.999803,1,8.6250,8.6250,0.000932,1.0019,KKN,0.999980,1,10.8749,10.8749,0.000119,1.0002
kk_grpo_v3_final_holdout_000950,NKK,NKK,0.952553,1,3.0056,3.0056,0.092745,1.2127,NKK,0.998228,1,6.3748,6.3748,0.006411,1.0134,NKK,0.999555,1,8.0000,8.0000,0.002023,1.0042,NKK,0.999853,1,9.6250,9.6250,0.000770,1.0016,NKK,0.998786,1,6.7499,6.7499,0.004608,1.0096
kk_grpo_v3_final_holdout_000951,NNK,NKN,0.355710,2,0.4942,-0.4942,0.421889,2.4044,NKK,0.186748,3,0.3303,-0.8789,0.572895,3.2914,NKN,0.181412,2,1.4825,-1.4825,0.282189,1.7982,NKN,0.132205,2,1.8695,-1.8695,0.220037,1.5802,NKN,0.179043,3,0.6169,-1.0564,0.541024,3.0803
kk_grpo_v3_final_holdout_000952,KNK,KNK,0.562887,1,0.2902,0.2902,0.366896,2.1446,KNK,0.936098,1,2.7285,2.7285,0.119897,1.2832,NNK,0.148344,2,1.7455,-1.7455,0.208294,1.5421,KNK,0.690844,1,0.8074,0.8074,0.300787,1.8691,KNK,0.789694,1,1.3240,1.3240,0.248122,1.6752
kk_grpo_v3_final_holdout_000953,NNK,NNK,0.627329,1,1.0084,1.0084,0.437845,2.4855,NKK,0.340245,2,0.6467,-0.6467,0.333615,2.0012,NKK,0.257081,2,1.0604,-1.0604,0.276486,1.7770,NNK,0.864977,1,1.8590,1.8590,0.191193,1.4882,NNK,0.957385,1,3.1138,3.1138,0.085009,1.1934
kk_grpo_v3_final_holdout_000954,NNN,NNN,0.998072,1,6.7755,6.7755,0.007371,1.0154,NNN,0.999517,1,7.7716,7.7716,0.002112,1.0044,NNN,0.999689,1,8.1384,8.1384,0.001397,1.0029,NNN,0.999502,1,7.6249,7.6249,0.002092,1.0044,NNN,0.999859,1,9.3222,9.3222,0.000724,1.0015
kk_grpo_v3_final_holdout_000955,NNK,NNK,0.901462,1,2.8602,2.8602,0.192031,1.4908,NNK,0.960319,1,3.6250,3.6250,0.093045,1.2135,NNK,0.992283,1,5.0013,5.0013,0.023263,1.0496,NNK,0.879764,1,2.0001,2.0001,0.179915,1.4537,NNK,0.990826,1,5.0125,5.0125,0.028351,1.0607
kk_grpo_v3_final_holdout_000956,KNN,KNN,0.880557,1,1.9997,1.9997,0.176757,1.4442,KNN,0.952399,1,2.9999,2.9999,0.092621,1.2124,KNN,0.999645,1,8.3749,8.3749,0.001641,1.0034,KNN,0.999818,1,9.2500,9.2500,0.000902,1.0019,KNN,0.998659,1,6.6248,6.6248,0.004955,1.0104
kk_grpo_v3_final_holdout_000957,NNK,NKK,0.265055,2,0.6627,-0.6627,0.501997,2.8402,NNK,0.816004,1,1.8201,1.8201,0.282190,1.7982,NKK,0.392740,2,0.4003,-0.4003,0.366367,2.1422,NNK,0.513309,1,0.0659,0.0659,0.348957,2.0660,NNK,0.913326,1,3.0106,3.0106,0.170641,1.4259
kk_grpo_v3_final_holdout_000958,NNN,NNN,0.970622,1,3.5000,3.5000,0.063995,1.1423,NNN,0.952510,1,2.9996,2.9996,0.092066,1.2110,NNN,0.880665,1,1.9989,1.9989,0.175906,1.4416,NNN,0.893287,1,2.1248,2.1248,0.163344,1.4045,NNN,0.998262,1,6.3694,6.3694,0.006225,1.0130
kk_grpo_v3_final_holdout_000959,NNN,NNN,0.915625,1,2.6066,2.6066,0.159552,1.3934,NNN,0.953301,1,3.2400,3.2400,0.102055,1.2364,NNN,0.963261,1,3.6250,3.6250,0.086612,1.1973,NNN,0.892745,1,2.1244,2.1244,0.165615,1.4111,NNK,0.001167,2,6.7513,-6.7513,0.007970,1.0167
kk_grpo_v3_final_holdout_000960,KNN,KNN,0.562137,1,0.2500,0.2500,0.329970,1.9861,KNN,0.500017,1,0.0001,0.0001,0.333483,2.0006,KNN,0.730898,1,0.9997,0.9997,0.280642,1.7924,NKN,0.294281,2,0.8747,-0.8747,0.291427,1.8331,KNN,0.651352,1,0.6250,0.6250,0.310993,1.9092
kk_grpo_v3_final_holdout_000961,NKK,NKK,0.652532,1,1.3084,1.3084,0.439367,2.4934,NKK,0.956948,1,3.2457,3.2457,0.093810,1.2154,NKK,0.992740,1,5.5018,5.5018,0.023210,1.0494,NKK,0.985594,1,4.2498,4.2498,0.037063,1.0801,NKK,0.649307,1,0.6224,0.6224,0.318459,1.9391
kk_grpo_v3_final_holdout_000962,NKN,NNN,0.403376,2,0.3749,-0.3749,0.350203,2.0714,NNN,0.464787,2,0.1249,-0.1249,0.353541,2.0858,NKN,0.828327,1,1.6251,1.6251,0.236985,1.6369,NNN,0.406667,2,0.3749,-0.3749,0.330564,1.9885,NNN,0.001168,3,6.5088,-6.7499,0.009845,1.0207
kk_grpo_v3_final_holdout_000963,KNN,NKK,0.063957,5,0.1890,-1.5995,0.730959,4.5722,NNN,0.041582,3,0.6451,-2.6903,0.435796,2.4749,NNN,0.000593,5,2.0362,-7.2317,0.305784,1.8886,NNN,0.003081,5,0.2988,-5.1249,0.488081,2.7592,NNN,0.001515,3,3.2555,-6.4521,0.085127,1.1937
kk_grpo_v3_final_holdout_000964,KNN,KNN,0.831637,1,1.6587,1.6587,0.239615,1.6459,KNN,0.923143,1,2.5223,2.5223,0.137011,1.3296,KNN,0.937794,1,2.7962,2.7962,0.122134,1.2891,KNN,0.994221,1,5.7609,5.7609,0.019904,1.0423,KNN,0.920759,1,2.7500,2.7500,0.161527,1.3992
kk_grpo_v3_final_holdout_000965,KNK,KNK,0.830765,1,2.7500,2.7500,0.337869,2.0190,KNK,0.857002,1,2.5555,2.5555,0.279484,1.7881,KNK,0.899334,1,2.4998,2.4998,0.187464,1.4767,KNK,0.981893,1,4.6392,4.6392,0.051559,1.1132,KNK,0.720809,1,1.0002,1.0002,0.312339,1.9146
kk_grpo_v3_final_holdout_000966,KNK,KNK,0.383271,1,0.1968,0.1968,0.612497,3.5739,KNK,0.615634,1,0.5227,0.5227,0.363289,2.1285,NKK,0.436792,2,0.2427,-0.2427,0.347727,2.0608,KNK,0.794526,1,1.3751,1.3751,0.255985,1.7029,KNK,0.698899,1,0.8671,0.8671,0.312026,1.9133
kk_grpo_v3_final_holdout_000967,NKN,KKN,0.406936,2,0.3584,-0.3584,0.350856,2.0742,KKN,0.468592,2,0.1253,-0.1253,0.333480,2.0006,NKN,0.904311,1,2.2462,2.2462,0.151803,1.3712,KKN,0.054076,2,2.8613,-2.8613,0.102878,1.2385,NKN,0.592230,1,0.3732,0.3732,0.325196,1.9664
kk_grpo_v3_final_holdout_000968,NKN,NKN,0.770696,1,1.6641,1.6641,0.336090,2.0115,NKN,0.870868,1,2.2151,2.2151,0.221729,1.5858,NKN,0.971894,1,3.7500,3.7500,0.068267,1.1525,NKN,0.983662,1,4.6228,4.6228,0.045561,1.0994,NKN,0.765160,1,1.8275,1.8275,0.363153,2.1279
kk_grpo_v3_final_holdout_000969,NNN,NNK,0.008006,4,0.8140,-4.3753,0.440214,2.4978,NNK,0.024875,4,2.2434,-3.5003,0.315731,1.9281,NNN,0.897983,1,2.3749,2.3749,0.193508,1.4954,NNK,0.499012,2,0.0018,-0.0018,0.337405,2.0170,NNK,0.002463,2,6.0002,-6.0002,0.022124,1.0471
kk_grpo_v3_final_holdout_000970,NKN,NKN,0.838161,1,1.8750,1.8750,0.260319,1.7183,NKN,0.617699,1,0.5000,0.5000,0.339033,2.0238,NKN,0.816941,1,1.5000,1.5000,0.231448,1.6181,NKN,0.904409,1,2.2500,2.2500,0.152528,1.3732,NKN,0.945902,1,2.8750,2.8750,0.103211,1.2394
kk_grpo_v3_final_holdout_000971,NKK,NKK,0.834298,1,1.6794,1.6794,0.236732,1.6360,NKK,0.924036,1,2.5195,2.5195,0.133358,1.3196,NKK,0.998158,1,6.6021,6.6021,0.007168,1.0150,NKK,0.992397,1,4.8839,4.8839,0.021764,1.0463,NKK,0.992882,1,5.1808,5.1808,0.022686,1.0483
kk_grpo_v3_final_holdout_000972,KKK,KKK,0.999693,1,8.8750,8.8750,0.001491,1.0031,KKK,0.999977,1,11.0085,11.0085,0.000140,1.0003,KKK,0.999993,1,12.1631,12.1631,0.000046,1.0001,KKK,0.999998,1,14.2139,14.2139,0.000012,1.0000,KKK,0.999999,1,14.6435,14.6435,0.000005,1.0000
kk_grpo_v3_final_holdout_000973,KKK,KKK,0.993750,1,5.2851,5.2851,0.020097,1.0427,KKK,0.999663,1,8.4292,8.4292,0.001568,1.0033,KKK,0.999948,1,9.8865,9.8865,0.000274,1.0006,KKK,0.999990,1,11.8291,11.8291,0.000063,1.0001,KKK,0.997818,1,6.1262,6.1262,0.007487,1.0157
kk_grpo_v3_final_holdout_000974,NNK,NKN,0.084118,3,0.7490,-2.0001,0.416598,2.3781,NKN,0.012692,3,0.8569,-4.0001,0.322365,1.9549,NKN,0.092516,2,2.2499,-2.2499,0.212526,1.5557,NKN,0.008254,3,3.2414,-4.7504,0.099679,1.2303,NKN,0.310144,2,0.7496,-0.7496,0.363506,2.1295
kk_grpo_v3_final_holdout_000975,KNN,KNN,0.880745,1,2.0004,2.0004,0.176167,1.4424,KNN,0.914952,1,2.3761,2.3761,0.140084,1.3382,KNN,0.962582,1,3.2574,3.2574,0.077777,1.1755,KNN,0.999600,1,7.8770,7.8770,0.001735,1.0036,KNN,0.996389,1,5.6278,5.6278,0.011578,1.0244
kk_grpo_v3_final_holdout_000976,KNK,KNK,0.499122,1,0.0585,0.0585,0.397284,2.2845,KNK,0.705721,1,0.9233,0.9233,0.318629,1.9398,NNK,0.085260,2,2.3662,-2.3662,0.157856,1.3885,NNK,0.467651,2,0.1260,-0.1260,0.338442,2.0214,NNK,0.320853,2,0.7485,-0.7485,0.305162,1.8862
kk_grpo_v3_final_holdout_000977,KKN,KKN,0.835031,1,1.6231,1.6231,0.216332,1.5681,KKN,0.851660,1,1.7484,1.7484,0.202374,1.5232,KKN,0.946216,1,2.8680,2.8680,0.100891,1.2334,KKN,0.987452,1,4.3695,4.3695,0.032584,1.0701,KKN,0.939577,1,2.7444,2.7444,0.109814,1.2565
kk_grpo_v3_final_holdout_000978,NKN,NKN,0.806183,1,1.6136,1.6136,0.295484,1.8486,NKN,0.912009,1,2.4725,2.4725,0.162366,1.4016,NKN,0.997552,1,6.2501,6.2501,0.008930,1.0187,NKN,0.962441,1,3.2500,3.2500,0.077717,1.1754,NKN,0.998473,1,6.9756,6.9756,0.006047,1.0127
kk_grpo_v3_final_holdout_000979,NKN,KNN,0.343163,2,0.5618,-0.5618,0.408954,2.3406,KNN,0.242431,2,1.1125,-1.1125,0.315065,1.9254,KNN,0.192282,2,1.3341,-1.3341,0.373235,2.1730,KNN,0.025549,2,3.6321,-3.6321,0.082456,1.1870,KNN,0.019482,3,3.1250,-3.8739,0.134720,1.3233
kk_grpo_v3_final_holdout_000980,NKN,KNN,0.182379,2,1.4979,-1.4979,0.235560,1.6320,KNN,0.095007,2,2.2515,-2.2515,0.159006,1.3919,KNN,0.201865,2,1.3742,-1.3742,0.243790,1.6602,KNN,0.005223,2,5.2491,-5.2491,0.017431,1.0369,KNN,0.017992,2,3.9991,-3.9991,0.045654,1.0996
kk_grpo_v3_final_holdout_000981,NKN,KNN,0.347812,2,0.4477,-0.4477,0.453705,2.5688,KNN,0.222648,2,1.0488,-1.0488,0.432939,2.4603,NKN,0.651398,1,0.7255,0.7255,0.363834,2.1310,KKN,0.294236,2,0.8319,-0.8319,0.350630,2.0732,NKN,0.729750,1,1.1411,1.1411,0.335497,2.0090
kk_grpo_v3_final_holdout_000982,KNN,KNN,0.417664,1,0.2070,0.2070,0.592710,3.4298,NKK,0.249982,3,0.0605,-0.0606,0.666312,3.9970,NNK,0.067710,3,0.6251,-2.1850,0.429127,2.4408,KNN,0.545337,1,0.4210,0.4210,0.466919,2.6404,NNK,0.064693,4,1.2500,-2.2608,0.506500,2.8669
kk_grpo_v3_final_holdout_000983,NKN,NKN,0.589670,1,0.7423,0.7423,0.471412,2.6652,NKN,0.747576,1,1.1560,1.1560,0.310206,1.9061,NKN,0.968261,1,3.5076,3.5076,0.072720,1.1632,NKN,0.553239,1,0.2352,0.2352,0.353654,2.0863,NKN,0.815204,1,1.8844,1.8844,0.300324,1.8673
kk_grpo_v3_final_holdout_000984,KKN,KKN,0.531070,1,0.1313,0.1313,0.342365,2.0379,KKN,0.914382,1,2.3749,2.3749,0.142288,1.3443,KKN,0.798011,1,1.3742,1.3742,0.242252,1.6549,KKN,0.970641,1,3.4989,3.4989,0.063796,1.1419,KKN,0.994766,1,5.2510,5.2510,0.015804,1.0334
kk_grpo_v3_final_holdout_000985,NNN,NNN,0.914886,1,2.3759,2.3759,0.140399,1.3390,NNN,0.924128,1,2.5000,2.5000,0.129244,1.3083,NNN,0.994771,1,5.2500,5.2500,0.015755,1.0333,NNN,0.970666,1,3.4999,3.4999,0.063770,1.1418,NNN,0.962663,1,3.2500,3.2500,0.076693,1.1729
kk_grpo_v3_final_holdout_000986,KNK,KNK,0.993296,1,5.0000,5.0000,0.019388,1.0411,KNK,0.999194,1,7.1250,7.1250,0.003152,1.0066,KNK,0.999875,1,9.0000,9.0000,0.000604,1.0013,KNK,0.999903,1,9.2500,9.2500,0.000480,1.0010,KNK,0.999767,1,8.3750,8.3750,0.001059,1.0022
kk_grpo_v3_final_holdout_000987,NKN,NKN,0.877900,1,2.6072,2.6072,0.238881,1.6434,NKN,0.951455,1,3.0000,3.0000,0.096446,1.2221,NKN,0.942231,1,2.8750,2.8750,0.114478,1.2688,NKN,0.985778,1,4.8742,4.8742,0.040745,1.0884,NKN,0.915148,1,2.5000,2.5000,0.157521,1.3876
kk_grpo_v3_final_holdout_000988,NKK,NKK,0.671623,1,0.8750,0.8750,0.380380,2.2056,NKK,0.981364,1,4.5157,4.5157,0.051646,1.1134,NKK,0.991501,1,5.5000,5.5000,0.028020,1.0600,NKK,0.996196,1,5.7500,5.7500,0.013193,1.0278,NKK,0.987361,1,4.6250,4.6250,0.037002,1.0800
kk_grpo_v3_final_holdout_000989,KKK,KKK,0.835456,1,1.6250,1.6250,0.215186,1.5643,KKK,0.997521,1,6.0000,6.0000,0.008369,1.0176,KKK,0.982012,1,4.0000,4.0000,0.043340,1.0943,KKK,0.880800,1,2.0000,2.0000,0.175691,1.4410,KKK,0.998299,1,6.3751,6.3751,0.006038,1.0126
kk_grpo_v3_final_holdout_000990,NNK,NKK,0.377578,2,0.3729,-0.3729,0.428217,2.4362,NNK,0.622478,1,0.5126,0.5126,0.330926,1.9900,NKK,0.294234,2,0.8746,-0.8746,0.292315,1.8365,NNK,0.755143,1,1.2152,1.2152,0.301975,1.8737,NNK,0.754921,1,1.1256,1.1256,0.268390,1.7474
kk_grpo_v3_final_holdout_000991,KNN,KKN,0.320656,2,0.4869,-0.4869,0.555990,3.1777,KKN,0.109015,2,2.0103,-2.0103,0.309739,1.9042,KKN,0.051777,2,2.8762,-2.8762,0.161851,1.4001,KKN,0.162024,2,1.6375,-1.6375,0.228978,1.6099,KKN,0.046565,2,3.0001,-3.0001,0.134132,1.3217
kk_grpo_v3_final_holdout_000992,NNK,NNK,0.851867,1,1.7500,1.7500,0.202133,1.5225,NNK,0.932436,1,2.6251,2.6251,0.119052,1.2809,NNK,0.939948,1,2.8057,2.8057,0.115287,1.2709,NNK,0.651565,1,0.8274,0.8274,0.390520,2.2526,NNK,0.994077,1,5.1252,5.1252,0.017496,1.0371
kk_grpo_v3_final_holdout_000993,KNN,KNN,0.386037,1,0.1990,0.1990,0.614407,3.5881,NKK,0.433113,2,0.2038,-0.2038,0.394197,2.2698,KNK,0.285688,3,0.0547,-0.2500,0.526462,2.9884,KNK,0.174594,2,1.3750,-1.3750,0.399805,2.2965,KNN,0.681458,1,0.9309,0.9309,0.368893,2.1535
kk_grpo_v3_final_holdout_000994,KKN,NNN,0.000404,6,0.6634,-7.1531,0.502578,2.8436,NKN,0.000686,6,0.7411,-6.6118,0.507894,2.8752,NKN,0.000623,6,1.0288,-6.9010,0.454610,2.5737,NNN,0.000017,7,1.2512,-10.6234,0.396499,2.2807,NNN,0.000286,4,1.0478,-7.7996,0.367829,2.1487
kk_grpo_v3_final_holdout_000995,KKK,KKK,0.893038,1,2.1250,2.1250,0.164646,1.4083,KKK,0.997167,1,5.8750,5.8750,0.009436,1.0198,KKK,0.999759,1,8.3749,8.3749,0.001101,1.0023,KKK,0.999564,1,7.7499,7.7499,0.001850,1.0039,KKK,0.999284,1,7.2500,7.2500,0.002855,1.0060
kk_grpo_v3_final_holdout_000996,KNN,KNN,0.817582,1,1.5002,1.5002,0.228582,1.6085,KNN,0.562221,1,0.2502,0.2502,0.329736,1.9851,KNN,0.893321,1,2.1252,2.1252,0.163310,1.4044,KNN,0.962586,1,3.2501,3.2501,0.077086,1.1739,KNN,0.705511,1,0.8739,0.8739,0.291721,1.8342
kk_grpo_v3_final_holdout_000997,KKK,KKK,0.999933,1,9.7175,9.7175,0.000354,1.0007,KKK,0.999980,1,10.8765,10.8765,0.000114,1.0002,KKK,0.999987,1,11.3172,11.3172,0.000075,1.0002,KKK,0.999995,1,12.3736,12.3736,0.000030,1.0001,KKK,0.999997,1,12.9487,12.9487,0.000021,1.0000
kk_grpo_v3_final_holdout_000998,NKN,NKN,0.724307,1,1.8701,1.8701,0.443297,2.5138,NKN,0.749890,1,1.3918,1.3918,0.365981,2.1405,NKN,0.870707,1,2.1011,2.1011,0.218032,1.5736,NKN,0.897139,1,2.2852,2.2852,0.183047,1.4632,KKK,0.228346,2,1.1933,-1.1933,0.304201,1.8824
kk_grpo_v3_final_holdout_000999,NKN,NKN,0.430788,1,0.2222,0.2222,0.599729,3.4802,NKN,0.713492,1,1.7806,1.7806,0.459271,2.5987,NKN,0.783246,1,1.6962,1.6962,0.340674,2.0308,NKN,0.773470,1,1.5667,1.5667,0.351264,2.0760,NNK,0.376774,2,0.3628,-0.3628,0.471767,2.6672
kk_grpo_v3_final_holdout_001000,NNN,NNN,0.973488,1,3.7498,3.7498,0.064134,1.1427,NNN,0.993609,1,5.2500,5.2500,0.020144,1.0428,NNN,0.994628,1,5.2501,5.2501,0.016450,1.0348,NNN,0.999538,1,8.0075,8.0075,0.002076,1.0043,NNN,0.999871,1,9.6310,9.6310,0.000668,1.0014
kk_grpo_v3_final_holdout_001001,KNK,KNK,0.968182,1,3.5502,3.5502,0.075599,1.1702,KNK,0.991070,1,4.8974,4.8974,0.026907,1.0575,KNK,0.997175,1,6.2336,6.2336,0.010628,1.0223,KNK,0.999743,1,9.2499,9.2499,0.001298,1.0027,KNK,0.997613,1,6.2501,6.2501,0.008861,1.0186
kk_grpo_v3_final_holdout_001002,NKN,NKN,0.561903,1,0.2498,0.2498,0.331266,1.9914,NKN,0.651360,1,0.6256,0.6256,0.311778,1.9123,NKN,0.754978,1,1.1271,1.1271,0.269288,1.7506,NKN,0.998241,1,6.3753,6.3753,0.006340,1.0133,NKN,0.957860,1,3.1381,3.1381,0.085577,1.1948
kk_grpo_v3_final_holdout_001003,KNK,KNK,0.999395,1,7.7504,7.7504,0.002654,1.0055,KNK,0.999911,1,9.3758,9.3758,0.000450,1.0009,KNK,0.999957,1,10.1255,10.1255,0.000232,1.0005,KNK,0.999955,1,10.7500,10.7500,0.000259,1.0005,KNK,0.999915,1,9.3764,9.3764,0.000428,1.0009
kk_grpo_v3_final_holdout_001004,NKK,NKK,0.949287,1,3.1263,3.1263,0.111506,1.2610,NKK,0.973093,1,3.8775,3.8775,0.068919,1.1541,NKK,0.983847,1,4.8757,4.8757,0.048198,1.1054,NKK,0.997655,1,6.1327,6.1327,0.008374,1.0176,NKK,0.957452,1,3.1259,3.1259,0.086227,1.1964
kk_grpo_v3_final_holdout_001005,NNN,NNN,0.865375,1,1.8752,1.8752,0.194924,1.4998,NNN,0.591532,1,0.3751,0.3751,0.331227,1.9913,NNN,0.621556,1,0.5001,0.5001,0.323757,1.9606,NNN,0.987551,1,4.3753,4.3753,0.032287,1.0694,NNN,0.993607,1,5.1256,5.1256,0.019431,1.0412
kk_grpo_v3_final_holdout_001006,KKN,NKN,0.022312,3,0.9516,-3.4289,0.387361,2.2378,NKN,0.207659,2,1.1926,-1.1926,0.441125,2.5025,NKN,0.032100,2,3.4033,-3.4033,0.078825,1.1781,NKN,0.014101,3,2.4136,-4.1588,0.179883,1.4536,NKN,0.090155,2,2.3034,-2.3034,0.169600,1.4229
kk_grpo_v3_final_holdout_001007,NNN,NNN,0.976203,1,4.1775,4.1775,0.062992,1.1400,NNN,0.988865,1,4.9737,4.9737,0.033304,1.0717,NNN,0.994031,1,5.5979,5.5979,0.019597,1.0416,NNN,0.999857,1,8.9534,8.9534,0.000701,1.0015,NNN,0.999949,1,10.1418,10.1418,0.000284,1.0006
kk_grpo_v3_final_holdout_001008,KKK,KKK,0.997197,1,5.8750,5.8750,0.009280,1.0195,KKK,0.999569,1,7.7500,7.7500,0.001818,1.0038,KKK,0.999925,1,9.4998,9.4998,0.000380,1.0008,KKK,0.999954,1,10.0001,10.0001,0.000246,1.0005,KKK,0.999958,1,10.1253,10.1253,0.000227,1.0005
kk_grpo_v3_final_holdout_001009,NNK,NNK,0.917023,1,3.6542,3.6542,0.191683,1.4897,NNK,0.963319,1,3.6187,3.6187,0.089730,1.2051,NNK,0.989575,1,4.8789,4.8789,0.031077,1.0668,NNK,0.986216,1,4.3907,4.3907,0.037703,1.0816,NNK,0.996495,1,6.2237,6.2237,0.012834,1.0270
kk_grpo_v3_final_holdout_001010,NKK,NKK,0.703126,1,1.2500,1.2500,0.382639,2.2159,NKK,0.966408,1,3.3745,3.3745,0.072028,1.1616,NKK,0.959576,1,3.3672,3.3672,0.090638,1.2074,NKK,0.962961,1,3.3750,3.3750,0.082428,1.1870,NKK,0.983991,1,4.1252,4.1252,0.039798,1.0863
kk_grpo_v3_final_holdout_001011,NKK,KKN,0.377421,2,0.4998,-0.4998,0.320746,1.9483,KKN,0.407400,2,0.3746,-0.3746,0.325322,1.9670,NKK,0.893233,1,2.1253,2.1253,0.163832,1.4059,KKN,0.294344,2,0.8742,-0.8742,0.291963,1.8351,NKK,0.651399,1,0.6271,0.6271,0.313444,1.9190
kk_grpo_v3_final_holdout_001012,KKK,KKK,0.998094,1,6.3755,6.3755,0.006981,1.0146,KKK,0.999159,1,7.1256,7.1256,0.003347,1.0070,KKK,0.999959,1,10.2501,10.2501,0.000226,1.0005,KKK,0.999952,1,10.0001,10.0001,0.000261,1.0005,KKK,0.999974,1,10.6251,10.6251,0.000147,1.0003
kk_grpo_v3_final_holdout_001013,NKN,NKN,0.536105,1,0.6687,0.6687,0.484382,2.7380,KKK,0.182450,2,1.4916,-1.4916,0.248036,1.6749,NKN,0.866558,1,1.8918,1.8918,0.196232,1.5039,NKN,0.905252,1,2.4601,2.4601,0.172892,1.4326,NKN,0.882055,1,2.1759,2.1759,0.202023,1.5221
kk_grpo_v3_final_holdout_001014,KKK,KKK,0.999287,1,7.2500,7.2500,0.002840,1.0059,KKK,0.999990,1,11.5000,11.5000,0.000064,1.0001,KKK,0.999983,1,11.0000,11.0000,0.000099,1.0002,KKK,0.999998,1,13.6250,13.6250,0.000014,1.0000,KKK,1.000000,1,15.3750,15.3750,0.000003,1.0000
kk_grpo_v3_final_holdout_001015,NNN,NKK,0.243257,2,0.5715,-0.5715,0.631015,3.7142,NKK,0.100968,3,1.3750,-1.8998,0.475208,2.6863,NKN,0.041974,3,0.8750,-2.7764,0.372306,2.1688,NKK,0.025708,3,3.1250,-3.5819,0.166667,1.4142,NKN,0.180427,2,1.4737,-1.4737,0.305368,1.8870
kk_grpo_v3_final_holdout_001016,NNK,NNK,0.993279,1,5.0017,5.0017,0.019530,1.0414,NNK,0.998962,1,6.8750,6.8750,0.003946,1.0082,NNK,0.999680,1,8.1250,8.1250,0.001436,1.0030,NNK,0.999438,1,7.5001,7.5001,0.002319,1.0048,NNK,0.999860,1,8.9999,8.9999,0.000693,1.0014
kk_grpo_v3_final_holdout_001017,NNK,NNK,0.512676,1,0.4839,0.4839,0.511382,2.8962,NNK,0.679999,1,1.2180,1.2180,0.410366,2.3475,NNK,0.872799,1,2.1400,2.1400,0.218976,1.5767,NNK,0.841350,1,1.7426,1.7426,0.234878,1.6297,NNK,0.876751,1,2.0195,2.0195,0.194756,1.4993
kk_grpo_v3_final_holdout_001018,NKK,NKN,0.468190,2,0.1250,-0.1250,0.336895,2.0149,NKK,0.989763,1,4.6250,4.6250,0.028537,1.0611,NKK,0.931682,1,2.6250,2.6250,0.122079,1.2890,NKK,0.986402,1,4.3750,4.3750,0.036560,1.0790,NKK,0.940510,1,3.2261,3.2261,0.127445,1.3034
kk_grpo_v3_final_holdout_001019,NNN,NNN,0.834979,1,1.7304,1.7304,0.247427,1.6728,NNN,0.808994,1,1.4895,1.4895,0.253421,1.6938,NNN,0.981601,1,4.1226,4.1226,0.048451,1.1060,NNN,0.960752,1,3.2479,3.2479,0.083430,1.1894,NNN,0.880013,1,1.9991,1.9991,0.178960,1.4508
kk_grpo_v3_final_holdout_001020,NNN,NNN,0.877871,1,2.2594,2.2594,0.217090,1.5706,NNN,0.789958,1,1.4998,1.4998,0.293941,1.8427,NNN,0.889588,1,2.1264,2.1264,0.176456,1.4433,NNN,0.995606,1,5.8735,5.8735,0.015144,1.0320,NNN,0.994444,1,5.3764,5.3764,0.017909,1.0379
kk_grpo_v3_final_holdout_001021,NNK,NNK,0.436957,1,0.2587,0.2587,0.568811,3.2635,NNK,0.484544,1,0.6006,0.6006,0.589203,3.4049,NKK,0.398081,2,0.2743,-0.2743,0.461001,2.6081,NNK,0.739686,1,1.6606,1.6606,0.416094,2.3756,NNK,0.889667,1,2.5235,2.5235,0.206735,1.5371
kk_grpo_v3_final_holdout_001022,NNN,NNN,0.923311,1,2.5051,2.5051,0.133826,1.3209,NNN,0.785445,1,1.3592,1.3592,0.273695,1.7667,NNN,0.752769,1,1.1227,1.1227,0.275488,1.7733,NNN,0.728385,1,0.9963,0.9963,0.288515,1.8220,NNN,0.889689,1,2.7499,2.7499,0.203842,1.5279
kk_grpo_v3_final_holdout_001023,NNN,NNN,0.363475,1,0.2197,0.2197,0.643240,3.8098,NNN,0.414467,1,0.0437,0.0437,0.568490,3.2614,KKK,0.146445,3,1.1800,-1.4476,0.493746,2.7919,KKK,0.084297,3,1.1432,-2.0713,0.444699,2.5212,KKK,0.032892,2,3.3787,-3.3787,0.077915,1.1759
kk_grpo_v3_final_holdout_001024,KKK,KKK,0.974039,1,3.6250,3.6250,0.057926,1.1280,KKK,0.998498,1,6.5000,6.5000,0.005419,1.0113,KKK,0.999739,1,8.2500,8.2500,0.001164,1.0024,KKK,0.999195,1,7.1250,7.1250,0.003148,1.0066,KKK,0.999904,1,9.2500,9.2500,0.000475,1.0010
kk_grpo_v3_final_holdout_001025,KNK,KNK,0.651343,1,0.6250,0.6250,0.311054,1.9095,KNK,0.677108,1,0.7405,0.7405,0.302521,1.8759,KNK,0.902316,1,2.2233,2.2233,0.153886,1.3771,KNK,0.904650,1,2.2500,2.2500,0.151367,1.3699,KNK,0.809904,1,1.4495,1.4495,0.233968,1.6267
kk_grpo_v3_final_holdout_001026,KNN,KNN,0.881912,1,2.5868,2.5868,0.230933,1.6164,KNN,0.987705,1,4.6249,4.6249,0.036060,1.0779,KNN,0.995364,1,5.5010,5.5010,0.015173,1.0321,KNN,0.999883,1,9.7501,9.7501,0.000629,1.0013,KNN,0.904090,1,2.2501,2.2501,0.153803,1.3769
kk_grpo_v3_final_holdout_001027,KKK,KKK,0.676005,1,1.1588,1.1588,0.442466,2.5095,KKK,0.894495,1,2.5872,2.5872,0.206951,1.5378,KKK,0.946015,1,3.0453,3.0453,0.114863,1.2698,KKK,0.995595,1,5.5000,5.5000,0.014296,1.0302,KKK,0.999724,1,8.3927,8.3927,0.001310,1.0027
kk_grpo_v3_final_holdout_001028,NNK,KNK,0.060970,3,1.7669,-2.5616,0.331792,1.9936,KNK,0.020445,3,2.4842,-3.7891,0.176745,1.4442,KNK,0.001414,3,4.1227,-6.5439,0.045133,1.0984,KNK,0.006677,2,4.9982,-4.9982,0.032341,1.0696,KNK,0.012047,3,0.3056,-3.8547,0.355868,2.0960
kk_grpo_v3_final_holdout_001029,KKN,KNK,0.348421,2,0.6148,-0.6148,0.330173,1.9869,KNK,0.268656,2,1.0006,-1.0006,0.282296,1.7986,KKN,0.559668,1,0.2453,0.2453,0.337318,2.0166,KNK,0.059889,2,2.7494,-2.7494,0.121163,1.2865,KKN,0.562119,1,0.8750,0.8750,0.495167,2.8001
kk_grpo_v3_final_holdout_001030,NNK,NNK,0.920767,1,3.0000,3.0000,0.159239,1.3925,NNK,0.866781,1,2.0000,2.0000,0.212230,1.5548,NNK,0.651203,1,0.6250,0.6250,0.311947,1.9130,NNK,0.994900,1,5.6250,5.6250,0.016916,1.0358,NNK,0.975136,1,3.7500,3.7500,0.059267,1.1312
kk_grpo_v3_final_holdout_001031,KNN,KNN,0.966910,1,3.3754,3.3754,0.069967,1.1566,KNN,0.996400,1,5.6255,5.6255,0.011498,1.0242,KNN,0.999938,1,10.0004,10.0004,0.000339,1.0007,KNN,0.999980,1,10.8759,10.8759,0.000115,1.0002,KNN,0.999903,1,9.2563,9.2563,0.000485,1.0010
kk_grpo_v3_final_holdout_001032,KKK,KKK,0.999957,1,10.2502,10.2502,0.000242,1.0005,KKK,0.999994,1,12.3777,12.3777,0.000037,1.0001,KKK,0.999998,1,13.7500,13.7500,0.000013,1.0000,KKK,0.999999,1,14.6250,14.6250,0.000007,1.0000,KKK,1.000000,1,14.7505,14.7505,0.000004,1.0000
kk_grpo_v3_final_holdout_001033,NKN,NKN,0.999359,1,7.6510,7.6510,0.002789,1.0058,NKN,0.999878,1,9.5068,9.5068,0.000640,1.0013,NKN,0.999961,1,10.5012,10.5012,0.000221,1.0005,NKN,0.999982,1,11.8130,11.8130,0.000115,1.0002,NKN,0.999928,1,10.2520,10.2520,0.000399,1.0008
kk_grpo_v3_final_holdout_001034,NNK,NNN,0.051411,4,2.2622,-2.7476,0.342297,2.0376,NNN,0.039941,3,1.6718,-2.9970,0.306927,1.8931,NNN,0.106573,2,1.9989,-1.9989,0.331292,1.9915,NNN,0.001224,4,2.4039,-6.6159,0.148370,1.3614,NNN,0.082464,2,2.3715,-2.3715,0.215333,1.5648
kk_grpo_v3_final_holdout_001035,NNN,NNN,0.771188,1,1.2196,1.2196,0.262141,1.7248,KNK,0.482665,2,0.0670,-0.0670,0.337363,2.0168,NNN,0.678793,1,0.7490,0.7490,0.302860,1.8772,NNN,0.782821,1,1.2859,1.2859,0.254238,1.6967,NNN,0.993835,1,5.1258,5.1258,0.018564,1.0394
kk_grpo_v3_final_holdout_001036,KNK,KNK,0.855887,1,2.4996,2.4996,0.275676,1.7740,KNK,0.961018,1,3.6040,3.6040,0.095536,1.2198,KNK,0.948521,1,3.0010,3.0010,0.107122,1.2495,KNK,0.995950,1,5.6261,5.6261,0.013520,1.0285,KKN,0.466178,2,0.1252,-0.1252,0.350072,2.0708
kk_grpo_v3_final_holdout_001037,NNK,NKN,0.336905,2,0.1420,-0.1420,0.734094,4.6021,NNK,0.537518,1,0.8601,0.8601,0.632847,3.7284,NKN,0.150294,3,0.4508,-1.1234,0.621169,3.6389,NKN,0.250044,2,0.6517,-0.6517,0.609326,3.5504,NNN,0.012574,3,0.5152,-3.8750,0.395883,2.2778
kk_grpo_v3_final_holdout_001038,KNK,KNK,0.930311,1,2.9815,2.9815,0.144218,1.3497,KNK,0.943048,1,3.2500,3.2500,0.123135,1.2918,KNK,0.978896,1,4.3590,4.3590,0.056213,1.1240,KNK,0.995591,1,5.6249,5.6249,0.014667,1.0310,KNK,0.957085,1,3.2395,3.2395,0.093308,1.2141
kk_grpo_v3_final_holdout_001039,NKK,NKK,0.602128,1,0.4873,0.4873,0.380590,2.2065,NKK,0.500035,1,0.0002,0.0002,0.333470,2.0006,NKK,0.679184,1,0.7501,0.7501,0.301810,1.8731,NKK,0.621969,1,0.4985,0.4985,0.319788,1.9445,NKK,0.562141,1,0.2499,0.2499,0.329631,1.9847
kk_grpo_v3_final_holdout_001040,NNK,NNK,0.528355,1,0.1195,0.1195,0.340850,2.0315,KNN,0.407269,2,0.3752,-0.3752,0.325199,1.9665,NNK,0.880708,1,1.9998,1.9998,0.176096,1.4422,KNN,0.042077,2,3.1253,-3.1253,0.083932,1.1907,KNN,0.245027,2,1.1253,-1.1253,0.267957,1.7458
kk_grpo_v3_final_holdout_001041,NKN,NKN,0.851807,1,1.7520,1.7520,0.203552,1.5270,NKN,0.903410,1,2.2512,2.2512,0.156846,1.3856,NKN,0.878971,1,2.0297,2.0297,0.189290,1.4823,NKN,0.987401,1,4.3814,4.3814,0.033249,1.0716,NKN,0.904442,1,2.2548,2.2548,0.153738,1.3767
kk_grpo_v3_final_holdout_001042,KNN,KNN,0.772102,1,1.2208,1.2208,0.258681,1.7124,KNN,0.888644,1,2.0776,2.0776,0.168280,1.4190,KNN,0.974240,1,3.6332,3.6332,0.057593,1.1272,KNN,0.867022,1,1.8749,1.8749,0.188566,1.4801,KNN,0.974286,1,3.6353,3.6353,0.057540,1.1271
kk_grpo_v3_final_holdout_001043,KNK,KNK,0.399230,1,0.7557,0.7557,0.753390,4.7905,KNK,0.500277,1,0.7950,0.7950,0.615588,3.5969,KNK,0.535379,1,0.8477,0.8477,0.570162,3.2727,KNK,0.831341,1,2.0474,2.0474,0.302621,1.8763,KNK,0.892285,1,2.2379,2.2379,0.185514,1.4707
kk_grpo_v3_final_holdout_001044,NKK,NKK,0.531126,1,0.1249,0.1249,0.332998,1.9986,NKK,0.952553,1,3.0000,3.0000,0.091907,1.2106,NKK,0.994066,1,5.1243,5.1243,0.017540,1.0371,NKK,0.979604,1,3.8722,3.8722,0.047921,1.1048,NKK,0.993999,1,5.1250,5.1250,0.017887,1.0379
kk_grpo_v3_final_holdout_001045,NNK,NNK,0.997176,1,6.2679,6.2679,0.010250,1.0215,NNK,0.998241,1,6.3752,6.3752,0.006334,1.0133,NNK,0.999168,1,7.1249,7.1249,0.003297,1.0069,NNK,0.999662,1,8.0001,8.0001,0.001471,1.0031,NNK,0.999763,1,8.5000,8.5000,0.001111,1.0023
kk_grpo_v3_final_holdout_001046,KNK,NKK,0.095625,2,2.2233,-2.2233,0.200517,1.5173,NKK,0.085092,2,2.3750,-2.3750,0.140558,1.3395,NKK,0.002473,2,5.9998,-5.9998,0.008665,1.0182,NKK,0.060098,2,2.7492,-2.7492,0.111450,1.2608,NKK,0.053410,2,2.8748,-2.8748,0.100370,1.2321
kk_grpo_v3_final_holdout_001047,NKN,NKN,0.978962,1,3.8749,3.8749,0.050741,1.1113,NKN,0.993077,1,4.9989,4.9989,0.020382,1.0433,NKN,0.998216,1,6.3750,6.3750,0.006465,1.0135,NKN,0.999573,1,8.3748,8.3748,0.001967,1.0041,NKN,0.999243,1,7.3126,7.3126,0.003122,1.0065
kk_grpo_v3_final_holdout_001048,KKK,KKK,0.992411,1,4.8749,4.8749,0.021493,1.0457,KKK,0.999290,1,7.2499,7.2499,0.002821,1.0059,KKK,0.999989,1,11.4999,11.4999,0.000070,1.0001,KKK,0.998827,1,6.7499,6.7499,0.004383,1.0092,KKK,0.999903,1,9.2499,9.2499,0.000477,1.0010
kk_grpo_v3_final_holdout_001049,NNK,NNK,0.862023,1,1.8750,1.8750,0.206423,1.5361,NNK,0.945991,1,3.0000,3.0000,0.112833,1.2644,NNK,0.892813,1,2.1250,2.1250,0.165593,1.4111,NNK,0.999419,1,7.5000,7.5000,0.002419,1.0050,NNN,0.000140,2,8.8750,-8.8750,0.001124,1.0023
kk_grpo_v3_final_holdout_001050,KKK,KNN,0.015546,7,0.0621,-3.1915,0.715585,4.4283,KNN,0.040946,6,0.5846,-2.4562,0.700624,4.2927,KNN,0.199503,3,0.8624,-0.9896,0.545912,3.1118,KNN,0.277885,2,0.7721,-0.7721,0.483596,2.7336,KNK,0.303152,2,0.7130,-0.7130,0.438955,2.4912
kk_grpo_v3_final_holdout_001051,KNN,NNN,0.291002,2,0.4574,-0.4574,0.519404,2.9449,KNN,0.413397,1,0.3206,0.3206,0.558696,3.1956,NKN,0.060545,3,1.5002,-2.5241,0.358583,2.1078,KNN,0.716716,1,0.9944,0.9944,0.323495,1.9595,NKN,0.008552,4,0.6251,-4.2949,0.385621,2.2297
kk_grpo_v3_final_holdout_001052,KNN,NKN,0.266386,2,0.6621,-0.6621,0.538692,3.0654,NKN,0.173559,3,0.1490,-0.9225,0.525321,2.9813,KNN,0.401512,1,0.0128,0.0128,0.573229,3.2936,NKN,0.405234,2,0.3264,-0.3264,0.386431,2.2335,NKK,0.433342,2,0.0737,-0.0737,0.488359,2.7608
kk_grpo_v3_final_holdout_001053,NKN,NKN,0.636889,1,0.6270,0.6270,0.362674,2.1258,NKN,0.849684,1,1.7559,1.7559,0.213211,1.5579,NKN,0.851433,1,1.7503,1.7503,0.204449,1.5298,NKN,0.817391,1,1.5018,1.5018,0.230601,1.6153,NKN,0.592065,1,0.3747,0.3747,0.328704,1.9808
kk_grpo_v3_final_holdout_001054,KKK,KKK,0.981930,1,4.0000,4.0000,0.043753,1.0952,KKK,0.998494,1,6.5000,6.5000,0.005444,1.0114,KKK,0.999193,1,7.1250,7.1250,0.003162,1.0066,KKK,0.996405,1,5.6250,5.6250,0.011460,1.0241,KKK,0.999992,1,11.7500,11.7500,0.000050,1.0001
kk_grpo_v3_final_holdout_001055,KKN,KKN,0.692144,1,1.3409,1.3409,0.402790,2.3108,KKN,0.923194,1,2.5597,2.5597,0.140172,1.3384,KKN,0.854153,1,2.1964,2.1964,0.245214,1.6651,KKN,0.998477,1,6.7012,6.7012,0.005883,1.0123,KKN,0.932445,1,2.9735,2.9735,0.138634,1.3341
kk_grpo_v3_final_holdout_001056,KNN,KNN,0.653448,1,1.1485,1.1485,0.490234,2.7716,KKN,0.250723,2,0.9933,-0.9933,0.415757,2.3739,KKN,0.127451,2,1.7614,-1.7614,0.405544,2.3240,KKN,0.377010,2,0.1859,-0.1859,0.499403,2.8249,KKN,0.005861,3,4.6185,-5.1237,0.043912,1.0956
kk_grpo_v3_final_holdout_001057,KKK,KKK,0.938565,1,3.3755,3.3755,0.133998,1.3213,KKK,0.993290,1,5.1271,5.1271,0.020605,1.0438,KKK,0.998390,1,6.5008,6.5008,0.005950,1.0124,KKK,0.997812,1,6.2500,6.2500,0.007881,1.0165,KKK,0.998191,1,6.3762,6.3762,0.006570,1.0138
kk_grpo_v3_final_holdout_001058,KKK,KKK,0.994499,1,5.2609,5.2609,0.017127,1.0363,KKK,0.999088,1,7.0226,7.0226,0.003561,1.0074,KKK,0.999447,1,7.5300,7.5300,0.002299,1.0048,KKK,0.999983,1,11.0203,11.0203,0.000102,1.0002,KKK,0.999965,1,10.5324,10.5324,0.000202,1.0004
kk_grpo_v3_final_holdout_001059,KNN,KNN,0.820733,1,1.5901,1.5901,0.247792,1.6741,KNN,0.934365,1,3.2217,3.2217,0.138571,1.3340,KNN,0.995249,1,5.3750,5.3750,0.014838,1.0313,KNN,0.995847,1,5.5000,5.5000,0.013159,1.0277,KNN,0.966865,1,3.3750,3.3750,0.070157,1.1571
kk_grpo_v3_final_holdout_001060,KKN,KKN,0.473058,1,0.6561,0.6561,0.655438,3.9077,KKN,0.912481,1,3.1547,3.1547,0.190055,1.4847,KKN,0.971247,1,4.3826,4.3826,0.078671,1.1777,KKN,0.912913,1,2.7236,2.7236,0.172594,1.4318,KKN,0.997419,1,6.3868,6.3868,0.009626,1.0202
kk_grpo_v3_final_holdout_001061,KNK,KNK,0.814125,1,2.1250,2.1250,0.322484,1.9554,KNK,0.841622,1,1.8751,1.8751,0.252608,1.6909,KNK,0.986789,1,4.6259,4.6259,0.038220,1.0827,KNK,0.990229,1,4.6288,4.6288,0.026736,1.0572,KNK,0.979362,1,3.8936,3.8936,0.050113,1.1098
kk_grpo_v3_final_holdout_001062,KKK,KKK,0.999994,1,12.4317,12.4317,0.000039,1.0001,KKK,0.999999,1,15.0628,15.0628,0.000005,1.0000,KKK,0.999999,1,15.1445,15.1445,0.000005,1.0000,KKK,1.000000,1,15.7106,15.7106,0.000003,1.0000,KKK,1.000000,1,16.4375,16.4375,0.000001,1.0000
kk_grpo_v3_final_holdout_001063,KKN,KKN,0.901057,1,2.8292,2.8292,0.190361,1.4856,KKN,0.899783,1,2.7493,2.7493,0.190952,1.4875,KKN,0.525965,1,0.1250,0.1250,0.356151,2.0972,KKN,0.991111,1,5.0000,5.0000,0.026913,1.0576,KKK,0.268705,2,1.0000,-1.0000,0.283256,1.8022
kk_grpo_v3_final_holdout_001064,KKK,KKK,0.999715,1,8.2500,8.2500,0.001303,1.0027,KKK,0.999993,1,12.7768,12.7768,0.000044,1.0001,KKK,0.999997,1,13.5000,13.5000,0.000022,1.0000,KKK,0.999996,1,13.1250,13.1250,0.000027,1.0001,KKK,0.999998,1,13.7713,13.7713,0.000017,1.0000
kk_grpo_v3_final_holdout_001065,KKK,KKK,0.790898,1,1.3748,1.3748,0.268197,1.7466,KKK,0.932351,1,2.6253,2.6253,0.119548,1.2822,KKK,0.976825,1,3.7516,3.7516,0.053691,1.1181,KKK,0.679194,1,0.7501,0.7501,0.301816,1.8731,KKK,0.998964,1,6.9300,6.9300,0.004037,1.0084
kk_grpo_v3_final_holdout_001066,KKK,KKK,0.999966,1,11.0000,11.0000,0.000202,1.0004,KKK,0.999997,1,12.7553,12.7553,0.000022,1.0000,KKK,0.999999,1,13.7535,13.7535,0.000009,1.0000,KKK,0.999996,1,12.3758,12.3758,0.000028,1.0001,KKK,0.999999,1,14.3755,14.3755,0.000005,1.0000
kk_grpo_v3_final_holdout_001067,NKK,KNK,0.249049,2,0.3287,-0.3287,0.653446,3.8915,KNK,0.250821,2,0.7564,-0.7564,0.516699,2.9284,NKK,0.851968,1,1.7511,1.7511,0.202218,1.5227,KNK,0.163591,2,1.5686,-1.5686,0.309223,1.9022,KNK,0.348666,2,0.6246,-0.6246,0.311971,1.9131
kk_grpo_v3_final_holdout_001068,NNK,NNK,0.838331,1,1.7438,1.7438,0.239443,1.6453,NNK,0.920723,1,2.4979,2.4979,0.140663,1.3398,NNK,0.994387,1,5.3752,5.3752,0.018213,1.0386,NNK,0.946017,1,2.8745,2.8745,0.102780,1.2383,NNK,0.966536,1,3.3846,3.3846,0.072479,1.1627
kk_grpo_v3_final_holdout_001069,KKK,KKK,0.999155,1,7.1250,7.1250,0.003368,1.0070,KKK,0.999974,1,10.7500,10.7500,0.000150,1.0003,KKK,0.999912,1,9.3750,9.3750,0.000447,1.0009,KKK,0.999840,1,8.7500,8.7500,0.000753,1.0016,KKK,0.999997,1,13.0000,13.0000,0.000021,1.0000
kk_grpo_v3_final_holdout_001070,KKK,NNK,0.087161,3,0.3130,-1.7639,0.498851,2.8217,NNK,0.192453,3,0.3226,-0.8819,0.515222,2.9194,NNK,0.288193,2,0.7425,-0.7425,0.439529,2.4942,NNK,0.018125,3,3.5059,-3.9601,0.114154,1.2679,NNK,0.224140,2,0.8796,-0.8796,0.508842,2.8809
kk_grpo_v3_final_holdout_001071,NNN,NNN,0.981787,1,4.0063,4.0063,0.044674,1.0973,NNN,0.984081,1,4.1271,4.1271,0.039469,1.0855,NNN,0.998657,1,6.6297,6.6297,0.004990,1.0104,NNN,0.999703,1,8.2475,8.2475,0.001363,1.0028,NNN,0.999653,1,8.0055,8.0055,0.001531,1.0032
kk_grpo_v3_final_holdout_001072,NKN,NKN,0.893741,1,2.7500,2.7500,0.215419,1.5651,NKN,0.636351,1,0.6250,0.6250,0.364250,2.1328,NKK,0.406826,2,0.3750,-0.3750,0.329749,1.9851,NKN,0.816152,1,1.5000,1.5000,0.234847,1.6296,NKN,0.560854,1,0.2500,0.2500,0.338001,2.0195
kk_grpo_v3_final_holdout_001073,KKN,KKN,0.500126,1,0.1279,0.1279,0.422140,2.4056,KKN,0.592715,1,0.3753,0.3753,0.325156,1.9663,NKK,0.437869,2,0.2497,-0.2497,0.329834,1.9855,NKK,0.201939,2,1.3738,-1.3738,0.243462,1.6591,KKN,0.924158,1,2.5002,2.5002,0.129123,1.3080
kk_grpo_v3_final_holdout_001074,KKK,KKK,0.999563,1,8.2863,8.2863,0.002032,1.0042,KKK,0.999968,1,10.6369,10.6369,0.000182,1.0004,KKK,0.999996,1,13.2577,13.2577,0.000025,1.0001,KKK,0.999999,1,14.8579,14.8579,0.000005,1.0000,KKK,0.999999,1,14.7798,14.7798,0.000004,1.0000
kk_grpo_v3_final_holdout_001075,KKK,KKK,0.922347,1,2.5600,2.5600,0.144460,1.3504,KKK,0.985828,1,4.2928,4.2928,0.037267,1.0806,KKK,0.993166,1,5.0042,5.0042,0.020084,1.0426,KKK,0.999911,1,9.3908,9.3908,0.000455,1.0009,KKK,0.999898,1,9.2585,9.2585,0.000513,1.0011
kk_grpo_v3_final_holdout_001076,NKK,NKK,0.733790,1,1.1743,1.1743,0.347766,2.0609,NKK,0.698629,1,0.8844,0.8844,0.324216,1.9624,NKK,0.859937,1,1.8727,1.8727,0.211452,1.5522,NKK,0.966024,1,3.4267,3.4267,0.076393,1.1722,NKK,0.954124,1,3.6232,3.6232,0.105735,1.2459
kk_grpo_v3_final_holdout_001077,NKN,NKN,0.996783,1,6.1250,6.1250,0.011428,1.0240,NKN,0.997843,1,6.2500,6.2500,0.007760,1.0163,NKN,0.998708,1,6.7512,6.7512,0.004955,1.0104,NKN,0.999808,1,8.8750,8.8750,0.000939,1.0020,NKN,0.999701,1,8.6886,8.6886,0.001437,1.0030
kk_grpo_v3_final_holdout_001078,NNK,KNN,0.437048,2,0.2518,-0.2518,0.332507,1.9966,NNK,0.531021,1,0.1247,0.1247,0.333326,2.0000,NNK,0.904559,1,2.2496,2.2496,0.151757,1.3710,KNN,0.015902,2,4.1252,-4.1252,0.039413,1.0854,KNN,0.182235,2,1.5011,-1.5011,0.229030,1.6100
kk_grpo_v3_final_holdout_001079,KNK,KNK,0.987139,1,4.6250,4.6250,0.037589,1.0813,KNK,0.997747,1,6.1250,6.1250,0.007870,1.0165,KNK,0.999884,1,9.2501,9.2501,0.000591,1.0012,KNK,0.999962,1,10.3803,10.3803,0.000217,1.0005,KNK,0.999833,1,8.7507,8.7507,0.000795,1.0017
kk_grpo_v3_final_holdout_001080,KKN,KNK,0.141830,2,1.6609,-1.6609,0.405232,2.3225,KNK,0.400028,2,0.2960,-0.2960,0.442911,2.5118,KNK,0.118671,2,1.9209,-1.9209,0.303802,1.8809,KNK,0.294155,2,0.8128,-0.8128,0.370166,2.1592,KNN,0.267966,2,0.9972,-0.9972,0.298043,1.8585
kk_grpo_v3_final_holdout_001081,NKK,NKK,0.988112,1,4.6293,4.6293,0.034665,1.0747,NKK,0.995895,1,5.5011,5.5011,0.012935,1.0273,NKK,0.998980,1,7.0020,7.0020,0.004043,1.0084,NKK,0.999840,1,9.3749,9.3749,0.000804,1.0017,NKK,0.999369,1,8.0000,8.0000,0.002782,1.0058
kk_grpo_v3_final_holdout_001082,NNK,NNK,0.530288,1,0.5002,0.5002,0.483330,2.7321,NNK,0.601940,1,0.6257,0.6257,0.417740,2.3837,NKN,0.434085,2,0.2069,-0.2069,0.398024,2.2880,NNK,0.790537,1,1.5010,1.5010,0.291908,1.8349,NNK,0.962054,1,3.9543,3.9543,0.095339,1.2193
kk_grpo_v3_final_holdout_001083,NNK,NNK,0.496193,1,0.2734,0.2734,0.472104,2.6690,NNK,0.653296,1,0.7110,0.7110,0.355816,2.0957,NNK,0.961168,1,3.3692,3.3692,0.086928,1.1981,NNK,0.851651,1,1.7496,1.7496,0.203001,1.5252,NNK,0.865715,1,1.8739,1.8739,0.193462,1.4952
kk_grpo_v3_final_holdout_001084,NNN,NNN,0.997263,1,6.3744,6.3744,0.009976,1.0210,NNN,0.999613,1,8.4998,8.4998,0.001788,1.0037,NNN,0.999683,1,8.1953,8.1953,0.001451,1.0030,NNN,0.999957,1,10.6910,10.6910,0.000255,1.0005,NNN,0.999934,1,9.8079,9.8079,0.000360,1.0007
kk_grpo_v3_final_holdout_001085,KNN,KNN,0.904618,1,2.2500,2.2500,0.151563,1.3705,KNN,0.974024,1,3.6250,3.6250,0.058011,1.1282,KNN,0.998671,1,6.6250,6.6250,0.004886,1.0102,KNN,0.992415,1,4.8750,4.8750,0.021467,1.0457,KNN,0.999083,1,7.0000,7.0000,0.003545,1.0074
kk_grpo_v3_final_holdout_001086,KNK,KNK,0.815333,1,2.0877,2.0877,0.337996,2.0195,KNK,0.857982,1,2.1789,2.1789,0.268591,1.7481,KNK,0.938365,1,3.1249,3.1249,0.131925,1.3156,KNK,0.994679,1,5.5549,5.5549,0.018198,1.0386,KNK,0.965881,1,3.8750,3.8750,0.087092,1.1985
kk_grpo_v3_final_holdout_001087,KNK,KNK,0.725721,1,1.3159,1.3159,0.365777,2.1396,KNK,0.914287,1,2.4246,2.4246,0.150129,1.3664,KNK,0.705931,1,0.8875,0.8875,0.300859,1.8694,KNK,0.998459,1,6.5531,6.5531,0.005792,1.0121,KNK,0.992701,1,4.9234,4.9234,0.021006,1.0446
kk_grpo_v3_final_holdout_001088,KKK,KKK,0.991628,1,5.1250,5.1250,0.025720,1.0549,KKK,0.999838,1,9.2500,9.2500,0.000813,1.0017,KKK,0.999511,1,7.6250,7.6250,0.002030,1.0042,KKK,0.991718,1,4.8750,4.8750,0.024224,1.0517,KKK,0.999998,1,13.5000,13.5000,0.000016,1.0000
kk_grpo_v3_final_holdout_001089,KNN,NNN,0.196593,2,1.1842,-1.1842,0.489524,2.7675,NNN,0.255279,2,0.5486,-0.5486,0.606275,3.5279,NNN,0.010798,3,3.2500,-4.4735,0.124080,1.2944,NNN,0.068039,3,1.5000,-2.3969,0.370649,2.1614,NNN,0.004653,4,1.0000,-5.0335,0.332292,1.9957
kk_grpo_v3_final_holdout_001090,KKN,KNN,0.099488,2,2.1250,-2.1250,0.279896,1.7897,KNN,0.428921,2,0.2500,-0.2500,0.374247,2.1776,KKN,0.530041,1,0.1250,0.1250,0.339483,2.0257,KKN,0.730843,1,1.0000,1.0000,0.281221,1.7946,KKN,0.731046,1,1.0003,1.0003,0.280382,1.7915
kk_grpo_v3_final_holdout_001091,KNK,KNK,0.709185,1,1.1209,1.1209,0.384558,2.2248,KNK,0.620144,1,0.7892,0.7892,0.476588,2.6940,KNK,0.887853,1,2.9731,2.9731,0.235094,1.6305,KNK,0.864902,1,1.9963,1.9963,0.223072,1.5902,KNK,0.842468,1,2.2422,2.2422,0.275679,1.7740
kk_grpo_v3_final_holdout_001092,NNN,NNN,0.895833,1,2.2500,2.2500,0.178350,1.4490,NNN,0.890249,1,2.2500,2.2500,0.192568,1.4925,NNN,0.936193,1,2.8750,2.8750,0.129578,1.3092,NNN,0.978878,1,3.8750,3.8750,0.051004,1.1119,NNN,0.986085,1,4.3750,4.3750,0.037716,1.0816
kk_grpo_v3_final_holdout_001093,NNK,NNK,0.999776,1,9.5256,9.5256,0.001178,1.0025,NNK,0.999902,1,9.9450,9.9450,0.000542,1.0011,NNK,0.999878,1,9.1562,9.1562,0.000617,1.0013,NNK,0.999946,1,10.1973,10.1973,0.000310,1.0006,NNK,0.999791,1,8.5243,8.5243,0.000976,1.0020
kk_grpo_v3_final_holdout_001094,KKK,KKK,0.933012,1,3.1047,3.1047,0.140295,1.3387,KKK,0.993046,1,5.0045,5.0045,0.020583,1.0437,KKK,0.999671,1,8.5037,8.5037,0.001537,1.0032,KKK,0.999984,1,11.3752,11.3752,0.000099,1.0002,KKK,0.999953,1,10.3775,10.3775,0.000264,1.0005
kk_grpo_v3_final_holdout_001095,NNN,NNN,0.997801,1,6.1376,6.1376,0.007648,1.0160,NNN,0.999191,1,7.1302,7.1302,0.003188,1.0067,NNN,0.999509,1,7.6433,7.6433,0.002064,1.0043,NNN,0.999995,1,12.8665,12.8665,0.000035,1.0001,NNN,0.999289,1,7.2561,7.2561,0.002836,1.0059
kk_grpo_v3_final_holdout_001096,NKN,NKN,0.985865,1,4.2512,4.2512,0.035975,1.0777,NKN,0.994730,1,5.2511,5.2511,0.015971,1.0338,NKN,0.998669,1,6.6276,6.6276,0.004903,1.0102,NKN,0.999969,1,11.0017,11.0017,0.000178,1.0004,NKN,0.999877,1,9.4380,9.4380,0.000636,1.0013
kk_grpo_v3_final_holdout_001097,NKK,NKK,0.904625,1,2.2500,2.2500,0.151510,1.3703,NKK,0.999085,1,7.0000,7.0000,0.003533,1.0074,NKK,0.999938,1,9.7500,9.7500,0.000329,1.0007,NKK,0.998963,1,6.8750,6.8750,0.003941,1.0082,NKK,0.999951,1,10.0000,10.0000,0.000266,1.0006
kk_grpo_v3_final_holdout_001098,NKN,KNN,0.159572,2,1.5541,-1.5541,0.344277,2.0460,KNN,0.120272,2,1.9753,-1.9753,0.208983,1.5443,KNN,0.475789,2,0.0506,-0.0506,0.379353,2.2008,KNN,0.006276,2,5.0644,-5.0644,0.020043,1.0426,KNN,0.024011,3,2.2275,-3.6026,0.204342,1.5295
kk_grpo_v3_final_holdout_001099,KKN,KKN,0.614719,1,0.4905,0.4905,0.342677,2.0392,KKN,0.651169,1,0.6248,0.6248,0.311838,1.9126,NKN,0.132986,2,1.8748,-1.8748,0.188590,1.4802,KKN,0.973683,1,3.6269,3.6269,0.059562,1.1319,KKN,0.562143,1,0.2500,0.2500,0.329856,1.9856
kk_grpo_v3_final_holdout_001100,NKK,NKN,0.080501,3,1.0142,-2.1250,0.394382,2.2707,NKK,0.874716,1,2.4443,2.4443,0.221941,1.5865,NKK,0.974535,1,4.1250,4.1250,0.065179,1.1451,NKK,0.798142,1,1.3750,1.3750,0.242134,1.6545,NKK,0.901385,1,2.2463,2.2463,0.161755,1.3998
kk_grpo_v3_final_holdout_001101,KKK,KKK,0.981508,1,4.5541,4.5541,0.051967,1.1141,KKK,0.998733,1,7.2610,7.2610,0.005153,1.0108,KKK,0.999930,1,10.0111,10.0111,0.000384,1.0008,KKK,0.999883,1,9.3763,9.3763,0.000600,1.0012,KKK,0.999961,1,10.7046,10.7046,0.000231,1.0005
kk_grpo_v3_final_holdout_001102,NNK,NNK,0.531132,1,0.1360,0.1360,0.346657,2.0562,NNK,0.531032,1,0.1307,0.1307,0.341453,2.0341,NNK,0.531308,1,0.4387,0.4387,0.463753,2.6231,KNN,0.047458,2,2.9507,-2.9507,0.179270,1.4518,KNN,0.119220,2,1.9974,-1.9974,0.183081,1.4633
kk_grpo_v3_final_holdout_001103,KNK,KNK,0.452460,1,0.1248,0.1248,0.534458,3.0385,KKN,0.171887,2,1.3753,-1.3753,0.456291,2.5827,KKN,0.045590,2,3.0014,-3.0014,0.172165,1.4305,KKN,0.094846,2,2.2501,-2.2501,0.167868,1.4177,KKN,0.020170,2,3.8754,-3.8754,0.069826,1.1563
kk_grpo_v3_final_holdout_001104,KNK,KNK,0.544178,1,0.9194,0.9194,0.562462,3.2207,KNK,0.798777,1,1.5104,1.5104,0.284267,1.8060,KNK,0.679416,1,1.1501,1.1501,0.427904,2.4346,KNK,0.830522,1,1.8804,1.8804,0.273510,1.7661,KNK,0.601810,1,0.9412,0.9412,0.484037,2.7361
kk_grpo_v3_final_holdout_001105,NNN,NNK,0.348175,2,0.5000,-0.5000,0.472664,2.6721,NNK,0.172972,2,1.5000,-1.5000,0.341733,2.0352,NNK,0.243967,2,1.1250,-1.1250,0.282926,1.8010,NNK,0.375146,2,0.5000,-0.5000,0.338026,2.0196,NNK,0.375877,2,0.5000,-0.5000,0.333859,2.0022
kk_grpo_v3_final_holdout_001106,NNN,NNN,0.999074,1,7.0208,7.0208,0.003641,1.0076,NNN,0.999852,1,8.8899,8.8899,0.000724,1.0015,NNN,0.999976,1,10.7518,10.7518,0.000139,1.0003,NNN,0.999987,1,12.1338,12.1338,0.000081,1.0002,NNN,0.999985,1,11.3941,11.3941,0.000096,1.0002
kk_grpo_v3_final_holdout_001107,KKK,KKK,0.999044,1,7.3749,7.3749,0.003985,1.0083,KKK,0.999969,1,10.6255,10.6255,0.000181,1.0004,KKK,0.999996,1,13.3125,13.3125,0.000028,1.0001,KKK,0.999883,1,9.7492,9.7492,0.000605,1.0013,KKK,0.999995,1,12.8750,12.8750,0.000035,1.0001
kk_grpo_v3_final_holdout_001108,NKK,NKK,0.973969,1,3.6250,3.6250,0.058303,1.1289,NKK,0.999276,1,7.2500,7.2500,0.002902,1.0061,NKK,0.999730,1,8.2500,8.2500,0.001220,1.0025,NKK,0.999980,1,11.2500,11.2500,0.000120,1.0002,NKK,0.999693,1,8.1250,8.1250,0.001369,1.0028
kk_grpo_v3_final_holdout_001109,KNN,KNN,0.570316,1,0.2939,0.2939,0.341681,2.0350,KNN,0.651546,1,0.6266,0.6266,0.312038,1.9134,NKN,0.244970,2,1.1254,-1.1254,0.268557,1.7480,KNN,0.915490,1,2.3828,2.3828,0.139371,1.3362,NKN,0.407319,2,0.3590,-0.3590,0.348492,2.0640
kk_grpo_v3_final_holdout_001110,KNN,KNN,0.996826,1,5.7499,5.7499,0.010307,1.0217,KNN,0.993307,1,5.0000,5.0000,0.019323,1.0410,KNN,0.966912,1,3.3749,3.3749,0.069885,1.1564,KNN,0.999954,1,9.9998,9.9998,0.000243,1.0005,KNN,0.970691,1,3.5001,3.5001,0.063641,1.1415
kk_grpo_v3_final_holdout_001111,KNK,KNK,0.795307,1,1.3714,1.3714,0.251053,1.6855,KNK,0.772702,1,1.2441,1.2441,0.268573,1.7480,KKN,0.067528,2,2.6253,-2.6253,0.119049,1.2809,KKN,0.147160,2,1.7560,-1.7560,0.204216,1.5291,KKN,0.002183,3,5.8750,-6.1220,0.016725,1.0354
kk_grpo_v3_final_holdout_001112,KKK,KKK,0.999789,1,9.0080,9.0080,0.001057,1.0022,KKK,0.999980,1,11.1359,11.1359,0.000124,1.0003,KKK,0.999997,1,13.7595,13.7595,0.000020,1.0000,KKK,0.999999,1,15.1250,15.1250,0.000004,1.0000,KKK,0.999999,1,14.3125,14.3125,0.000006,1.0000
kk_grpo_v3_final_holdout_001113,NNN,KNK,0.004046,2,5.5040,-5.5040,0.019940,1.0423,KNK,0.000157,3,8.7500,-8.7564,0.002019,1.0042,KNK,0.000004,4,8.3753,-12.5000,0.001199,1.0025,KNK,0.000002,4,10.7504,-13.0041,0.000185,1.0004,KNK,0.000001,4,7.7509,-13.7504,0.002087,1.0043
kk_grpo_v3_final_holdout_001114,KNN,NKN,0.348177,2,0.6236,-0.6236,0.319129,1.9418,NKN,0.320770,2,0.7497,-0.7497,0.303367,1.8792,KNN,0.622405,1,0.5001,0.5001,0.319302,1.9425,KNN,0.817592,1,1.5003,1.5003,0.228574,1.6085,KNN,0.747575,1,1.1187,1.1187,0.290493,1.8295
kk_grpo_v3_final_holdout_001115,NKK,NKK,0.972998,1,4.2500,4.2500,0.070225,1.1572,NKK,0.973406,1,3.6317,3.6317,0.061077,1.1354,NKK,0.976929,1,3.8750,3.8750,0.056995,1.1258,NKK,0.998123,1,6.3750,6.3750,0.006914,1.0145,NKK,0.703861,1,0.8750,0.8750,0.300903,1.8696
kk_grpo_v3_final_holdout_001116,NNK,NNK,0.883437,1,2.7023,2.7023,0.214582,1.5624,NNK,0.933039,1,3.1280,3.1280,0.140503,1.3393,NNK,0.971618,1,3.6255,3.6255,0.066266,1.1477,NNK,0.929467,1,2.6247,2.6247,0.128956,1.3076,NNK,0.973039,1,3.7508,3.7508,0.066559,1.1484
kk_grpo_v3_final_holdout_001117,KNN,NKN,0.406561,2,0.3623,-0.3623,0.352527,2.0814,KNN,0.561101,1,0.2529,0.2529,0.339980,2.0278,NKN,0.164432,2,1.6237,-1.6237,0.220954,1.5832,KNN,0.592582,1,0.3786,0.3786,0.330695,1.9891,NKN,0.320510,2,0.7471,-0.7471,0.311926,1.9129
kk_grpo_v3_final_holdout_001118,KKK,KKK,0.995873,1,6.0165,6.0165,0.014672,1.0310,KKK,0.999497,1,7.6681,7.6681,0.002153,1.0045,KKK,0.999973,1,10.7838,10.7838,0.000158,1.0003,KKK,0.999972,1,10.5625,10.5625,0.000162,1.0003,KKK,0.999990,1,11.6875,11.6875,0.000061,1.0001
kk_grpo_v3_final_holdout_001119,NNK,NNK,0.999775,1,9.0774,9.0774,0.001130,1.0024,NNK,0.999904,1,9.5003,9.5003,0.000500,1.0010,NNK,0.999971,1,11.1260,11.1260,0.000175,1.0004,NNK,0.999982,1,11.1881,11.1881,0.000106,1.0002,NNK,0.999962,1,10.5630,10.5630,0.000214,1.0004
kk_grpo_v3_final_holdout_001120,NNN,NNN,0.800892,1,1.6269,1.6269,0.304359,1.8831,NNN,0.527640,1,0.1870,0.1870,0.400798,2.3012,NNN,0.705550,1,1.0764,1.0764,0.359974,2.1139,NNN,0.904471,1,2.2762,2.2762,0.157777,1.3883,NNN,0.880534,1,2.3869,2.3869,0.212978,1.5572
kk_grpo_v3_final_holdout_001121,KNN,NNN,0.046333,3,2.3007,-2.9257,0.239810,1.6465,NNN,0.018946,4,1.3095,-3.6845,0.335865,2.0106,NNN,0.167273,2,1.4719,-1.4719,0.373233,2.1730,KNK,0.137680,3,0.9458,-1.5000,0.453264,2.5665,NNN,0.066454,3,0.1368,-2.0118,0.437332,2.4828
kk_grpo_v3_final_holdout_001122,NKN,NKN,0.582002,1,0.9895,0.9895,0.486291,2.7489,NKN,0.885641,1,2.2434,2.2434,0.203295,1.5261,NKN,0.939411,1,2.9463,2.9463,0.127486,1.3036,NKN,0.968637,1,4.0227,4.0227,0.081999,1.1859,NKN,0.878864,1,2.0276,2.0276,0.189945,1.4844
kk_grpo_v3_final_holdout_001123,KKN,KNN,0.468796,2,0.1247,-0.1247,0.333150,1.9992,KKN,0.705796,1,0.8752,0.8752,0.291594,1.8337,KKN,0.651353,1,0.6272,0.6272,0.313592,1.9196,KKN,0.679195,1,0.7502,0.7502,0.301974,1.8737,KKN,0.754915,1,1.1361,1.1361,0.275003,1.7715
kk_grpo_v3_final_holdout_001124,NKN,NKN,0.880176,1,1.9997,1.9997,0.178365,1.4490,NKN,0.914166,1,2.3744,2.3744,0.142906,1.3460,NKN,0.904606,1,2.2501,2.2501,0.151658,1.3708,NKN,0.992392,1,4.8751,4.8751,0.021597,1.0459,NKN,0.946486,1,2.8751,2.8751,0.100807,1.2332
kk_grpo_v3_final_holdout_001125,NNN,NNN,0.705735,1,1.0020,1.0020,0.343468,2.0426,KNK,0.201861,3,0.7500,-0.9878,0.482788,2.7290,NNN,0.893340,1,2.3268,2.3268,0.187660,1.4773,NNN,0.531530,1,0.7589,0.7589,0.488101,2.7593,KNN,0.293889,2,0.8752,-0.8752,0.294685,1.8456
kk_grpo_v3_final_holdout_001126,KKK,KKK,0.999986,1,11.4805,11.4805,0.000091,1.0002,KKK,0.999985,1,11.3822,11.3822,0.000093,1.0002,KKK,0.999997,1,13.1320,13.1320,0.000024,1.0001,KKK,0.999995,1,12.4641,12.4641,0.000034,1.0001,KKK,0.999999,1,14.5379,14.5379,0.000008,1.0000
kk_grpo_v3_final_holdout_001127,KKN,KKN,0.996820,1,5.7545,5.7545,0.010394,1.0218,KKN,0.999568,1,7.7505,7.7505,0.001821,1.0038,KKN,0.999907,1,9.3757,9.3757,0.000473,1.0010,KKN,0.999738,1,8.2502,8.2502,0.001167,1.0024,KKN,0.962660,1,3.2838,3.2838,0.079378,1.1795
kk_grpo_v3_final_holdout_001128,NKN,NKN,0.999598,1,8.5000,8.5000,0.001917,1.0040,NKN,0.999727,1,8.7500,8.7500,0.001313,1.0027,NKN,0.999751,1,8.6250,8.6250,0.001209,1.0025,NKN,0.999900,1,10.0000,10.0000,0.000553,1.0012,NKN,0.999921,1,10.1288,10.1288,0.000428,1.0009
kk_grpo_v3_final_holdout_001129,KKN,KKN,0.892724,1,2.1947,2.1947,0.178712,1.4501,KKN,0.945913,1,2.8924,2.8924,0.105267,1.2447,KKN,0.980087,1,4.2500,4.2500,0.053149,1.1169,KKN,0.910936,1,2.3750,2.3750,0.153476,1.3760,KKN,0.911128,1,2.5000,2.5000,0.163286,1.4043
kk_grpo_v3_final_holdout_001130,NKN,NKK,0.266137,2,0.8750,-0.8750,0.445796,2.5269,NKK,0.065790,2,2.6250,-2.6250,0.182276,1.4609,NKK,0.268343,2,1.0000,-1.0000,0.287344,1.8176,NKK,0.082889,2,2.3750,-2.3750,0.195812,1.5026,NKN,0.528377,1,0.2500,0.2500,0.435378,2.4728
kk_grpo_v3_final_holdout_001131,NKN,NKN,0.918654,1,2.8748,2.8748,0.170718,1.4262,NKN,0.962967,1,3.4009,3.4009,0.084383,1.1918,NKN,0.981538,1,4.0044,4.0044,0.045571,1.0994,NKN,0.972367,1,3.6312,3.6312,0.064469,1.1435,NKN,0.986557,1,4.8750,4.8750,0.038881,1.0842
kk_grpo_v3_final_holdout_001132,NKN,NKN,0.927719,1,3.0000,3.0000,0.150356,1.3671,NKN,0.952081,1,3.2500,3.2500,0.105494,1.2453,NKN,0.922359,1,2.5000,2.5000,0.135737,1.3261,NKN,0.754210,1,1.1250,1.1250,0.271298,1.7579,NKN,0.975637,1,3.7500,3.7500,0.058254,1.1288
kk_grpo_v3_final_holdout_001133,KKN,NKN,0.106641,2,2.0458,-2.0458,0.308938,1.9011,NKN,0.085092,2,2.2984,-2.2984,0.266768,1.7415,NKN,0.004610,5,0.9872,-4.8312,0.500604,2.8320,NKN,0.022979,3,3.1289,-3.7023,0.148828,1.3627,NKN,0.005220,2,5.2474,-5.2474,0.025181,1.0538
kk_grpo_v3_final_holdout_001134,NNK,KNN,0.073714,3,0.0000,-1.8245,0.467964,2.6461,KNN,0.024494,3,0.1250,-3.0468,0.394862,2.2730,KNK,0.010576,3,1.3750,-4.3126,0.269565,1.7516,KNN,0.000530,3,0.5000,-7.0687,0.321039,1.9495,KNK,0.015774,3,1.5000,-3.9318,0.265122,1.7355
kk_grpo_v3_final_holdout_001135,KNN,KNN,0.996762,1,5.8293,5.8293,0.011063,1.0233,KNN,0.999901,1,9.8779,9.8779,0.000536,1.0011,KNN,0.999784,1,9.0359,9.0359,0.001079,1.0022,KNN,0.999990,1,11.7113,11.7113,0.000065,1.0001,KNN,0.998340,1,6.5000,6.5000,0.006159,1.0129
kk_grpo_v3_final_holdout_001136,KKK,KKK,0.892371,1,2.1250,2.1250,0.167349,1.4162,KKK,0.991265,1,4.7500,4.7500,0.024502,1.0523,KKK,0.966903,1,3.3750,3.3750,0.069951,1.1566,KKK,0.893304,1,2.1250,2.1250,0.163321,1.4044,KKK,0.999702,1,8.1250,8.1250,0.001315,1.0027
kk_grpo_v3_final_holdout_001137,NNK,NNK,0.467772,1,0.1250,0.1250,0.470065,2.6577,NNK,0.490889,1,0.1250,0.1250,0.436602,2.4791,NNK,0.668350,1,0.7500,0.7500,0.336442,2.0130,NNK,0.933582,1,2.7500,2.7500,0.128085,1.3052,NNK,0.779814,1,1.3750,1.3750,0.289150,1.8244
kk_grpo_v3_final_holdout_001138,NKN,NKN,0.691210,1,1.0000,1.0000,0.397177,2.2839,NKN,0.555342,1,0.2500,0.2500,0.363477,2.1294,NKK,0.347520,2,0.6250,-0.6250,0.321164,1.9500,NKK,0.268595,2,1.0000,-1.0000,0.284964,1.8086,NKN,0.527890,1,0.1250,0.1250,0.350315,2.0719
kk_grpo_v3_final_holdout_001139,KKN,KKN,0.779434,1,1.7500,1.7500,0.339720,2.0267,KKN,0.922094,1,3.1249,3.1249,0.159077,1.3921,KKN,0.958590,1,3.3750,3.3750,0.093318,1.2142,KKN,0.592385,1,0.3750,0.3750,0.326915,1.9735,KKN,0.982391,1,4.2504,4.2504,0.047162,1.1030
kk_grpo_v3_final_holdout_001140,KKK,KKK,0.943905,1,3.1776,3.1776,0.131317,1.3140,KKK,0.956581,1,3.2852,3.2852,0.097943,1.2259,KKK,0.970642,1,3.7016,3.7016,0.070623,1.1582,KKK,0.923980,1,2.5618,2.5618,0.138205,1.3329,KKK,0.957909,1,3.3269,3.3269,0.093651,1.2150
kk_grpo_v3_final_holdout_001141,KKN,NKK,0.372941,2,0.5105,-0.5105,0.334812,2.0062,NKK,0.294193,2,0.8750,-0.8750,0.291789,1.8345,NKK,0.067556,2,2.6248,-2.6248,0.119287,1.2815,NKK,0.245284,2,1.1235,-1.1235,0.269385,1.7510,NKK,0.106701,2,2.1248,-2.1248,0.163613,1.4053
kk_grpo_v3_final_holdout_001142,KNK,KNK,0.494677,1,0.5769,0.5769,0.550345,3.1406,NKN,0.227875,3,0.7499,-0.8109,0.526917,2.9913,NKN,0.368282,2,0.4328,-0.4328,0.437335,2.4829,KNK,0.751810,1,1.3223,1.3223,0.333554,2.0009,KNK,0.570282,1,0.7237,0.7237,0.494763,2.7978
kk_grpo_v3_final_holdout_001143,NKK,NKK,0.856198,1,1.9945,1.9945,0.244968,1.6643,NKK,0.976513,1,4.5533,4.5533,0.066559,1.1484,NKK,0.992149,1,5.5000,5.5000,0.025539,1.0545,NKK,0.969595,1,3.5002,3.5002,0.068033,1.1520,NKK,0.629542,1,0.6250,0.6250,0.383193,2.2185
kk_grpo_v3_final_holdout_001144,NNK,NNK,0.958432,1,3.2557,3.2557,0.092238,1.2114,NNK,0.960849,1,3.2537,3.2537,0.083955,1.1907,NNK,0.997438,1,6.1266,6.1266,0.009235,1.0194,NNK,0.998625,1,6.7525,6.7525,0.005347,1.0112,NNK,0.998303,1,6.5056,6.5056,0.006396,1.0134
kk_grpo_v3_final_holdout_001145,KNK,KNK,0.996597,1,5.8750,5.8750,0.011796,1.0248,KNK,0.999232,1,7.7500,7.7500,0.003330,1.0069,KNK,0.998955,1,7.0000,7.0000,0.004165,1.0087,KNK,0.999851,1,9.0000,9.0000,0.000741,1.0015,KNK,0.999766,1,8.9147,8.9147,0.001149,1.0024
kk_grpo_v3_final_holdout_001146,KNN,NKN,0.182453,2,1.4661,-1.4661,0.285792,1.8117,NKN,0.294269,2,0.8261,-0.8261,0.356203,2.0974,NKN,0.037337,2,3.2265,-3.2265,0.127393,1.3033,NKN,0.022993,2,3.7311,-3.7311,0.095384,1.2194,NKN,0.075884,2,2.4696,-2.4696,0.189045,1.4816
kk_grpo_v3_final_holdout_001147,NNN,NNN,0.810226,1,1.8339,1.8339,0.316247,1.9302,NNN,0.860837,1,2.5000,2.5000,0.245534,1.6662,NNN,0.775227,1,1.5617,1.5617,0.342947,2.0404,NNN,0.929668,1,2.6250,2.6250,0.129234,1.3083,NNN,0.985899,1,4.2505,4.2505,0.035794,1.0773
kk_grpo_v3_final_holdout_001148,NKK,NKK,0.846117,1,1.8511,1.8511,0.238411,1.6417,NKK,0.926847,1,2.6191,2.6191,0.135675,1.3259,NKK,0.971832,1,4.1250,4.1250,0.071120,1.1594,NKK,0.880408,1,1.9996,1.9996,0.177399,1.4461,NKK,0.975789,1,3.9948,3.9948,0.062311,1.1383
kk_grpo_v3_final_holdout_001149,NNK,NNK,0.601270,1,0.8750,0.8750,0.451263,2.5558,NNK,0.581820,1,0.6249,0.6249,0.441326,2.5036,NNK,0.751574,1,1.2500,1.2500,0.316752,1.9322,NNK,0.879019,1,2.1247,2.1247,0.200260,1.5165,NNK,0.924847,1,2.9999,2.9999,0.152568,1.3734
kk_grpo_v3_final_holdout_001150,NNN,NKK,0.374985,2,0.5061,-0.5061,0.327951,1.9777,NKK,0.244598,2,1.1270,-1.1270,0.269684,1.7521,NKK,0.294074,2,0.8754,-0.8754,0.292225,1.8361,NNN,0.946149,1,2.8745,2.8745,0.102158,1.2367,NNN,0.914795,1,2.3749,2.3749,0.140532,1.3394
kk_grpo_v3_final_holdout_001151,NNK,NNK,0.776952,1,1.2507,1.2507,0.257454,1.7081,NNK,0.562120,1,0.2560,0.2560,0.337793,2.0186,NKN,0.320397,2,0.7236,-0.7236,0.346154,2.0540,NNK,0.923948,1,2.5029,2.5029,0.130815,1.3126,NNK,0.966352,1,3.6007,3.6007,0.080329,1.1818
kk_grpo_v3_final_holdout_001152,NKN,NKN,0.564749,1,0.6256,0.6256,0.469113,2.6525,NKN,0.563116,1,0.5002,0.5002,0.444388,2.5195,NKN,0.590243,1,0.3751,0.3751,0.337011,2.0154,NKN,0.836633,1,1.7501,1.7501,0.241813,1.6534,NNN,0.288227,2,0.8745,-0.8745,0.336312,2.0124
kk_grpo_v3_final_holdout_001153,NNK,NNK,0.990261,1,4.6250,4.6250,0.026462,1.0566,NNK,0.996397,1,5.6250,5.6250,0.011514,1.0242,NNK,0.998060,1,6.2500,6.2500,0.006797,1.0142,NNK,0.999954,1,10.1251,10.1251,0.000252,1.0005,NNK,0.999871,1,9.0000,9.0000,0.000631,1.0013
kk_grpo_v3_final_holdout_001154,NKN,KNN,0.186834,2,1.1997,-1.1997,0.471708,2.6668,KNN,0.105128,3,1.6250,-1.9457,0.386219,2.2325,KNN,0.226616,2,1.0604,-1.0604,0.442036,2.5073,KNN,0.039885,3,2.0000,-3.0518,0.256565,1.7049,KNN,0.070226,3,1.8750,-2.4343,0.313607,1.9196
kk_grpo_v3_final_holdout_001155,NKN,NKN,0.612411,1,1.1404,1.1404,0.497820,2.8156,NKN,0.806495,1,1.8383,1.8383,0.315019,1.9253,NKN,0.906870,1,3.1249,3.1249,0.196620,1.5051,NKN,0.779588,1,2.1363,2.1363,0.367963,2.1493,NKN,0.544087,1,0.3613,0.3613,0.451445,2.5568
kk_grpo_v3_final_holdout_001156,KNN,KNN,0.961766,1,3.2492,3.2492,0.080444,1.1821,KNN,0.962475,1,3.2499,3.2499,0.077626,1.1752,KNN,0.973214,1,3.6241,3.6241,0.061211,1.1357,KNN,0.981809,1,3.9998,3.9998,0.044354,1.0966,KNN,0.851553,1,1.7495,1.7495,0.203365,1.5264
kk_grpo_v3_final_holdout_001157,KNN,KNN,0.976886,1,3.7500,3.7500,0.053338,1.1173,KNN,0.990283,1,4.6250,4.6250,0.026339,1.0563,KNN,0.985928,1,4.2500,4.2500,0.035611,1.0769,KNN,0.995386,1,5.3750,5.3750,0.014167,1.0299,KNN,0.962702,1,3.2516,3.2516,0.076708,1.1729
kk_grpo_v3_final_holdout_001158,NNK,NKN,0.141811,3,1.0560,-1.4992,0.439910,2.4962,NKN,0.042373,3,2.0721,-2.9946,0.259129,1.7140,NKK,0.014021,2,4.2431,-4.2431,0.064748,1.1441,NKN,0.006338,4,0.2500,-4.4237,0.428566,2.4380,NKK,0.162211,2,1.6228,-1.6228,0.253802,1.6951
kk_grpo_v3_final_holdout_001159,KNK,KNK,0.856589,1,2.6558,2.6558,0.294082,1.8432,KNK,0.965219,1,3.6646,3.6646,0.089325,1.2041,KNK,0.962431,1,3.3750,3.3750,0.084153,1.1912,KNK,0.993928,1,5.8750,5.8750,0.021434,1.0456,KNK,0.985888,1,5.2027,5.2027,0.044671,1.0973
kk_grpo_v3_final_holdout_001160,KKK,KKK,0.914340,1,2.7803,2.7803,0.181073,1.4572,KKK,0.998825,1,6.9880,6.9880,0.004780,1.0100,KKK,0.998707,1,7.0432,7.0432,0.005256,1.0110,KKK,0.999865,1,9.6940,9.6940,0.000704,1.0015,KKK,0.999857,1,9.7538,9.7538,0.000754,1.0016
kk_grpo_v3_final_holdout_001161,NNN,NNN,0.910132,1,2.8053,2.8053,0.181927,1.4598,NNN,0.940266,1,3.5192,3.5192,0.137562,1.3312,NNN,0.992771,1,5.2507,5.2507,0.023389,1.0498,NNN,0.987411,1,4.6561,4.6561,0.036257,1.0783,NNN,0.983554,1,4.5987,4.5987,0.047699,1.1043
kk_grpo_v3_final_holdout_001162,NKK,NKN,0.022778,2,3.7500,-3.7500,0.079160,1.1789,NKN,0.292245,2,0.8750,-0.8750,0.310633,1.9078,NKN,0.437546,2,0.2500,-0.2500,0.332093,1.9948,NKN,0.320678,2,0.7500,-0.7500,0.303620,1.8802,NKN,0.119156,2,2.0000,-2.0000,0.177448,1.4463
kk_grpo_v3_final_holdout_001163,KNN,KNN,0.999922,1,9.7500,9.7500,0.000413,1.0009,KNN,0.999974,1,10.6251,10.6251,0.000150,1.0003,KNN,0.999991,1,11.8750,11.8750,0.000055,1.0001,KNN,0.999993,1,12.5624,12.5624,0.000049,1.0001,KNN,0.999989,1,11.6829,11.6829,0.000067,1.0001
kk_grpo_v3_final_holdout_001164,KNN,KNN,0.976984,1,3.7500,3.7500,0.052833,1.1161,KNN,0.970690,1,3.5002,3.5002,0.063657,1.1415,KNN,0.924160,1,2.5003,2.5003,0.129133,1.3080,KNN,0.992413,1,4.8755,4.8755,0.021496,1.0457,KNN,0.797672,1,1.3719,1.3719,0.242298,1.6551
kk_grpo_v3_final_holdout_001165,KNN,KKN,0.147337,2,1.4735,-1.4735,0.543602,3.0969,KKN,0.104638,2,2.0763,-2.0763,0.300266,1.8671,KKN,0.015055,4,3.3569,-4.1159,0.183977,1.4660,KKN,0.032249,2,3.3915,-3.3915,0.100162,1.2316,KKN,0.010086,2,4.5755,-4.5755,0.060352,1.1337
kk_grpo_v3_final_holdout_001166,NNN,NNN,0.776967,1,1.2510,1.2510,0.257620,1.7087,NKK,0.348510,2,0.6253,-0.6253,0.311838,1.9126,NKK,0.320789,2,0.7499,-0.7499,0.302570,1.8761,NNN,0.851733,1,1.7496,1.7496,0.202592,1.5239,NNN,0.946475,1,2.8752,2.8752,0.100910,1.2335
kk_grpo_v3_final_holdout_001167,KNN,KNN,0.998940,1,6.8770,6.8770,0.004077,1.0085,KNN,0.999864,1,9.0127,9.0127,0.000673,1.0014,KNN,0.999933,1,9.6748,9.6748,0.000353,1.0007,KNN,0.999990,1,11.5688,11.5688,0.000060,1.0001,KNN,0.999816,1,8.8149,8.8149,0.000901,1.0019
kk_grpo_v3_final_holdout_001168,NKK,NKK,0.790752,1,1.4764,1.4764,0.294433,1.8446,NKK,0.863471,1,1.8724,1.8724,0.200463,1.5172,NKK,0.992894,1,5.3750,5.3750,0.022651,1.0482,NKK,0.959399,1,3.7499,3.7499,0.095267,1.2191,NKK,0.982394,1,4.5196,4.5196,0.048836,1.1069
kk_grpo_v3_final_holdout_001169,NNN,NNN,0.914550,1,2.3751,2.3751,0.141588,1.3424,NNN,0.966838,1,3.3750,3.3750,0.070288,1.1574,NNN,0.932377,1,2.6250,2.6250,0.119316,1.2816,NNN,0.651367,1,0.6251,0.6251,0.311042,1.9094,NNN,0.988954,1,4.5000,4.5000,0.029413,1.0631
kk_grpo_v3_final_holdout_001170,NNK,NNK,0.997919,1,6.2500,6.2500,0.007482,1.0157,NNK,0.998800,1,6.7500,6.7500,0.004537,1.0095,NNK,0.999833,1,9.1250,9.1250,0.000850,1.0018,NNK,0.999803,1,8.7500,8.7500,0.000957,1.0020,NNK,0.994755,1,5.2500,5.2500,0.015845,1.0335
kk_grpo_v3_final_holdout_001171,NNK,NNK,0.783182,1,1.7115,1.7115,0.345024,2.0492,NNK,0.867145,1,2.6199,2.6199,0.255286,1.7004,NNK,0.997012,1,6.1334,6.1334,0.010694,1.0225,NNK,0.978192,1,3.8773,3.8773,0.053355,1.1173,NNK,0.979392,1,4.2662,4.2662,0.057444,1.1269
kk_grpo_v3_final_holdout_001172,KKK,KKK,0.999737,1,8.2500,8.2500,0.001178,1.0025,KKK,0.999981,1,10.8750,10.8750,0.000110,1.0002,KKK,0.999972,1,10.5000,10.5000,0.000154,1.0003,KKK,0.999996,1,12.3750,12.3750,0.000028,1.0001,KKK,0.999987,1,11.2500,11.2500,0.000077,1.0002
kk_grpo_v3_final_holdout_001173,NKK,NKK,0.529921,1,0.2829,0.2829,0.431441,2.4526,NKK,0.651296,1,0.6482,0.6482,0.329606,1.9846,NKK,0.904613,1,2.2507,2.2507,0.151830,1.3712,KKN,0.437279,2,0.2446,-0.2446,0.341696,2.0351,NKK,0.777215,1,1.2531,1.2531,0.257750,1.7091
kk_grpo_v3_final_holdout_001174,NNK,NNK,0.923281,1,2.5015,2.5015,0.133156,1.3190,NNK,0.914602,1,2.3748,2.3748,0.141380,1.3418,NNK,0.981835,1,4.0001,4.0001,0.044191,1.0962,NNK,0.995365,1,5.3751,5.3751,0.014294,1.0302,NNK,0.994627,1,5.2501,5.2501,0.016485,1.0349
kk_grpo_v3_final_holdout_001175,KNN,KNN,0.704681,1,0.8734,0.8734,0.295327,1.8480,KNN,0.834178,1,1.6233,1.6233,0.219746,1.5792,NKN,0.222489,2,1.2510,-1.2510,0.255770,1.7021,KNN,0.976998,1,3.7496,3.7496,0.052728,1.1159,KNN,0.880551,1,1.9991,1.9991,0.176599,1.4437
kk_grpo_v3_final_holdout_001176,KKK,KKK,0.952575,1,3.0462,3.0462,0.096248,1.2216,KKK,0.995930,1,5.5066,5.5066,0.012813,1.0270,KKK,0.999196,1,7.1294,7.1294,0.003154,1.0066,KKK,0.999942,1,9.7553,9.7553,0.000303,1.0006,KKK,0.999942,1,9.7502,9.7502,0.000302,1.0006
kk_grpo_v3_final_holdout_001177,NNK,NNK,0.991409,1,4.9103,4.9103,0.025552,1.0546,NNK,0.994770,1,5.2500,5.2500,0.015761,1.0333,NNK,0.996396,1,5.6250,5.6250,0.011518,1.0242,NNK,0.994773,1,5.2500,5.2500,0.015743,1.0333,NNK,0.995384,1,5.3750,5.3750,0.014181,1.0299
kk_grpo_v3_final_holdout_001178,KNK,KNK,0.999734,1,9.0000,9.0000,0.001319,1.0027,KNK,0.999724,1,8.2500,8.2500,0.001248,1.0026,KNK,0.999496,1,7.6251,7.6251,0.002122,1.0044,KNK,0.999969,1,10.6251,10.6251,0.000177,1.0004,KNK,0.999263,1,7.2501,7.2501,0.002969,1.0062
kk_grpo_v3_final_holdout_001179,KKK,KKK,0.770683,1,1.7500,1.7500,0.345291,2.0504,KKK,0.939906,1,2.7567,2.7567,0.110468,1.2582,KKK,0.997813,1,6.1257,6.1257,0.007512,1.0157,KKK,0.989261,1,4.9997,4.9997,0.032063,1.0689,KKK,0.994086,1,5.1253,5.1253,0.017450,1.0370
kk_grpo_v3_final_holdout_001180,KNK,KNK,0.731021,1,1.0000,1.0000,0.280243,1.7910,KNK,0.904632,1,2.2500,2.2500,0.151476,1.3702,KNK,0.914895,1,2.3750,2.3750,0.140004,1.3379,KNK,0.977011,1,3.7500,3.7500,0.052691,1.1158,KNK,0.974032,1,3.6250,3.6250,0.057965,1.1281
kk_grpo_v3_final_holdout_001181,NKK,KNN,0.375383,2,0.3075,-0.3075,0.516315,2.9260,KNN,0.289931,2,0.7736,-0.7736,0.424723,2.4186,NKK,0.591397,1,0.3789,0.3789,0.336607,2.0137,KNK,0.075579,2,2.5015,-2.5015,0.137617,1.3313,KNK,0.363426,2,0.5335,-0.5335,0.356507,2.0987
kk_grpo_v3_final_holdout_001182,KNN,KNN,0.561011,1,0.7092,0.7092,0.510169,2.8889,KNN,0.783171,1,2.0898,2.0898,0.357829,2.1045,KNN,0.642904,1,0.7500,0.7500,0.386236,2.2326,KNN,0.953323,1,3.9937,3.9937,0.115248,1.2708,KNN,0.918854,1,2.8750,2.8750,0.168018,1.4182
kk_grpo_v3_final_holdout_001183,KKK,KKK,0.996868,1,6.5311,6.5311,0.012137,1.0256,KKK,0.999856,1,9.6385,9.6385,0.000775,1.0016,KKK,0.999890,1,9.7244,9.7244,0.000603,1.0013,KKK,0.999992,1,12.2517,12.2517,0.000051,1.0001,KKK,0.999994,1,12.3053,12.3053,0.000042,1.0001
kk_grpo_v3_final_holdout_001184,KNN,NNK,0.368391,2,0.5085,-0.5085,0.367647,2.1479,KNN,0.594869,1,0.4030,0.4030,0.346035,2.0535,NNK,0.088872,2,2.2864,-2.2864,0.220447,1.5816,NNK,0.119215,2,1.9994,-1.9994,0.177433,1.4462,NNK,0.437137,2,0.2481,-0.2481,0.338439,2.0213
kk_grpo_v3_final_holdout_001185,KKK,KKN,0.066259,2,2.5908,-2.5908,0.238191,1.6410,KKN,0.019955,2,3.8849,-3.8849,0.073322,1.1647,KKK,0.999746,1,9.0925,9.0925,0.001281,1.0027,KKN,0.009584,2,4.6310,-4.6310,0.047958,1.1049,KKK,0.742742,1,1.0614,1.0614,0.275315,1.7727
kk_grpo_v3_final_holdout_001186,NKK,KNN,0.025223,5,0.0539,-2.4949,0.698882,4.2771,KKN,0.017800,5,0.2476,-3.1827,0.611652,3.5676,KKK,0.000171,6,0.4440,-8.0071,0.551131,3.1457,KKK,0.000207,6,1.7671,-8.2961,0.267658,1.7447,KKN,0.000244,5,4.0262,-8.2878,0.080168,1.1814
kk_grpo_v3_final_holdout_001187,KKK,KKK,0.996288,1,6.4999,6.4999,0.013886,1.0293,KKK,0.999625,1,8.7331,8.7331,0.001825,1.0038,KKK,0.999902,1,9.9107,9.9107,0.000548,1.0011,KKK,0.999974,1,10.7950,10.7950,0.000156,1.0003,KKK,0.999965,1,10.4251,10.4251,0.000202,1.0004
kk_grpo_v3_final_holdout_001188,KNN,KNN,0.942214,1,3.4289,3.4289,0.125536,1.2983,KNN,0.985826,1,4.2631,4.2631,0.036491,1.0788,KNN,0.997502,1,5.9997,5.9997,0.008468,1.0178,KNN,0.999955,1,10.1281,10.1281,0.000249,1.0005,KNN,0.997024,1,5.8763,5.8763,0.010080,1.0212
kk_grpo_v3_final_holdout_001189,NKK,NKK,0.606320,1,0.4998,0.4998,0.382165,2.2138,KNK,0.474452,2,0.0644,-0.0644,0.374438,2.1785,NKK,0.771163,1,1.3769,1.3769,0.306014,1.8896,NKK,0.906613,1,2.3047,2.3047,0.156154,1.3836,NKK,0.736978,1,1.2481,1.2481,0.345156,2.0498
kk_grpo_v3_final_holdout_001190,KKN,KNK,0.186520,2,1.2147,-1.2147,0.525644,2.9833,KNK,0.305626,2,0.5897,-0.5897,0.521804,2.9596,KKN,0.402888,1,0.0992,0.0992,0.538315,3.0630,KNK,0.075744,3,2.3750,-2.4108,0.264378,1.7328,KKN,0.527657,1,0.5119,0.5119,0.490614,2.7738
kk_grpo_v3_final_holdout_001191,NNK,NNK,0.433201,1,0.3763,0.3763,0.525501,2.9825,NNK,0.418315,1,0.3555,0.3555,0.574900,3.3051,NNK,0.690403,1,1.1285,1.1285,0.389517,2.2479,NNK,0.661010,1,0.8991,0.8991,0.392179,2.2603,NNK,0.732784,1,1.0968,1.0968,0.324279,1.9627
kk_grpo_v3_final_holdout_001192,NKK,NKK,0.847911,1,1.9631,1.9631,0.243773,1.6602,NKK,0.961037,1,3.2484,3.2484,0.082455,1.1870,NKK,0.995798,1,5.7490,5.7490,0.014201,1.0300,NKK,0.991090,1,4.7497,4.7497,0.025179,1.0538,NKK,0.991514,1,4.8742,4.8742,0.024930,1.0532
kk_grpo_v3_final_holdout_001193,KNN,KNN,0.531195,1,0.2378,0.2378,0.409036,2.3410,KNN,0.777259,1,1.2518,1.2518,0.256673,1.7053,NKN,0.182549,2,1.4953,-1.4953,0.238675,1.6426,KNN,0.982078,1,4.0054,4.0054,0.043330,1.0943,KNN,0.623334,1,0.5376,0.5376,0.345930,2.0531
kk_grpo_v3_final_holdout_001194,NNK,NNK,0.724802,1,1.2501,1.2501,0.370265,2.1596,NNK,0.696404,1,1.0001,1.0001,0.373685,2.1751,NNK,0.730309,1,1.0003,1.0003,0.284257,1.8060,NNK,0.846926,1,1.7501,1.7501,0.219865,1.5796,NNK,0.965053,1,3.3753,3.3753,0.076755,1.1731
kk_grpo_v3_final_holdout_001195,KKN,KKN,0.531303,1,0.3054,0.3054,0.433694,2.4641,KKN,0.817587,1,1.5790,1.5790,0.252046,1.6890,KKN,0.705786,1,0.9180,0.9180,0.316107,1.9296,KKN,0.754908,1,1.1262,1.1262,0.268912,1.7492,KKN,0.798162,1,1.3795,1.3795,0.244722,1.6634
kk_grpo_v3_final_holdout_001196,KKK,KKK,0.995931,1,5.5016,5.5016,0.012747,1.0269,KKK,0.999991,1,11.7500,11.7500,0.000058,1.0001,KKK,0.999996,1,12.6875,12.6875,0.000028,1.0001,KKK,0.999884,1,9.0628,9.0628,0.000564,1.0012,KKK,0.999999,1,14.2500,14.2500,0.000005,1.0000
kk_grpo_v3_final_holdout_001197,KNK,KNK,0.815015,1,1.5233,1.5233,0.248652,1.6771,KNK,0.880554,1,2.0000,2.0000,0.176966,1.4448,KNK,0.929609,1,2.6215,2.6215,0.128881,1.3073,KNN,0.405559,2,0.3750,-0.3750,0.338050,2.0197,KNK,0.949150,1,3.3745,3.3745,0.114817,1.2697
kk_grpo_v3_final_holdout_001198,NKN,NKN,0.559540,1,0.2454,0.2454,0.338047,2.0197,NKN,0.673313,1,0.7413,0.7413,0.318125,1.9377,NKN,0.850671,1,1.7490,1.7490,0.206747,1.5371,NKN,0.951945,1,2.9994,2.9994,0.094382,1.2168,NKN,0.816926,1,1.4993,1.4993,0.231028,1.6167
kk_grpo_v3_final_holdout_001199,NKK,NKK,0.987118,1,4.3755,4.3755,0.034147,1.0736,NKK,0.998791,1,6.7500,6.7500,0.004579,1.0096,NKK,0.999564,1,7.9999,7.9999,0.001981,1.0041,NKK,0.999817,1,8.6260,8.6260,0.000856,1.0018,NKK,0.998474,1,6.5000,6.5000,0.005567,1.0116
kk_grpo_v3_final_holdout_001200,NNK,NNK,0.861594,1,2.1838,2.1838,0.243838,1.6604,NNK,0.913827,1,2.4444,2.4444,0.154607,1.3792,NNK,0.965367,1,3.3863,3.3863,0.076952,1.1735,NNK,0.993907,1,5.1315,5.1315,0.018421,1.0390,NNK,0.989111,1,4.7500,4.7500,0.031948,1.0687
kk_grpo_v3_final_holdout_001201,KKN,KKN,0.911325,1,2.7713,2.7713,0.182355,1.4611,KKN,0.990202,1,5.3760,5.3760,0.031077,1.0668,KKN,0.995825,1,5.9991,5.9991,0.014730,1.0311,KKN,0.987071,1,4.6257,4.6257,0.037405,1.0809,KKN,0.998795,1,6.7500,6.7500,0.004557,1.0095
kk_grpo_v3_final_holdout_001202,KNK,KNK,0.973954,1,3.6250,3.6250,0.058363,1.1290,KNK,0.962650,1,3.2500,3.2500,0.076768,1.1731,KNK,0.851953,1,1.7501,1.7501,0.201713,1.5211,KNK,0.993306,1,5.0000,5.0000,0.019335,1.0410,KNK,0.966916,1,3.3753,3.3753,0.069919,1.1565
kk_grpo_v3_final_holdout_001203,NNK,NNK,0.448684,1,0.0427,0.0427,0.502423,2.8427,NNK,0.771759,1,1.3445,1.3445,0.299886,1.8656,KNN,0.371949,2,0.4958,-0.4958,0.361547,2.1208,NNK,0.623500,1,0.5062,0.5062,0.321155,1.9500,KNN,0.222632,2,1.2499,-1.2499,0.256826,1.7058
kk_grpo_v3_final_holdout_001204,NNN,NNN,0.988856,1,4.5001,4.5001,0.029881,1.0641,NNN,0.990221,1,4.6251,4.6251,0.026678,1.0570,NNN,0.981977,1,3.9999,3.9999,0.043535,1.0948,NNN,0.999905,1,9.3749,9.3749,0.000489,1.0010,NNN,0.999268,1,7.2575,7.2575,0.002961,1.0062
kk_grpo_v3_final_holdout_001205,KNK,NNN,0.288660,2,0.7940,-0.7940,0.411443,2.3527,KNK,0.499345,1,0.0773,0.0773,0.399995,2.2974,KNK,0.704624,1,0.9859,0.9859,0.343692,2.0435,KNK,0.883355,1,2.1206,2.1206,0.191929,1.4905,KNK,0.676448,1,0.7532,0.7532,0.317245,1.9342
kk_grpo_v3_final_holdout_001206,NKN,NKN,0.932027,1,2.6250,2.6250,0.120825,1.2856,NKN,0.777284,1,1.2500,1.2500,0.255142,1.6999,NKN,0.998667,1,6.6250,6.6250,0.004913,1.0103,NKN,0.985933,1,4.2500,4.2500,0.035582,1.0768,NKN,0.998814,1,7.1250,7.1250,0.004781,1.0100
kk_grpo_v3_final_holdout_001207,NNN,NNN,0.883534,1,2.8115,2.8115,0.245230,1.6652,NNN,0.924402,1,3.2998,3.2998,0.175897,1.4416,NNN,0.990800,1,4.8413,4.8413,0.027575,1.0590,NNN,0.997132,1,6.1916,6.1916,0.010435,1.0219,NNN,0.976994,1,3.7618,3.7618,0.053538,1.1178
kk_grpo_v3_final_holdout_001208,KNK,KNK,0.813962,1,1.5386,1.5386,0.251971,1.6887,KNK,0.939947,1,2.7580,2.7580,0.110645,1.2587,KNK,0.867627,1,1.8938,1.8938,0.193102,1.4941,KNK,0.988642,1,4.7633,4.7633,0.033293,1.0717,KNK,0.987536,1,4.6919,4.6919,0.035974,1.0777
kk_grpo_v3_final_holdout_001209,KKK,KKK,0.999112,1,7.4996,7.4996,0.003743,1.0078,KKK,0.999868,1,9.1249,9.1249,0.000661,1.0014,KKK,0.999956,1,10.3753,10.3753,0.000248,1.0005,KKK,0.999937,1,10.2500,10.2500,0.000346,1.0007,KKK,0.999960,1,10.2499,10.2499,0.000221,1.0005
kk_grpo_v3_final_holdout_001210,NKK,NKK,0.916244,1,2.6250,2.6250,0.161446,1.3989,NKK,0.947412,1,3.0000,3.0000,0.107903,1.2515,NKK,0.530105,1,0.1250,0.1250,0.339357,2.0252,NKK,0.982634,1,4.1250,4.1250,0.044806,1.0977,NKN,0.029232,2,3.5000,-3.5000,0.073203,1.1644
kk_grpo_v3_final_holdout_001211,KKN,KKN,0.656214,1,1.0023,1.0023,0.445328,2.5245,KKN,0.904827,1,3.2358,3.2358,0.201059,1.5191,KKN,0.957647,1,3.2279,3.2279,0.091872,1.2105,KKN,0.981987,1,4.0064,4.0064,0.043822,1.0954,KKN,0.985871,1,4.5012,4.5012,0.039439,1.0855
kk_grpo_v3_final_holdout_001212,KKK,KKK,0.997808,1,6.1269,6.1269,0.007555,1.0158,KKK,0.999738,1,8.2499,8.2499,0.001166,1.0024,KKK,0.999841,1,8.7501,8.7501,0.000746,1.0016,KKK,0.999840,1,8.7499,8.7499,0.000753,1.0016,KKK,0.999960,1,10.1253,10.1253,0.000215,1.0004
kk_grpo_v3_final_holdout_001213,NNK,NKK,0.330515,2,0.2497,-0.2497,0.551664,3.1492,KNN,0.330608,2,0.0323,-0.0323,0.583318,3.3635,NNK,0.417774,1,0.0002,0.0002,0.536553,3.0518,NNK,0.938845,1,2.7506,2.7506,0.113544,1.2663,NNK,0.976214,1,4.0001,4.0001,0.061744,1.1370
kk_grpo_v3_final_holdout_001214,NKK,NKK,0.676445,1,1.2071,1.2071,0.462688,2.6173,NKK,0.851388,1,1.7506,1.7506,0.204579,1.5302,NKK,0.958231,1,3.1357,3.1357,0.083891,1.1906,NKK,0.558311,1,0.2354,0.2354,0.332063,1.9947,NKK,0.890323,1,2.0950,2.0950,0.166746,1.4144
kk_grpo_v3_final_holdout_001215,NKK,NKN,0.193307,2,1.3750,-1.3750,0.315799,1.9284,NKK,0.790509,1,1.5000,1.5000,0.290852,1.8309,NKK,0.951642,1,3.6017,3.6017,0.109257,1.2551,NKK,0.891094,1,2.1250,2.1250,0.171231,1.4277,NKK,0.928205,1,2.7374,2.7374,0.139625,1.3369
kk_grpo_v3_final_holdout_001216,NKN,NKN,0.991225,1,5.1284,5.1284,0.028176,1.0603,NKN,0.997492,1,6.2517,6.2517,0.009269,1.0195,NKN,0.994405,1,5.2495,5.2495,0.017400,1.0368,NKN,0.999350,1,8.1251,8.1251,0.002934,1.0061,NKN,0.998921,1,7.0000,7.0000,0.004344,1.0091
kk_grpo_v3_final_holdout_001217,NKK,NKK,0.703303,1,1.0721,1.0721,0.366800,2.1441,NKK,0.798023,1,1.3948,1.3948,0.251852,1.6883,NKK,0.976890,1,3.7489,3.7489,0.053242,1.1171,NKK,0.772586,1,1.2374,1.2374,0.266353,1.7400,NKK,0.924044,1,2.4999,2.4999,0.129652,1.3094
kk_grpo_v3_final_holdout_001218,NNN,NNN,0.946413,1,2.8753,2.8753,0.101194,1.2342,NNN,0.851928,1,1.7501,1.7501,0.201856,1.5216,NNN,0.679096,1,0.7502,0.7502,0.302521,1.8759,NNN,0.864982,1,1.8578,1.8578,0.190656,1.4865,NNN,0.993252,1,4.9991,4.9991,0.019615,1.0416
kk_grpo_v3_final_holdout_001219,KNN,KNN,0.687987,1,1.0515,1.0515,0.409864,2.3450,KNN,0.538111,1,0.7967,0.7967,0.523746,2.9716,KNN,0.882533,1,2.3263,2.3263,0.220080,1.5803,NNK,0.272341,2,0.7164,-0.7164,0.477171,2.6973,KNN,0.873076,1,2.0262,2.0262,0.207023,1.5380
kk_grpo_v3_final_holdout_001220,KKK,KKK,0.988891,1,4.5014,4.5014,0.029774,1.0639,KKK,0.999766,1,8.3750,8.3750,0.001064,1.0022,KKK,0.999988,1,11.4999,11.4999,0.000072,1.0002,KKK,0.997816,1,6.1249,6.1249,0.007487,1.0157,KKK,0.999954,1,9.9999,9.9999,0.000243,1.0005
kk_grpo_v3_final_holdout_001221,KKK,KKK,0.590992,1,0.4177,0.4177,0.372927,2.1716,KKK,0.973374,1,3.6363,3.6363,0.061528,1.1365,KKK,0.941060,1,2.8178,2.8178,0.113851,1.2671,KKK,0.924157,1,2.5023,2.5023,0.129724,1.3096,KKK,0.997656,1,6.1594,6.1594,0.008416,1.0177
kk_grpo_v3_final_holdout_001222,KNK,KNK,0.670684,1,0.7378,0.7378,0.324532,1.9637,KNK,0.907325,1,2.3178,2.3178,0.155466,1.3817,KNK,0.994892,1,5.6236,5.6236,0.017316,1.0367,KNK,0.981547,1,3.9948,3.9948,0.045242,1.0986,KNK,0.993083,1,5.2484,5.2484,0.022094,1.0470
kk_grpo_v3_final_holdout_001223,NKK,NKK,0.592309,1,0.5351,0.5351,0.409611,2.3438,NKK,0.531197,1,0.1278,0.1278,0.337089,2.0157,NKK,0.777234,1,1.2741,1.2741,0.268580,1.7480,NKK,0.914877,1,2.4472,2.4472,0.150854,1.3685,NKK,0.902168,1,2.2950,2.2950,0.167179,1.4157
kk_grpo_v3_final_holdout_001224,NKN,NKN,0.795353,1,2.2500,2.2500,0.353894,2.0874,NKN,0.747985,1,1.5000,1.5000,0.366324,2.1420,NKN,0.992027,1,5.0000,5.0000,0.024387,1.0520,NKN,0.886035,1,2.2500,2.2500,0.203264,1.5260,NKN,0.990713,1,4.9975,4.9975,0.028806,1.0617
kk_grpo_v3_final_holdout_001225,NKN,KNN,0.467739,2,0.0960,-0.0960,0.372242,2.1685,KNN,0.344192,2,0.6215,-0.6215,0.350141,2.0711,KNN,0.311761,2,0.7511,-0.7511,0.363514,2.1295,KNN,0.269216,2,0.9973,-0.9973,0.283797,1.8042,NKN,0.795163,1,1.5970,1.5970,0.301100,1.8703
kk_grpo_v3_final_holdout_001226,KKK,KKK,0.999618,1,7.8750,7.8750,0.001640,1.0034,KKK,0.999982,1,11.0000,11.0000,0.000104,1.0002,KKK,0.999998,1,13.5000,13.5000,0.000017,1.0000,KKK,0.999994,1,12.2500,12.2500,0.000040,1.0001,KKK,0.999999,1,13.7500,13.7500,0.000011,1.0000
kk_grpo_v3_final_holdout_001227,NKN,NKN,0.511408,1,0.0872,0.0872,0.373408,2.1738,NKN,0.616599,1,0.5703,0.5703,0.376236,2.1866,NKN,0.888096,1,2.3454,2.3454,0.198193,1.5100,NKN,0.966146,1,3.3745,3.3745,0.072906,1.1637,NKN,0.927600,1,2.6200,2.6200,0.133520,1.3200
kk_grpo_v3_final_holdout_001228,NKN,NNN,0.435397,2,0.0919,-0.0919,0.474124,2.6803,NKN,0.455009,1,0.0275,0.0275,0.478735,2.7061,NKN,0.677392,1,0.8990,0.8990,0.378097,2.1951,NNK,0.409481,2,0.3469,-0.3469,0.354902,2.0917,NNN,0.238343,2,1.1529,-1.1529,0.284972,1.8087
kk_grpo_v3_final_holdout_001229,KNN,KNN,0.999895,1,9.5624,9.5624,0.000562,1.0012,KNN,0.999974,1,10.7509,10.7509,0.000149,1.0003,KNN,0.999951,1,10.4407,10.4407,0.000279,1.0006,KNN,0.999984,1,11.7535,11.7535,0.000098,1.0002,KNN,0.999863,1,9.0679,9.0679,0.000683,1.0014
kk_grpo_v3_final_holdout_001230,NKK,NKK,0.948615,1,3.4003,3.4003,0.120684,1.2853,NKK,0.998545,1,7.5076,7.5076,0.006072,1.0127,NKK,0.999327,1,8.1250,8.1250,0.003051,1.0064,NKK,0.999458,1,7.7255,7.7255,0.002388,1.0050,NKK,0.997978,1,6.8981,6.8981,0.008057,1.0169
kk_grpo_v3_final_holdout_001231,NKN,NKN,0.777803,1,1.3511,1.3511,0.292459,1.8370,NKN,0.959398,1,3.9950,3.9950,0.102048,1.2364,NKN,0.956895,1,3.6329,3.6329,0.105209,1.2446,NKN,0.945055,1,2.8673,2.8673,0.105477,1.2452,NKN,0.875491,1,1.9913,1.9913,0.191669,1.4897
kk_grpo_v3_final_holdout_001232,KNK,KNK,0.700395,1,0.8676,0.8676,0.307021,1.8935,KNK,0.774117,1,1.2462,1.2462,0.265299,1.7362,KNK,0.929552,1,2.7392,2.7392,0.136861,1.3292,KNK,0.998271,1,7.0000,7.0000,0.006730,1.0141,KNK,0.992152,1,5.1233,5.1233,0.024222,1.0517
kk_grpo_v3_final_holdout_001233,KNK,KNK,0.807236,1,2.2500,2.2500,0.358048,2.1055,KNK,0.908011,1,3.2394,3.2394,0.206302,1.5357,KNK,0.943393,1,3.2460,3.2460,0.129315,1.3085,KNK,0.921944,1,2.5000,2.5000,0.138055,1.3325,KNK,0.985838,1,4.7500,4.7500,0.041523,1.0902
kk_grpo_v3_final_holdout_001234,KNK,KNK,0.839203,1,2.1248,2.1248,0.271497,1.7587,KNK,0.846251,1,1.7503,1.7503,0.220065,1.5803,KKN,0.222788,2,1.2367,-1.2367,0.280911,1.7934,KNK,0.592799,1,0.3780,0.3780,0.328413,1.9796,KKN,0.202377,2,1.0904,-1.0904,0.455839,2.5803
kk_grpo_v3_final_holdout_001235,KNK,KNK,0.750091,1,1.1237,1.1237,0.284622,1.8073,KNK,0.879076,1,2.0000,2.0000,0.182474,1.4615,KNK,0.985531,1,4.7500,4.7500,0.041217,1.0895,KNK,0.966611,1,3.3706,3.3706,0.070901,1.1589,KNK,0.988385,1,4.8750,4.8750,0.034072,1.0734
kk_grpo_v3_final_holdout_001236,NNK,NNK,0.819998,1,1.8054,1.8054,0.300963,1.8698,NNK,0.934918,1,2.9473,2.9473,0.139557,1.3367,NNK,0.995545,1,5.5045,5.5045,0.014449,1.0305,NNK,0.989394,1,4.7852,4.7852,0.031739,1.0682,NNK,0.995096,1,5.3758,5.3758,0.015453,1.0327
kk_grpo_v3_final_holdout_001237,NNK,NNK,0.828914,1,2.2937,2.2937,0.322678,1.9562,NNK,0.876717,1,2.1619,2.1619,0.217821,1.5729,NNK,0.994282,1,5.6246,5.6246,0.019741,1.0419,NNK,0.990702,1,5.2335,5.2335,0.029892,1.0641,NNK,0.992071,1,5.4513,5.4513,0.025914,1.0554
kk_grpo_v3_final_holdout_001238,NKK,NKK,0.830916,1,2.0000,2.0000,0.304619,1.8841,NKK,0.932917,1,3.3802,3.3802,0.156651,1.3851,NKK,0.987147,1,5.2565,5.2565,0.040967,1.0889,NKK,0.996619,1,6.1250,6.1250,0.012488,1.0263,NKK,0.985334,1,4.8750,4.8750,0.045533,1.0993
kk_grpo_v3_final_holdout_001239,NKN,NKN,0.849383,1,1.7304,1.7304,0.204234,1.5291,NKN,0.987499,1,4.3749,4.3749,0.032547,1.0700,NKN,0.996734,1,5.7501,5.7501,0.010807,1.0227,NKN,0.997134,1,5.8751,5.8751,0.009606,1.0202,NKN,0.979524,1,3.8725,3.8725,0.048366,1.1058
kk_grpo_v3_final_holdout_001240,NKK,NKK,0.836462,1,1.8851,1.8851,0.262744,1.7270,NKK,0.909630,1,2.3796,2.3796,0.157268,1.3868,NKK,0.678391,1,0.7496,0.7496,0.305763,1.8886,NKK,0.730823,1,1.0000,1.0000,0.281346,1.7951,NNK,0.348259,2,0.6256,-0.6256,0.313733,1.9201
kk_grpo_v3_final_holdout_001241,NNN,NNN,0.983240,1,4.3733,4.3733,0.047461,1.1037,NNN,0.970315,1,3.6269,3.6269,0.071506,1.1603,NNN,0.983665,1,4.1282,4.1282,0.041413,1.0899,NNN,0.989242,1,4.9959,4.9959,0.032096,1.0690,NNN,0.992727,1,5.0053,5.0053,0.021959,1.0467
kk_grpo_v3_final_holdout_001242,NKN,NKN,0.582010,1,0.3578,0.3578,0.352163,2.0799,NKN,0.554262,1,0.2362,0.2362,0.350364,2.0721,NKN,0.820349,1,1.6065,1.6065,0.251604,1.6874,KNN,0.467094,2,0.1293,-0.1293,0.336782,2.0144,KNN,0.059240,2,2.7638,-2.7638,0.112935,1.2647
kk_grpo_v3_final_holdout_001243,NNN,NNN,0.996683,1,5.8756,5.8756,0.011400,1.0240,NNN,0.997905,1,6.2504,6.2504,0.007504,1.0157,NNN,0.999580,1,8.2498,8.2498,0.001909,1.0040,NNN,0.999485,1,7.6236,7.6236,0.002174,1.0045,NNN,0.999739,1,8.6210,8.6210,0.001241,1.0026
kk_grpo_v3_final_holdout_001244,NNK,NNK,0.981661,1,4.1248,4.1248,0.047766,1.1044,NNK,0.996496,1,6.1245,6.1245,0.012333,1.0260,NNK,0.999566,1,8.3750,8.3750,0.001969,1.0041,NNK,0.999722,1,8.5000,8.5000,0.001308,1.0027,NNK,0.999575,1,7.8796,7.8796,0.001867,1.0039
kk_grpo_v3_final_holdout_001245,NKN,KNN,0.326164,2,0.6331,-0.6331,0.416714,2.3787,KNN,0.334132,2,0.6648,-0.6648,0.348504,2.0641,NNK,0.381924,2,0.1286,-0.1286,0.508631,2.8796,NNK,0.182774,3,0.1524,-0.8769,0.502899,2.8455,KNN,0.176683,3,1.1245,-1.2511,0.460348,2.6046
kk_grpo_v3_final_holdout_001246,NNK,NNK,0.321583,1,0.2736,0.2736,0.673252,4.0552,NNK,0.473175,1,0.5250,0.5250,0.514654,2.9159,NNK,0.900891,1,2.7572,2.7572,0.193784,1.4963,NNK,0.793710,1,1.3635,1.3635,0.253820,1.6952,NNK,0.942740,1,2.8755,2.8755,0.113082,1.2651
kk_grpo_v3_final_holdout_001247,KNK,KNK,0.909272,1,2.8781,2.8781,0.187156,1.4758,KNK,0.984062,1,4.6391,4.6391,0.046669,1.1019,KNK,0.980294,1,4.7960,4.7960,0.056702,1.1251,KNK,0.997760,1,6.6597,6.6597,0.008700,1.0183,KNK,0.991265,1,5.3749,5.3749,0.028295,1.0606
kk_grpo_v3_final_holdout_001248,NKK,NNK,0.222148,2,1.2520,-1.2520,0.258458,1.7116,NNK,0.182331,2,1.5001,-1.5001,0.230208,1.6140,NNK,0.012431,2,4.3749,-4.3749,0.032722,1.0704,NNK,0.047424,2,3.0000,-3.0000,0.092119,1.2111,NNK,0.014061,2,4.2500,-4.2500,0.036462,1.0788
kk_grpo_v3_final_holdout_001249,NKK,NKK,0.671556,1,1.1038,1.1038,0.441244,2.5031,NKK,0.717118,1,0.9838,0.9838,0.321251,1.9504,NKK,0.976139,1,3.7543,3.7543,0.056629,1.1250,NKK,0.753225,1,1.1221,1.1221,0.273222,1.7650,NKK,0.863501,1,1.8754,1.8754,0.200870,1.5185
kk_grpo_v3_final_holdout_001250,NKK,KNK,0.287467,2,0.8776,-0.8776,0.340674,2.0308,KNK,0.132755,2,1.8429,-1.8429,0.250139,1.6823,NKK,0.524742,1,0.3147,0.3147,0.457044,2.5867,NKK,0.668882,1,1.0000,1.0000,0.399814,2.2965,KNN,0.291883,3,0.1249,-0.2499,0.533427,3.0320
kk_grpo_v3_final_holdout_001251,KKK,KKK,0.998785,1,6.9515,6.9515,0.004879,1.0102,KKK,0.999947,1,10.0431,10.0431,0.000289,1.0006,KKK,0.999951,1,10.2815,10.2815,0.000274,1.0006,KKK,0.999996,1,12.7819,12.7819,0.000028,1.0001,KKK,0.999996,1,13.0315,13.0315,0.000025,1.0001
kk_grpo_v3_final_holdout_001252,KNK,KNK,0.996583,1,6.3743,6.3743,0.012174,1.0256,KNK,0.999334,1,7.5046,7.5046,0.002825,1.0059,KNK,0.999269,1,7.2577,7.2577,0.002949,1.0062,KNK,0.998707,1,7.0001,7.0001,0.005148,1.0108,KNK,0.998460,1,6.5090,6.5090,0.005652,1.0118
kk_grpo_v3_final_holdout_001253,KKK,KKK,0.999195,1,7.1249,7.1249,0.003152,1.0066,KKK,0.999619,1,7.8749,7.8749,0.001628,1.0034,KKK,0.999290,1,7.2498,7.2498,0.002821,1.0059,KKK,0.999820,1,8.6250,8.6250,0.000837,1.0017,KKK,0.999876,1,8.9999,8.9999,0.000596,1.0012
kk_grpo_v3_final_holdout_001254,NKK,NKK,0.479336,1,0.1193,0.1193,0.503651,2.8500,NKK,0.406986,1,0.0529,0.0529,0.510743,2.8923,NKK,0.930158,1,2.6490,2.6490,0.130564,1.3119,NKK,0.774523,1,1.5953,1.5953,0.329107,1.9825,KKK,0.463684,2,0.1217,-0.1217,0.364925,2.1358
kk_grpo_v3_final_holdout_001255,KKK,KKK,0.999437,1,7.6249,7.6249,0.002403,1.0050,KKK,0.999979,1,10.8749,10.8749,0.000120,1.0002,KKK,0.999987,1,11.3749,11.3749,0.000078,1.0002,KKK,0.999999,1,14.2501,14.2501,0.000008,1.0000,KKK,0.999997,1,13.1250,13.1250,0.000018,1.0000
kk_grpo_v3_final_holdout_001256,NKK,NKK,0.402405,1,0.4584,0.4584,0.694173,4.2355,KKN,0.403378,2,0.3058,-0.3058,0.423929,2.4146,NKK,0.846327,1,1.7543,1.7543,0.224640,1.5954,KKN,0.046627,2,3.0134,-3.0134,0.104928,1.2438,KKN,0.458793,2,0.1445,-0.1445,0.361875,2.1223
kk_grpo_v3_final_holdout_001257,NNK,KNK,0.268421,2,0.9531,-0.9531,0.349826,2.0698,KNK,0.095337,2,2.2359,-2.2359,0.183708,1.4652,KNK,0.268730,2,0.9982,-0.9982,0.286822,1.8156,KNK,0.008575,2,4.7498,-4.7498,0.025631,1.0547,KNK,0.119202,2,1.9933,-1.9933,0.192797,1.4932
kk_grpo_v3_final_holdout_001258,KNN,KNN,0.638225,1,1.4409,1.4409,0.508429,2.8784,KNN,0.711523,1,1.7496,1.7496,0.439120,2.4921,KNN,0.860301,1,1.8748,1.8748,0.211677,1.5530,KNN,0.928146,1,2.6214,2.6214,0.133692,1.3205,KKN,0.293013,2,0.8790,-0.8790,0.295453,1.8485
kk_grpo_v3_final_holdout_001259,KKK,KKK,0.999934,1,10.1249,10.1249,0.000364,1.0008,KKK,0.999994,1,12.3750,12.3750,0.000039,1.0001,KKK,0.999995,1,13.3050,13.3050,0.000033,1.0001,KKK,0.999992,1,12.6632,12.6632,0.000051,1.0001,KKK,0.999997,1,12.9375,12.9375,0.000022,1.0000
kk_grpo_v3_final_holdout_001260,NKN,NKN,0.776303,1,1.2488,1.2488,0.259111,1.7140,NKN,0.914752,1,2.3749,2.3749,0.140700,1.3399,NKN,0.961599,1,3.3198,3.3198,0.084816,1.1929,NKN,0.678872,1,0.7756,0.7756,0.321322,1.9507,NKN,0.816628,1,1.4990,1.4990,0.232241,1.6208
kk_grpo_v3_final_holdout_001261,KKK,KKK,0.618197,1,1.0138,1.0138,0.469322,2.6536,KKK,0.946215,1,3.0892,3.0892,0.117185,1.2759,KKK,0.939809,1,3.1006,3.1006,0.127646,1.3040,KKK,0.998200,1,6.4264,6.4264,0.006710,1.0141,KKK,0.999039,1,7.1367,7.1367,0.003956,1.0083
kk_grpo_v3_final_holdout_001262,KKK,KKK,0.997556,1,6.8915,6.8915,0.010058,1.0211,KKK,0.999589,1,9.1371,9.1371,0.002084,1.0043,KKK,0.999937,1,10.2734,10.2734,0.000356,1.0007,KKK,0.999987,1,11.8990,11.8990,0.000086,1.0002,KKK,0.999982,1,11.1266,11.1266,0.000106,1.0002
kk_grpo_v3_final_holdout_001263,KKK,KKK,0.999979,1,10.8749,10.8749,0.000121,1.0003,KKK,0.999995,1,12.1875,12.1875,0.000035,1.0001,KKK,0.999999,1,13.9374,13.9374,0.000008,1.0000,KKK,0.999997,1,12.7501,12.7501,0.000021,1.0000,KKK,0.999999,1,13.8125,13.8125,0.000008,1.0000
kk_grpo_v3_final_holdout_001264,KNN,NNK,0.095141,3,0.2497,-1.6757,0.451635,2.5578,NNK,0.053310,3,0.2499,-2.3006,0.413453,2.3626,NNK,0.002471,3,0.7500,-5.6134,0.310462,1.9071,NNK,0.004071,3,1.7498,-5.3396,0.213819,1.5599,NNK,0.002473,3,3.7477,-5.9748,0.067423,1.1505
kk_grpo_v3_final_holdout_001265,NKN,KNK,0.201935,3,1.0232,-1.0247,0.524731,2.9777,KNK,0.272840,3,0.4356,-0.4653,0.544915,3.1053,KNK,0.083053,2,2.2962,-2.2962,0.326618,1.9723,NKN,0.430150,1,0.2231,0.2231,0.589333,3.4058,KNK,0.080273,4,0.0355,-1.5089,0.701337,4.2990
kk_grpo_v3_final_holdout_001266,KKK,KKK,0.997184,1,5.8763,5.8763,0.009366,1.0197,KKK,0.999289,1,7.2515,7.2515,0.002830,1.0059,KKK,0.999876,1,9.0002,9.0002,0.000601,1.0013,KKK,0.999980,1,11.0006,11.0006,0.000118,1.0002,KKK,0.999988,1,11.3754,11.3754,0.000069,1.0001
kk_grpo_v3_final_holdout_001267,KKK,KKK,0.999966,1,10.5022,10.5022,0.000192,1.0004,KKK,0.999995,1,12.3293,12.3293,0.000034,1.0001,KKK,0.999999,1,14.2371,14.2371,0.000007,1.0000,KKK,1.000000,1,16.3026,16.3026,0.000002,1.0000,KKK,1.000000,1,15.7044,15.7044,0.000003,1.0000
kk_grpo_v3_final_holdout_001268,NNN,NNN,0.959602,1,3.8360,3.8360,0.098162,1.2264,NNN,0.961751,1,3.8919,3.8919,0.092501,1.2121,NNN,0.670692,1,0.7182,0.7182,0.311286,1.9104,NNN,0.997764,1,6.6245,6.6245,0.008448,1.0177,NNN,0.998381,1,6.7054,6.7054,0.006328,1.0132
kk_grpo_v3_final_holdout_001269,KKN,KKN,0.730811,1,1.0100,1.0100,0.288253,1.8210,KKN,0.651266,1,0.6275,0.6275,0.314388,1.9227,KKN,0.904435,1,2.2541,2.2541,0.153594,1.3763,KKN,0.970305,1,3.5014,3.5014,0.065501,1.1459,KKK,0.000126,4,2.2512,-8.8750,0.152667,1.3736
kk_grpo_v3_final_holdout_001270,KKN,KKN,0.933276,1,2.8609,2.8609,0.133966,1.3212,KKN,0.993012,1,4.9997,4.9997,0.020620,1.0438,KKN,0.998954,1,6.8750,6.8750,0.003992,1.0083,KKN,0.999906,1,9.3749,9.3749,0.000481,1.0010,KKN,0.999455,1,7.6249,7.6249,0.002337,1.0049
kk_grpo_v3_final_holdout_001271,NKN,NKN,0.662544,1,0.7249,0.7249,0.341070,2.0324,NKN,0.592075,1,0.3742,0.3742,0.327866,1.9774,NKN,0.950825,1,3.2562,3.2562,0.107995,1.2518,NKN,0.705043,1,0.8739,0.8739,0.294102,1.8433,NKN,0.722182,1,1.2742,1.2742,0.362745,2.1261
kk_grpo_v3_final_holdout_001272,KKN,NKN,0.359687,2,0.1998,-0.1998,0.539386,3.0698,NKN,0.348223,2,0.6080,-0.6080,0.340897,2.0317,NKN,0.037320,2,3.2502,-3.2502,0.076690,1.1729,KKN,0.833664,1,1.6229,1.6229,0.221269,1.5843,NKN,0.468691,2,0.1252,-0.1252,0.332899,1.9982
kk_grpo_v3_final_holdout_001273,KKN,KKN,0.612553,1,0.5297,0.5297,0.380074,2.2042,KKN,0.729105,1,1.0098,1.0098,0.296017,1.8507,KKN,0.981623,1,4.0699,4.0699,0.047332,1.1034,KKN,0.911095,1,2.6046,2.6046,0.170494,1.4255,KKN,0.998016,1,7.0987,7.0987,0.008020,1.0168
kk_grpo_v3_final_holdout_001274,NNN,NKN,0.416515,2,0.3024,-0.3024,0.372541,2.1699,NKN,0.144108,2,1.7701,-1.7701,0.224894,1.5962,NKN,0.179802,2,1.4981,-1.4981,0.265264,1.7360,NKN,0.059309,2,2.7630,-2.7630,0.111497,1.2609,NKN,0.250242,2,1.0935,-1.0935,0.280036,1.7902
kk_grpo_v3_final_holdout_001275,NKK,KNK,0.176496,2,1.4706,-1.4706,0.333465,2.0005,KNK,0.115234,2,2.0249,-2.0249,0.206403,1.5360,KNK,0.071442,2,2.5537,-2.5537,0.155367,1.3814,KNK,0.003542,2,5.6394,-5.6394,0.012076,1.0254,KNK,0.019789,2,3.8947,-3.8947,0.072042,1.1616
kk_grpo_v3_final_holdout_001276,KNK,KNK,0.934442,1,3.2500,3.2500,0.138097,1.3326,KNK,0.959612,1,3.2467,3.2467,0.086568,1.1972,KNK,0.994032,1,5.7462,5.7462,0.019546,1.0415,KNK,0.999684,1,8.3740,8.3740,0.001467,1.0031,KNK,0.995830,1,5.9982,5.9982,0.014344,1.0303
kk_grpo_v3_final_holdout_001277,NKN,NKN,0.999916,1,9.6876,9.6876,0.000451,1.0009,NKN,0.999961,1,10.7500,10.7500,0.000223,1.0005,NKN,0.999955,1,10.6877,10.6877,0.000257,1.0005,NKN,0.999985,1,11.8750,11.8750,0.000095,1.0002,NKN,0.999731,1,8.5999,8.5999,0.001299,1.0027
kk_grpo_v3_final_holdout_001278,NNN,NNN,0.845457,1,2.4229,2.4229,0.273274,1.7652,NNN,0.662209,1,1.0096,1.0096,0.428394,2.4371,NNN,0.911210,1,2.5968,2.5968,0.169460,1.4225,NNN,0.983140,1,4.2484,4.2484,0.044890,1.0978,NNN,0.992147,1,5.2639,5.2639,0.025303,1.0540
kk_grpo_v3_final_holdout_001279,NNN,NNN,0.996653,1,6.1796,6.1796,0.012041,1.0254,NNN,0.995559,1,5.5017,5.5017,0.014329,1.0302,NNN,0.998372,1,7.1915,7.1915,0.006527,1.0137,NNN,0.999485,1,7.9998,7.9998,0.002325,1.0048,NNN,0.998703,1,7.2213,7.2213,0.005391,1.0113
kk_grpo_v3_final_holdout_001280,KNN,KNN,0.999275,1,7.2499,7.2499,0.002907,1.0061,KNN,0.998674,1,6.6250,6.6250,0.004866,1.0102,KNN,0.999738,1,8.2502,8.2502,0.001168,1.0024,KNN,0.999968,1,10.3751,10.3751,0.000177,1.0004,KNN,0.999196,1,7.1250,7.1250,0.003144,1.0066
kk_grpo_v3_final_holdout_001281,NNN,KKK,0.010986,2,4.4994,-4.4994,0.032078,1.0690,KKK,0.001927,2,6.2496,-6.2496,0.007550,1.0158,KKK,0.001034,2,6.8735,-6.8735,0.004053,1.0085,KKK,0.000159,3,8.6802,-8.7481,0.001603,1.0033,KKK,0.000066,2,9.6229,-9.6229,0.000574,1.0012
kk_grpo_v3_final_holdout_001282,KNN,KNN,0.963561,1,3.3757,3.3757,0.082328,1.1867,KNN,0.992990,1,5.0110,5.0110,0.021057,1.0448,KNN,0.971915,1,3.9051,3.9051,0.072645,1.1631,KNN,0.999354,1,7.3765,7.3765,0.002644,1.0055,KNN,0.970568,1,3.5001,3.5001,0.064243,1.1429
kk_grpo_v3_final_holdout_001283,KKN,KNK,0.337282,2,0.2187,-0.2187,0.607711,3.5385,KKN,0.703958,1,1.6484,1.6484,0.443599,2.5154,KKN,0.917614,1,2.8504,2.8504,0.172407,1.4312,KKN,0.985150,1,4.6792,4.6792,0.043024,1.0936,KKN,0.993215,1,5.3725,5.3725,0.021699,1.0462
kk_grpo_v3_final_holdout_001284,NNK,NNK,0.695203,1,0.9126,0.9126,0.351591,2.0774,NNK,0.589460,1,0.4700,0.4700,0.396881,2.2825,NKN,0.187303,2,1.3991,-1.3991,0.355367,2.0938,NNK,0.750195,1,1.3717,1.3717,0.346008,2.0534,NNK,0.932216,1,2.9324,2.9324,0.146749,1.3568
kk_grpo_v3_final_holdout_001285,KNN,KNN,0.849560,1,1.7472,1.7472,0.209592,1.5463,KNN,0.880171,1,1.9993,1.9993,0.178179,1.4485,KNN,0.703761,1,0.9619,0.9619,0.336046,2.0113,KNN,0.995376,1,5.6250,5.6250,0.015362,1.0325,KNN,0.802864,1,1.5000,1.5000,0.267683,1.7448
kk_grpo_v3_final_holdout_001286,NKK,NKN,0.028337,4,0.4560,-2.8750,0.529387,3.0067,KNK,0.190954,3,0.8474,-0.9724,0.579993,3.3403,NKK,0.732802,1,1.1251,1.1251,0.331473,1.9923,NKK,0.459626,1,0.2500,0.2500,0.527742,2.9964,NKK,0.684939,1,0.9071,0.9071,0.369329,2.1554
kk_grpo_v3_final_holdout_001287,NKK,NKN,0.468505,2,0.1250,-0.1250,0.334811,2.0062,NKK,0.817528,1,1.5000,1.5000,0.228752,1.6091,NKN,0.320799,2,0.7500,-0.7500,0.302089,1.8742,NKK,0.867014,1,1.8750,1.8750,0.188630,1.4803,NKN,0.075786,2,2.5000,-2.5000,0.132746,1.3179
kk_grpo_v3_final_holdout_001288,NKK,NKK,0.714625,1,1.1408,1.1408,0.378382,2.1964,NKK,0.499104,1,0.6914,0.6914,0.503829,2.8510,NKK,0.851530,1,1.8047,1.8047,0.218534,1.5753,NKK,0.923407,1,2.7806,2.7806,0.152382,1.3728,NKK,0.796702,1,1.4134,1.4134,0.264017,1.7315
kk_grpo_v3_final_holdout_001289,KNK,KNK,0.498826,1,0.1422,0.1422,0.462576,2.6167,KNK,0.531146,1,0.1359,0.1359,0.346398,2.0551,NKK,0.132978,2,1.8368,-1.8368,0.255001,1.6994,KNK,0.790887,1,1.6500,1.6500,0.320449,1.9471,KNK,0.499703,1,0.4735,0.4735,0.493974,2.7932
kk_grpo_v3_final_holdout_001290,NNN,NNN,0.651331,1,1.0119,1.0119,0.416381,2.3770,NKK,0.294211,2,0.8453,-0.8453,0.336347,2.0126,NKK,0.320834,2,0.5702,-0.5702,0.447832,2.5377,NKK,0.148050,2,1.6073,-1.6073,0.362292,2.1241,NKN,0.348643,2,0.5630,-0.5630,0.382164,2.2137
kk_grpo_v3_final_holdout_001291,NNN,NKK,0.376360,2,0.4569,-0.4569,0.381129,2.2090,NKK,0.008565,2,4.7463,-4.7463,0.040825,1.0886,NKK,0.001032,3,0.0000,-6.1816,0.339431,2.0255,NKK,0.000626,3,4.8750,-7.3676,0.023979,1.0511,NKK,0.015908,3,1.8750,-3.9821,0.225539,1.5984
kk_grpo_v3_final_holdout_001292,NNK,NNK,0.998017,1,6.7268,6.7268,0.007727,1.0162,NNK,0.999803,1,8.7665,8.7665,0.000965,1.0020,NNK,0.999421,1,7.5043,7.5043,0.002417,1.0050,NNK,0.999972,1,10.9546,10.9546,0.000170,1.0004,NNK,0.999762,1,8.5507,8.5507,0.001142,1.0024
kk_grpo_v3_final_holdout_001293,NKK,NKK,0.525196,1,0.1250,0.1250,0.360171,2.1148,NKK,0.930814,1,3.2500,3.2500,0.144105,1.3494,NKK,0.947373,1,3.1250,3.1250,0.112163,1.2627,NKK,0.893203,1,2.1250,2.1250,0.163871,1.4060,NKK,0.831629,1,1.6250,1.6250,0.228171,1.6072
kk_grpo_v3_final_holdout_001294,KKK,KKK,0.995022,1,6.1250,6.1250,0.017568,1.0372,KKK,0.999775,1,9.3750,9.3750,0.001135,1.0024,KKK,0.999906,1,9.6600,9.6600,0.000502,1.0010,KKK,0.999917,1,9.4375,9.4375,0.000425,1.0009,KKK,0.999895,1,9.2500,9.2500,0.000526,1.0011
kk_grpo_v3_final_holdout_001295,NKN,NKN,0.893314,1,2.1256,2.1256,0.163540,1.4050,NKN,0.991411,1,4.7502,4.7502,0.023814,1.0508,NKN,0.996805,1,5.7505,5.7505,0.010444,1.0220,NKN,0.995929,1,5.5012,5.5012,0.012749,1.0269,NKN,0.995284,1,5.4300,5.4300,0.015143,1.0320
kk_grpo_v3_final_holdout_001296,NKN,NKN,0.564158,1,0.8301,0.8301,0.571510,3.2819,NKN,0.682191,1,1.4171,1.4171,0.448049,2.5388,NKN,0.903500,1,2.8433,2.8433,0.197775,1.5087,NKN,0.766468,1,1.3787,1.3787,0.330474,1.9881,NKN,0.824132,1,2.4226,2.4226,0.324503,1.9636
kk_grpo_v3_final_holdout_001297,KNN,KNN,0.773428,1,1.3446,1.3446,0.298334,1.8596,KNN,0.928435,1,2.6207,2.6207,0.132250,1.3165,KNN,0.767769,1,1.3354,1.3354,0.305091,1.8859,KNN,0.909185,1,2.5000,2.5000,0.167499,1.4167,KNN,0.887676,1,2.2303,2.2303,0.193154,1.4943
kk_grpo_v3_final_holdout_001298,KNN,KNN,0.997192,1,5.8747,5.8747,0.009303,1.0195,KNN,0.995389,1,5.3748,5.3748,0.014141,1.0298,KNN,0.982010,1,3.9998,3.9998,0.043334,1.0943,KNN,0.999373,1,7.3745,7.3745,0.002528,1.0053,KNN,0.982009,1,3.9997,3.9997,0.043339,1.0943
kk_grpo_v3_final_holdout_001299,NNN,KKN,0.024198,2,3.6935,-3.6935,0.066882,1.1492,KKN,0.004070,3,3.6250,-5.4738,0.070407,1.1577,KKN,0.000066,3,5.5000,-9.6209,0.013067,1.0275,KKN,0.000010,3,8.5000,-11.5044,0.000994,1.0021,KKN,0.000011,3,3.5000,-11.3448,0.063714,1.1417
kk_grpo_v3_final_holdout_001300,NNN,KNK,0.196611,2,1.2869,-1.2869,0.399520,2.2951,KNK,0.072103,3,1.4592,-2.3325,0.370245,2.1596,KNK,0.016903,5,1.2263,-3.6151,0.528719,3.0025,KNK,0.000119,5,5.5305,-9.0281,0.019284,1.0409,KKK,0.001557,5,0.2906,-5.8371,0.449307,2.5455
kk_grpo_v3_final_holdout_001301,NNN,NNN,0.797304,1,1.5343,1.5343,0.286600,1.8148,NNN,0.817228,1,1.5377,1.5377,0.244077,1.6612,NNN,0.970421,1,3.5263,3.5263,0.066579,1.1485,NNN,0.946526,1,2.8875,2.8875,0.102330,1.2371,NNN,0.955544,1,3.1243,3.1243,0.092178,1.2113
kk_grpo_v3_final_holdout_001302,KKK,KKK,0.559570,1,0.2500,0.2500,0.342439,2.0382,KKK,0.851419,1,1.7500,1.7500,0.204075,1.5286,KKK,0.998400,1,6.7500,6.7500,0.006173,1.0129,KKK,0.986668,1,4.3750,4.3750,0.035893,1.0775,KKN,0.268887,2,1.0000,-1.0000,0.280863,1.7933
kk_grpo_v3_final_holdout_001303,KKK,KKK,0.977524,1,3.8750,3.8750,0.055726,1.1229,KKK,0.997717,1,6.2500,6.2500,0.008354,1.0175,KKK,0.999148,1,7.1250,7.1250,0.003411,1.0071,KKK,0.999543,1,7.7500,7.7500,0.001966,1.0041,KKK,0.999950,1,10.5008,10.5008,0.000284,1.0006
kk_grpo_v3_final_holdout_001304,KNK,KNN,0.275974,2,0.5000,-0.5000,0.600533,3.4861,KNN,0.214648,2,1.0000,-1.0000,0.506137,2.8648,NKK,0.321573,2,0.6565,-0.6565,0.402844,2.3110,KNN,0.074114,2,2.5000,-2.5000,0.183467,1.4645,KNK,0.856299,1,2.2500,2.2500,0.243853,1.6604
kk_grpo_v3_final_holdout_001305,KNK,KNN,0.499639,2,0.0000,-0.0000,0.336147,2.0117,KNK,0.705751,1,0.8750,0.8750,0.291627,1.8339,KNK,0.946537,1,2.8750,2.8750,0.100559,1.2326,KNK,0.731026,1,1.0000,1.0000,0.280225,1.7909,KNK,0.984042,1,4.1250,4.1250,0.039553,1.0857
kk_grpo_v3_final_holdout_001306,KKK,KKK,0.999997,1,13.4380,13.4380,0.000021,1.0000,KKK,0.999998,1,13.2501,13.2501,0.000015,1.0000,KKK,0.999999,1,14.1250,14.1250,0.000010,1.0000,KKK,0.999999,1,14.1902,14.1902,0.000010,1.0000,KKK,0.999999,1,14.5625,14.5625,0.000005,1.0000
kk_grpo_v3_final_holdout_001307,NNK,NNK,0.770625,1,1.2503,1.2503,0.276875,1.7785,NNK,0.892589,1,2.1262,2.1262,0.166766,1.4145,NNK,0.777279,1,1.3393,1.3393,0.286604,1.8148,NNK,0.998376,1,6.5042,6.5042,0.006027,1.0126,NNK,0.999250,1,7.4756,7.4756,0.003212,1.0067
kk_grpo_v3_final_holdout_001308,KNN,KNN,0.772085,1,1.5496,1.5496,0.324849,1.9650,KNN,0.881162,1,2.2259,2.2259,0.204502,1.5300,KNN,0.996650,1,6.1250,6.1250,0.011837,1.0249,KNN,0.992929,1,5.0000,5.0000,0.020941,1.0445,KNN,0.996816,1,5.8750,5.8750,0.010909,1.0229
kk_grpo_v3_final_holdout_001309,KNN,NKK,0.293145,2,0.7510,-0.7510,0.420564,2.3978,NKK,0.107292,3,1.6120,-1.8621,0.454332,2.5722,NKK,0.008668,4,3.7500,-4.7017,0.111484,1.2609,NKK,0.147922,2,1.6506,-1.6506,0.331165,1.9910,NNK,0.000221,4,0.5000,-7.9095,0.378779,2.1982
kk_grpo_v3_final_holdout_001310,KNK,KNK,0.700993,1,0.8685,0.8685,0.307044,1.8936,KNK,0.863670,1,1.8712,1.8712,0.199972,1.5156,KNK,0.777089,1,1.2499,1.2499,0.256110,1.7033,KNK,0.997509,1,6.0004,6.0004,0.008442,1.0177,KNK,0.970348,1,3.5003,3.5003,0.065202,1.1452
kk_grpo_v3_final_holdout_001311,KKN,KKN,0.999924,1,10.3816,10.3816,0.000427,1.0009,KKN,0.999974,1,10.8750,10.8750,0.000156,1.0003,KKN,0.999965,1,10.3750,10.3750,0.000196,1.0004,KKN,0.999984,1,11.4375,11.4375,0.000099,1.0002,KKN,0.999738,1,8.2500,8.2500,0.001170,1.0024
kk_grpo_v3_final_holdout_001312,KKK,KKK,0.998277,1,6.4541,6.4541,0.006378,1.0134,KKK,0.999980,1,11.1366,11.1366,0.000118,1.0002,KKK,0.999989,1,12.1292,12.1292,0.000072,1.0002,KKK,0.999987,1,11.2716,11.2716,0.000080,1.0002,KKK,0.999999,1,14.3189,14.3189,0.000008,1.0000
kk_grpo_v3_final_holdout_001313,NNN,NNN,0.998399,1,7.1797,7.1797,0.006668,1.0140,NNN,0.999401,1,7.8137,7.8137,0.002678,1.0056,NNN,0.999613,1,8.3875,8.3875,0.001840,1.0038,NNN,0.999962,1,11.0383,11.0383,0.000228,1.0005,NNN,0.999934,1,9.8729,9.8729,0.000359,1.0007
kk_grpo_v3_final_holdout_001314,NNK,NNK,0.999796,1,8.8750,8.8750,0.001010,1.0021,NNK,0.999912,1,10.1250,10.1250,0.000478,1.0010,NNK,0.999963,1,10.8930,10.8930,0.000217,1.0005,NNK,0.999964,1,10.6875,10.6875,0.000210,1.0004,NNK,0.999953,1,10.2500,10.2500,0.000262,1.0005
kk_grpo_v3_final_holdout_001315,KNN,KNN,0.949490,1,3.9894,3.9894,0.125412,1.2980,KNN,0.992176,1,5.8005,5.8005,0.027041,1.0578,KNN,0.991974,1,5.0355,5.0355,0.025023,1.0534,KNN,0.999255,1,7.8264,7.8264,0.003250,1.0068,KNN,0.992963,1,5.0012,5.0012,0.020922,1.0445
kk_grpo_v3_final_holdout_001316,KKK,KKK,0.990262,1,4.7500,4.7500,0.028073,1.0601,KKK,0.999215,1,7.3750,7.3750,0.003270,1.0068,KKK,0.996794,1,5.7500,5.7500,0.010483,1.0220,KKK,0.994778,1,5.2500,5.2500,0.015709,1.0332,KKK,0.999817,1,8.6250,8.6250,0.000856,1.0018
kk_grpo_v3_final_holdout_001317,KKN,KKN,0.460679,1,0.1234,0.1234,0.480512,2.7161,KKN,0.665267,1,0.7293,0.7293,0.334893,2.0065,KKN,0.676989,1,0.7484,0.7484,0.310947,1.9090,KKN,0.872742,1,2.1014,2.1014,0.210372,1.5488,KKN,0.903447,1,2.2487,2.2487,0.155788,1.3826
kk_grpo_v3_final_holdout_001318,KKK,KKK,0.677929,1,1.2724,1.2724,0.412170,2.3563,KNK,0.468839,2,0.0357,-0.0357,0.407086,2.3315,KKK,0.970699,1,3.5239,3.5239,0.065203,1.1452,KKK,0.651776,1,0.6501,0.6501,0.329152,1.9827,KKK,0.880808,1,2.0005,2.0005,0.175856,1.4415
kk_grpo_v3_final_holdout_001319,NKK,NNK,0.013042,4,0.7500,-3.8943,0.411236,2.3517,NNK,0.023342,3,1.3750,-3.4980,0.315178,1.9259,NNK,0.002162,3,4.0000,-6.1145,0.057585,1.1272,NNN,0.016230,3,1.2500,-3.8484,0.302648,1.8764,NNK,0.000051,4,6.0000,-9.8808,0.009091,1.0191
kk_grpo_v3_final_holdout_001320,NNK,NNK,0.531277,1,0.4738,0.4738,0.469215,2.6530,NKK,0.377564,2,0.4992,-0.4992,0.320615,1.9478,NNK,0.562243,1,0.2518,0.2518,0.332101,1.9949,NNK,0.990257,1,4.6260,4.6260,0.026510,1.0567,NNK,0.992364,1,4.8760,4.8760,0.021761,1.0463
kk_grpo_v3_final_holdout_001321,NKN,NKN,0.987322,1,4.7796,4.7796,0.038060,1.0824,NKN,0.976967,1,3.7682,3.7682,0.053907,1.1186,NKN,0.998994,1,7.3749,7.3749,0.004194,1.0088,NKN,0.999862,1,9.3747,9.3747,0.000723,1.0015,NKN,0.999557,1,8.2500,8.2500,0.002015,1.0042
kk_grpo_v3_final_holdout_001322,NKN,NKN,0.672987,1,0.8802,0.8802,0.389595,2.2482,NKN,0.907205,1,2.5102,2.5102,0.179475,1.4524,NKN,0.813720,1,1.5021,1.5021,0.244771,1.6636,NKN,0.952222,1,3.0004,3.0004,0.093552,1.2147,NKN,0.968760,1,3.4999,3.4999,0.071087,1.1593
kk_grpo_v3_final_holdout_001323,NKK,NKK,0.929727,1,2.9989,2.9989,0.146775,1.3569,NKK,0.991616,1,5.0000,5.0000,0.025351,1.0541,NKK,0.969801,1,3.5000,3.5000,0.067146,1.1498,NKK,0.993982,1,5.1250,5.1250,0.017960,1.0381,NKK,0.865890,1,1.8750,1.8750,0.193132,1.4942
kk_grpo_v3_final_holdout_001324,NNK,NNK,0.754764,1,1.1259,1.1259,0.269560,1.7516,NNK,0.678666,1,0.7491,0.7491,0.303677,1.8804,NNK,0.651356,1,0.6253,0.6253,0.311389,1.9108,NNK,0.817437,1,1.4998,1.4998,0.229083,1.6102,NNK,0.754819,1,1.1248,1.1248,0.268184,1.7466
kk_grpo_v3_final_holdout_001325,NNN,NNN,0.880575,1,2.1001,2.1001,0.194860,1.4996,NNN,0.851714,1,1.7983,1.7983,0.216361,1.5682,NNN,0.835416,1,1.6407,1.6407,0.221784,1.5860,NNN,0.990120,1,4.6275,4.6275,0.027230,1.0583,NNN,0.866931,1,1.8884,1.8884,0.193532,1.4955
kk_grpo_v3_final_holdout_001326,NKK,NKK,0.508503,1,0.1657,0.1657,0.446663,2.5315,NKK,0.556004,1,0.2653,0.2653,0.373347,2.1735,NKK,0.853116,1,2.5376,2.5376,0.272103,1.7609,KNK,0.095237,2,2.2476,-2.2476,0.162312,1.4015,KNK,0.473305,2,0.0119,-0.0119,0.432235,2.4567
kk_grpo_v3_final_holdout_001327,KKK,KKK,0.999281,1,7.2500,7.2500,0.002879,1.0060,KKK,0.999958,1,10.1250,10.1250,0.000229,1.0005,KKK,0.999914,1,9.3750,9.3750,0.000432,1.0009,KKK,0.999984,1,11.2501,11.2501,0.000101,1.0002,KKK,0.999769,1,8.3751,8.3751,0.001043,1.0022
kk_grpo_v3_final_holdout_001328,NKK,NKN,0.012430,2,4.3750,-4.3750,0.033092,1.0712,NKN,0.222693,2,1.2500,-1.2500,0.255227,1.7002,NKN,0.053402,2,2.8750,-2.8750,0.100402,1.2322,NKN,0.132965,2,1.8750,-1.8750,0.188559,1.4801,NKN,0.182362,2,1.5000,-1.5000,0.229915,1.6130
kk_grpo_v3_final_holdout_001329,NNN,NNN,0.876880,1,2.4319,2.4319,0.240900,1.6503,NNN,0.802997,1,1.6250,1.6250,0.294680,1.8455,NNN,0.985296,1,4.5000,4.5000,0.041387,1.0899,NNN,0.992592,1,5.4141,5.4141,0.023792,1.0507,NNN,0.995592,1,6.1201,6.1201,0.015194,1.0321
kk_grpo_v3_final_holdout_001330,NKN,NKN,0.802866,1,1.4886,1.4886,0.267682,1.7448,NKN,0.645725,1,0.8750,0.8750,0.406555,2.3289,NKK,0.163542,2,1.6250,-1.6250,0.231151,1.6171,NKN,0.962044,1,3.8600,3.8600,0.090442,1.2069,NKN,0.939182,1,3.0000,3.0000,0.126043,1.2997
kk_grpo_v3_final_holdout_001331,KNK,KNN,0.495123,2,0.0000,-0.0000,0.358322,2.1067,KNK,0.876738,1,2.0000,2.0000,0.189048,1.4816,KNK,0.991921,1,5.1244,5.1244,0.024883,1.0531,KNN,0.377004,2,0.5000,-0.5000,0.323948,1.9613,KNK,0.997597,1,6.5000,6.5000,0.008890,1.0187
kk_grpo_v3_final_holdout_001332,NKN,NKN,0.820184,1,1.8725,1.8725,0.296802,1.8537,NKN,0.952264,1,3.1321,3.1321,0.101975,1.2362,KKN,0.180688,2,1.5054,-1.5054,0.243679,1.6598,NKN,0.966744,1,3.4997,3.4997,0.076332,1.1720,NKN,0.982400,1,4.4946,4.4946,0.048219,1.1055
kk_grpo_v3_final_holdout_001333,NKK,NKK,0.793212,1,1.4024,1.4024,0.271894,1.7601,NKK,0.932049,1,2.6249,2.6249,0.120695,1.2853,NKK,0.973280,1,4.1250,4.1250,0.067938,1.1517,NKK,0.962602,1,3.2515,3.2515,0.077228,1.1742,NKK,0.975135,1,3.7482,3.7482,0.059230,1.1311
kk_grpo_v3_final_holdout_001334,KKK,KKK,0.998920,1,7.6254,7.6254,0.004698,1.0098,KKK,0.999965,1,10.8752,10.8752,0.000212,1.0004,KKK,0.999974,1,11.3125,11.3125,0.000161,1.0003,KKK,0.999990,1,11.8750,11.8750,0.000065,1.0001,KKK,0.999993,1,12.1548,12.1548,0.000043,1.0001
kk_grpo_v3_final_holdout_001335,KKN,KKN,0.998589,1,6.7253,6.7253,0.005495,1.0115,KKN,0.999969,1,10.9130,10.9130,0.000182,1.0004,KKN,0.999980,1,11.3760,11.3760,0.000122,1.0003,KKN,0.999971,1,10.9181,10.9181,0.000174,1.0004,KKN,0.999993,1,12.7500,12.7500,0.000045,1.0001
kk_grpo_v3_final_holdout_001336,NNN,NNN,0.996754,1,5.7488,5.7488,0.010677,1.0225,NNN,0.997498,1,5.9997,5.9997,0.008488,1.0178,NNN,0.999256,1,7.3748,7.3748,0.003114,1.0065,NNN,0.999751,1,8.3743,8.3743,0.001154,1.0024,NNN,0.999844,1,9.2497,9.2497,0.000812,1.0017
kk_grpo_v3_final_holdout_001337,NNK,NNK,0.999929,1,10.0000,10.0000,0.000388,1.0008,NNK,0.999979,1,11.2527,11.2527,0.000126,1.0003,NNK,0.999968,1,11.0000,11.0000,0.000193,1.0004,NNK,0.999986,1,11.3145,11.3145,0.000086,1.0002,NNK,0.999954,1,10.3750,10.3750,0.000256,1.0005
kk_grpo_v3_final_holdout_001338,NKK,NKK,0.695506,1,1.6016,1.6016,0.463196,2.6200,NKK,0.711754,1,1.7498,1.7498,0.436365,2.4779,NKK,0.839632,1,2.1250,2.1250,0.274114,1.7683,NKK,0.901588,1,2.6249,2.6249,0.195261,1.5009,NKK,0.536202,1,0.3750,0.3750,0.477015,2.6964
kk_grpo_v3_final_holdout_001339,KKK,KKK,0.999993,1,12.2507,12.2507,0.000045,1.0001,KKK,0.999999,1,14.1251,14.1251,0.000009,1.0000,KKK,0.999999,1,14.6250,14.6250,0.000007,1.0000,KKK,0.999998,1,13.8121,13.8121,0.000014,1.0000,KKK,1.000000,1,15.0626,15.0626,0.000004,1.0000
kk_grpo_v3_final_holdout_001340,NKN,NNK,0.377422,2,0.5000,-0.5000,0.320268,1.9464,NKN,0.939801,1,2.7505,2.7505,0.109971,1.2569,NNK,0.294174,2,0.8749,-0.8749,0.292299,1.8364,NNK,0.164536,2,1.6248,-1.6248,0.215317,1.5648,NNK,0.320744,2,0.7500,-0.7500,0.302801,1.8770
kk_grpo_v3_final_holdout_001341,KNK,KNK,0.653826,1,0.7120,0.7120,0.353821,2.0870,KNK,0.541189,1,0.2119,0.2119,0.372689,2.1706,KNK,0.808133,1,2.0248,2.0248,0.298505,1.8603,KNK,0.990517,1,5.1216,5.1216,0.028803,1.0617,KNK,0.849441,1,1.8550,1.8550,0.230029,1.6134
kk_grpo_v3_final_holdout_001342,NNN,KNK,0.372872,2,0.2580,-0.2580,0.494644,2.7971,KNK,0.292764,2,0.3555,-0.3555,0.528243,2.9995,KNN,0.047354,3,1.7500,-2.8406,0.286557,1.8146,KNK,0.033169,3,0.5000,-2.8981,0.379052,2.1995,KNN,0.075941,2,2.4938,-2.4938,0.144249,1.3498
kk_grpo_v3_final_holdout_001343,KNK,KNK,0.529449,1,0.1219,0.1219,0.338737,2.0226,KNK,0.815743,1,1.4981,1.4981,0.235078,1.6304,KNK,0.678109,1,0.7488,0.7488,0.306263,1.8905,KNK,0.931210,1,2.6238,2.6238,0.123539,1.2929,KNK,0.591713,1,0.3734,0.3734,0.328641,1.9806
kk_grpo_v3_final_holdout_001344,NKN,NNN,0.361523,2,0.4667,-0.4667,0.435928,2.4756,NKN,0.524539,1,0.1266,0.1266,0.363895,2.1312,NKN,0.676665,1,0.7512,0.7512,0.314541,1.9234,NNN,0.320785,2,0.7479,-0.7479,0.307113,1.8939,NNN,0.075802,2,2.5000,-2.5000,0.132168,1.3163
kk_grpo_v3_final_holdout_001345,NNK,NNK,0.987151,1,4.6453,4.6453,0.037035,1.0801,NNK,0.997747,1,6.3750,6.3750,0.008305,1.0174,NNK,0.995751,1,5.5000,5.5000,0.013560,1.0286,NNK,0.999144,1,7.1250,7.1250,0.003412,1.0071,NNK,0.999430,1,7.7500,7.7500,0.002483,1.0052
kk_grpo_v3_final_holdout_001346,NNK,NNK,0.544188,1,0.8120,0.8120,0.598623,3.4722,NNK,0.673945,1,1.6944,1.6944,0.507115,2.8706,NNK,0.907965,1,2.3876,2.3876,0.164231,1.4071,NNK,0.915186,1,3.0027,3.0027,0.184020,1.4662,NNK,0.949540,1,3.0424,3.0424,0.106163,1.2470
kk_grpo_v3_final_holdout_001347,KNN,KNN,0.979664,1,3.8751,3.8751,0.047797,1.1045,KNN,0.904670,1,2.2502,2.2502,0.151342,1.3699,KNN,0.880799,1,2.0000,2.0000,0.175688,1.4410,KNN,0.939936,1,2.7505,2.7505,0.109250,1.2551,KNN,0.622357,1,0.4996,0.4996,0.318842,1.9406
kk_grpo_v3_final_holdout_001348,KKN,KKN,0.999991,1,11.7507,11.7507,0.000054,1.0001,KKN,0.999999,1,14.2510,14.2510,0.000006,1.0000,KKN,0.999999,1,14.2502,14.2502,0.000006,1.0000,KKN,0.999999,1,13.5000,13.5000,0.000010,1.0000,KKN,0.999999,1,15.1879,15.1879,0.000004,1.0000
kk_grpo_v3_final_holdout_001349,NNK,NNK,0.999713,1,9.0004,9.0004,0.001443,1.0030,NNK,0.999909,1,9.4925,9.4925,0.000478,1.0010,NNK,0.999828,1,8.6988,8.6988,0.000811,1.0017,NNK,0.999916,1,9.5803,9.5803,0.000444,1.0009,NNK,0.999980,1,11.1700,11.1700,0.000120,1.0002
kk_grpo_v3_final_holdout_001350,NNN,NNN,0.785302,1,1.5708,1.5708,0.309852,1.9047,NNN,0.664958,1,0.9989,0.9989,0.401047,2.3024,NNN,0.805913,1,1.9121,1.9121,0.299048,1.8624,NNN,0.548836,1,0.6248,0.6248,0.471720,2.6669,NNN,0.762510,1,1.4316,1.4316,0.325853,1.9691
kk_grpo_v3_final_holdout_001351,KNN,KNN,0.876605,1,2.1229,2.1229,0.210024,1.5476,KNN,0.730707,1,1.0945,1.0945,0.323478,1.9594,KNN,0.978187,1,4.0356,4.0356,0.057340,1.1266,KNN,0.880690,1,2.2522,2.2522,0.206743,1.5371,KNN,0.950293,1,3.0328,3.0328,0.104039,1.2415
kk_grpo_v3_final_holdout_001352,KKK,KKK,0.999963,1,10.2500,10.2500,0.000201,1.0004,KKK,0.999995,1,12.3750,12.3750,0.000031,1.0001,KKK,0.999996,1,12.6875,12.6875,0.000025,1.0001,KKK,0.999999,1,14.5625,14.5625,0.000007,1.0000,KKK,0.999999,1,14.5625,14.5625,0.000005,1.0000
kk_grpo_v3_final_holdout_001353,KKN,KKN,0.714274,1,0.9774,0.9774,0.319109,1.9417,KKN,0.753663,1,1.1235,1.1235,0.272384,1.7619,KKN,0.592587,1,0.3750,0.3750,0.325654,1.9683,KKN,0.995213,1,5.3931,5.3931,0.015081,1.0319,KKN,0.679004,1,0.7498,0.7498,0.302567,1.8761
kk_grpo_v3_final_holdout_001354,NKK,NKK,0.920589,1,2.7394,2.7394,0.163499,1.4049,NKK,0.997453,1,6.7613,6.7613,0.010102,1.0212,NKK,0.911128,1,3.2500,3.2500,0.190599,1.4864,NKK,0.998957,1,7.1483,7.1483,0.004281,1.0089,NKK,0.968844,1,3.5001,3.5001,0.070973,1.1590
kk_grpo_v3_final_holdout_001355,NNN,NNN,0.973961,1,3.9442,3.9442,0.066015,1.1471,NNN,0.995379,1,5.6329,5.6329,0.015458,1.0327,NNN,0.977021,1,4.3268,4.3268,0.060276,1.1335,NNN,0.999087,1,7.3488,7.3488,0.003783,1.0079,NNN,0.995930,1,5.7270,5.7270,0.013732,1.0290
kk_grpo_v3_final_holdout_001356,KKN,KKN,0.535617,1,0.6792,0.6792,0.542032,3.0868,KKN,0.579112,1,0.6007,0.6007,0.471685,2.6667,KKN,0.832820,1,1.8048,1.8048,0.260275,1.7181,KKN,0.530759,1,0.1737,0.1737,0.378643,2.1976,KKN,0.883505,1,2.4385,2.4385,0.221319,1.5844
kk_grpo_v3_final_holdout_001357,KNK,KNK,0.730662,1,1.0025,1.0025,0.284375,1.8064,KNK,0.851857,1,1.7546,1.7546,0.204265,1.5292,KNK,0.622436,1,0.5111,0.5111,0.330051,1.9864,KNK,0.997496,1,6.0891,6.0891,0.008843,1.0186,KNK,0.976999,1,3.7738,3.7738,0.054010,1.1189
kk_grpo_v3_final_holdout_001358,KNN,KNN,0.999259,1,7.2500,7.2500,0.002991,1.0062,KNN,0.998823,1,6.7500,6.7500,0.004408,1.0092,KNN,0.995928,1,5.5000,5.5000,0.012741,1.0268,KNN,0.999663,1,8.0000,8.0000,0.001465,1.0031,KNN,0.999662,1,8.0000,8.0000,0.001469,1.0031
kk_grpo_v3_final_holdout_001359,KKK,KKK,0.999364,1,7.3877,7.3877,0.002610,1.0054,KKK,0.999913,1,9.3860,9.3860,0.000444,1.0009,KKK,0.999975,1,10.6255,10.6255,0.000139,1.0003,KKK,0.999999,1,14.5046,14.5046,0.000005,1.0000,KKK,0.999999,1,13.7507,13.7507,0.000009,1.0000
kk_grpo_v3_final_holdout_001360,NKN,NKN,0.919485,1,2.5000,2.5000,0.144615,1.3508,NKN,0.499866,1,0.0000,0.0000,0.334514,2.0049,NKN,0.903893,1,2.2500,2.2500,0.154549,1.3790,NKN,0.817430,1,1.5001,1.5001,0.229338,1.6111,NKN,0.997444,1,6.1250,6.1250,0.009201,1.0193
kk_grpo_v3_final_holdout_001361,NKK,NKK,0.973470,1,3.6246,3.6246,0.060388,1.1338,NKK,0.993966,1,5.1251,5.1251,0.018027,1.0382,NKK,0.996290,1,5.6251,5.6251,0.012018,1.0253,NKK,0.999237,1,7.2501,7.2501,0.003107,1.0065,NKK,0.994726,1,5.2501,5.2501,0.015982,1.0338
kk_grpo_v3_final_holdout_001362,KNN,KNN,0.999437,1,7.5000,7.5000,0.002326,1.0048,KNN,0.999953,1,10.2500,10.2500,0.000261,1.0005,KNN,0.999989,1,11.5000,11.5000,0.000070,1.0001,KNN,0.999995,1,12.3750,12.3750,0.000033,1.0001,KNN,0.999992,1,12.1897,12.1897,0.000050,1.0001
kk_grpo_v3_final_holdout_001363,KKN,NNN,0.437693,2,0.2479,-0.2479,0.334840,2.0063,KKN,0.754763,1,1.1268,1.1268,0.270197,1.7539,NNN,0.376233,2,0.5050,-0.5050,0.319908,1.9449,KKN,0.893142,1,2.1242,2.1242,0.163874,1.4060,NNN,0.268707,2,1.0011,-1.0011,0.280373,1.7914
kk_grpo_v3_final_holdout_001364,NKN,KNN,0.327818,2,0.6566,-0.6566,0.390595,2.2529,KNN,0.207745,2,1.3033,-1.3033,0.312217,1.9141,NKN,0.544272,1,0.4945,0.4945,0.483343,2.7321,KNN,0.066002,2,2.6462,-2.6462,0.128898,1.3074,KNN,0.128407,2,1.8716,-1.8716,0.270751,1.7560
kk_grpo_v3_final_holdout_001365,NNN,NNN,0.988904,1,4.5027,4.5027,0.029738,1.0638,NNN,0.996808,1,5.7536,5.7536,0.010449,1.0220,NNN,0.999701,1,8.1254,8.1254,0.001321,1.0028,NNN,0.999836,1,8.7499,8.7499,0.000779,1.0016,NNN,0.999616,1,7.8758,7.8758,0.001648,1.0034
kk_grpo_v3_final_holdout_001366,KNK,KNK,0.999656,1,8.0000,8.0000,0.001507,1.0031,KNK,0.999961,1,10.5000,10.5000,0.000222,1.0005,KNK,0.999957,1,10.1250,10.1250,0.000232,1.0005,KNK,0.999995,1,12.3125,12.3125,0.000033,1.0001,KNK,0.999965,1,10.6250,10.6250,0.000204,1.0004
kk_grpo_v3_final_holdout_001367,NKN,NKN,0.473063,1,0.3787,0.3787,0.508310,2.8777,NKN,0.698026,1,1.4528,1.4528,0.399697,2.2960,NKN,0.948574,1,3.0014,3.0014,0.105004,1.2440,NKN,0.875168,1,2.1284,2.1284,0.208826,1.5438,NKN,0.556045,1,0.2555,0.2555,0.362404,2.1246
kk_grpo_v3_final_holdout_001368,KKK,KKK,0.998276,1,6.7619,6.7619,0.006672,1.0140,KKK,0.999985,1,11.5264,11.5264,0.000091,1.0002,KKK,0.999995,1,12.5808,12.5808,0.000037,1.0001,KKK,0.999904,1,9.5027,9.5027,0.000499,1.0010,KKK,0.999999,1,13.9726,13.9726,0.000010,1.0000
kk_grpo_v3_final_holdout_001369,NKK,NKK,0.748975,1,2.0913,2.0913,0.442597,2.5102,NKK,0.824505,1,2.1237,2.1237,0.305418,1.8872,NKK,0.907038,1,2.3750,2.3750,0.165101,1.4096,NKK,0.975054,1,4.2576,4.2576,0.065131,1.1450,NKK,0.856243,1,1.8750,1.8750,0.219569,1.5787
kk_grpo_v3_final_holdout_001370,KKK,KKK,0.999194,1,7.6024,7.6024,0.003457,1.0072,KKK,0.999915,1,9.6022,9.6022,0.000446,1.0009,KKK,0.999948,1,10.3983,10.3983,0.000288,1.0006,KKK,0.999997,1,13.0742,13.0742,0.000024,1.0000,KKK,0.999992,1,11.9726,11.9726,0.000049,1.0001
kk_grpo_v3_final_holdout_001371,KNN,KNK,0.377524,2,0.5000,-0.5000,0.318988,1.9412,KNK,0.222685,2,1.2500,-1.2500,0.255352,1.7006,KNK,0.037327,2,3.2500,-3.2500,0.076659,1.1728,KNN,0.731057,1,1.0000,1.0000,0.279994,1.7900,KNK,0.106690,2,2.1250,-2.1250,0.163351,1.4045
kk_grpo_v3_final_holdout_001372,NKK,NKK,0.650498,1,0.8035,0.8035,0.389217,2.2465,NKK,0.970590,1,3.8869,3.8869,0.072993,1.1639,NKK,0.997647,1,6.5991,6.5991,0.008996,1.0189,NKK,0.996378,1,5.8049,5.8049,0.012387,1.0261,NKK,0.979507,1,3.8785,3.8785,0.048774,1.1067
kk_grpo_v3_final_holdout_001373,NNN,NNN,0.972865,1,4.1821,4.1821,0.074671,1.1680,NNN,0.984960,1,5.1954,5.1954,0.045823,1.1000,NNN,0.962902,1,3.3746,3.3746,0.083395,1.1894,NNN,0.998329,1,6.6223,6.6223,0.006390,1.0134,NNN,0.993500,1,5.1243,5.1243,0.019908,1.0423
kk_grpo_v3_final_holdout_001374,KNN,KNN,0.999286,1,7.2643,7.2643,0.002873,1.0060,KNN,0.999934,1,9.7134,9.7134,0.000348,1.0007,KNN,0.999850,1,8.8909,8.8909,0.000727,1.0015,KNN,0.999998,1,13.3054,13.3054,0.000013,1.0000,KNN,0.999716,1,8.4817,8.4817,0.001334,1.0028
kk_grpo_v3_final_holdout_001375,NNK,NNK,0.469560,1,0.0803,0.0803,0.473598,2.6773,NNK,0.469769,1,0.2302,0.2302,0.497907,2.8161,NNK,0.949053,1,3.2406,3.2406,0.111859,1.2619,KNN,0.142418,2,1.7688,-1.7688,0.258372,1.7113,NNK,0.850080,1,1.7774,1.7774,0.218670,1.5757
kk_grpo_v3_final_holdout_001376,KKK,KKK,0.998840,1,6.8050,6.8050,0.004441,1.0093,KKK,0.999954,1,10.0017,10.0017,0.000242,1.0005,KKK,0.999960,1,10.1250,10.1250,0.000215,1.0004,KKK,0.999996,1,12.3753,12.3753,0.000028,1.0001,KKK,0.999998,1,13.1250,13.1250,0.000014,1.0000
kk_grpo_v3_final_holdout_001377,KNK,KNK,0.647175,1,0.7223,0.7223,0.379980,2.2037,KNK,0.853699,1,1.7940,1.7940,0.209623,1.5464,KNK,0.478589,1,0.1429,0.1429,0.459940,2.6024,KNK,0.946238,1,2.8690,2.8690,0.100940,1.2336,KNK,0.895644,1,2.1523,2.1523,0.161782,1.3999
kk_grpo_v3_final_holdout_001378,NNN,NNN,0.988590,1,4.5001,4.5001,0.030890,1.0663,NNN,0.995845,1,5.5001,5.5001,0.013151,1.0277,NNN,0.996649,1,5.7502,5.7502,0.011131,1.0234,NNN,0.999731,1,8.5003,8.5003,0.001267,1.0026,NNN,0.997193,1,5.8756,5.8756,0.009309,1.0195
kk_grpo_v3_final_holdout_001379,KKN,KKN,0.890274,1,2.3032,2.3032,0.194853,1.4996,KKN,0.962512,1,3.8822,3.8822,0.089839,1.2054,KKN,0.981634,1,4.4719,4.4719,0.051783,1.1137,KKN,0.993807,1,5.1676,5.1676,0.019158,1.0406,KKN,0.976899,1,3.7589,3.7589,0.053738,1.1182
kk_grpo_v3_final_holdout_001380,NNN,NKN,0.266124,3,0.4344,-0.5000,0.539028,3.0675,KNN,0.151542,3,0.0147,-1.0147,0.524020,2.9733,NNN,0.764185,1,1.8749,1.8749,0.352289,2.0804,KNN,0.053561,4,0.6444,-2.2694,0.549145,3.1328,NNN,0.606283,1,0.7487,0.7487,0.468930,2.6515
kk_grpo_v3_final_holdout_001381,KNK,KNK,0.529847,1,0.1227,0.1227,0.337689,2.0182,KNK,0.603707,1,0.4280,0.4280,0.331743,1.9934,NKK,0.119577,3,1.1408,-1.7191,0.410658,2.3489,KNK,0.897802,1,2.2678,2.2678,0.173827,1.4354,KNK,0.592436,1,0.3818,0.3818,0.334355,2.0043
kk_grpo_v3_final_holdout_001382,KNK,NNN,0.155718,3,0.3304,-1.1073,0.558126,3.1918,KNK,0.427743,1,0.0820,0.0820,0.513795,2.9107,KNN,0.345718,2,0.2784,-0.2784,0.517993,2.9363,KNK,0.626710,1,0.9659,0.9659,0.437183,2.4821,KNN,0.366569,2,0.3518,-0.3518,0.462233,2.6148
kk_grpo_v3_final_holdout_001383,NKK,KNK,0.144064,3,0.2523,-1.2006,0.495733,2.8034,KKN,0.266852,2,0.7183,-0.7183,0.494615,2.7969,KKN,0.042059,3,1.8733,-2.9817,0.268445,1.7476,NKK,0.893145,1,2.2530,2.2530,0.183294,1.4640,KKN,0.223005,2,1.2413,-1.2413,0.272168,1.7611
kk_grpo_v3_final_holdout_001384,KKK,KKK,0.983802,1,4.1250,4.1250,0.040558,1.0880,KKK,0.998471,1,6.5000,6.5000,0.005569,1.0116,KKK,0.999368,1,7.3750,7.3750,0.002558,1.0053,KKK,0.998674,1,6.6250,6.6250,0.004866,1.0102,KKK,0.999986,1,11.4375,11.4375,0.000088,1.0002
kk_grpo_v3_final_holdout_001385,KNN,KNN,0.499849,1,0.0157,0.0157,0.355119,2.0927,KNN,0.705616,1,0.8777,0.8777,0.295316,1.8480,NNK,0.245106,2,1.1244,-1.1244,0.269380,1.7510,KNN,0.731056,1,1.0003,1.0003,0.280355,1.7914,KNN,0.528975,1,0.1208,0.1208,0.339682,2.0266
kk_grpo_v3_final_holdout_001386,KKN,NNK,0.147864,2,1.7507,-1.7507,0.204410,1.5297,NNK,0.217962,2,1.2773,-1.2773,0.253352,1.6936,NNK,0.004063,3,1.8750,-5.3590,0.200721,1.5180,NNK,0.022820,2,3.7562,-3.7562,0.055788,1.1230,NNN,0.008551,3,1.3750,-4.5276,0.263790,1.7307
kk_grpo_v3_final_holdout_001387,NKN,NNN,0.244611,2,1.1250,-1.1250,0.274085,1.7682,NKN,0.562082,1,0.2500,0.2500,0.330359,1.9877,NNN,0.455297,2,0.1249,-0.1249,0.385989,2.2314,NNN,0.468762,2,0.1250,-0.1250,0.332790,1.9977,NNN,0.106554,2,2.1250,-2.1250,0.167852,1.4177
kk_grpo_v3_final_holdout_001388,KKK,KKK,0.999584,1,8.0391,8.0391,0.001910,1.0040,KKK,0.999987,1,11.4413,11.4413,0.000079,1.0002,KKK,0.999990,1,11.6302,11.6302,0.000060,1.0001,KKK,0.999997,1,13.1743,13.1743,0.000019,1.0000,KKK,0.999997,1,13.3126,13.3126,0.000020,1.0000
kk_grpo_v3_final_holdout_001389,NNN,NNN,0.895972,1,2.3910,2.3910,0.196236,1.5039,NNN,0.937455,1,2.9312,2.9312,0.131559,1.3146,NNN,0.972369,1,4.1321,4.1321,0.071721,1.1608,NNN,0.995757,1,5.5896,5.5896,0.014034,1.0296,NNN,0.996262,1,5.6292,5.6292,0.012197,1.0257
kk_grpo_v3_final_holdout_001390,NKN,NNK,0.182486,3,0.6794,-0.8738,0.674116,4.0624,NKN,0.391767,1,0.2479,0.2479,0.654591,3.9008,NKN,0.507451,1,0.3004,0.3004,0.542919,3.0925,KNK,0.220887,3,0.3945,-0.4623,0.746247,4.7199,NNK,0.285776,2,0.4777,-0.4777,0.655319,3.9067
kk_grpo_v3_final_holdout_001391,NKN,KNN,0.461908,2,0.0216,-0.0216,0.434440,2.4680,NKN,0.511444,1,0.2237,0.2237,0.439370,2.4934,NKN,0.903353,1,2.4840,2.4840,0.181030,1.4571,KKN,0.044446,3,1.0322,-2.7633,0.352075,2.0795,NKN,0.751331,1,1.4715,1.4715,0.368596,2.1522
kk_grpo_v3_final_holdout_001392,KKK,KKK,0.943268,1,3.0382,3.0382,0.122181,1.2893,KKK,0.985254,1,4.2559,4.2559,0.038546,1.0835,KKK,0.999023,1,7.0010,7.0010,0.003845,1.0080,KKK,0.998489,1,6.5012,6.5012,0.005479,1.0115,KKK,0.999847,1,8.8797,8.8797,0.000745,1.0015
kk_grpo_v3_final_holdout_001393,KNK,NNK,0.059015,2,2.7670,-2.7670,0.115611,1.2718,NNK,0.067559,2,2.6135,-2.6135,0.147232,1.3582,NNK,0.029285,2,3.5008,-3.5008,0.064321,1.1431,NNK,0.009724,2,4.6234,-4.6234,0.026438,1.0565,NNK,0.014124,2,4.2457,-4.2457,0.035772,1.0772
kk_grpo_v3_final_holdout_001394,NNN,NNN,0.671574,1,0.7594,0.7594,0.337246,2.0163,NNN,0.576373,1,0.3163,0.3163,0.337763,2.0185,NNN,0.913440,1,2.3653,2.3653,0.143991,1.3491,NNN,0.833325,1,1.6666,1.6666,0.233956,1.6266,NNN,0.946027,1,2.8758,2.8758,0.102883,1.2385
kk_grpo_v3_final_holdout_001395,NKK,NKK,0.717958,1,0.9768,0.9768,0.309589,1.9036,NKK,0.687420,1,0.7885,0.7885,0.299207,1.8630,NKK,0.851710,1,1.7498,1.7498,0.202733,1.5244,NKK,0.880582,1,1.9997,1.9997,0.176655,1.4439,NKK,0.830700,1,1.8364,1.8364,0.261389,1.7221
kk_grpo_v3_final_holdout_001396,NNK,NNK,0.672133,1,0.9848,0.9848,0.393849,2.2682,NNK,0.781438,1,1.4033,1.4033,0.292011,1.8353,NNK,0.979677,1,3.8883,3.8883,0.048484,1.1061,NNK,0.944683,1,3.0210,3.0210,0.114937,1.2700,NNK,0.946683,1,2.8978,2.8978,0.102780,1.2383
kk_grpo_v3_final_holdout_001397,KKN,KKN,0.640800,1,0.6682,0.6682,0.365015,2.1362,KKN,0.772089,1,1.2277,1.2277,0.263290,1.7289,KKN,0.999892,1,9.2501,9.2501,0.000548,1.0011,KKN,0.999284,1,7.2617,7.2617,0.002876,1.0060,KKN,0.999933,1,9.6253,9.6253,0.000347,1.0007
kk_grpo_v3_final_holdout_001398,KKN,KKN,0.721870,1,1.1110,1.1110,0.351522,2.0771,KKN,0.852918,1,1.7665,1.7665,0.204454,1.5298,KKN,0.952676,1,3.0055,3.0055,0.092144,1.2112,KKN,0.996902,1,5.9997,5.9997,0.010851,1.0228,KKN,0.853935,1,1.7673,1.7673,0.200798,1.5182
kk_grpo_v3_final_holdout_001399,KKK,KKK,0.999910,1,9.8754,9.8754,0.000487,1.0010,KKK,0.999993,1,12.2500,12.2500,0.000049,1.0001,KKK,0.999995,1,12.9999,12.9999,0.000032,1.0001,KKK,0.999999,1,14.8144,14.8144,0.000007,1.0000,KKK,0.999999,1,14.7500,14.7500,0.000006,1.0000
kk_grpo_v3_final_holdout_001400,NKK,NKN,0.000668,4,2.9095,-7.2504,0.121311,1.2869,NKN,0.010638,3,3.4515,-4.4985,0.102891,1.2386,NKN,0.124669,2,1.9309,-1.9309,0.222943,1.5898,NKN,0.029404,2,3.4960,-3.4960,0.067059,1.1496,NKN,0.072394,2,2.5374,-2.5374,0.162122,1.4009
kk_grpo_v3_final_holdout_001401,NNN,NKK,0.261699,2,0.8468,-0.8468,0.494462,2.7960,NKK,0.080039,2,2.3632,-2.3632,0.278830,1.7857,NKK,0.048180,2,2.9610,-2.9610,0.147512,1.3590,NNN,0.728755,1,1.0012,1.0012,0.291748,1.8343,NNN,0.619955,1,0.5005,0.5005,0.332396,1.9961
kk_grpo_v3_final_holdout_001402,NKN,NKN,0.722298,1,1.0906,1.0906,0.340201,2.0288,NKN,0.859930,1,1.8765,1.8765,0.211728,1.5531,NKN,0.992730,1,5.4538,5.4538,0.024478,1.0522,NKN,0.962423,1,3.3200,3.3200,0.082246,1.1865,NKN,0.949689,1,3.4677,3.4677,0.119451,1.2820
kk_grpo_v3_final_holdout_001403,NKN,NKN,0.893095,1,2.1249,2.1249,0.164397,1.4076,NKN,0.993206,1,5.0000,5.0000,0.019860,1.0422,NKN,0.996795,1,5.7500,5.7500,0.010487,1.0220,NKN,0.999693,1,8.2499,8.2499,0.001410,1.0029,NKN,0.993271,1,5.0002,5.0002,0.019534,1.0415
kk_grpo_v3_final_holdout_001404,KKK,KKK,0.991312,1,5.2505,5.2505,0.028418,1.0609,KKK,0.999672,1,8.5633,8.5633,0.001587,1.0033,KKK,0.999915,1,9.8264,9.8264,0.000466,1.0010,KKK,0.997139,1,5.8571,5.8571,0.009465,1.0199,KKN,0.407338,2,0.3750,-0.3750,0.325138,1.9662
kk_grpo_v3_final_holdout_001405,NKK,NKK,0.600643,1,1.0240,1.0240,0.457839,2.5910,NKK,0.876060,1,2.3323,2.3323,0.217346,1.5714,NKK,0.971336,1,3.8697,3.8697,0.070949,1.1590,NKK,0.957544,1,3.3676,3.3676,0.095343,1.2193,NKK,0.954684,1,3.3596,3.3596,0.101504,1.2350
kk_grpo_v3_final_holdout_001406,NKN,KKN,0.412955,2,0.3509,-0.3509,0.328074,1.9782,KKN,0.197992,2,1.3986,-1.3986,0.240279,1.6481,NKN,0.908413,1,2.2956,2.2956,0.147688,1.3595,NKN,0.990187,1,4.6299,4.6299,0.026935,1.0576,NKN,0.913126,1,2.3539,2.3539,0.142514,1.3449
kk_grpo_v3_final_holdout_001407,KNK,KNK,0.547614,1,0.2294,0.2294,0.371000,2.1630,KNN,0.465942,2,0.1330,-0.1330,0.338521,2.0217,KNK,0.622432,1,0.5000,0.5000,0.318977,1.9412,KNK,0.794593,1,1.3530,1.3530,0.244333,1.6621,KNK,0.633050,1,0.5454,0.5454,0.316206,1.9300
kk_grpo_v3_final_holdout_001408,KNK,KNK,0.763999,1,1.6203,1.6203,0.369292,2.1553,KNK,0.847769,1,2.1035,2.1035,0.272932,1.7639,NNN,0.348197,2,0.6199,-0.6199,0.326651,1.9724,KNK,0.985117,1,4.3786,4.3786,0.040697,1.0883,KNK,0.915114,1,2.5074,2.5074,0.155563,1.3819
kk_grpo_v3_final_holdout_001409,NNN,NKN,0.189068,2,1.2499,-1.2499,0.457437,2.5888,NKN,0.047678,4,1.0567,-2.6248,0.450506,2.5518,NKN,0.111436,3,1.5716,-1.8751,0.390184,2.2510,NKN,0.030460,3,0.9835,-3.1254,0.374265,2.1777,KKK,0.010814,3,0.1339,-3.8840,0.367512,2.1473
kk_grpo_v3_final_holdout_001410,NNN,NNN,0.885842,1,2.2497,2.2497,0.207172,1.5385,NNN,0.945497,1,2.9390,2.9390,0.110532,1.2584,NNN,0.990678,1,4.8750,4.8750,0.027885,1.0597,NNN,0.994767,1,5.2698,5.2698,0.016044,1.0339,NNN,0.994358,1,5.4746,5.4746,0.018389,1.0390
kk_grpo_v3_final_holdout_001411,NNK,NNK,0.990215,1,4.6316,4.6316,0.026872,1.0575,NNK,0.992364,1,4.8765,4.8765,0.021785,1.0463,NNK,0.996345,1,5.6260,5.6260,0.011779,1.0248,NNK,0.999975,1,10.6892,10.6892,0.000141,1.0003,NNK,0.999069,1,6.9997,6.9997,0.003617,1.0076
kk_grpo_v3_final_holdout_001412,KNK,KNK,0.993949,1,5.2028,5.2028,0.018874,1.0400,KNK,0.999852,1,9.0758,9.0758,0.000755,1.0016,KNK,0.999257,1,7.2606,7.2606,0.003024,1.0063,KNK,0.999768,1,8.6348,8.6348,0.001121,1.0023,KNK,0.999789,1,9.0002,9.0002,0.001039,1.0022
kk_grpo_v3_final_holdout_001413,NNN,NNN,0.984971,1,4.2508,4.2508,0.039666,1.0860,NNN,0.996912,1,5.8747,5.8747,0.010629,1.0223,NNN,0.996936,1,6.0000,6.0000,0.010798,1.0227,NNN,0.999219,1,7.2500,7.2500,0.003203,1.0067,NNN,0.999023,1,7.1250,7.1250,0.003970,1.0083
kk_grpo_v3_final_holdout_001414,NNN,NNN,0.993255,1,5.0497,5.0497,0.020263,1.0430,NNN,0.998917,1,6.9312,6.9312,0.004289,1.0090,NNN,0.994094,1,5.1775,5.1775,0.018089,1.0383,NNN,0.999724,1,8.2850,8.2850,0.001271,1.0026,NNN,0.982280,1,4.0392,4.0392,0.043796,1.0953
kk_grpo_v3_final_holdout_001415,NKK,NNN,0.136995,3,0.5630,-1.3113,0.555782,3.1763,NKK,0.587817,1,0.5557,0.5557,0.438469,2.4887,NKK,0.746635,1,1.5411,1.5411,0.371641,2.1658,KNK,0.201844,3,0.0004,-0.6818,0.508205,2.8771,NKK,0.650794,1,0.6363,0.6363,0.325101,1.9661
kk_grpo_v3_final_holdout_001416,KKN,KKN,0.678863,1,0.7503,0.7503,0.304065,1.8819,KKN,0.946584,1,2.8861,2.8861,0.101860,1.2359,KKN,0.996900,1,6.2537,6.2537,0.011128,1.0234,KKN,0.898628,1,2.2783,2.2783,0.172919,1.4327,KKN,0.997360,1,6.5982,6.5982,0.009897,1.0208
kk_grpo_v3_final_holdout_001417,KKK,KKK,0.999984,1,11.6479,11.6479,0.000102,1.0002,KKK,0.999998,1,13.6378,13.6378,0.000017,1.0000,KKK,0.999997,1,13.4757,13.4757,0.000020,1.0000,KKK,0.999998,1,13.6877,13.6877,0.000014,1.0000,KKK,1.000000,1,15.0004,15.0004,0.000004,1.0000
kk_grpo_v3_final_holdout_001418,NKK,KKN,0.119152,2,1.9890,-1.9890,0.202977,1.5251,KKN,0.095353,2,2.2488,-2.2488,0.155409,1.3815,KKN,0.025879,2,3.6276,-3.6276,0.059943,1.1327,KKN,0.002802,2,5.8736,-5.8736,0.013378,1.0282,KKN,0.010996,3,3.7500,-4.4759,0.081198,1.1839
kk_grpo_v3_final_holdout_001419,KKN,NKK,0.345928,2,0.2986,-0.2986,0.505751,2.8625,KKN,0.556093,1,0.3134,0.3134,0.392422,2.2615,NKK,0.497300,2,0.0047,-0.0047,0.342431,2.0382,KKN,0.802801,1,1.4832,1.4832,0.264379,1.7328,NKK,0.466789,2,0.1292,-0.1292,0.339045,2.0239
kk_grpo_v3_final_holdout_001420,KKN,KKN,0.999994,1,12.2524,12.2524,0.000042,1.0001,KKN,0.999999,1,15.0118,15.0118,0.000005,1.0000,KKN,0.999999,1,14.6257,14.6257,0.000005,1.0000,KKN,0.999998,1,13.3772,13.3772,0.000013,1.0000,KKN,1.000000,1,15.8476,15.8476,0.000002,1.0000
kk_grpo_v3_final_holdout_001421,KNK,KNK,0.571777,1,0.6250,0.6250,0.461991,2.6135,KNK,0.762282,1,1.3750,1.3750,0.328770,1.9811,KNK,0.989425,1,5.1252,5.1252,0.032057,1.0689,KNK,0.998446,1,6.6256,6.6256,0.005956,1.0125,KNK,0.985902,1,4.2503,4.2503,0.035768,1.0772
kk_grpo_v3_final_holdout_001422,NKK,NKK,0.773683,1,1.2454,1.2454,0.266258,1.7396,NKK,0.904185,1,2.2493,2.2493,0.153231,1.3752,NKK,0.924121,1,2.4999,2.4999,0.129243,1.3083,NKK,0.976989,1,3.7498,3.7498,0.052792,1.1160,NKK,0.939915,1,2.7501,2.7501,0.109272,1.2551
kk_grpo_v3_final_holdout_001423,NKK,NKK,0.607359,1,0.5553,0.5553,0.388835,2.2447,NKK,0.677905,1,0.8606,0.8606,0.358348,2.1068,NKK,0.869866,1,2.2859,2.2859,0.234949,1.6300,NKK,0.531117,1,0.4063,0.4063,0.458975,2.5971,NKK,0.828940,1,1.6151,1.6151,0.232874,1.6230
kk_grpo_v3_final_holdout_001424,NKN,KKN,0.146001,2,1.6788,-1.6788,0.318307,1.9385,KKN,0.015845,2,4.1213,-4.1213,0.060156,1.1333,KKN,0.000626,2,7.3746,-7.3746,0.004332,1.0090,KKN,0.000203,3,7.2511,-8.5006,0.003741,1.0078,KKN,0.000158,3,8.0001,-8.7497,0.002194,1.0046
kk_grpo_v3_final_holdout_001425,KNN,KNN,0.970181,1,4.3465,4.3465,0.085954,1.1957,KNN,0.996646,1,6.4640,6.4640,0.012847,1.0271,KNN,0.998374,1,7.1252,7.1252,0.006805,1.0143,KNN,0.999788,1,9.2627,9.2627,0.001081,1.0023,KNN,0.997131,1,5.9996,5.9996,0.010093,1.0212
kk_grpo_v3_final_holdout_001426,NNN,NNN,0.845125,1,1.7884,1.7884,0.235995,1.6335,NNN,0.935815,1,2.7493,2.7493,0.123831,1.2937,NNN,0.995497,1,5.6319,5.6319,0.015263,1.0322,NNN,0.999384,1,7.6243,7.6243,0.002675,1.0056,NNN,0.973861,1,3.6248,3.6248,0.058795,1.1300
kk_grpo_v3_final_holdout_001427,NKK,NKN,0.156162,2,1.4131,-1.4131,0.552914,3.1574,NKN,0.447464,2,0.0571,-0.0571,0.489168,2.7654,NKK,0.760410,1,1.2544,1.2544,0.312688,1.9160,NKK,0.544694,1,0.2348,0.2348,0.383533,2.2201,NKK,0.539654,1,0.4240,0.4240,0.507789,2.8746
kk_grpo_v3_final_holdout_001428,NNN,NNN,0.507504,1,0.1124,0.1124,0.410538,2.3483,KNK,0.279952,2,0.8839,-0.8839,0.369607,2.1567,KNK,0.067448,2,2.6083,-2.6083,0.160155,1.3952,KNK,0.441552,2,0.2301,-0.2301,0.339027,2.0238,KNK,0.377559,2,0.4857,-0.4857,0.341401,2.0338
kk_grpo_v3_final_holdout_001429,KKN,KKN,0.896540,1,2.2920,2.2920,0.181105,1.4573,KKN,0.968794,1,3.8983,3.8983,0.076734,1.1730,KKN,0.904879,1,2.3875,2.3875,0.171528,1.4286,KKN,0.999677,1,8.4047,8.4047,0.001533,1.0032,KKN,0.979797,1,3.9155,3.9155,0.048964,1.1072
kk_grpo_v3_final_holdout_001430,NKN,NKN,0.609133,1,0.7052,0.7052,0.448091,2.5390,NKN,0.604704,1,0.5586,0.5586,0.409730,2.3444,NKN,0.834653,1,2.1671,2.1671,0.271394,1.7583,NKN,0.846285,1,1.7187,1.7187,0.211987,1.5540,NKN,0.783446,1,1.3337,1.3337,0.272572,1.7626
kk_grpo_v3_final_holdout_001431,NKK,NKK,0.434224,1,0.4522,0.4522,0.673711,4.0590,NKK,0.656080,1,1.2822,1.2822,0.473027,2.6742,NKK,0.771372,1,2.1014,2.1014,0.374840,2.1803,NKK,0.674932,1,1.2980,1.2980,0.447300,2.5348,NKK,0.556088,1,0.5002,0.5002,0.480232,2.7145
kk_grpo_v3_final_holdout_001432,NKN,NKN,0.565631,1,0.7409,0.7409,0.559041,3.1979,NKN,0.722376,1,1.6545,1.6545,0.437388,2.4831,NKN,0.881651,1,2.6167,2.6167,0.248570,1.6768,NKN,0.619744,1,1.1310,1.1310,0.455832,2.5802,NKN,0.858038,1,2.6096,2.6096,0.273954,1.7677
kk_grpo_v3_final_holdout_001433,NNN,NNN,0.996177,1,5.6250,5.6250,0.012490,1.0263,NNN,0.996366,1,5.6250,5.6250,0.011667,1.0246,NNN,0.999167,1,7.1250,7.1250,0.003304,1.0069,NNN,0.998497,1,6.5000,6.5000,0.005430,1.0114,NNN,0.999728,1,8.2500,8.2500,0.001228,1.0026
kk_grpo_v3_final_holdout_001434,KNN,KNN,0.945800,1,2.8600,2.8600,0.101463,1.2349,KNN,0.802041,1,1.3991,1.3991,0.239287,1.6447,KNN,0.987525,1,4.3716,4.3716,0.032274,1.0694,KNN,0.883596,1,2.0270,2.0270,0.173011,1.4330,KNN,0.962573,1,3.2473,3.2473,0.076813,1.1732
kk_grpo_v3_final_holdout_001435,KNK,KNK,0.625424,1,0.9158,0.9158,0.488679,2.7626,KNK,0.767533,1,1.3656,1.3656,0.320860,1.9488,KNK,0.720039,1,1.0025,1.0025,0.320958,1.9492,KNK,0.983846,1,4.4958,4.4958,0.044682,1.0974,KNK,0.936190,1,2.8647,2.8647,0.127950,1.3048
kk_grpo_v3_final_holdout_001436,KKN,NKK,0.162476,2,1.5839,-1.5839,0.302062,1.8741,NKK,0.201897,2,1.3717,-1.3717,0.249381,1.6796,NKK,0.004515,3,1.2759,-5.1495,0.265219,1.7359,NKK,0.029336,3,3.2492,-3.4611,0.138290,1.3332,NKK,0.015908,2,4.1243,-4.1243,0.041827,1.0909
kk_grpo_v3_final_holdout_001437,KKN,KNN,0.101841,3,0.9228,-1.8250,0.455805,2.5801,KNN,0.317406,2,0.3668,-0.3668,0.509688,2.8860,KNN,0.247948,2,1.0061,-1.0061,0.385723,2.2302,KKN,0.543591,1,0.3823,0.3823,0.437444,2.4834,KKN,0.996722,1,5.8190,5.8190,0.011106,1.0234
kk_grpo_v3_final_holdout_001438,NKK,NKK,0.531018,1,0.1244,0.1244,0.332815,1.9978,NKK,0.882260,1,2.0142,2.0142,0.174374,1.4371,NKK,0.985897,1,4.2480,4.2480,0.035684,1.0770,NKK,0.956769,1,3.0972,3.0972,0.085684,1.1950,NKK,0.976948,1,3.7471,3.7471,0.052795,1.1160
kk_grpo_v3_final_holdout_001439,NNN,NNN,0.999799,1,8.7514,8.7514,0.000981,1.0020,NNN,0.999879,1,9.3127,9.3127,0.000627,1.0013,NNN,0.999724,1,8.3126,8.3126,0.001276,1.0027,NNN,0.999733,1,8.3751,8.3751,0.001243,1.0026,NNN,0.999912,1,10.0001,10.0001,0.000477,1.0010
kk_grpo_v3_final_holdout_001440,KNN,KNN,0.918355,1,2.6348,2.6348,0.155281,1.3811,KNN,0.922439,1,2.7420,2.7420,0.151455,1.3702,KNN,0.983138,1,4.4924,4.4924,0.046386,1.1013,KNN,0.998793,1,7.0001,7.0001,0.004807,1.0100,KNN,0.993943,1,5.6250,5.6250,0.019749,1.0419
kk_grpo_v3_final_holdout_001441,KKK,KKK,0.679159,1,0.7501,0.7501,0.302021,1.8739,KNK,0.294216,2,0.8750,-0.8750,0.291465,1.8332,KKK,0.817573,1,1.5000,1.5000,0.228467,1.6081,KKK,0.995392,1,5.3753,5.3753,0.014136,1.0298,KKK,0.592687,1,0.3751,0.3751,0.325037,1.9658
kk_grpo_v3_final_holdout_001442,NNK,NNK,0.761845,1,1.7918,1.7918,0.355386,2.0938,NNK,0.715195,1,1.4338,1.4338,0.394476,2.2712,NNK,0.761551,1,1.7083,1.7083,0.352949,2.0833,NNK,0.954296,1,3.2508,3.2508,0.100392,1.2321,NNK,0.977092,1,4.7584,4.7584,0.064666,1.1439
kk_grpo_v3_final_holdout_001443,KNK,KNN,0.483323,2,0.0641,-0.0641,0.337704,2.0183,KNN,0.312437,2,0.7884,-0.7884,0.299638,1.8647,KNK,0.813913,1,1.4760,1.4760,0.231380,1.6179,KNK,0.882269,1,2.0141,2.0141,0.174301,1.4368,KNK,0.987475,1,4.3694,4.3694,0.032455,1.0698
kk_grpo_v3_final_holdout_001444,NKN,NKN,0.620183,1,0.5262,0.5262,0.350315,2.0719,NKN,0.796286,1,1.3754,1.3754,0.250287,1.6828,NKN,0.793124,1,1.3727,1.3727,0.259189,1.7142,NKN,0.763363,1,2.1376,2.1376,0.387071,2.2365,NNN,0.232432,2,1.0307,-1.0307,0.440099,2.4972
kk_grpo_v3_final_holdout_001445,NKK,NKN,0.308041,2,0.7863,-0.7863,0.333603,2.0011,NKK,0.943324,1,3.0000,3.0000,0.117215,1.2760,NKK,0.970329,1,3.6176,3.6176,0.069552,1.1556,NKK,0.992915,1,4.9983,4.9983,0.020984,1.0446,NKK,0.891140,1,2.1110,2.1110,0.168051,1.4183
kk_grpo_v3_final_holdout_001446,KNK,KNK,0.622437,1,0.5005,0.5005,0.319779,1.9444,KNK,0.777266,1,1.2500,1.2500,0.255211,1.7001,NKK,0.222656,2,1.2502,-1.2502,0.255328,1.7005,KNK,0.962644,1,3.2500,3.2500,0.076803,1.1732,KNK,0.880682,1,1.9999,1.9999,0.176252,1.4427
kk_grpo_v3_final_holdout_001447,NKN,NNN,0.208396,3,0.9440,-0.9830,0.516666,2.9282,NNN,0.219842,2,0.9999,-0.9999,0.462907,2.6185,NNN,0.269125,2,0.8730,-0.8730,0.413900,2.3648,KNN,0.315082,2,0.2507,-0.2507,0.530023,3.0106,KNN,0.008871,4,1.2540,-4.4057,0.376658,2.1885
kk_grpo_v3_final_holdout_001448,NKN,NKN,0.952470,1,2.9998,2.9998,0.092286,1.2116,NKN,0.974032,1,3.6247,3.6247,0.057934,1.1280,NKN,0.998818,1,6.7499,6.7499,0.004435,1.0093,NKN,0.999445,1,7.4991,7.4991,0.002272,1.0047,NKN,0.997752,1,6.2542,6.2542,0.008186,1.0172
kk_grpo_v3_final_holdout_001449,NKK,NKK,0.892386,1,2.1240,2.1240,0.166860,1.4148,KNK,0.499956,2,0.0001,-0.0001,0.333624,2.0012,NKK,0.990134,1,4.6250,4.6250,0.027030,1.0578,NKK,0.999928,1,9.8125,9.8125,0.000385,1.0008,NKK,0.998315,1,7.3122,7.3122,0.006978,1.0146
kk_grpo_v3_final_holdout_001450,NNN,NNN,0.985414,1,4.5000,4.5000,0.041039,1.0891,NNN,0.997263,1,6.1250,6.1250,0.009760,1.0205,NNK,0.268919,2,1.0000,-1.0000,0.280338,1.7913,NNN,0.996390,1,5.6250,5.6250,0.011549,1.0243,NNK,0.407316,2,0.3750,-0.3750,0.325154,1.9663
kk_grpo_v3_final_holdout_001451,NNK,KNK,0.001929,5,1.7402,-5.9754,0.368170,2.1503,KNK,0.000440,6,1.1214,-7.3447,0.411786,2.3544,KKN,0.000007,6,3.9909,-11.8740,0.096151,1.2213,KKN,0.000005,6,0.8749,-11.9030,0.299448,1.8639,KKN,0.000035,5,2.0011,-10.1302,0.189584,1.4832
kk_grpo_v3_final_holdout_001452,KKK,KKK,0.999936,1,9.9380,9.9380,0.000346,1.0007,KKK,0.999982,1,11.3126,11.3126,0.000112,1.0002,KKK,0.999994,1,12.3124,12.3124,0.000036,1.0001,KKK,0.999995,1,12.6250,12.6250,0.000031,1.0001,KKK,0.999997,1,13.5623,13.5623,0.000018,1.0000
kk_grpo_v3_final_holdout_001453,NKK,NKK,0.752466,1,1.1647,1.1647,0.296420,1.8522,NKK,0.893209,1,2.1262,2.1262,0.164267,1.4072,NKK,0.981837,1,4.0000,4.0000,0.044163,1.0962,NKK,0.795093,1,1.3738,1.3738,0.253259,1.6932,NKK,0.957382,1,3.1245,3.1245,0.086108,1.1961
kk_grpo_v3_final_holdout_001454,NKK,NKK,0.742061,1,1.0580,1.0580,0.275919,1.7749,NKK,0.967019,1,3.3798,3.3798,0.069915,1.1565,NKK,0.987569,1,4.3785,4.3785,0.032332,1.0695,NNN,0.226865,2,1.2165,-1.2165,0.277485,1.7807,NKK,0.745193,1,1.0799,1.0799,0.277936,1.7824
kk_grpo_v3_final_holdout_001455,NNK,NKK,0.436869,2,0.1709,-0.1709,0.426385,2.4270,NKK,0.355960,2,0.5800,-0.5800,0.336349,2.0126,NNK,0.678822,1,0.7501,0.7501,0.303963,1.8815,KNK,0.209518,2,1.1477,-1.1477,0.443863,2.5168,NNK,0.797886,1,1.3750,1.3750,0.243445,1.6590
kk_grpo_v3_final_holdout_001456,KKK,KKK,0.999606,1,7.8750,7.8750,0.001708,1.0036,KKK,0.999989,1,11.9375,11.9375,0.000071,1.0001,KKK,0.999979,1,11.1250,11.1250,0.000126,1.0003,KKK,0.999735,1,8.2500,8.2500,0.001185,1.0025,KKK,0.999999,1,14.6010,14.6010,0.000007,1.0000
kk_grpo_v3_final_holdout_001457,NKN,NKN,0.997487,1,6.0003,6.0003,0.008568,1.0180,NKN,0.990234,1,4.6206,4.6206,0.026472,1.0566,NKN,0.993266,1,4.9959,4.9959,0.019473,1.0413,NKN,0.999082,1,6.9997,6.9997,0.003551,1.0074,NKN,0.999081,1,6.9998,6.9998,0.003558,1.0074
kk_grpo_v3_final_holdout_001458,NKN,NKN,0.956925,1,3.1256,3.1256,0.088064,1.2010,NKN,0.996912,1,6.2505,6.2505,0.011189,1.0235,NKN,0.990168,1,4.6243,4.6243,0.026888,1.0575,NKN,0.997911,1,6.2490,6.2490,0.007482,1.0157,NKN,0.985889,1,4.3748,4.3748,0.038187,1.0826
kk_grpo_v3_final_holdout_001459,NNK,NNK,0.752878,1,1.1547,1.1547,0.292501,1.8372,NNK,0.783469,1,1.4105,1.4105,0.290620,1.8300,NNK,0.956284,1,3.2818,3.2818,0.098807,1.2281,NNK,0.963804,1,3.3504,3.3504,0.079367,1.1794,NNK,0.989111,1,5.3049,5.3049,0.034647,1.0747
kk_grpo_v3_final_holdout_001460,KKK,KKK,0.998463,1,6.5000,6.5000,0.005609,1.0117,KKK,0.996402,1,5.6242,5.6242,0.011474,1.0241,KKK,0.998998,1,6.9058,6.9058,0.003811,1.0080,KKK,0.999851,1,8.8114,8.8114,0.000705,1.0015,KKK,0.999665,1,8.1020,8.1020,0.001501,1.0031
kk_grpo_v3_final_holdout_001461,NKN,NKN,0.856987,1,1.9728,1.9728,0.231614,1.6187,NKN,0.701380,1,1.1266,1.1266,0.372991,2.1719,NKN,0.990526,1,4.6821,4.6821,0.026438,1.0565,NKN,0.999650,1,8.0265,8.0265,0.001556,1.0032,NKN,0.998602,1,7.0004,7.0004,0.005580,1.0117
kk_grpo_v3_final_holdout_001462,KNK,KKK,0.348630,2,0.6249,-0.6249,0.311613,1.9117,KKK,0.085099,2,2.3750,-2.3750,0.139993,1.3379,KKK,0.407333,2,0.3750,-0.3750,0.325045,1.9658,KNK,0.924131,1,2.5000,2.5000,0.129209,1.3082,KKK,0.132965,2,1.8750,-1.8750,0.188508,1.4799
kk_grpo_v3_final_holdout_001463,NKK,NKK,0.893078,1,2.1302,2.1302,0.166192,1.4128,NKK,0.985884,1,4.2598,4.2598,0.036216,1.0782,NKK,0.992385,1,4.8810,4.8810,0.021775,1.0463,NKK,0.998291,1,7.0689,7.0689,0.006659,1.0139,NKK,0.988940,1,4.5332,4.5332,0.030173,1.0648
kk_grpo_v3_final_holdout_001464,NNN,NNN,0.957862,1,3.1250,3.1250,0.084195,1.1913,NNN,0.970673,1,3.5000,3.5000,0.063730,1.1417,NNN,0.996390,1,5.6250,5.6250,0.011547,1.0243,NNN,0.995927,1,5.5001,5.5001,0.012749,1.0269,NNN,0.998064,1,6.2499,6.2499,0.006778,1.0142
kk_grpo_v3_final_holdout_001465,KNK,KNK,0.851493,1,1.7500,1.7500,0.203955,1.5282,KNK,0.592665,1,0.3750,0.3750,0.325077,1.9660,KNK,0.970657,1,3.5001,3.5001,0.063848,1.1420,KNK,0.946548,1,2.8751,2.8751,0.100518,1.2325,KNK,0.952570,1,3.0005,3.0005,0.091921,1.2106
kk_grpo_v3_final_holdout_001466,NKK,NKK,0.755972,1,1.4343,1.4343,0.341660,2.0349,NKK,0.891193,1,2.2512,2.2512,0.187923,1.4781,NKK,0.865822,1,1.9003,1.9003,0.201082,1.5191,NKK,0.939725,1,2.7535,2.7535,0.110834,1.2592,NKK,0.931242,1,2.6268,2.6268,0.124161,1.2946
kk_grpo_v3_final_holdout_001467,KKN,KKN,0.778844,1,1.9414,1.9414,0.332008,1.9945,KKN,0.904554,1,2.3769,2.3769,0.168718,1.4203,KKN,0.600252,1,1.0076,1.0076,0.456202,2.5822,KKN,0.996485,1,6.1798,6.1798,0.012475,1.0263,KKN,0.879507,1,2.6623,2.6623,0.217329,1.5713
kk_grpo_v3_final_holdout_001468,KKK,KKK,0.535149,1,0.4163,0.4163,0.475479,2.6878,KKK,0.903302,1,2.3076,2.3076,0.165393,1.4105,KKK,0.697965,1,0.8408,0.8408,0.297982,1.8583,KKK,0.933778,1,2.6493,2.6493,0.117956,1.2780,KKK,0.970172,1,3.4969,3.4969,0.065717,1.1464
kk_grpo_v3_final_holdout_001469,KNK,KNK,0.782554,1,1.5085,1.5085,0.315056,1.9254,KNK,0.867781,1,1.9939,1.9939,0.211887,1.5536,KNK,0.895191,1,2.2336,2.2336,0.177565,1.4466,KNK,0.998027,1,6.7491,6.7491,0.007499,1.0157,KNK,0.973616,1,3.9924,3.9924,0.066586,1.1485
kk_grpo_v3_final_holdout_001470,NKN,KNN,0.210672,2,0.9275,-0.9275,0.619096,3.6233,KNN,0.097355,3,0.6455,-1.7738,0.491816,2.7807,KKK,0.327569,2,0.6434,-0.6434,0.401640,2.3052,KNN,0.002652,3,0.1300,-5.2970,0.348298,2.0632,KKK,0.011351,3,2.1607,-4.3556,0.195684,1.5022
kk_grpo_v3_final_holdout_001471,NKN,NKN,0.687127,1,0.7887,0.7887,0.301103,1.8704,NKN,0.705709,1,0.8753,0.8753,0.292187,1.8360,NKN,0.962803,1,3.2551,3.2551,0.076646,1.1728,NKN,0.882295,1,2.0145,2.0145,0.174358,1.4370,NKN,0.923468,1,2.4907,2.4907,0.130036,1.3105
kk_grpo_v3_final_holdout_001472,KNK,KNK,0.967364,1,3.5173,3.5173,0.076636,1.1728,KNK,0.988762,1,4.5062,4.5062,0.030497,1.0655,KNK,0.995298,1,5.5007,5.5007,0.015479,1.0327,KNK,0.999090,1,7.2546,7.2546,0.003777,1.0079,KNK,0.993270,1,5.3750,5.3750,0.021788,1.0463
kk_grpo_v3_final_holdout_001473,KKK,KKK,0.996112,1,5.6477,5.6477,0.012955,1.0273,KKK,0.999658,1,8.0065,8.0065,0.001501,1.0031,KKK,0.999948,1,9.8759,9.8759,0.000274,1.0006,KKK,0.999988,1,11.3764,11.3764,0.000070,1.0001,KKK,0.999992,1,11.7505,11.7505,0.000050,1.0001
kk_grpo_v3_final_holdout_001474,NNK,NNK,0.998156,1,7.0082,7.0082,0.007288,1.0153,NNK,0.999538,1,7.7525,7.7525,0.001988,1.0041,NNK,0.999899,1,9.3168,9.3168,0.000517,1.0011,NNK,0.999964,1,10.3151,10.3151,0.000198,1.0004,NNK,0.999902,1,9.3170,9.3170,0.000501,1.0010
kk_grpo_v3_final_holdout_001475,NNK,NNK,0.999622,1,8.2497,8.2497,0.001738,1.0036,NNK,0.999661,1,8.2500,8.2500,0.001558,1.0032,NNK,0.999908,1,9.8748,9.8748,0.000495,1.0010,NNK,0.999497,1,7.6250,7.6250,0.002115,1.0044,NNK,0.996388,1,5.6250,5.6250,0.011561,1.0243
kk_grpo_v3_final_holdout_001476,KNK,KNK,0.884556,1,2.3414,2.3414,0.204331,1.5294,KNK,0.876420,1,2.5631,2.5631,0.220840,1.5828,KNK,0.922149,1,3.0869,3.0869,0.157386,1.3872,KNK,0.959745,1,3.8546,3.8546,0.094603,1.2174,KNK,0.847110,1,1.8517,1.8517,0.234134,1.6272
kk_grpo_v3_final_holdout_001477,NNN,NNN,0.993974,1,5.1958,5.1958,0.018796,1.0399,NNN,0.999043,1,7.0025,7.0025,0.003756,1.0078,NNN,0.999672,1,8.0692,8.0692,0.001459,1.0030,NNN,0.999940,1,10.0899,10.0899,0.000332,1.0007,NNN,0.999762,1,8.3968,8.3968,0.001099,1.0023
kk_grpo_v3_final_holdout_001478,KNN,NKN,0.348624,2,0.6250,-0.6250,0.311320,1.9105,NKN,0.377524,2,0.5000,-0.5000,0.318864,1.9407,NKN,0.164459,2,1.6254,-1.6254,0.215003,1.5637,NKN,0.268913,2,1.0001,-1.0001,0.279972,1.7899,NKN,0.377503,2,0.5000,-0.5000,0.319324,1.9426
kk_grpo_v3_final_holdout_001479,KNN,KNK,0.083231,4,0.5190,-1.7500,0.579936,3.3399,KNK,0.026703,4,0.0722,-2.8750,0.471352,2.6649,KNK,0.033242,4,0.7585,-2.8750,0.486913,2.7525,KNK,0.426040,2,0.0000,-0.0000,0.531634,3.0207,KNK,0.084133,4,1.1360,-2.0000,0.505129,2.8588
kk_grpo_v3_final_holdout_001480,NKK,NKK,0.904426,1,2.2500,2.2500,0.152551,1.3733,NKK,0.993995,1,5.1250,5.1250,0.017914,1.0380,NKK,0.997420,1,6.0000,6.0000,0.008877,1.0186,NKK,0.999679,1,8.5000,8.5000,0.001516,1.0032,NKK,0.998469,1,6.5000,6.5000,0.005586,1.0117
kk_grpo_v3_final_holdout_001481,KNK,KNK,0.487890,1,0.5000,0.5000,0.589146,3.4045,KNK,0.709981,1,2.0000,2.0000,0.460067,2.6030,KNK,0.576008,1,0.8750,0.8750,0.521835,2.9598,KNN,0.001845,4,3.3026,-6.2500,0.099993,1.2311,KNN,0.090500,2,2.2500,-2.2500,0.251572,1.6873
kk_grpo_v3_final_holdout_001482,KKK,KKK,0.999965,1,10.9375,10.9375,0.000208,1.0004,KKK,0.999996,1,13.2706,13.2706,0.000029,1.0001,KKK,0.999996,1,13.0000,13.0000,0.000027,1.0001,KKK,0.999995,1,13.0000,13.0000,0.000036,1.0001,KKK,0.999995,1,12.3750,12.3750,0.000030,1.0001
kk_grpo_v3_final_holdout_001483,NNK,NNK,0.825914,1,1.8809,1.8809,0.275414,1.7731,NNK,0.836696,1,1.9303,1.9303,0.272755,1.7633,NNK,0.944461,1,3.6486,3.6486,0.132642,1.3176,NNK,0.987388,1,4.7706,4.7706,0.036784,1.0795,NNK,0.968447,1,4.1514,4.1514,0.084031,1.1909
kk_grpo_v3_final_holdout_001484,NNK,NNK,0.984078,1,4.1250,4.1250,0.039359,1.0853,NNK,0.996819,1,5.7500,5.7500,0.010353,1.0218,NNK,0.998958,1,6.8750,6.8750,0.003967,1.0083,NNK,0.999856,1,8.8750,8.8750,0.000693,1.0014,NNK,0.999367,1,7.3750,7.3750,0.002565,1.0053
kk_grpo_v3_final_holdout_001485,NNN,NNN,0.999055,1,7.1252,7.1252,0.003836,1.0080,NNN,0.999736,1,8.3751,8.3751,0.001234,1.0026,NNN,0.999831,1,9.1250,9.1250,0.000848,1.0018,NNN,0.999500,1,7.6252,7.6252,0.002100,1.0044,NNN,0.999904,1,10.1250,10.1250,0.000523,1.0011
kk_grpo_v3_final_holdout_001486,NNN,NNN,0.979458,1,3.8745,3.8745,0.048718,1.1066,NNN,0.932391,1,2.6249,2.6249,0.119211,1.2813,NNN,0.835457,1,1.6249,1.6249,0.215124,1.5641,NNN,0.977010,1,3.7499,3.7499,0.052684,1.1158,NNN,0.952560,1,2.9998,2.9998,0.091832,1.2104
kk_grpo_v3_final_holdout_001487,NKK,NKK,0.868455,1,2.5710,2.5710,0.254985,1.6993,NKK,0.650569,1,1.2565,1.2565,0.430009,2.4453,NKK,0.891335,1,2.1323,2.1323,0.173015,1.4330,NKK,0.997465,1,6.3512,6.3512,0.009609,1.0202,NKK,0.980808,1,4.3750,4.3750,0.052364,1.1150
kk_grpo_v3_final_holdout_001488,NNK,NNK,0.683115,1,1.5005,1.5005,0.444620,2.5208,NNK,0.861760,1,2.2509,2.2509,0.242426,1.6555,NNK,0.970084,1,3.6549,3.6549,0.072798,1.1634,NNK,0.820799,1,1.8298,1.8298,0.279613,1.7886,NNK,0.930708,1,3.0047,3.0047,0.148266,1.3611
kk_grpo_v3_final_holdout_001489,NKN,NNK,0.400451,2,0.2503,-0.2503,0.463147,2.6198,NKN,0.861460,1,2.2497,2.2497,0.243940,1.6607,NKN,0.872008,1,2.1242,2.1242,0.218276,1.5744,NKN,0.950945,1,3.5001,3.5001,0.110889,1.2593,NKN,0.883616,1,2.2499,2.2499,0.207812,1.5405
kk_grpo_v3_final_holdout_001490,KNN,KNN,0.678944,1,0.7500,0.7500,0.303263,1.8788,KNN,0.893145,1,2.1250,2.1250,0.164114,1.4067,KNN,0.817440,1,1.5000,1.5000,0.229200,1.6106,KNN,0.867020,1,1.8750,1.8750,0.188613,1.4802,KNN,0.966739,1,3.3750,3.3750,0.070706,1.1584
kk_grpo_v3_final_holdout_001491,NNN,NNN,0.915452,1,2.7237,2.7237,0.164034,1.4065,NNN,0.940212,1,2.8683,2.8683,0.118798,1.2802,NNK,0.341543,2,0.6250,-0.6250,0.352552,2.0815,NNN,0.629768,1,0.6250,0.6250,0.370788,2.1620,NNK,0.019736,3,3.4796,-3.8750,0.110153,1.2574
kk_grpo_v3_final_holdout_001492,KKN,KNN,0.320818,2,0.7500,-0.7500,0.301882,1.8734,KKN,0.893308,1,2.1250,2.1250,0.163294,1.4043,KKN,0.985936,1,4.2500,4.2500,0.035558,1.0767,KKN,0.985927,1,4.2500,4.2500,0.035615,1.0769,KKN,0.987565,1,4.3750,4.3750,0.032193,1.0692
kk_grpo_v3_final_holdout_001493,KKN,KKN,0.892857,1,2.1450,2.1450,0.170245,1.4248,KKN,0.981893,1,4.0161,4.0161,0.044637,1.0973,KKN,0.939842,1,2.7787,2.7787,0.113258,1.2656,KKN,0.992375,1,4.8905,4.8905,0.021963,1.0467,KKN,0.981989,1,3.9998,3.9998,0.043465,1.0946
kk_grpo_v3_final_holdout_001494,KKN,KKN,0.999752,1,9.0228,9.0228,0.001209,1.0025,KKN,0.999967,1,10.8826,10.8826,0.000193,1.0004,KKN,0.999962,1,10.6410,10.6410,0.000220,1.0005,KKN,0.999964,1,10.8754,10.8754,0.000207,1.0004,KKN,0.999976,1,10.7516,10.7516,0.000142,1.0003
kk_grpo_v3_final_holdout_001495,NKK,NNN,0.222516,2,1.2475,-1.2475,0.264495,1.7333,NKK,0.499978,1,0.0111,0.0111,0.348193,2.0628,NNN,0.320834,2,0.7357,-0.7357,0.326121,1.9702,NNN,0.437895,2,0.1608,-0.1608,0.408340,2.3376,NNN,0.106706,2,2.1067,-2.1067,0.202089,1.5223
kk_grpo_v3_final_holdout_001496,NNK,NNK,0.720105,1,1.3963,1.3963,0.382566,2.2156,NNK,0.878129,1,2.2216,2.2216,0.209526,1.5460,NNK,0.913496,1,2.6296,2.6296,0.165249,1.4101,NNK,0.883496,1,2.1269,2.1269,0.191294,1.4885,NNK,0.975664,1,4.3195,4.3195,0.068981,1.1542
kk_grpo_v3_final_holdout_001497,NNN,NNN,0.931368,1,2.6244,2.6244,0.123097,1.2917,NNN,0.903315,1,2.2489,2.2489,0.156285,1.3840,NNN,0.946235,1,2.8755,2.8755,0.101882,1.2360,NNN,0.931908,1,2.6262,2.6262,0.121383,1.2871,NNN,0.946333,1,2.8765,2.8765,0.101636,1.2353
kk_grpo_v3_final_holdout_001498,KKK,KKK,0.993270,1,5.6331,5.6331,0.021773,1.0463,KKK,0.999508,1,7.7683,7.7683,0.002143,1.0045,KKK,0.998671,1,6.6380,6.6380,0.004932,1.0103,KKK,0.867234,1,1.9657,1.9657,0.206914,1.5377,KKK,0.999999,1,13.9393,13.9393,0.000009,1.0000
kk_grpo_v3_final_holdout_001499,NKK,NKN,0.268893,2,1.0000,-1.0000,0.280842,1.7932,NKK,0.798180,1,1.3750,1.3750,0.241893,1.6537,NKK,0.987555,1,4.3750,4.3750,0.032254,1.0694,NKN,0.164513,2,1.6250,-1.6250,0.215073,1.5640,NKK,0.914877,1,2.3750,2.3750,0.140106,1.3382
kk_grpo_v3_final_holdout_001500,NKK,NKN,0.393804,2,0.3750,-0.3750,0.384795,2.2259,NKK,0.887309,1,2.1250,2.1250,0.181655,1.4590,NKK,0.979355,1,3.8750,3.8750,0.049284,1.1079,NKK,0.961189,1,3.3750,3.3750,0.086944,1.1982,NKK,0.989714,1,5.0000,5.0000,0.030848,1.0662
kk_grpo_v3_final_holdout_001501,NNN,NNN,0.880665,1,2.0159,2.0159,0.181055,1.4572,NNN,0.866949,1,1.8982,1.8982,0.195968,1.5031,NNN,0.974008,1,3.6278,3.6278,0.058342,1.1290,NNN,0.999325,1,7.3983,7.3983,0.002824,1.0059,NNN,0.998015,1,6.2514,6.2514,0.007046,1.0148
kk_grpo_v3_final_holdout_001502,NKK,NKN,0.353882,2,0.1250,-0.1250,0.519000,2.9424,NKK,0.795332,1,1.3715,1.3715,0.250989,1.6853,NKK,0.849588,1,1.7474,1.7474,0.209535,1.5461,NKK,0.922031,1,2.8488,2.8488,0.155031,1.3804,NKK,0.903310,1,2.2487,2.2487,0.156240,1.3839
kk_grpo_v3_final_holdout_001503,KNN,NNK,0.164635,3,1.1430,-1.1917,0.575592,3.3099,NKK,0.118752,3,0.8562,-1.6370,0.460837,2.6072,NKN,0.005217,5,1.2278,-4.9562,0.348139,2.0625,NNK,0.019731,3,0.0029,-3.2117,0.380712,2.2071,NNK,0.004630,4,0.6250,-4.8285,0.460417,2.6049
kk_grpo_v3_final_holdout_001504,KNK,KNK,0.421281,1,0.3441,0.3441,0.597306,3.4627,KNK,0.712138,1,1.4040,1.4040,0.425518,2.4226,KNK,0.977184,1,4.2440,4.2440,0.062373,1.1385,KNK,0.997126,1,6.1242,6.1242,0.010496,1.0221,KNK,0.985503,1,4.2542,4.2542,0.037528,1.0812
kk_grpo_v3_final_holdout_001505,KKN,KKN,0.880588,1,2.0017,2.0017,0.177480,1.4464,KKN,0.987555,1,4.3761,4.3761,0.032304,1.0695,KKN,0.962624,1,3.2503,3.2503,0.076958,1.1735,KKN,0.993964,1,5.1248,5.1248,0.018026,1.0382,KKN,0.998011,1,6.5004,6.5004,0.007446,1.0156
kk_grpo_v3_final_holdout_001506,KNN,KNN,0.561747,1,0.3114,0.3114,0.384583,2.2249,KNN,0.592442,1,0.3858,0.3858,0.338075,2.0198,NKN,0.095286,2,2.2170,-2.2170,0.214943,1.5636,KNN,0.925722,1,2.5375,2.5375,0.130187,1.3109,NNN,0.182034,3,0.7499,-1.1152,0.476716,2.6947
kk_grpo_v3_final_holdout_001507,NKK,KNK,0.291569,2,0.8716,-0.8716,0.321454,1.9512,KNK,0.437685,2,0.2018,-0.2018,0.381788,2.2120,KKN,0.095172,3,1.6194,-2.0647,0.362457,2.1249,KNK,0.060031,2,2.6890,-2.6890,0.212172,1.5546,KKK,0.059522,3,2.1358,-2.6480,0.262597,1.7264
kk_grpo_v3_final_holdout_001508,NNK,NNK,0.616567,1,0.5009,0.5009,0.345439,2.0510,NNK,0.795363,1,1.3754,1.3754,0.253436,1.6939,NNK,0.971485,1,3.6256,3.6256,0.067334,1.1503,NNK,0.851521,1,1.7522,1.7522,0.204630,1.5304,NNK,0.992890,1,5.0010,5.0010,0.021284,1.0453
kk_grpo_v3_final_holdout_001509,KKN,KNK,0.219858,2,1.0001,-1.0001,0.500874,2.8336,KKN,0.638463,1,0.8749,0.8749,0.416275,2.3765,KKN,0.636226,1,0.6145,0.6145,0.359061,2.1099,KKN,0.996537,1,6.3743,6.3743,0.012399,1.0261,KKN,0.890560,1,2.2220,2.2220,0.192310,1.4917
kk_grpo_v3_final_holdout_001510,KNN,KNN,0.914508,1,2.3782,2.3782,0.142623,1.3452,KNN,0.979502,1,3.8768,3.8768,0.048701,1.1066,KNN,0.998978,1,7.0006,7.0006,0.004052,1.0085,KNN,0.999905,1,9.6264,9.6264,0.000500,1.0010,KNN,0.999589,1,8.1250,8.1250,0.001867,1.0039
kk_grpo_v3_final_holdout_001511,NKN,NNN,0.026237,4,0.2630,-2.8889,0.538244,3.0625,KNN,0.014241,4,0.7423,-3.6240,0.515513,2.9212,KNN,0.023995,4,2.1146,-3.4902,0.349246,2.0673,KNN,0.008314,4,0.2543,-3.8798,0.541814,3.0854,KNN,0.000057,5,2.1243,-9.6478,0.182534,1.4617
kk_grpo_v3_final_holdout_001512,NNK,NNK,0.759232,1,2.3050,2.3050,0.446017,2.5281,NNK,0.902198,1,2.9672,2.9672,0.222852,1.5895,NNK,0.986230,1,4.8299,4.8299,0.043178,1.0939,NNK,0.945904,1,3.2697,3.2697,0.126290,1.3003,NNK,0.945450,1,3.2627,3.2627,0.124250,1.2948
kk_grpo_v3_final_holdout_001513,KNN,KKN,0.003585,4,2.2517,-5.5114,0.205658,1.5337,KKN,0.000443,6,2.6206,-7.6147,0.206844,1.5374,KKK,0.000002,7,3.9244,-13.2731,0.075021,1.1688,KKK,0.000005,6,1.6326,-11.9705,0.294407,1.8445,KKN,0.000001,6,0.6114,-13.0369,0.360814,2.1176
kk_grpo_v3_final_holdout_001514,KKN,KKN,0.808023,1,2.1493,2.1493,0.331891,1.9940,KKN,0.838710,1,1.9514,1.9514,0.269267,1.7505,KKN,0.533277,1,0.2187,0.2187,0.397175,2.2839,KKN,0.971579,1,3.7457,3.7457,0.071297,1.1598,KKK,0.033589,2,3.3458,-3.3458,0.105065,1.2442
kk_grpo_v3_final_holdout_001515,NNN,NNN,0.379066,1,0.0390,0.0390,0.596557,3.4574,KNK,0.152511,2,1.6216,-1.6216,0.355960,2.0963,KNK,0.131932,3,0.1250,-1.2081,0.542880,3.0922,KNN,0.040820,3,0.6250,-2.7258,0.387695,2.2394,KNK,0.017790,3,1.2500,-3.7556,0.304968,1.8854
kk_grpo_v3_final_holdout_001516,KKN,KKN,0.951508,1,3.1251,3.1251,0.102746,1.2382,KKN,0.991627,1,4.8751,4.8751,0.024545,1.0524,KKN,0.999244,1,7.2502,7.2502,0.003062,1.0064,KKN,0.999560,1,7.7502,7.7502,0.001868,1.0039,KKN,0.999494,1,7.6268,7.6268,0.002135,1.0045
kk_grpo_v3_final_holdout_001517,NNK,NNK,0.972709,1,3.6936,3.6936,0.065959,1.1470,NNK,0.914573,1,2.4044,2.4044,0.146813,1.3570,NNK,0.990701,1,4.7552,4.7552,0.026778,1.0573,NNK,0.999520,1,7.8752,7.8752,0.002132,1.0044,NNK,0.993598,1,5.1270,5.1270,0.019518,1.0414
kk_grpo_v3_final_holdout_001518,NNN,NNN,0.880988,1,2.0022,2.0022,0.175700,1.4410,NNN,0.679262,1,0.7504,0.7504,0.301821,1.8731,NNN,0.985964,1,4.2525,4.2525,0.035528,1.0767,NNN,0.995352,1,5.3756,5.3756,0.014363,1.0303,NNN,0.996826,1,5.7507,5.7507,0.010316,1.0217
kk_grpo_v3_final_holdout_001519,NKN,KKN,0.132761,2,1.8066,-1.8066,0.298863,1.8617,KKN,0.222514,2,1.2432,-1.2432,0.272674,1.7630,KKN,0.042067,2,3.1252,-3.1252,0.085308,1.1941,KKN,0.015904,2,4.1232,-4.1232,0.045912,1.1002,KKN,0.017979,2,3.9994,-3.9994,0.047193,1.1031
kk_grpo_v3_final_holdout_001520,NNN,NNN,0.531138,1,0.1375,0.1375,0.348092,2.0623,NKN,0.268916,2,0.9703,-0.9703,0.326946,1.9736,NKN,0.106681,2,2.1238,-2.1238,0.167587,1.4169,NKN,0.060081,2,2.7469,-2.7469,0.119118,1.2811,NKN,0.182376,2,1.4956,-1.4956,0.240551,1.6491
kk_grpo_v3_final_holdout_001521,NKK,KNK,0.053374,2,2.8754,-2.8754,0.101042,1.2338,KNK,0.012431,2,4.3750,-4.3750,0.032566,1.0701,KNK,0.000430,2,7.7503,-7.7503,0.003483,1.0073,KNK,0.000710,2,7.2499,-7.2499,0.003066,1.0064,KNK,0.003594,2,5.6246,-5.6246,0.013116,1.0276
kk_grpo_v3_final_holdout_001522,NNK,NNK,0.769791,1,1.2421,1.2421,0.276818,1.7782,NNK,0.956803,1,3.1403,3.1403,0.090113,1.2061,NNK,0.851000,1,1.8149,1.8149,0.221471,1.5849,NNK,0.939879,1,2.7505,2.7505,0.109572,1.2559,NNK,0.500017,1,0.0792,0.0792,0.398368,2.2896
kk_grpo_v3_final_holdout_001523,KKN,KKN,0.531173,1,0.1258,0.1258,0.334127,2.0033,NKN,0.348642,2,0.5820,-0.5820,0.365665,2.1391,NKN,0.348607,2,0.2383,-0.2383,0.507603,2.8735,KKN,0.957911,1,3.3770,3.3770,0.094688,1.2176,KKN,0.730955,1,1.0065,1.0065,0.285588,1.8110
kk_grpo_v3_final_holdout_001524,NKN,NKN,0.876746,1,2.0041,2.0041,0.190981,1.4876,NKN,0.886556,1,2.1235,2.1235,0.184288,1.4670,NKN,0.966243,1,3.3765,3.3765,0.072789,1.1634,NKN,0.996238,1,5.6250,5.6250,0.012239,1.0258,NKN,0.996127,1,5.6364,5.6364,0.012862,1.0271
kk_grpo_v3_final_holdout_001525,KNK,KNK,0.998033,1,6.2500,6.2500,0.006950,1.0146,KNK,0.999921,1,9.6250,9.6250,0.000418,1.0009,KNK,0.999974,1,10.7501,10.7501,0.000154,1.0003,KNK,0.999978,1,11.0000,11.0000,0.000134,1.0003,KNK,0.999979,1,10.8126,10.8126,0.000123,1.0003
kk_grpo_v3_final_holdout_001526,NKN,NKN,0.849715,1,1.7489,1.7489,0.210743,1.5500,NKN,0.676049,1,0.8320,0.8320,0.350839,2.0741,NKN,0.986549,1,4.8750,4.8750,0.038764,1.0839,NKN,0.748249,1,1.2500,1.2500,0.322246,1.9544,NKN,0.973061,1,3.6274,3.6274,0.062066,1.1378
kk_grpo_v3_final_holdout_001527,KNK,KNK,0.780000,1,1.4221,1.4221,0.307893,1.8969,KNK,0.988592,1,4.6237,4.6237,0.032502,1.0699,KNK,0.896715,1,2.2679,2.2679,0.179206,1.4516,KNK,0.946131,1,2.8825,2.8825,0.103387,1.2398,KNK,0.997151,1,5.8750,5.8750,0.009533,1.0200
kk_grpo_v3_final_holdout_001528,KNN,KNN,0.988978,1,4.5001,4.5001,0.029294,1.0628,KNN,0.970687,1,3.5001,3.5001,0.063658,1.1415,KNN,0.977019,1,3.7500,3.7500,0.052646,1.1157,KNN,0.962660,1,3.2500,3.2500,0.076717,1.1730,KNN,0.851960,1,1.7501,1.7501,0.201642,1.5209
kk_grpo_v3_final_holdout_001529,KKK,KKK,0.993842,1,5.4750,5.4750,0.020382,1.0433,KKK,0.999937,1,9.7538,9.7538,0.000335,1.0007,KKK,0.999980,1,11.2504,11.2504,0.000121,1.0003,KKK,0.999932,1,10.4088,10.4088,0.000381,1.0008,KKK,0.999992,1,12.1251,12.1251,0.000053,1.0001
kk_grpo_v3_final_holdout_001530,NNN,NNN,0.960296,1,3.2501,3.2501,0.084961,1.1932,NNN,0.948698,1,2.9963,2.9963,0.103972,1.2414,NNN,0.988723,1,4.5000,4.5000,0.030372,1.0652,NNN,0.989977,1,4.8737,4.8737,0.029669,1.0636,NNN,0.985521,1,4.2503,4.2503,0.037332,1.0807
kk_grpo_v3_final_holdout_001531,NKK,NNN,0.387917,2,0.1259,-0.1259,0.610577,3.5596,NKK,0.695188,1,1.4529,1.4529,0.479690,2.7115,NKN,0.391187,2,0.1250,-0.1250,0.497042,2.8111,NKK,0.909316,1,2.6047,2.6047,0.177557,1.4466,NKN,0.172870,2,1.5000,-1.5000,0.323873,1.9610
kk_grpo_v3_final_holdout_001532,NKK,NNN,0.094321,3,1.1730,-1.9230,0.481491,2.7216,NNN,0.305279,2,0.2725,-0.2725,0.621370,3.6404,NKN,0.284474,2,0.5000,-0.5000,0.563946,3.2307,NKK,0.568087,1,0.9492,0.9492,0.480945,2.7185,NNN,0.006224,4,1.7804,-4.9054,0.245498,1.6661
kk_grpo_v3_final_holdout_001533,NNK,NNK,0.531188,1,0.1256,0.1256,0.333718,2.0016,NKK,0.437811,2,0.2500,-0.2500,0.329666,1.9848,NNK,0.679163,1,0.7500,0.7500,0.301871,1.8733,NNK,0.592658,1,0.3750,0.3750,0.325085,1.9660,NNK,0.957895,1,3.1250,3.1250,0.084027,1.1909
kk_grpo_v3_final_holdout_001534,NKN,KKN,0.085026,3,0.6299,-1.9470,0.429875,2.4446,KKN,0.164581,2,1.5354,-1.5354,0.332627,1.9971,KKN,0.020343,2,3.8725,-3.8725,0.054476,1.1199,KKN,0.037343,2,3.2335,-3.2335,0.114477,1.2688,KKN,0.017983,2,3.9977,-3.9977,0.051536,1.1131
kk_grpo_v3_final_holdout_001535,NNN,NNN,0.993976,1,5.1263,5.1263,0.018050,1.0382,NNN,0.996373,1,5.6250,5.6250,0.011651,1.0245,NNN,0.998940,1,6.8757,6.8757,0.004082,1.0085,NNN,0.999063,1,6.9998,6.9998,0.003653,1.0076,NNN,0.999756,1,8.3778,8.3778,0.001127,1.0023
kk_grpo_v3_final_holdout_001536,KNK,KNK,0.776890,1,1.3970,1.3970,0.304954,1.8854,KNK,0.964912,1,3.6709,3.6709,0.086887,1.1980,KNK,0.901389,1,2.2941,2.2941,0.170462,1.4254,KNK,0.998342,1,6.7517,6.7517,0.006431,1.0135,KNK,0.990944,1,5.1263,5.1263,0.027697,1.0593
kk_grpo_v3_final_holdout_001537,KKN,NNK,0.404316,2,0.1809,-0.1809,0.470841,2.6620,KKN,0.499890,1,0.3132,0.3132,0.474117,2.6802,NNK,0.047434,3,1.4999,-2.7984,0.309511,1.9033,NNK,0.407526,2,0.2740,-0.2740,0.414775,2.3691,NNK,0.182428,2,1.4702,-1.4702,0.280576,1.7922
kk_grpo_v3_final_holdout_001538,NKK,NKK,0.848999,1,1.8682,1.8682,0.239350,1.6450,NKK,0.904680,1,2.2509,2.2509,0.151558,1.3705,NKK,0.962650,1,3.2503,3.2503,0.076803,1.1732,NKK,0.957914,1,3.1260,3.1260,0.084086,1.1911,NKK,0.943945,1,2.8722,2.8722,0.108997,1.2544
kk_grpo_v3_final_holdout_001539,KKN,KNN,0.294595,2,0.2646,-0.2646,0.626844,3.6821,KKN,0.473551,1,0.6326,0.6326,0.580386,3.3430,KKN,0.913633,1,2.7139,2.7139,0.173953,1.4358,KNN,0.164265,2,1.5764,-1.5764,0.296751,1.8535,KKN,0.813769,1,1.5008,1.5008,0.242456,1.6556
kk_grpo_v3_final_holdout_001540,NNN,NNN,0.818244,1,1.8077,1.8077,0.291959,1.8351,NNN,0.556816,1,0.2469,0.2469,0.352059,2.0794,NNN,0.405068,1,0.0367,0.0367,0.528545,3.0014,NNK,0.020324,3,0.9242,-3.5403,0.332076,1.9948,NNK,0.000021,4,2.3870,-10.6409,0.211795,1.5534
kk_grpo_v3_final_holdout_001541,KKN,KKN,0.531209,1,0.1317,0.1317,0.341520,2.0343,KKN,0.754919,1,1.1267,1.1267,0.269308,1.7507,KKN,0.622455,1,0.5620,0.5620,0.360090,2.1144,KNN,0.407354,2,0.3639,-0.3639,0.342297,2.0376,KKN,0.914901,1,2.9514,2.9514,0.168157,1.4186
kk_grpo_v3_final_holdout_001542,NKK,NKK,0.924052,1,2.5003,2.5003,0.129732,1.3097,NKK,0.932441,1,2.6250,2.6250,0.118968,1.2807,NKK,0.966901,1,3.3749,3.3749,0.069955,1.1566,NKK,0.998040,1,6.2497,6.2497,0.006909,1.0145,NKK,0.988996,1,4.5001,4.5001,0.029197,1.0626
kk_grpo_v3_final_holdout_001543,NKK,NKK,0.994747,1,5.2500,5.2500,0.015880,1.0336,NKK,0.999808,1,8.6249,8.6249,0.000906,1.0019,NKK,0.994069,1,5.1250,5.1250,0.017535,1.0371,NKK,0.998827,1,6.7500,6.7500,0.004382,1.0092,NKK,0.995371,1,5.3750,5.3750,0.014245,1.0301
kk_grpo_v3_final_holdout_001544,NNK,NKK,0.205816,2,1.2014,-1.2014,0.448288,2.5401,NKK,0.161173,2,1.6240,-1.6240,0.264475,1.7332,NKK,0.268663,2,0.9999,-0.9999,0.284219,1.8058,NKK,0.376728,2,0.4997,-0.4997,0.326283,1.9709,NKK,0.347669,2,0.6249,-0.6249,0.319991,1.9453
kk_grpo_v3_final_holdout_001545,KKK,KKK,0.999934,1,9.7931,9.7931,0.000357,1.0007,KKK,0.999997,1,13.3759,13.3759,0.000019,1.0000,KKK,0.999996,1,12.8756,12.8756,0.000024,1.0001,KKK,0.999994,1,12.4375,12.4375,0.000038,1.0001,KKK,0.999996,1,12.3753,12.3753,0.000029,1.0001
kk_grpo_v3_final_holdout_001546,KKN,KKN,0.817592,1,1.7256,1.7256,0.272581,1.7626,KKN,0.997525,1,6.4742,6.4742,0.009133,1.0192,KKN,0.999736,1,8.6369,8.6369,0.001261,1.0026,KKN,0.999289,1,7.4515,7.4515,0.002985,1.0062,KKN,0.999972,1,11.0538,11.0538,0.000165,1.0003
kk_grpo_v3_final_holdout_001547,KKK,KKK,0.811386,1,1.5855,1.5855,0.275598,1.7737,KKK,0.939799,1,2.7893,2.7893,0.114707,1.2694,KKK,0.994079,1,5.1296,5.1296,0.017567,1.0372,KKK,0.995386,1,5.3779,5.3779,0.014210,1.0300,KKK,0.994083,1,5.1392,5.1392,0.017669,1.0374
kk_grpo_v3_final_holdout_001548,KNK,KNK,0.965533,1,3.5263,3.5263,0.082113,1.1862,KNK,0.995600,1,5.7501,5.7501,0.015150,1.0320,KNK,0.998194,1,6.5102,6.5102,0.006854,1.0144,KNK,0.999934,1,10.2578,10.2578,0.000371,1.0008,KNK,0.998913,1,7.0192,7.0192,0.004409,1.0092
kk_grpo_v3_final_holdout_001549,KKN,KKN,0.834656,1,1.8374,1.8374,0.255300,1.7004,KKN,0.848010,1,1.7453,1.7453,0.213763,1.5597,KKN,0.952511,1,3.0004,3.0004,0.092216,1.2114,KKN,0.994800,1,5.3743,5.3743,0.016602,1.0351,KKN,0.977912,1,4.3650,4.3650,0.058473,1.1293
kk_grpo_v3_final_holdout_001550,NNK,NKN,0.102923,3,0.3750,-1.5533,0.599660,3.4797,NKK,0.042768,4,2.2273,-2.9108,0.388239,2.2419,NKK,0.023115,3,1.7834,-3.5771,0.277667,1.7814,NKK,0.010695,3,3.8750,-4.5058,0.079374,1.1795,NKK,0.089358,3,0.3750,-1.7889,0.464728,2.6284
kk_grpo_v3_final_holdout_001551,KKN,KNK,0.148040,2,1.7496,-1.7496,0.203282,1.5261,KNK,0.245081,2,1.1249,-1.1249,0.268203,1.7467,KNK,0.020331,2,3.8749,-3.8749,0.048291,1.1056,KNK,0.053401,2,2.8750,-2.8750,0.100282,1.2319,KNK,0.119185,2,2.0001,-2.0001,0.175985,1.4419
kk_grpo_v3_final_holdout_001552,KNN,KNN,0.880653,1,2.0000,2.0000,0.176474,1.4434,KNN,0.893282,1,2.1250,2.1250,0.163451,1.4048,KNN,0.893299,1,2.1250,2.1250,0.163357,1.4045,KNN,0.995385,1,5.3750,5.3750,0.014173,1.0299,KNN,0.893277,1,2.1250,2.1250,0.163473,1.4049
kk_grpo_v3_final_holdout_001553,NNN,NNN,0.513694,1,0.2152,0.2152,0.461378,2.6102,NKK,0.235780,2,1.1469,-1.1469,0.318944,1.9410,NKK,0.255957,2,1.0285,-1.0285,0.340185,2.0287,NNN,0.783285,1,1.3152,1.3152,0.265745,1.7378,NNN,0.907940,1,2.4820,2.4820,0.170787,1.4264
kk_grpo_v3_final_holdout_001554,NKK,NKK,0.631229,1,1.3597,1.3597,0.496563,2.8083,NKK,0.828481,1,1.6237,1.6237,0.240245,1.6480,NKK,0.948291,1,3.0000,3.0000,0.106760,1.2486,NKK,0.950290,1,3.2500,3.2500,0.109742,1.2563,NKK,0.955982,1,3.7360,3.7360,0.108331,1.2527
kk_grpo_v3_final_holdout_001555,NKK,NKN,0.003593,2,5.6251,-5.6251,0.011814,1.0249,NKN,0.007593,2,4.8729,-4.8729,0.021553,1.0458,NKN,0.012414,2,4.3764,-4.3764,0.032189,1.0692,NKN,0.009708,2,4.6251,-4.6251,0.026311,1.0562,NKN,0.002183,2,6.1250,-6.1250,0.007551,1.0158
kk_grpo_v3_final_holdout_001556,NKN,NKN,0.944927,1,2.9282,2.9282,0.111626,1.2613,NKN,0.970295,1,3.5023,3.5023,0.065693,1.1464,NKN,0.996081,1,6.1250,6.1250,0.013735,1.0290,NKN,0.996169,1,5.6267,5.6267,0.012605,1.0266,NKN,0.998280,1,6.3752,6.3752,0.006148,1.0129
kk_grpo_v3_final_holdout_001557,NNN,NNN,0.999959,1,10.8283,10.8283,0.000240,1.0005,NNN,0.999990,1,12.2515,12.2515,0.000067,1.0001,NNN,0.999983,1,11.5016,11.5016,0.000107,1.0002,NNN,0.999989,1,11.6254,11.6254,0.000071,1.0001,NNN,0.999986,1,11.9389,11.9389,0.000088,1.0002
kk_grpo_v3_final_holdout_001558,NKK,KNK,0.268550,3,0.4996,-0.5269,0.515614,2.9218,KKN,0.182435,2,1.4300,-1.4300,0.325811,1.9690,NKK,0.731050,1,1.0071,1.0071,0.285711,1.8114,KKN,0.010992,3,3.7489,-4.4756,0.083875,1.1905,KKN,0.164589,2,1.6218,-1.6218,0.222849,1.5895
kk_grpo_v3_final_holdout_001559,KNK,KNK,0.851481,1,1.7498,1.7498,0.203848,1.5279,KNK,0.973990,1,3.6249,3.6249,0.058175,1.1286,KKK,0.164494,2,1.6251,-1.6251,0.215057,1.5639,KKK,0.268920,2,1.0001,-1.0001,0.280002,1.7901,KKK,0.006693,2,5.0000,-5.0000,0.019328,1.0410
kk_grpo_v3_final_holdout_001560,KKN,NKN,0.106650,2,2.0868,-2.0868,0.233717,1.6258,NKN,0.047415,3,2.2500,-2.8999,0.236571,1.6355,NKN,0.003522,3,2.2713,-5.5469,0.160204,1.3953,NKN,0.001324,3,3.0000,-6.5771,0.096555,1.2224,NKN,0.017966,2,3.9936,-3.9936,0.064333,1.1431
kk_grpo_v3_final_holdout_001561,KKN,NNN,0.292805,2,0.7688,-0.7688,0.412793,2.3593,KKN,0.626699,1,0.5277,0.5277,0.328680,1.9807,NNN,0.093488,2,2.2716,-2.2716,0.150270,1.3668,KNK,0.069683,3,0.5379,-2.1243,0.435172,2.4717,NNN,0.320315,2,0.6479,-0.6479,0.420341,2.3967
kk_grpo_v3_final_holdout_001562,KNN,KNN,0.895838,1,2.2500,2.2500,0.176351,1.4430,KNN,0.986412,1,4.3750,4.3750,0.036507,1.0789,KNN,0.963285,1,3.7361,3.7361,0.087358,1.1992,KNN,0.999744,1,8.7500,8.7500,0.001229,1.0026,KNN,0.939802,1,2.7505,2.7505,0.109915,1.2568
kk_grpo_v3_final_holdout_001563,KNK,KNK,0.995993,1,6.1250,6.1250,0.014056,1.0297,KNK,0.998045,1,6.2500,6.2500,0.006883,1.0144,KNK,0.991559,1,5.0000,5.0000,0.025990,1.0555,KNK,0.998870,1,7.2500,7.2500,0.004651,1.0097,KNK,0.998827,1,6.7501,6.7501,0.004385,1.0092
kk_grpo_v3_final_holdout_001564,KNN,KNK,0.091177,4,0.0830,-1.5000,0.587299,3.3914,KNK,0.063211,3,0.2685,-2.1250,0.430693,2.4488,NKK,0.028492,3,1.1217,-3.2467,0.325005,1.9657,KNK,0.133867,3,1.2955,-1.6250,0.406905,2.3306,KNK,0.284399,2,0.5000,-0.5000,0.509821,2.8868
kk_grpo_v3_final_holdout_001565,NKK,KNN,0.149134,3,1.1943,-1.4672,0.447229,2.5345,KNN,0.174045,3,0.4243,-1.0511,0.495839,2.8041,KNN,0.172944,2,1.4001,-1.4001,0.404097,2.3171,KNN,0.010642,3,2.3558,-4.4408,0.171638,1.4289,KNN,0.000889,3,1.8813,-6.8825,0.192909,1.4935
kk_grpo_v3_final_holdout_001566,KNK,KNN,0.092489,3,1.8551,-2.1250,0.352216,2.0801,KNN,0.046707,3,1.1955,-2.7500,0.345023,2.0492,KNK,0.617096,1,0.5000,0.5000,0.340006,2.0279,KNN,0.022883,2,3.7500,-3.7500,0.065154,1.1451,KNN,0.404599,2,0.3750,-0.3750,0.342270,2.0375
kk_grpo_v3_final_holdout_001567,NNK,NNK,0.679090,1,0.7499,0.7499,0.302314,1.8751,NNK,0.562021,1,0.2497,0.2497,0.330251,1.9872,NNK,0.731024,1,1.0000,1.0000,0.280240,1.7909,KNN,0.119203,2,2.0000,-2.0000,0.175700,1.4410,KNN,0.437828,2,0.2499,-0.2499,0.329773,1.9852
kk_grpo_v3_final_holdout_001568,NNN,NNN,0.911612,1,2.5021,2.5021,0.167311,1.4161,NNN,0.834230,1,1.7039,1.7039,0.241920,1.6538,NNN,0.946075,1,2.9013,2.9013,0.105747,1.2459,NNN,0.966821,1,3.6562,3.6562,0.079233,1.1791,NNN,0.995635,1,5.5125,5.5125,0.014283,1.0301
kk_grpo_v3_final_holdout_001569,KNN,KNK,0.294076,2,0.8750,-0.8750,0.293332,1.8404,KNK,0.222662,2,1.2500,-1.2500,0.255766,1.7021,KNN,0.835452,1,1.6250,1.6250,0.215195,1.5644,KNK,0.348628,2,0.6250,-0.6250,0.311155,1.9099,KNN,0.880731,1,2.0000,2.0000,0.176055,1.4421
kk_grpo_v3_final_holdout_001570,KKK,KKK,0.999699,1,8.7509,8.7509,0.001438,1.0030,KKK,0.999952,1,10.5072,10.5072,0.000273,1.0006,KKK,0.999946,1,9.9985,9.9985,0.000296,1.0006,KKK,0.999986,1,11.6864,11.6864,0.000089,1.0002,KKK,0.999992,1,12.0622,12.0622,0.000052,1.0001
kk_grpo_v3_final_holdout_001571,NNN,NNN,0.998936,1,7.3982,7.3982,0.004427,1.0092,NNN,0.998660,1,6.7853,6.7853,0.005219,1.0109,NNN,0.999905,1,9.5765,9.5765,0.000508,1.0011,NNN,0.999912,1,10.0078,10.0078,0.000473,1.0010,NNN,0.999932,1,9.8753,9.8753,0.000370,1.0008
kk_grpo_v3_final_holdout_001572,NNK,NNK,0.841474,1,1.7727,1.7727,0.241053,1.6508,NNK,0.926691,1,2.7422,2.7422,0.144704,1.3511,NNK,0.993614,1,5.6307,5.6307,0.021003,1.0446,NNK,0.917436,1,2.6031,2.6031,0.157606,1.3878,NNK,0.981247,1,4.0499,4.0499,0.048029,1.1050
kk_grpo_v3_final_holdout_001573,NKK,NKK,0.816816,1,1.4996,1.4996,0.231934,1.6198,NKK,0.835456,1,1.6250,1.6250,0.215211,1.5644,NKK,0.966859,1,3.3753,3.3753,0.070212,1.1572,KNK,0.222707,2,1.2500,-1.2500,0.255059,1.6996,NKK,0.651383,1,0.6269,0.6269,0.313211,1.9180
kk_grpo_v3_final_holdout_001574,KKK,KKK,0.999993,1,12.6005,12.6005,0.000049,1.0001,KKK,0.999999,1,14.3038,14.3038,0.000010,1.0000,KKK,0.999999,1,14.3049,14.3049,0.000007,1.0000,KKK,0.999999,1,15.3894,15.3894,0.000004,1.0000,KKK,1.000000,1,15.0940,15.0940,0.000004,1.0000
kk_grpo_v3_final_holdout_001575,KKK,KKK,0.999619,1,8.7112,8.7112,0.001808,1.0038,KKK,0.999960,1,10.2493,10.2493,0.000225,1.0005,KKK,0.999964,1,10.3768,10.3768,0.000203,1.0004,KKK,0.999996,1,12.5162,12.5162,0.000030,1.0001,KKK,0.999996,1,12.6185,12.6185,0.000024,1.0000
kk_grpo_v3_final_holdout_001576,KKK,KKK,0.999889,1,9.1250,9.1250,0.000544,1.0011,KKK,0.999997,1,12.8750,12.8750,0.000020,1.0000,KKK,0.999999,1,14.8750,14.8750,0.000007,1.0000,KKK,0.999998,1,13.5000,13.5000,0.000016,1.0000,KKK,1.000000,1,16.1878,16.1878,0.000002,1.0000
kk_grpo_v3_final_holdout_001577,KNN,NKN,0.245095,2,0.9811,-0.9811,0.413038,2.3605,NKN,0.320815,2,0.7291,-0.7291,0.335209,2.0078,NNK,0.010990,3,0.3744,-3.9763,0.350720,2.0736,NKN,0.377552,2,0.4451,-0.4451,0.381141,2.2090,NNK,0.201823,3,0.4998,-0.9008,0.496366,2.8071
kk_grpo_v3_final_holdout_001578,KNK,KNK,0.939899,1,2.7500,2.7500,0.109356,1.2553,KNK,0.991409,1,4.7500,4.7500,0.023817,1.0508,KNK,0.996404,1,5.6250,5.6250,0.011466,1.0241,KNK,0.999087,1,7.0000,7.0000,0.003517,1.0073,KNK,0.999505,1,7.6250,7.6250,0.002070,1.0043
kk_grpo_v3_final_holdout_001579,NKN,NKN,0.939826,1,2.7929,2.7929,0.114970,1.2701,NKN,0.970671,1,3.5024,3.5024,0.063999,1.1423,NKN,0.997998,1,6.2504,6.2504,0.007106,1.0149,NKN,0.998666,1,6.6265,6.6265,0.004925,1.0103,NKN,0.998733,1,6.8749,6.8749,0.004979,1.0104
kk_grpo_v3_final_holdout_001580,KNN,KNN,0.836001,1,2.2409,2.2409,0.279624,1.7887,KNN,0.915660,1,2.6250,2.6250,0.166056,1.4124,KNN,0.939748,1,2.7500,2.7500,0.110136,1.2574,KNN,0.976945,1,3.7500,3.7500,0.053038,1.1166,KNN,0.973888,1,3.6250,3.6250,0.058681,1.1298
kk_grpo_v3_final_holdout_001581,NKK,NNN,0.000317,5,3.1095,-7.9845,0.151966,1.3716,NNN,0.000174,5,3.6250,-8.6101,0.105795,1.2461,NNN,0.000065,5,4.3768,-9.6268,0.050208,1.1100,NNN,0.000057,5,3.6250,-9.7472,0.067129,1.1498,NNN,0.000009,6,3.5000,-11.6132,0.069308,1.1550
kk_grpo_v3_final_holdout_001582,NKN,NKN,0.698034,1,1.6252,1.6252,0.450957,2.5542,NKN,0.821290,1,2.6063,2.6063,0.329972,1.9861,NKN,0.900383,1,2.7524,2.7524,0.207553,1.5397,NKN,0.905395,1,2.8200,2.8200,0.202442,1.5234,NKN,0.666903,1,1.3779,1.3779,0.475405,2.6874
kk_grpo_v3_final_holdout_001583,KNN,KNN,0.835220,1,1.6248,1.6248,0.216304,1.5680,KNN,0.939818,1,2.7499,2.7499,0.109754,1.2564,KNN,0.999698,1,8.2500,8.2500,0.001387,1.0029,KNN,0.999988,1,12.3125,12.3125,0.000076,1.0002,KNN,0.999945,1,9.8752,9.8752,0.000293,1.0006
kk_grpo_v3_final_holdout_001584,KNN,NKN,0.308928,2,0.5099,-0.5099,0.536051,3.0486,KNN,0.424205,1,0.6250,0.6250,0.627035,3.6836,NKN,0.296787,2,0.4963,-0.4963,0.570088,3.2722,KNN,0.455032,1,0.3293,0.3293,0.564281,3.2329,KNN,0.496642,1,0.5000,0.5000,0.564048,3.2314
kk_grpo_v3_final_holdout_001585,KKK,KKK,0.998967,1,6.8755,6.8755,0.003917,1.0082,KKK,0.997818,1,6.1253,6.1253,0.007482,1.0157,KKK,0.998907,1,6.8180,6.8180,0.004113,1.0086,KKK,0.998294,1,6.3848,6.3848,0.006104,1.0128,KKK,0.999783,1,8.4380,8.4380,0.000983,1.0020
kk_grpo_v3_final_holdout_001586,KNN,NNK,0.162372,2,1.5086,-1.5086,0.374536,2.1789,NNK,0.346734,2,0.4047,-0.4047,0.476369,2.6928,NNK,0.132294,2,1.8685,-1.8685,0.217638,1.5723,NNK,0.095275,2,2.2459,-2.2459,0.165860,1.4118,NNK,0.201143,2,1.3286,-1.3286,0.326118,1.9702
kk_grpo_v3_final_holdout_001587,KKK,KKK,0.999955,1,10.7010,10.7010,0.000263,1.0005,KKK,0.999984,1,12.1616,12.1616,0.000101,1.0002,KKK,0.999980,1,11.3167,11.3167,0.000126,1.0003,KKK,0.999992,1,12.1650,12.1650,0.000050,1.0001,KKK,0.999984,1,11.3754,11.3754,0.000095,1.0002
kk_grpo_v3_final_holdout_001588,KKN,KKN,0.999993,1,12.7500,12.7500,0.000045,1.0001,KKN,0.999998,1,14.0798,14.0798,0.000014,1.0000,KKN,0.999998,1,13.9126,13.9126,0.000012,1.0000,KKN,0.999999,1,14.5696,14.5696,0.000009,1.0000,KKN,0.999999,1,14.5334,14.5334,0.000007,1.0000
kk_grpo_v3_final_holdout_001589,KKK,KKK,0.938019,1,2.8591,2.8591,0.126154,1.3000,KKK,0.977083,1,3.8979,3.8979,0.057155,1.1262,KKK,0.988988,1,4.5011,4.5011,0.029279,1.0628,KKK,0.998811,1,6.7705,6.7705,0.004530,1.0095,KKK,0.997796,1,6.1404,6.1404,0.007686,1.0161
kk_grpo_v3_final_holdout_001590,NNK,NNK,0.586683,1,1.1250,1.1250,0.517806,2.9351,NNK,0.666994,1,1.1189,1.1189,0.428058,2.4354,NNK,0.838373,1,2.1626,2.1626,0.281249,1.7947,NNK,0.616575,1,0.6250,0.6250,0.410717,2.3492,NNK,0.808132,1,2.1250,2.1250,0.325846,1.9691
kk_grpo_v3_final_holdout_001591,KKK,KKK,0.999897,1,9.9792,9.9792,0.000571,1.0012,KKK,0.999979,1,11.6706,11.6706,0.000131,1.0003,KKK,0.999997,1,13.6947,13.6947,0.000024,1.0001,KKK,1.000000,1,14.9081,14.9081,0.000004,1.0000,KKK,0.999999,1,14.0627,14.0627,0.000007,1.0000
kk_grpo_v3_final_holdout_001592,NKN,NNK,0.164265,2,1.6219,-1.6219,0.227805,1.6059,NNK,0.222355,2,1.2515,-1.2515,0.256571,1.7049,NNK,0.373372,2,0.5096,-0.5096,0.333148,1.9992,NNN,0.056677,3,0.2499,-2.1816,0.493202,2.7887,NNN,0.008427,2,4.7671,-4.7671,0.026646,1.0570
kk_grpo_v3_final_holdout_001593,KNK,KNK,0.990242,1,4.8729,4.8729,0.028934,1.0620,KNK,0.982197,1,4.1231,4.1231,0.045882,1.1001,KNK,0.990939,1,4.7496,4.7496,0.025749,1.0550,KNK,0.999723,1,8.6253,8.6253,0.001315,1.0027,KNK,0.938949,1,2.7491,2.7491,0.112945,1.2647
kk_grpo_v3_final_holdout_001594,KNK,KNK,0.893246,1,2.1250,2.1250,0.163654,1.4054,KNK,0.976928,1,3.7500,3.7500,0.053091,1.1167,KNK,0.962649,1,3.2500,3.2500,0.076772,1.1731,KNK,0.974032,1,3.6250,3.6250,0.057967,1.1281,KNK,0.976975,1,3.7500,3.7500,0.052868,1.1162
kk_grpo_v3_final_holdout_001595,KKN,KKN,0.705790,1,0.9048,0.9048,0.310105,1.9057,KKN,0.993307,1,5.0381,5.0381,0.019836,1.0421,KKN,0.946594,1,2.8891,2.8891,0.102135,1.2366,KKN,0.939929,1,2.7735,2.7735,0.112403,1.2633,KKN,0.999955,1,10.1129,10.1129,0.000248,1.0005
kk_grpo_v3_final_holdout_001596,NKK,NKK,0.957950,1,4.1259,4.1259,0.107277,1.2499,NKK,0.992482,1,5.2247,5.2247,0.024217,1.0516,NKK,0.995698,1,5.8501,5.8501,0.015262,1.0322,NKK,0.991385,1,5.0651,5.0651,0.026384,1.0564,NKK,0.999362,1,7.5004,7.5004,0.002727,1.0057
kk_grpo_v3_final_holdout_001597,KNN,NNN,0.118627,3,0.6197,-1.5702,0.462243,2.6149,NKN,0.060049,3,0.7517,-2.3630,0.397560,2.2858,NKN,0.009704,3,1.2511,-4.3729,0.282123,1.7980,NKN,0.075848,3,1.0052,-2.1861,0.394418,2.2709,NNN,0.037310,3,1.8670,-3.0991,0.278370,1.7840
kk_grpo_v3_final_holdout_001598,NKN,NKN,0.473189,1,0.2464,0.2464,0.494620,2.7970,NKN,0.621269,1,0.5447,0.5447,0.355450,2.0941,NKN,0.952527,1,3.0041,3.0041,0.092650,1.2125,KKN,0.080514,3,1.0002,-2.1221,0.392461,2.2617,NKN,0.705413,1,0.8807,0.8807,0.298143,1.8589
kk_grpo_v3_final_holdout_001599,KNK,NNK,0.202945,2,1.2479,-1.2479,0.408683,2.3393,NNK,0.278102,2,0.8667,-0.8667,0.407566,2.3338,NNK,0.066585,2,2.6233,-2.6233,0.160944,1.3975,NNK,0.276513,2,0.9356,-0.9356,0.327630,1.9764,NNK,0.196502,2,1.3998,-1.3998,0.259561,1.7156
kk_grpo_v3_final_holdout_001600,KNK,KNK,0.725277,1,1.4676,1.4676,0.409256,2.3420,KNK,0.788266,1,1.9386,1.9386,0.353267,2.0846,KNK,0.592432,1,1.0338,1.0338,0.482039,2.7247,KNK,0.991807,1,5.5131,5.5131,0.027272,1.0584,KNK,0.864972,1,2.4061,2.4061,0.242351,1.6553
kk_grpo_v3_final_holdout_001601,KNK,KNK,0.998941,1,6.8760,6.8760,0.004073,1.0085,KNK,0.999734,1,8.2532,8.2532,0.001196,1.0025,KNK,0.999895,1,9.8262,9.8262,0.000561,1.0012,KNK,0.999989,1,11.6310,11.6310,0.000066,1.0001,KNK,0.999948,1,9.8760,9.8760,0.000276,1.0006
kk_grpo_v3_final_holdout_001602,KNN,KNN,0.779420,1,1.7500,1.7500,0.325085,1.9660,KNN,0.820712,1,1.8750,1.8750,0.279504,1.7882,KNN,0.992044,1,4.8750,4.8750,0.023047,1.0491,KNN,0.834620,1,1.6250,1.6250,0.218698,1.5758,KNN,0.976915,1,3.8722,3.8722,0.056893,1.1256
kk_grpo_v3_final_holdout_001603,NNN,NNN,0.966697,1,3.5543,3.5543,0.078021,1.1761,NNN,0.914814,1,2.4538,2.4538,0.151392,1.3700,NNN,0.754192,1,1.1734,1.1734,0.293570,1.8413,NNN,0.996806,1,5.7521,5.7521,0.010453,1.0220,NNN,0.988782,1,4.9284,4.9284,0.033549,1.0723
kk_grpo_v3_final_holdout_001604,KKN,KKN,0.495055,1,0.2155,0.2155,0.467935,2.6460,KKN,0.467983,1,0.3964,0.3964,0.508014,2.8760,NKN,0.046834,3,0.8750,-2.6641,0.371016,2.1630,NKN,0.145667,3,0.2500,-1.1903,0.488334,2.7606,NKN,0.107182,3,1.6405,-1.8905,0.430872,2.4497
kk_grpo_v3_final_holdout_001605,NNN,NNN,0.651350,1,0.6432,0.6432,0.326114,1.9702,KNK,0.320813,2,0.7490,-0.7490,0.304427,1.8833,NNN,0.531197,1,0.1254,0.1254,0.333369,2.0001,KNK,0.148026,2,1.7500,-1.7500,0.202266,1.5229,KNK,0.320771,2,0.7494,-0.7494,0.303882,1.8812
kk_grpo_v3_final_holdout_001606,KKK,KKK,0.999858,1,8.8750,8.8750,0.000678,1.0014,KKK,0.999940,1,9.7500,9.7500,0.000312,1.0006,KKK,0.999990,1,11.6250,11.6250,0.000060,1.0001,KKK,0.999999,1,13.8750,13.8750,0.000010,1.0000,KKK,0.999999,1,14.0625,14.0625,0.000009,1.0000
kk_grpo_v3_final_holdout_001607,KNK,NKK,0.256407,2,0.2321,-0.2321,0.716901,4.4404,KNK,0.538546,1,0.2528,0.2528,0.419854,2.3942,KNK,0.340808,1,0.0032,0.0032,0.626420,3.6789,KNK,0.862003,1,1.8865,1.8865,0.209480,1.5459,KNK,0.643350,1,0.6402,0.6402,0.354661,2.0907
kk_grpo_v3_final_holdout_001608,NKK,KNK,0.137674,3,0.4990,-1.3057,0.548561,3.1290,KKN,0.074574,3,0.9877,-2.1912,0.413403,2.3623,KKK,0.106191,2,1.9279,-1.9279,0.423559,2.4127,NKK,0.838167,1,2.0149,2.0149,0.277468,1.7807,KKN,0.060416,3,0.2494,-2.1232,0.510539,2.8911
kk_grpo_v3_final_holdout_001609,KNK,KNK,0.604167,1,0.9444,0.9444,0.479260,2.7090,KNK,0.674645,1,1.2175,1.2175,0.417257,2.3813,KNK,0.848845,1,1.8888,1.8888,0.239414,1.6452,KNK,0.944539,1,3.2612,3.2612,0.123655,1.2932,KNK,0.905991,1,2.3846,2.3846,0.168379,1.4193
kk_grpo_v3_final_holdout_001610,KKN,NKN,0.153782,4,0.4230,-0.9202,0.642062,3.8005,NKN,0.297356,2,0.4568,-0.4568,0.584121,3.3691,KKN,0.481308,1,0.3489,0.3489,0.522942,2.9666,KNN,0.183125,3,0.2763,-0.8728,0.570004,3.2716,NNN,0.081908,3,0.5000,-1.9391,0.438190,2.4873
kk_grpo_v3_final_holdout_001611,KNK,KNK,0.999742,1,8.6250,8.6250,0.001231,1.0026,KNK,0.999913,1,9.5000,9.5000,0.000449,1.0009,KNK,0.999923,1,9.9999,9.9999,0.000414,1.0009,KNK,0.999909,1,9.6250,9.6250,0.000475,1.0010,KNK,0.999788,1,8.5001,8.5001,0.000985,1.0020
kk_grpo_v3_final_holdout_001612,KKN,NKN,0.246048,2,0.9306,-0.9306,0.467269,2.6423,KKN,0.532519,1,0.4294,0.4294,0.465836,2.6345,NKN,0.265598,2,1.0015,-1.0015,0.309904,1.9049,KKN,0.926229,1,3.0938,3.0938,0.151350,1.3699,KKN,0.567668,1,0.3337,0.3337,0.377513,2.1924
kk_grpo_v3_final_holdout_001613,KNK,KNK,0.981310,1,4.6248,4.6248,0.054457,1.1199,KNK,0.997192,1,6.0000,6.0000,0.009928,1.0209,KNK,0.998713,1,7.3754,7.3754,0.005247,1.0110,KNK,0.999911,1,9.5021,9.5021,0.000465,1.0010,KNK,0.998038,1,6.2509,6.2509,0.006925,1.0145
kk_grpo_v3_final_holdout_001614,NNN,NNN,0.998190,1,7.0000,7.0000,0.007121,1.0149,NNN,0.998668,1,7.1245,7.1245,0.005379,1.0112,NNN,0.999428,1,7.7502,7.7502,0.002528,1.0053,NNN,0.998874,1,6.9997,6.9997,0.004531,1.0095,NNN,0.999506,1,7.8775,7.8775,0.002214,1.0046
kk_grpo_v3_final_holdout_001615,NKK,KKN,0.050218,5,0.6882,-2.1545,0.701732,4.3026,KKN,0.187539,2,1.1105,-1.1105,0.549364,3.1342,KKN,0.033748,2,3.3085,-3.3085,0.176182,1.4425,KKN,0.257363,2,1.0056,-1.0056,0.368295,2.1508,NKK,0.378218,1,0.1954,0.1954,0.565203,3.2391
kk_grpo_v3_final_holdout_001616,KKN,KKN,0.622252,1,0.5107,0.5107,0.330804,1.9895,KKN,0.835473,1,1.6736,1.6736,0.230199,1.6140,KKN,0.679151,1,0.7540,0.7540,0.305872,1.8890,KKN,0.998298,1,6.4046,6.4046,0.006151,1.0129,KKN,0.939918,1,2.7522,2.7522,0.109703,1.2562
kk_grpo_v3_final_holdout_001617,NKK,KNK,0.174328,3,0.3284,-0.9534,0.564522,3.2346,KNK,0.446657,2,0.0698,-0.0698,0.456960,2.5863,KNK,0.491018,2,0.0083,-0.0083,0.368185,2.1503,NKK,0.937423,1,3.0000,3.0000,0.130053,1.3105,NKK,0.730268,1,1.5381,1.5381,0.405141,2.3221
kk_grpo_v3_final_holdout_001618,KNK,KNK,0.893072,1,2.1250,2.1250,0.164433,1.4077,KNK,0.880462,1,2.0000,2.0000,0.177245,1.4457,KNK,0.939817,1,2.7500,2.7500,0.109754,1.2564,KNK,0.966895,1,3.3750,3.3750,0.069989,1.1567,KNK,0.990217,1,4.6250,4.6250,0.026661,1.0570
kk_grpo_v3_final_holdout_001619,NNK,NNK,0.850937,1,2.1250,2.1250,0.251627,1.6875,NNK,0.947365,1,3.2934,3.2934,0.118690,1.2799,NNK,0.864895,1,1.8750,1.8750,0.196675,1.5053,NNK,0.991709,1,4.8750,4.8750,0.024461,1.0522,NNN,0.182301,2,1.5000,-1.5000,0.231171,1.6172
kk_grpo_v3_final_holdout_001620,KNK,KNK,0.730125,1,1.0153,1.0153,0.295754,1.8497,KNK,0.997075,1,5.8802,5.8802,0.009906,1.0208,KNK,0.530115,1,0.1229,0.1229,0.336335,2.0125,KNK,0.996687,1,5.7499,5.7499,0.010972,1.0231,KNK,0.999281,1,7.6248,7.6248,0.003068,1.0064
kk_grpo_v3_final_holdout_001621,NNN,NNN,0.970566,1,3.5415,3.5415,0.066998,1.1495,NNN,0.981835,1,4.0150,4.0150,0.044981,1.0980,NNN,0.777369,1,1.3063,1.3063,0.278199,1.7834,NNN,0.981970,1,4.0093,4.0093,0.044056,1.0959,NNN,0.852043,1,1.8954,1.8954,0.230528,1.6151
kk_grpo_v3_final_holdout_001622,NKK,KNK,0.003782,3,4.5627,-5.5614,0.046631,1.1018,KNK,0.000643,3,7.2501,-7.3477,0.007114,1.0149,KNK,0.000029,4,7.8209,-10.4449,0.002614,1.0054,KNK,0.000000,6,8.6381,-14.5140,0.001054,1.0022,KNK,0.000005,5,6.7544,-12.3038,0.004849,1.0101
kk_grpo_v3_final_holdout_001623,KKN,KKN,0.622301,1,0.5004,0.5004,0.320360,1.9468,KKN,0.705688,1,0.8746,0.8746,0.291467,1.8332,NKK,0.268784,2,1.0000,-1.0000,0.282292,1.7986,KKN,0.817339,1,1.4986,1.4986,0.228792,1.6092,KKN,0.678872,1,0.7490,0.7490,0.302469,1.8757
kk_grpo_v3_final_holdout_001624,KKK,NKN,0.045207,3,1.4830,-2.7880,0.410422,2.3477,NKN,0.050205,3,2.4927,-2.8432,0.262280,1.7253,NKN,0.008572,3,4.1203,-4.7294,0.078045,1.1762,NKN,0.059877,2,2.7397,-2.7397,0.146581,1.3564,NKN,0.036867,3,2.8660,-3.1978,0.198441,1.5108
kk_grpo_v3_final_holdout_001625,KNN,KNN,0.991315,1,5.3724,5.3724,0.028893,1.0619,KNN,0.997081,1,6.1250,6.1250,0.010452,1.0220,KNN,0.992811,1,5.0000,5.0000,0.021410,1.0455,KNN,0.988921,1,4.5000,4.5000,0.029561,1.0634,KNN,0.995501,1,5.8728,5.8728,0.015285,1.0323
kk_grpo_v3_final_holdout_001626,KKN,KKN,0.999986,1,11.6793,11.6793,0.000092,1.0002,KKN,0.999997,1,13.6251,13.6251,0.000020,1.0000,KKN,0.999994,1,12.3750,12.3750,0.000039,1.0001,KKN,0.999998,1,13.5544,13.5544,0.000014,1.0000,KKN,0.999999,1,13.8128,13.8128,0.000009,1.0000
kk_grpo_v3_final_holdout_001627,KKN,KKN,0.856347,1,2.1957,2.1957,0.242520,1.6558,KKN,0.937879,1,2.7488,2.7488,0.116429,1.2739,KKN,0.970746,1,3.5052,3.5052,0.063869,1.1420,KKN,0.993245,1,5.6220,5.6220,0.021722,1.0462,KKN,0.987085,1,4.3748,4.3748,0.034196,1.0737
kk_grpo_v3_final_holdout_001628,NNN,NNK,0.003283,4,2.6222,-5.6250,0.177557,1.4466,NNK,0.001597,4,2.7958,-6.3750,0.124834,1.2964,NNK,0.000004,5,5.3750,-12.3750,0.017187,1.0364,NNK,0.000009,6,4.2551,-11.6250,0.036888,1.0797,NNK,0.000001,7,4.0004,-14.1875,0.044121,1.0961
kk_grpo_v3_final_holdout_001629,NNN,NNN,0.955695,1,3.4156,3.4156,0.104757,1.2434,NNN,0.981692,1,4.3875,4.3875,0.051004,1.1119,NNN,0.957008,1,3.5296,3.5296,0.100928,1.2335,NNN,0.994902,1,5.7590,5.7590,0.017138,1.0363,NNN,0.993883,1,5.3915,5.3915,0.019822,1.0421
kk_grpo_v3_final_holdout_001630,NKK,NNK,0.417428,2,0.2379,-0.2379,0.418191,2.3860,NKK,0.592557,1,0.3750,0.3750,0.325816,1.9690,NKK,0.705596,1,0.8750,0.8750,0.292462,1.8370,NNK,0.182418,2,1.5000,-1.5000,0.228581,1.6085,NNK,0.164485,2,1.6250,-1.6250,0.215890,1.5666
kk_grpo_v3_final_holdout_001631,KKN,KKN,0.998046,1,6.2500,6.2500,0.006878,1.0144,KKN,0.999954,1,9.9999,9.9999,0.000247,1.0005,KKN,0.999992,1,11.8750,11.8750,0.000052,1.0001,KKN,0.999991,1,11.8750,11.8750,0.000057,1.0001,KKN,0.999993,1,11.9998,11.9998,0.000045,1.0001
kk_grpo_v3_final_holdout_001632,KKN,KKN,0.958757,1,3.8786,3.8786,0.101293,1.2345,KKN,0.996996,1,6.3036,6.3036,0.011060,1.0233,KKN,0.999764,1,8.8749,8.8749,0.001161,1.0024,KKN,0.999718,1,8.3749,8.3749,0.001322,1.0028,KKN,0.999836,1,9.0004,9.0004,0.000816,1.0017
kk_grpo_v3_final_holdout_001633,KKK,KKK,0.999995,1,12.4191,12.4191,0.000033,1.0001,KKK,0.999999,1,14.2161,14.2161,0.000006,1.0000,KKK,0.999999,1,13.6328,13.6328,0.000010,1.0000,KKK,0.999998,1,13.0161,13.0161,0.000016,1.0000,KKK,1.000000,1,15.0890,15.0890,0.000003,1.0000
kk_grpo_v3_final_holdout_001634,KNN,KNN,0.866235,1,2.2500,2.2500,0.256242,1.7038,KNN,0.642791,1,0.6250,0.6250,0.344405,2.0466,KNK,0.090866,3,1.6370,-2.1250,0.342091,2.0368,KNN,0.996061,1,5.8750,5.8750,0.013724,1.0289,KNK,0.243941,2,1.1250,-1.1250,0.280996,1.7938
kk_grpo_v3_final_holdout_001635,KNN,KNN,0.879862,1,2.2511,2.2511,0.209857,1.5471,KNN,0.932330,1,3.1482,3.1482,0.141642,1.3425,KNN,0.939510,1,2.8923,2.8923,0.122330,1.2897,KNN,0.998477,1,6.5233,6.5233,0.005618,1.0118,KNN,0.946161,1,3.3487,3.3487,0.119131,1.2811
kk_grpo_v3_final_holdout_001636,KKK,KKK,0.999287,1,7.2610,7.2610,0.002857,1.0060,KKK,0.999858,1,8.9369,8.9369,0.000694,1.0014,KKK,0.999924,1,9.5041,9.5041,0.000384,1.0008,KKK,0.999993,1,12.0258,12.0258,0.000044,1.0001,KKK,0.999991,1,11.6280,11.6280,0.000058,1.0001
kk_grpo_v3_final_holdout_001637,NNK,NNK,0.410977,1,0.2587,0.2587,0.534202,3.0369,NNK,0.365536,1,0.0001,0.0001,0.525217,2.9807,NNK,0.607361,1,0.6250,0.6250,0.409552,2.3435,NNK,0.744286,1,1.3751,1.3751,0.344567,2.0473,NNK,0.845612,1,2.1250,2.1250,0.255714,1.7019
kk_grpo_v3_final_holdout_001638,KKK,KKK,0.959449,1,3.7502,3.7502,0.095476,1.2196,KKK,0.995638,1,6.1251,6.1251,0.014975,1.0316,KKK,0.999233,1,7.3763,7.3763,0.003194,1.0067,KKK,0.999869,1,9.1251,9.1251,0.000654,1.0014,KKK,0.999820,1,8.8750,8.8750,0.000881,1.0018
kk_grpo_v3_final_holdout_001639,NNN,NNN,0.743899,1,1.2373,1.2373,0.339852,2.0273,NNN,0.831917,1,1.6637,1.6637,0.240260,1.6481,NNN,0.969900,1,3.5135,3.5135,0.068013,1.1519,NNN,0.976409,1,3.7561,3.7561,0.055687,1.1228,NNN,0.985707,1,4.2624,4.2624,0.037146,1.0803
kk_grpo_v3_final_holdout_001640,NKN,NKN,0.880593,1,2.0000,2.0000,0.176744,1.4442,NKN,0.979648,1,3.8751,3.8751,0.047892,1.1047,NKN,0.996724,1,5.7500,5.7500,0.010825,1.0228,NKN,0.995386,1,5.3750,5.3750,0.014169,1.0299,NKN,0.904634,1,2.2502,2.2502,0.151530,1.3704
kk_grpo_v3_final_holdout_001641,KNK,KNK,0.798079,1,1.3750,1.3750,0.242527,1.6559,KNK,0.962648,1,3.2500,3.2500,0.076785,1.1731,KNK,0.731020,1,1.0000,1.0000,0.280259,1.7910,KNK,0.995917,1,5.5000,5.5000,0.012804,1.0270,KNK,0.984077,1,4.1250,4.1250,0.039364,1.0853
kk_grpo_v3_final_holdout_001642,KKK,KKK,0.999366,1,7.5026,7.5026,0.002681,1.0056,KKK,0.999444,1,7.5492,7.5492,0.002335,1.0049,KKK,0.999753,1,8.7867,8.7867,0.001189,1.0025,KKK,0.999595,1,8.1998,8.1998,0.001843,1.0038,KKK,0.999841,1,9.1375,9.1375,0.000796,1.0017
kk_grpo_v3_final_holdout_001643,NKN,NKN,0.963831,1,3.3751,3.3751,0.080108,1.1813,NKN,0.992480,1,4.9999,4.9999,0.022759,1.0485,NKN,0.994600,1,5.2500,5.2500,0.016589,1.0351,NKN,0.880780,1,2.0001,2.0001,0.175838,1.4414,NKN,0.592425,1,0.3749,0.3749,0.326598,1.9722
kk_grpo_v3_final_holdout_001644,KNN,NKN,0.266511,2,0.9689,-0.9689,0.347990,2.0619,NKK,0.148042,3,0.2500,-1.1727,0.486653,2.7510,NKN,0.078560,2,2.4369,-2.4369,0.190625,1.4865,NKN,0.244065,2,1.1243,-1.1243,0.282255,1.7985,NKK,0.116811,3,1.2500,-1.7642,0.416360,2.3769
kk_grpo_v3_final_holdout_001645,NNN,NNN,0.851943,1,1.7519,1.7519,0.202750,1.5244,NNN,0.923733,1,2.4998,2.4998,0.130945,1.3130,NNN,0.983794,1,4.1254,4.1254,0.040637,1.0882,NNN,0.982773,1,4.1266,4.1266,0.044295,1.0965,NNN,0.835389,1,1.6319,1.6319,0.218834,1.5763
kk_grpo_v3_final_holdout_001646,KNK,KNK,0.983818,1,4.1250,4.1250,0.040524,1.0879,KNK,0.997707,1,6.1250,6.1250,0.008019,1.0168,KNK,0.987530,1,4.3750,4.3750,0.032379,1.0696,KNK,0.998950,1,6.8750,6.8750,0.004013,1.0084,KNK,0.998264,1,6.3750,6.3750,0.006225,1.0130
kk_grpo_v3_final_holdout_001647,KNK,KKN,0.010866,3,4.4989,-4.5000,0.058188,1.1286,KKN,0.001698,2,6.3750,-6.3750,0.011517,1.0242,KKN,0.000085,4,6.8778,-9.3749,0.004814,1.0101,KKN,0.000035,3,9.8816,-10.2498,0.000569,1.0012,KKN,0.000109,3,3.8750,-9.1038,0.048821,1.1069
kk_grpo_v3_final_holdout_001648,NNN,NNN,0.678584,1,1.1360,1.1360,0.400936,2.3019,KKN,0.468183,2,0.1227,-0.1227,0.340758,2.0311,NNN,0.468917,1,0.0026,0.0026,0.426013,2.4251,KNN,0.005222,2,5.2464,-5.2464,0.026004,1.0556,KKN,0.377509,2,0.4953,-0.4953,0.328072,1.9782
kk_grpo_v3_final_holdout_001649,KNN,KNN,0.704717,1,0.9354,0.9354,0.327629,1.9764,KNN,0.923629,1,2.7010,2.7010,0.148771,1.3626,KNN,0.776891,1,1.2498,1.2498,0.257223,1.7072,KNN,0.979352,1,3.9444,3.9444,0.051653,1.1134,KNN,0.966430,1,3.5541,3.5541,0.079116,1.1788
kk_grpo_v3_final_holdout_001650,NNN,NNN,0.993048,1,5.1250,5.1250,0.021428,1.0456,NNN,0.996579,1,5.7501,5.7501,0.011462,1.0241,NNN,0.997624,1,6.3750,6.3750,0.008828,1.0185,NNN,0.997040,1,5.8756,5.8756,0.010065,1.0211,NNN,0.998582,1,7.1251,7.1251,0.005765,1.0121
kk_grpo_v3_final_holdout_001651,KKN,KKN,0.946612,1,3.5685,3.5685,0.118019,1.2781,KKN,0.995390,1,5.8038,5.8038,0.015572,1.0329,KKN,0.998967,1,6.8955,6.8955,0.003968,1.0083,KKN,0.999374,1,7.6564,7.6564,0.002692,1.0056,KKN,0.999994,1,12.6313,12.6313,0.000039,1.0001
kk_grpo_v3_final_holdout_001652,KKN,NKN,0.348657,2,0.6249,-0.6249,0.311240,1.9102,NKN,0.222698,2,1.2495,-1.2495,0.256635,1.7052,NKN,0.377520,2,0.4914,-0.4914,0.333699,2.0015,KKN,0.867049,1,1.8752,1.8752,0.188561,1.4801,NKK,0.133021,3,0.2500,-1.2986,0.474333,2.6814
kk_grpo_v3_final_holdout_001653,NNN,NNN,0.997579,1,6.3503,6.3503,0.009166,1.0192,NNN,0.999158,1,7.5991,7.5991,0.003619,1.0076,NNN,0.998964,1,7.0540,7.0540,0.004234,1.0088,NNN,0.999934,1,9.9748,9.9748,0.000366,1.0008,NNN,0.999914,1,9.5619,9.5619,0.000459,1.0010
kk_grpo_v3_final_holdout_001654,NKN,NKN,0.930129,1,2.6239,2.6239,0.127725,1.3042,NKN,0.982744,1,4.4942,4.4942,0.048116,1.1052,NKN,0.997066,1,6.3741,6.3741,0.010864,1.0228,NKN,0.993274,1,5.2488,5.2488,0.021166,1.0450,NKN,0.835022,1,1.6247,1.6247,0.217124,1.5707
kk_grpo_v3_final_holdout_001655,KKK,KKK,0.946608,1,2.9884,2.9884,0.109014,1.2544,KKK,0.993321,1,5.0911,5.0911,0.020230,1.0430,KKK,0.998301,1,6.4313,6.4313,0.006199,1.0130,KKK,0.798748,1,1.4082,1.4082,0.254285,1.6968,KKK,0.999217,1,7.1521,7.1521,0.003073,1.0064
kk_grpo_v3_final_holdout_001656,NNK,NNK,0.952433,1,3.0086,3.0086,0.093654,1.2150,NNK,0.939743,1,2.7508,2.7508,0.110303,1.2578,NNK,0.798167,1,1.3751,1.3751,0.242100,1.6544,KNK,0.377500,2,0.5000,-0.5000,0.319205,1.9421,NNK,0.999765,1,8.3752,8.3752,0.001070,1.0022
kk_grpo_v3_final_holdout_001657,KKN,KKN,0.469466,1,0.2524,0.2524,0.519385,2.9448,KKN,0.630635,1,1.1276,1.1276,0.448870,2.5431,KKN,0.770867,1,1.3446,1.3446,0.304112,1.8821,KKN,0.950317,1,2.9971,2.9971,0.100163,1.2316,KKN,0.904709,1,2.7105,2.7105,0.181651,1.4590
kk_grpo_v3_final_holdout_001658,KNN,KNN,0.999670,1,8.2502,8.2502,0.001519,1.0032,KNN,0.999943,1,10.1879,10.1879,0.000316,1.0007,KNN,0.999964,1,10.3130,10.3130,0.000202,1.0004,KNN,0.999991,1,12.2505,12.2505,0.000059,1.0001,KNN,0.999963,1,10.4989,10.4989,0.000213,1.0004
kk_grpo_v3_final_holdout_001659,NNK,NNK,0.881223,1,2.4074,2.4074,0.225139,1.5971,NNK,0.953501,1,3.1294,3.1294,0.098522,1.2274,NNK,0.986924,1,4.4231,4.4231,0.035952,1.0776,NNK,0.994863,1,5.4855,5.4855,0.016972,1.0359,NNK,0.992705,1,5.0025,5.0025,0.021994,1.0468
kk_grpo_v3_final_holdout_001660,NKK,NKK,0.702919,1,1.2506,1.2506,0.384414,2.2241,NKK,0.878910,1,2.1584,2.1584,0.206301,1.5357,NKK,0.985453,1,4.2498,4.2498,0.037581,1.0813,NKK,0.835724,1,1.6295,1.6295,0.216487,1.5686,NKK,0.924111,1,2.4999,2.4999,0.129313,1.3085
kk_grpo_v3_final_holdout_001661,KNK,KNK,0.754905,1,1.3516,1.3516,0.341330,2.0335,KNK,0.992402,1,4.8978,4.8978,0.021975,1.0468,KNK,0.999556,1,7.9535,7.9535,0.002017,1.0042,KNK,0.999989,1,11.7498,11.7498,0.000072,1.0002,KNK,0.999664,1,8.0000,8.0000,0.001453,1.0030
kk_grpo_v3_final_holdout_001662,KNK,KNK,0.880043,1,2.0016,2.0016,0.179796,1.4534,KNK,0.914545,1,2.3747,2.3747,0.141614,1.3424,KNK,0.930774,1,2.7404,2.7404,0.134120,1.3217,KNK,0.995250,1,5.3750,5.3750,0.014832,1.0313,KNK,0.973920,1,3.7472,3.7472,0.062744,1.1394
kk_grpo_v3_final_holdout_001663,KKN,KKN,0.679052,1,0.7509,0.7509,0.303691,1.8804,KKN,0.817587,1,1.5381,1.5381,0.242451,1.6556,NKN,0.201815,2,1.3487,-1.3487,0.288089,1.8204,KKN,0.893316,1,2.1483,2.1483,0.168903,1.4208,KKN,0.592659,1,0.3955,0.3955,0.344489,2.0469
kk_grpo_v3_final_holdout_001664,KKK,KKK,0.904424,1,2.2505,2.2505,0.152694,1.3737,KKK,0.996810,1,5.7500,5.7500,0.010401,1.0219,KKK,0.987556,1,4.3750,4.3750,0.032243,1.0693,KKK,0.994778,1,5.2500,5.2500,0.015709,1.0332,KKK,0.997198,1,5.8750,5.8750,0.009271,1.0195
kk_grpo_v3_final_holdout_001665,KNK,KNK,0.753657,1,1.1776,1.1776,0.301703,1.8727,KNK,0.866872,1,1.8822,1.8822,0.192572,1.4925,KNK,0.679162,1,0.7547,0.7547,0.306976,1.8933,KNK,0.994086,1,5.2418,5.2418,0.018480,1.0392,KNK,0.976739,1,3.8224,3.8224,0.056798,1.1254
kk_grpo_v3_final_holdout_001666,NNN,KNK,0.349472,2,0.0965,-0.0965,0.595055,3.4466,KNK,0.223504,2,0.7099,-0.7099,0.618710,3.6204,NKK,0.372669,2,0.2496,-0.2496,0.508651,2.8798,NNN,0.519316,1,0.2452,0.2452,0.450211,2.5502,NNN,0.665120,1,0.8423,0.8423,0.388385,2.2426
kk_grpo_v3_final_holdout_001667,NKN,NKN,0.408803,1,0.0001,0.0001,0.547915,3.1248,NKN,0.633871,1,1.0001,1.0001,0.475342,2.6871,NKN,0.675220,1,0.7503,0.7503,0.319295,1.9425,NKN,0.868626,1,2.5003,2.5003,0.243574,1.6595,NKN,0.889703,1,2.7502,2.7502,0.203890,1.5280
kk_grpo_v3_final_holdout_001668,NKK,NNN,0.379143,2,0.3845,-0.3845,0.439348,2.4933,NKK,0.588750,1,0.4995,0.4995,0.417229,2.3812,NNN,0.287680,2,0.8769,-0.8769,0.342046,2.0366,NKK,0.835218,1,1.6250,1.6250,0.216512,1.5687,NKK,0.525877,1,0.1254,0.1254,0.361436,2.1204
kk_grpo_v3_final_holdout_001669,KNN,KNN,0.904134,1,2.7237,2.7237,0.198136,1.5099,KNN,0.877304,1,1.9985,1.9985,0.189150,1.4819,KNN,0.914291,1,2.3750,2.3750,0.142790,1.3457,KNN,0.986348,1,4.3738,4.3738,0.036823,1.0796,KNN,0.851536,1,1.7498,1.7498,0.203663,1.5273
kk_grpo_v3_final_holdout_001670,NKN,NKN,0.851838,1,1.7504,1.7504,0.202497,1.5236,NKN,0.893150,1,2.1251,2.1251,0.164180,1.4069,NKN,0.939719,1,2.7499,2.7499,0.110214,1.2576,NKN,0.994017,1,5.1251,5.1251,0.017812,1.0377,NKN,0.914725,1,2.3751,2.3751,0.140865,1.3403
kk_grpo_v3_final_holdout_001671,NNK,KKN,0.377486,2,0.4999,-0.4999,0.319738,1.9443,KKN,0.245024,2,1.1253,-1.1253,0.267920,1.7456,KKN,0.130058,2,1.9004,-1.9004,0.185925,1.4720,KKN,0.012286,2,4.3869,-4.3869,0.031881,1.0685,KKN,0.000051,2,9.8765,-9.8765,0.000275,1.0006
kk_grpo_v3_final_holdout_001672,NKK,NKK,0.841601,1,2.0971,2.0971,0.277695,1.7815,NKK,0.905991,1,2.4538,2.4538,0.175960,1.4418,NKK,0.978433,1,4.0050,4.0050,0.055210,1.1217,NKK,0.995932,1,5.6164,5.6164,0.013424,1.0283,NKK,0.992759,1,5.5015,5.5015,0.023107,1.0492
kk_grpo_v3_final_holdout_001673,KNN,KNN,0.880708,1,2.0486,2.0486,0.187143,1.4757,KNN,0.562135,1,0.2500,0.2500,0.330066,1.9865,KNN,0.932426,1,2.6250,2.6250,0.119059,1.2809,KNN,0.851931,1,1.7500,1.7500,0.201795,1.5214,KKN,0.116773,2,2.0205,-2.0205,0.181795,1.4594
kk_grpo_v3_final_holdout_001674,NKN,NKN,0.993991,1,5.1252,5.1252,0.017942,1.0380,NKN,0.998789,1,6.7502,6.7502,0.004601,1.0096,NKN,0.999223,1,7.5007,7.5007,0.003317,1.0069,NKN,0.999886,1,9.1309,9.1309,0.000563,1.0012,NKN,0.999336,1,7.3767,7.3767,0.002745,1.0057
kk_grpo_v3_final_holdout_001675,KNN,KNN,0.999987,1,11.5000,11.5000,0.000078,1.0002,KNN,0.999990,1,11.5000,11.5000,0.000063,1.0001,KNN,0.999954,1,10.0000,10.0000,0.000244,1.0005,KNN,0.999999,1,13.6250,13.6250,0.000010,1.0000,KNN,0.999941,1,9.7501,9.7501,0.000303,1.0006
kk_grpo_v3_final_holdout_001676,KNK,KNK,0.763668,1,2.0000,2.0000,0.410365,2.3475,KNK,0.778804,1,1.5001,1.5001,0.328627,1.9805,KNK,0.989753,1,4.6258,4.6258,0.028659,1.0614,KNK,0.904574,1,2.2522,2.2522,0.152538,1.3733,KNK,0.946363,1,2.8788,2.8788,0.101973,1.2362
kk_grpo_v3_final_holdout_001677,KNN,NKK,0.268896,2,0.9913,-0.9913,0.300073,1.8663,KNN,0.499649,1,0.0000,0.0000,0.336250,2.0122,NKK,0.201816,2,1.3742,-1.3742,0.244246,1.6618,NKK,0.268949,2,0.9996,-0.9996,0.281075,1.7941,KNN,0.651290,1,0.8148,0.8148,0.395250,2.2748
kk_grpo_v3_final_holdout_001678,NNN,NNN,0.999885,1,9.2501,9.2501,0.000586,1.0012,NNN,0.999903,1,9.7500,9.7500,0.000513,1.0011,NNN,0.999937,1,10.2500,10.2500,0.000348,1.0007,NNN,0.999872,1,9.1253,9.1253,0.000639,1.0013,NNN,0.999890,1,9.2501,9.2501,0.000561,1.0012
kk_grpo_v3_final_holdout_001679,NNK,NNK,0.997996,1,6.6786,6.6786,0.007728,1.0162,NNK,0.998790,1,6.8389,6.8389,0.004748,1.0099,NNK,0.999879,1,9.1432,9.1432,0.000609,1.0013,NNK,0.999979,1,11.7503,11.7503,0.000130,1.0003,NNK,0.999948,1,10.6954,10.6954,0.000296,1.0006
kk_grpo_v3_final_holdout_001680,KKK,KKK,0.859637,1,1.8760,1.8760,0.211181,1.5514,KKK,0.993910,1,5.1251,5.1251,0.018252,1.0387,KKK,0.999322,1,7.3753,7.3753,0.002795,1.0058,KKK,0.982026,1,4.0039,4.0039,0.043496,1.0947,KKK,0.997811,1,6.1258,6.1258,0.007524,1.0158
kk_grpo_v3_final_holdout_001681,NKN,KNN,0.485295,2,0.0298,-0.0298,0.365776,2.1396,KNN,0.293493,2,0.8755,-0.8755,0.298578,1.8606,KNN,0.377289,2,0.4521,-0.4521,0.376968,2.1900,KNN,0.037209,2,3.2531,-3.2531,0.077359,1.1745,KNN,0.363985,2,0.4854,-0.4854,0.395597,2.2765
kk_grpo_v3_final_holdout_001682,NNK,NNK,0.939618,1,2.7498,2.7498,0.110634,1.2587,NNK,0.970401,1,3.4998,3.4998,0.064923,1.1445,NNK,0.999544,1,7.8754,7.8754,0.002010,1.0042,NNK,0.997894,1,6.2500,6.2500,0.007554,1.0158,NNK,0.998190,1,6.3750,6.3750,0.006569,1.0138
kk_grpo_v3_final_holdout_001683,NNK,NNK,0.965665,1,3.4383,3.4383,0.079022,1.1786,NNK,0.978498,1,3.9117,3.9117,0.053923,1.1187,NNK,0.998448,1,6.8768,6.8768,0.006223,1.0130,NNK,0.997640,1,6.8733,6.8733,0.009147,1.0192,NNK,0.995402,1,5.6250,5.6250,0.015522,1.0328
kk_grpo_v3_final_holdout_001684,KNN,KNN,0.636535,1,0.8900,0.8900,0.473268,2.6755,KNN,0.692617,1,1.0336,1.0336,0.406575,2.3290,KNN,0.875965,1,2.3261,2.3261,0.235259,1.6310,KNN,0.963702,1,3.4137,3.4137,0.083967,1.1908,KNN,0.954679,1,3.5742,3.5742,0.110529,1.2584
kk_grpo_v3_final_holdout_001685,KNN,NNK,0.089469,2,2.1649,-2.1649,0.378118,2.1952,NNK,0.071757,4,0.2500,-1.8907,0.547544,3.1224,NNK,0.025354,3,2.0000,-3.5140,0.250091,1.6821,NNK,0.181787,2,1.4435,-1.4435,0.333668,2.0014,KNN,0.862206,1,2.3318,2.3318,0.256802,1.7057
kk_grpo_v3_final_holdout_001686,KNK,KNK,0.996580,1,5.7521,5.7521,0.011458,1.0241,KNK,0.998081,1,6.2561,6.2561,0.006712,1.0141,KNK,0.999300,1,7.2686,7.2686,0.002792,1.0058,KNK,0.999858,1,8.8830,8.8830,0.000683,1.0014,KNK,0.996437,1,5.6339,5.6339,0.011374,1.0239
kk_grpo_v3_final_holdout_001687,KNK,KNK,0.913511,1,2.3734,2.3734,0.145000,1.3519,KNK,0.946423,1,2.8748,2.8748,0.101028,1.2338,KNK,0.973918,1,3.6248,3.6248,0.058489,1.1293,KNK,0.987525,1,4.3748,4.3748,0.032399,1.0697,KNK,0.957901,1,3.1249,3.1249,0.083990,1.1908
kk_grpo_v3_final_holdout_001688,KKK,KKK,0.999984,1,11.6729,11.6729,0.000101,1.0002,KKK,0.999992,1,11.8911,11.8911,0.000051,1.0001,KKK,0.999985,1,11.1263,11.1263,0.000089,1.0002,KKK,0.999988,1,11.3762,11.3762,0.000070,1.0001,KKK,0.999988,1,11.3752,11.3752,0.000069,1.0001
kk_grpo_v3_final_holdout_001689,NKN,NKN,0.750272,1,1.7500,1.7500,0.358169,2.1060,NKN,0.661343,1,1.0000,1.0000,0.409690,2.3442,NKN,0.954868,1,3.1250,3.1250,0.094020,1.2159,NKN,0.795444,1,1.3750,1.3750,0.252819,1.6917,NKN,0.989779,1,5.1393,5.1393,0.032232,1.0693
kk_grpo_v3_final_holdout_001690,KKK,KKK,0.998523,1,6.8117,6.8117,0.005857,1.0123,KKK,0.999332,1,7.7376,7.7376,0.002948,1.0061,KKK,0.999982,1,11.7200,11.7200,0.000115,1.0002,KKK,0.999970,1,10.5002,10.5002,0.000172,1.0004,KKK,0.999988,1,12.0766,12.0766,0.000074,1.0002
kk_grpo_v3_final_holdout_001691,KKK,KKK,0.804551,1,1.5000,1.5000,0.267623,1.7446,KKK,0.992925,1,5.1250,5.1250,0.022009,1.0468,KKK,0.997506,1,6.0000,6.0000,0.008457,1.0177,KKK,0.983477,1,4.1250,4.1250,0.041788,1.0908,KKK,0.998050,1,6.6250,6.6250,0.007705,1.0162
kk_grpo_v3_final_holdout_001692,KNK,KNK,0.811467,1,2.0190,2.0190,0.323768,1.9606,KNK,0.777461,1,1.5555,1.5555,0.337015,2.0154,KNK,0.972057,1,4.2767,4.2767,0.074301,1.1671,KNK,0.990111,1,4.6344,4.6344,0.027412,1.0587,KNK,0.972137,1,3.6503,3.6503,0.066505,1.1483
kk_grpo_v3_final_holdout_001693,NNK,NNN,0.000536,3,3.5017,-7.5000,0.067197,1.1500,NNN,0.000331,3,4.3758,-8.0000,0.034140,1.0736,NNN,0.000139,3,5.8755,-8.8750,0.009991,1.0210,NNN,0.000709,2,7.2500,-7.2500,0.004394,1.0092,NNN,0.000203,3,7.1252,-8.5000,0.004132,1.0086
kk_grpo_v3_final_holdout_001694,NNK,NNK,0.999804,1,8.6250,8.6250,0.000930,1.0019,NNK,0.999834,1,8.7499,8.7499,0.000790,1.0016,NNK,0.999945,1,10.1254,10.1254,0.000304,1.0006,NNK,0.999968,1,10.6252,10.6252,0.000188,1.0004,NNK,0.999947,1,10.2512,10.2512,0.000297,1.0006
kk_grpo_v3_final_holdout_001695,NKK,NNK,0.195918,2,1.2512,-1.2512,0.416038,2.3753,NNK,0.286585,2,0.7500,-0.7500,0.439052,2.4917,NNK,0.130258,2,1.8750,-1.8750,0.233615,1.6255,NNK,0.144644,2,1.7500,-1.7500,0.252133,1.6893,NNK,0.046335,2,3.0000,-3.0000,0.147842,1.3599
kk_grpo_v3_final_holdout_001696,NNK,NNK,0.999708,1,8.6250,8.6250,0.001407,1.0029,NNK,0.999803,1,8.8750,8.8750,0.000977,1.0020,NNK,0.999909,1,9.9375,9.9375,0.000497,1.0010,NNK,0.999931,1,10.0000,10.0000,0.000378,1.0008,NNK,0.999621,1,8.2499,8.2499,0.001772,1.0037
kk_grpo_v3_final_holdout_001697,KKN,KKN,0.870113,1,2.5741,2.5741,0.249483,1.6800,KKN,0.921050,1,3.3751,3.3751,0.173552,1.4346,KKN,0.979044,1,4.0017,4.0017,0.053997,1.1188,KKN,0.983778,1,4.2499,4.2499,0.043372,1.0944,KKN,0.987434,1,4.4258,4.4258,0.034088,1.0735
kk_grpo_v3_final_holdout_001698,NNK,NNK,0.994536,1,5.5990,5.5990,0.018720,1.0397,NNK,0.998452,1,7.2500,7.2500,0.006411,1.0134,NNK,0.999484,1,8.2500,8.2500,0.002419,1.0050,NNK,0.999642,1,8.1250,8.1250,0.001650,1.0034,NNK,0.996760,1,5.7500,5.7500,0.010669,1.0224
kk_grpo_v3_final_holdout_001699,KKN,KKN,0.998830,1,6.7519,6.7519,0.004373,1.0091,KKN,0.999925,1,9.5296,9.5296,0.000385,1.0008,KKN,0.999968,1,10.3815,10.3815,0.000179,1.0004,KKN,1.000000,1,14.8151,14.8151,0.000004,1.0000,KKN,0.999998,1,13.5123,13.5123,0.000011,1.0000
kk_grpo_v3_final_holdout_001700,KKN,KKN,0.391189,1,0.0316,0.0316,0.619155,3.6237,KKN,0.748018,1,1.9289,1.9289,0.428067,2.4355,KKN,0.872153,1,2.2500,2.2500,0.236571,1.6355,KKN,0.749447,1,1.2364,1.2364,0.329033,1.9822,KKN,0.969482,1,4.4658,4.4658,0.086251,1.1964
kk_grpo_v3_final_holdout_001701,NNN,NNN,0.996170,1,5.8826,5.8826,0.013229,1.0279,NNN,0.996575,1,6.2499,6.2499,0.012135,1.0256,NNN,0.999524,1,7.8753,7.8753,0.002098,1.0044,NNN,0.999742,1,8.3749,8.3749,0.001194,1.0025,NNN,0.999723,1,8.6250,8.6250,0.001315,1.0027
kk_grpo_v3_final_holdout_001702,KKN,KKN,0.833125,1,1.6267,1.6267,0.225134,1.5970,KKN,0.851667,1,1.7496,1.7496,0.202927,1.5250,KKN,0.939877,1,2.7681,2.7681,0.112064,1.2624,KKN,0.993266,1,5.0002,5.0002,0.019548,1.0415,KKN,0.999156,1,7.1262,7.1262,0.003365,1.0070
kk_grpo_v3_final_holdout_001703,NKK,NKN,0.003940,3,1.1198,-5.2500,0.280292,1.7911,NKN,0.046459,2,3.0000,-3.0000,0.138064,1.3326,NKK,0.530675,1,0.1250,0.1250,0.336073,2.0114,NKN,0.010966,2,4.5000,-4.5000,0.035910,1.0775,NKN,0.095203,2,2.2500,-2.2500,0.156894,1.3858
kk_grpo_v3_final_holdout_001704,NNN,NNN,0.984011,1,4.1384,4.1384,0.040247,1.0873,NNN,0.989002,1,4.5099,4.5099,0.029447,1.0631,NNN,0.993306,1,5.0209,5.0209,0.019658,1.0417,NNN,0.999191,1,7.1364,7.1364,0.003196,1.0067,NNN,0.987566,1,4.3758,4.3758,0.032228,1.0693
kk_grpo_v3_final_holdout_001705,KKN,KKN,0.999992,1,12.1254,12.1254,0.000053,1.0001,KKN,0.999998,1,13.5035,13.5035,0.000015,1.0000,KKN,0.999999,1,14.4368,14.4368,0.000009,1.0000,KKN,0.999998,1,13.7557,13.7557,0.000011,1.0000,KKN,0.999999,1,13.6881,13.6881,0.000009,1.0000
kk_grpo_v3_final_holdout_001706,KKN,KKN,0.999655,1,8.0001,8.0001,0.001513,1.0032,KKN,0.999975,1,10.6248,10.6248,0.000138,1.0003,KKN,0.999996,1,12.4375,12.4375,0.000029,1.0001,KKN,0.999998,1,13.4375,13.4375,0.000013,1.0000,KKN,0.999997,1,12.7498,12.7498,0.000021,1.0000
kk_grpo_v3_final_holdout_001707,NNN,NNN,0.840009,1,1.7568,1.7568,0.239411,1.6452,NNN,0.823787,1,1.6145,1.6145,0.246454,1.6694,NNK,0.491005,2,0.0000,-0.0000,0.370956,2.1628,NNN,0.633303,1,0.7500,0.7500,0.401107,2.3027,NNN,0.744283,1,1.3750,1.3750,0.344650,2.0476
kk_grpo_v3_final_holdout_001708,NNN,NNN,0.826586,1,1.7387,1.7387,0.264984,1.7350,NNN,0.696180,1,0.9579,0.9579,0.353384,2.0852,NNN,0.942054,1,3.0023,3.0023,0.121521,1.2875,NNN,0.990680,1,5.3713,5.3713,0.028815,1.0618,NNN,0.991720,1,5.3883,5.3883,0.026224,1.0560
kk_grpo_v3_final_holdout_001709,KNK,KNK,0.754362,1,1.5117,1.5117,0.366445,2.1426,KNK,0.880781,1,2.1271,2.1271,0.200455,1.5172,KNK,0.622411,1,0.5141,0.5141,0.332819,1.9979,KNK,0.997524,1,6.0867,6.0867,0.008758,1.0184,KNK,0.966922,1,3.6571,3.6571,0.078822,1.1781
kk_grpo_v3_final_holdout_001710,KNN,KNN,0.999864,1,9.1814,9.1814,0.000704,1.0015,KNN,0.999982,1,11.7641,11.7641,0.000112,1.0002,KNN,0.999983,1,12.0000,12.0000,0.000109,1.0002,KNN,0.999997,1,13.0434,13.0434,0.000022,1.0000,KNN,0.999849,1,8.8750,8.8750,0.000731,1.0015
kk_grpo_v3_final_holdout_001711,NNK,NNK,0.622334,1,0.5065,0.5065,0.326652,1.9724,NNK,0.499939,1,0.0010,0.0010,0.335664,2.0097,NNK,0.904619,1,2.2499,2.2499,0.151540,1.3704,KNN,0.029306,2,3.4974,-3.4974,0.072637,1.1630,KNN,0.437735,2,0.2393,-0.2393,0.345976,2.0533
kk_grpo_v3_final_holdout_001712,KKK,KKK,0.999945,1,10.5162,10.5162,0.000312,1.0006,KKK,0.999985,1,11.3301,11.3301,0.000093,1.0002,KKK,0.999998,1,13.2631,13.2631,0.000018,1.0000,KKK,0.999999,1,14.3464,14.3464,0.000006,1.0000,KKK,0.999999,1,14.1263,14.1263,0.000006,1.0000
kk_grpo_v3_final_holdout_001713,KKN,KKN,0.468777,1,0.0177,0.0177,0.432678,2.4589,KKN,0.731045,1,1.1797,1.1797,0.337836,2.0188,KKN,0.622444,1,0.8868,0.8868,0.432729,2.4592,KNK,0.468773,2,0.0122,-0.0122,0.419143,2.3907,KKN,0.705783,1,1.3981,1.3981,0.387001,2.2361
kk_grpo_v3_final_holdout_001714,NKN,NKN,0.999244,1,7.5000,7.5000,0.003226,1.0067,NKN,0.997484,1,6.0000,6.0000,0.008561,1.0180,NKN,0.962641,1,3.2500,3.2500,0.076818,1.1732,NKN,0.999077,1,7.0000,7.0000,0.003581,1.0075,NKN,0.893280,1,2.1250,2.1250,0.163446,1.4048
kk_grpo_v3_final_holdout_001715,NKK,NNK,0.259114,2,0.8752,-0.8752,0.444324,2.5192,NNK,0.307097,2,0.6249,-0.6249,0.469054,2.6521,NNK,0.180651,2,1.5000,-1.5000,0.253428,1.6938,NNK,0.106433,2,2.1253,-2.1253,0.170511,1.4256,NNK,0.053158,2,2.8750,-2.8750,0.114420,1.2686
kk_grpo_v3_final_holdout_001716,NKK,KKN,0.059368,4,0.9928,-2.3627,0.481531,2.7219,KKN,0.049595,3,1.5020,-2.7473,0.325255,1.9667,KKN,0.234433,3,0.6571,-0.7556,0.518030,2.9365,KKN,0.020316,3,2.2496,-3.7755,0.196233,1.5039,KKN,0.054199,3,2.4309,-2.7720,0.238734,1.6429
kk_grpo_v3_final_holdout_001717,NKN,NKN,0.754869,1,1.1249,1.1249,0.268043,1.7461,NKN,0.835077,1,1.6245,1.6245,0.216715,1.5693,NKN,0.982198,1,4.1232,4.1232,0.045885,1.1001,NKN,0.952421,1,2.9998,2.9998,0.092504,1.2121,NKN,0.917017,1,3.0000,3.0000,0.164997,1.4093
kk_grpo_v3_final_holdout_001718,KNK,KNK,0.998666,1,6.6250,6.6250,0.004920,1.0103,KNK,0.999511,1,7.6250,7.6250,0.002034,1.0042,KNK,0.999703,1,8.1218,8.1218,0.001307,1.0027,KNK,0.999954,1,9.9999,9.9999,0.000248,1.0005,KNK,0.998830,1,6.7500,6.7500,0.004361,1.0091
kk_grpo_v3_final_holdout_001719,KNN,KNN,0.905018,1,2.3633,2.3633,0.168017,1.4182,KNN,0.974044,1,3.6514,3.6514,0.059414,1.1315,KNN,0.993306,1,5.0699,5.0699,0.020129,1.0427,KNN,0.999972,1,10.7142,10.7142,0.000163,1.0003,KNN,0.999863,1,9.0627,9.0627,0.000687,1.0014
kk_grpo_v3_final_holdout_001720,NKN,NKN,0.602566,1,1.1063,1.1063,0.463016,2.6191,NKN,0.529454,1,0.3765,0.3765,0.456068,2.5815,NKN,0.983542,1,4.3755,4.3755,0.045240,1.0986,NKN,0.957039,1,3.5012,3.5012,0.098823,1.2281,NKN,0.636150,1,0.6331,0.6331,0.362421,2.1247
kk_grpo_v3_final_holdout_001721,KKN,KKN,0.530275,1,0.3402,0.3402,0.445275,2.5242,KKN,0.797352,1,1.3739,1.3739,0.245003,1.6644,KKN,0.988571,1,4.4996,4.4996,0.030980,1.0665,KKN,0.988318,1,4.4998,4.4998,0.031973,1.0687,KKN,0.999808,1,9.1248,9.1248,0.000970,1.0020
kk_grpo_v3_final_holdout_001722,NKN,NKN,0.817344,1,1.5011,1.5011,0.230469,1.6149,NKN,0.955806,1,3.1236,3.1236,0.091329,1.2091,NKN,0.990776,1,4.7518,4.7518,0.026457,1.0566,NKN,0.995355,1,5.3790,5.3790,0.014393,1.0304,NKN,0.982392,1,4.4401,4.4401,0.049298,1.1080
kk_grpo_v3_final_holdout_001723,KKN,KKN,0.502732,1,0.0719,0.0719,0.390614,2.2530,NKN,0.293673,2,0.8738,-0.8738,0.300261,1.8671,KKN,0.621862,1,0.5005,0.5005,0.323083,1.9578,KKN,0.561501,1,0.2485,0.2485,0.331723,1.9933,KKN,0.651065,1,0.6243,0.6243,0.311919,1.9129
kk_grpo_v3_final_holdout_001724,KKK,KKK,0.999707,1,8.3751,8.3751,0.001361,1.0028,KKK,0.999970,1,11.1251,11.1251,0.000174,1.0004,KKK,0.999975,1,10.9377,10.9377,0.000144,1.0003,KKK,0.999990,1,11.8125,11.8125,0.000063,1.0001,KKK,0.999990,1,11.8750,11.8750,0.000063,1.0001
kk_grpo_v3_final_holdout_001725,KNK,KNK,0.904635,1,2.7951,2.7951,0.197446,1.5077,KNK,0.921991,1,2.7498,2.7498,0.156842,1.3856,KNK,0.921989,1,3.1972,3.1972,0.174196,1.4365,KNK,0.996376,1,5.9097,5.9097,0.013065,1.0275,KNK,0.953226,1,3.5026,3.5026,0.111953,1.2621
kk_grpo_v3_final_holdout_001726,NKN,NKN,0.705608,1,0.8746,0.8746,0.292102,1.8357,KNN,0.499895,2,0.0003,-0.0003,0.333552,2.0009,NKN,0.932384,1,2.6249,2.6249,0.119262,1.2815,NKN,0.893144,1,2.1245,2.1245,0.163960,1.4063,NKN,0.797498,1,1.3739,1.3739,0.244636,1.6631
kk_grpo_v3_final_holdout_001727,KKK,KKK,0.996398,1,5.6250,5.6250,0.011505,1.0242,KKK,0.999768,1,8.3750,8.3750,0.001049,1.0022,KKK,0.999568,1,7.7500,7.7500,0.001824,1.0038,KKK,0.994777,1,5.2500,5.2500,0.015716,1.0332,KKK,0.999994,1,12.1875,12.1875,0.000037,1.0001
kk_grpo_v3_final_holdout_001728,KNN,KNN,0.995362,1,5.3750,5.3750,0.014296,1.0302,KNN,0.998893,1,6.8750,6.8750,0.004288,1.0090,KNN,0.999825,1,9.1248,9.1248,0.000869,1.0018,KNN,0.999951,1,10.5000,10.5000,0.000275,1.0006,KNN,0.999580,1,7.9998,7.9998,0.001875,1.0039
kk_grpo_v3_final_holdout_001729,KKK,KKK,0.955539,1,3.1256,3.1256,0.092347,1.2117,KKK,0.997109,1,6.1262,6.1262,0.010306,1.0217,KKK,0.993755,1,5.1251,5.1251,0.018876,1.0400,KKK,0.999265,1,7.3750,7.3750,0.003054,1.0064,KKK,0.998069,1,6.5000,6.5000,0.007225,1.0151
kk_grpo_v3_final_holdout_001730,KNN,NKN,0.059318,3,1.0467,-2.4028,0.455388,2.5778,NNK,0.021886,4,0.6885,-3.2755,0.483988,2.7358,NKK,0.000823,5,1.8570,-6.8297,0.350881,2.0743,NNK,0.009635,4,0.1004,-3.9396,0.431586,2.4534,NNK,0.011099,4,1.2021,-4.0601,0.454728,2.5743
kk_grpo_v3_final_holdout_001731,NKN,NKN,0.754857,1,1.1249,1.1249,0.268136,1.7464,NKN,0.798170,1,1.3750,1.3750,0.241951,1.6539,NKN,0.952565,1,3.0000,3.0000,0.091839,1.2104,NKN,0.835404,1,1.6245,1.6245,0.215137,1.5642,NKN,0.679166,1,0.7500,0.7500,0.301787,1.8730
kk_grpo_v3_final_holdout_001732,NNN,NNN,0.996751,1,6.3757,6.3757,0.011908,1.0251,NNN,0.992770,1,5.5001,5.5001,0.023949,1.0511,NNN,0.999272,1,7.7499,7.7499,0.003205,1.0067,NNN,0.999758,1,8.6250,8.6250,0.001165,1.0024,NNN,0.999522,1,7.9999,7.9999,0.002182,1.0045
kk_grpo_v3_final_holdout_001733,NKN,KNN,0.368812,2,0.4106,-0.4106,0.441991,2.5070,KNN,0.201243,3,0.8391,-0.9910,0.520554,2.9519,KKK,0.053354,2,2.8630,-2.8630,0.132689,1.3177,KKN,0.018009,3,1.0000,-3.6672,0.356001,2.0965,KKK,0.001700,2,6.3748,-6.3748,0.008861,1.0186
kk_grpo_v3_final_holdout_001734,KKN,KKN,0.915178,1,3.0663,3.0663,0.185703,1.4713,KKN,0.946351,1,3.3497,3.3497,0.118500,1.2794,KKN,0.981905,1,4.6560,4.6560,0.050392,1.1105,KKN,0.999603,1,8.4529,8.4529,0.001858,1.0039,KKN,0.995881,1,5.5380,5.5380,0.013310,1.0281
kk_grpo_v3_final_holdout_001735,NKN,NKN,0.552681,1,0.3178,0.3178,0.408622,2.3390,NKN,0.508631,1,0.1533,0.1533,0.419264,2.3913,NKN,0.616576,1,0.6250,0.6250,0.397673,2.2863,KNN,0.359697,2,0.5477,-0.5477,0.355043,2.0924,NKN,0.555355,1,0.5724,0.5724,0.473931,2.6792
kk_grpo_v3_final_holdout_001736,KKN,NKN,0.244608,2,1.1268,-1.1268,0.270090,1.7535,NKN,0.201761,2,1.3753,-1.3753,0.241924,1.6538,NKN,0.017985,2,4.0001,-4.0001,0.043387,1.0944,NKN,0.164512,2,1.6250,-1.6250,0.215197,1.5644,NKN,0.042084,2,3.1251,-3.1251,0.083941,1.1907
kk_grpo_v3_final_holdout_001737,NNK,NKK,0.022129,3,1.0961,-3.4989,0.320425,1.9470,NKK,0.006847,3,1.3705,-4.7500,0.263377,1.7292,NKK,0.001599,4,3.0004,-6.3750,0.130242,1.3111,NKK,0.000375,4,4.5175,-7.8750,0.036118,1.0780,NKK,0.005126,3,4.2762,-5.2500,0.063548,1.1413
kk_grpo_v3_final_holdout_001738,KNN,KNN,0.896865,1,2.3543,2.3543,0.190259,1.4853,KNN,0.973614,1,3.8263,3.8263,0.065766,1.1465,KNN,0.999373,1,7.9014,7.9014,0.002843,1.0059,KNN,0.999880,1,9.1371,9.1371,0.000601,1.0013,KNN,0.998065,1,6.6387,6.6387,0.007536,1.0158
kk_grpo_v3_final_holdout_001739,NKN,NKN,0.621216,1,0.4979,0.4979,0.323076,1.9578,KKN,0.292412,2,0.8814,-0.8814,0.296176,1.8513,NKN,0.677737,1,0.7478,0.7478,0.306676,1.8922,NKN,0.981262,1,3.9991,3.9991,0.046304,1.1011,KKN,0.406843,2,0.3764,-0.3764,0.326459,1.9716
kk_grpo_v3_final_holdout_001740,KKK,KKK,0.987509,1,4.3750,4.3750,0.032482,1.0699,KKK,0.998673,1,6.6250,6.6250,0.004875,1.0102,KKK,0.999512,1,7.6250,7.6250,0.002028,1.0042,KKK,0.999954,1,10.0000,10.0000,0.000243,1.0005,KKK,0.999904,1,9.2500,9.2500,0.000476,1.0010
kk_grpo_v3_final_holdout_001741,NNN,NNN,0.999616,1,7.8752,7.8752,0.001647,1.0034,NNN,0.999887,1,9.1251,9.1251,0.000559,1.0012,NNN,0.999639,1,7.9377,7.9377,0.001563,1.0033,NNN,0.999982,1,11.5003,11.5003,0.000111,1.0002,NNN,0.999792,1,8.5003,8.5003,0.000961,1.0020
kk_grpo_v3_final_holdout_001742,KKK,KKK,0.999981,1,11.0263,11.0263,0.000111,1.0002,KKK,0.999997,1,12.9673,12.9673,0.000020,1.0000,KKK,0.999999,1,14.3167,14.3167,0.000007,1.0000,KKK,0.999998,1,13.8630,13.8630,0.000012,1.0000,KKK,0.999999,1,13.7522,13.7522,0.000009,1.0000
kk_grpo_v3_final_holdout_001743,NKN,KNN,0.365829,2,0.5197,-0.5197,0.365754,2.1395,KNN,0.314617,2,0.7453,-0.7453,0.359654,2.1125,NKN,0.787083,1,1.5896,1.5896,0.323329,1.9588,NKN,0.559823,1,0.2641,0.2641,0.356335,2.0980,KKN,0.337104,2,0.5581,-0.5581,0.437226,2.4823
kk_grpo_v3_final_holdout_001744,KKK,KKK,0.999978,1,10.8750,10.8750,0.000129,1.0003,KKK,0.999999,1,14.3125,14.3125,0.000009,1.0000,KKK,0.999999,1,15.4376,15.4376,0.000004,1.0000,KKK,0.999999,1,14.1952,14.1952,0.000009,1.0000,KKK,1.000000,1,15.3126,15.3126,0.000002,1.0000
kk_grpo_v3_final_holdout_001745,NKK,NKK,0.528449,1,0.6432,0.6432,0.494573,2.7967,NKK,0.562042,1,0.5632,0.5632,0.453064,2.5654,NKK,0.904343,1,2.2682,2.2682,0.157011,1.3861,KKN,0.201836,2,1.2479,-1.2479,0.382333,2.2145,NKK,0.651432,1,0.6445,0.6445,0.328796,1.9812
kk_grpo_v3_final_holdout_001746,NNN,NNN,0.914814,1,2.4495,2.4495,0.151708,1.3709,NNN,0.977011,1,3.8002,3.8002,0.054929,1.1210,NNN,0.952574,1,3.1801,3.1801,0.102062,1.2364,NNN,0.993306,1,5.0235,5.0235,0.019693,1.0418,NNN,0.982020,1,4.6337,4.6337,0.049344,1.1081
kk_grpo_v3_final_holdout_001747,NNN,NNN,0.886252,1,2.2314,2.2314,0.195308,1.5010,NNN,0.986564,1,4.4993,4.4993,0.037418,1.0809,NNN,0.995284,1,5.3773,5.3773,0.014709,1.0311,NNN,0.998580,1,6.6258,6.6258,0.005357,1.0112,NNN,0.998050,1,6.2532,6.2532,0.006873,1.0144
kk_grpo_v3_final_holdout_001748,KKN,KKN,0.496800,1,0.5001,0.5001,0.561524,3.2144,KKN,0.745500,1,1.1610,1.1610,0.314851,1.9246,KKN,0.437283,1,0.0299,0.0299,0.483142,2.7310,KKN,0.948578,1,3.1261,3.1261,0.112053,1.2624,KKN,0.763378,1,1.5557,1.5557,0.362129,2.1234
kk_grpo_v3_final_holdout_001749,NNN,NNN,0.994363,1,5.3751,5.3751,0.018038,1.0382,NNN,0.993794,1,5.1250,5.1250,0.018717,1.0397,NNN,0.995022,1,5.5000,5.5000,0.016223,1.0343,NNN,0.998778,1,6.7500,6.7500,0.004635,1.0097,NNN,0.999338,1,7.3750,7.3750,0.002717,1.0057
kk_grpo_v3_final_holdout_001750,NNK,NNK,0.676780,1,0.7457,0.7457,0.309246,1.9023,NNK,0.621322,1,0.4980,0.4980,0.322605,1.9559,NNK,0.995484,1,5.4841,5.4841,0.014526,1.0307,NNK,0.903531,1,2.2446,2.2446,0.154617,1.3792,NNK,0.973638,1,3.6232,3.6232,0.059537,1.1318
kk_grpo_v3_final_holdout_001751,KNN,KNN,0.592679,1,0.3893,0.3893,0.339640,2.0264,KNN,0.562178,1,0.2503,0.2503,0.330241,1.9872,KNN,0.622386,1,0.5009,0.5009,0.320537,1.9475,KNN,0.651451,1,0.6302,0.6302,0.316107,1.9296,KNN,0.622815,1,1.0919,1.0919,0.496329,2.8069
kk_grpo_v3_final_holdout_001752,NNK,NNK,0.988899,1,4.4999,4.4999,0.029674,1.0636,NNK,0.999031,1,7.0001,7.0001,0.003827,1.0080,NNK,0.999850,1,8.8790,8.8790,0.000728,1.0015,NNK,0.999907,1,9.3748,9.3748,0.000475,1.0010,NNK,0.999807,1,8.7379,8.7379,0.000949,1.0020
kk_grpo_v3_final_holdout_001753,KNK,KNK,0.484533,1,0.9665,0.9665,0.670934,4.0357,KNK,0.709017,1,1.8751,1.8751,0.502270,2.8418,NNN,0.376519,2,0.3327,-0.3327,0.479119,2.7082,KNK,0.776943,1,1.2874,1.2874,0.275026,1.7716,KNK,0.589940,1,0.3765,0.3765,0.341810,2.0356
kk_grpo_v3_final_holdout_001754,KKN,NNN,0.119136,3,1.1250,-1.7194,0.411832,2.3546,NNN,0.320648,2,0.7326,-0.7326,0.331370,1.9919,NNN,0.468459,2,0.0713,-0.0713,0.385972,2.2313,NNN,0.003170,3,1.5000,-5.5491,0.239553,1.6457,NNN,0.294047,2,0.8548,-0.8548,0.326311,1.9710
kk_grpo_v3_final_holdout_001755,NKN,NKN,0.705670,1,0.8752,0.8752,0.292415,1.8369,NKN,0.754659,1,1.1250,1.1250,0.269259,1.7505,NKN,0.952311,1,3.0011,3.0011,0.093223,1.2139,NKN,0.992409,1,4.8767,4.8767,0.021557,1.0458,NKN,0.947578,1,3.0330,3.0330,0.110553,1.2585
kk_grpo_v3_final_holdout_001756,KNN,NKN,0.041617,3,2.8489,-3.0551,0.233665,1.6256,NKN,0.041794,2,3.1221,-3.1221,0.113042,1.2650,NKN,0.000552,3,6.5009,-7.4995,0.008023,1.0168,NKN,0.001493,3,5.7498,-6.5014,0.018227,1.0386,NKN,0.002182,3,3.5021,-6.0955,0.071173,1.1595
kk_grpo_v3_final_holdout_001757,NNK,NNK,0.674019,1,1.1220,1.1220,0.410414,2.3477,NNK,0.744265,1,1.3103,1.3103,0.339988,2.0279,NNK,0.979091,1,4.3674,4.3674,0.055699,1.1228,NNK,0.922182,1,2.6142,2.6142,0.146238,1.3554,NNK,0.933295,1,2.8636,2.8636,0.134342,1.3223
kk_grpo_v3_final_holdout_001758,NNN,NNN,0.966830,1,3.8249,3.8249,0.089224,1.2039,NNN,0.970833,1,3.9060,3.9060,0.077194,1.1741,NNN,0.992596,1,5.5740,5.5740,0.025049,1.0535,NNN,0.996737,1,5.8767,5.8767,0.011341,1.0239,NNN,0.996715,1,6.0291,6.0291,0.011989,1.0252
kk_grpo_v3_final_holdout_001759,KKK,KKK,0.998854,1,6.8750,6.8750,0.004476,1.0094,KKK,0.999969,1,10.5625,10.5625,0.000179,1.0004,KKK,0.999985,1,11.3125,11.3125,0.000089,1.0002,KKK,0.999971,1,10.5000,10.5000,0.000165,1.0003,KKK,0.999999,1,15.2889,15.2889,0.000005,1.0000
kk_grpo_v3_final_holdout_001760,KNK,KNK,0.730991,1,1.0026,1.0026,0.282875,1.8008,KNK,0.835585,1,1.6270,1.6270,0.215735,1.5661,KNK,0.978903,1,3.8400,3.8400,0.049407,1.1082,KNK,0.999943,1,10.0044,10.0044,0.000314,1.0007,KNK,0.999991,1,12.0008,12.0008,0.000059,1.0001
kk_grpo_v3_final_holdout_001761,KKN,KKN,0.563335,1,0.9236,0.9236,0.499000,2.8226,KKN,0.956224,1,3.2444,3.2444,0.095849,1.2206,KKN,0.920358,1,2.5097,2.5097,0.143431,1.3475,KKN,0.998993,1,7.3753,7.3753,0.004246,1.0089,KKN,0.622326,1,0.5083,0.5083,0.328260,1.9790
kk_grpo_v3_final_holdout_001762,KKN,KKN,0.866578,1,2.2199,2.2199,0.240752,1.6498,KKN,0.937849,1,2.7543,2.7543,0.117867,1.2777,KKN,0.981752,1,4.0016,4.0016,0.044645,1.0973,KKN,0.995640,1,6.1288,6.1288,0.015096,1.0319,KKN,0.987991,1,4.4998,4.4998,0.033028,1.0711
kk_grpo_v3_final_holdout_001763,NKK,NKK,0.445174,1,0.2757,0.2757,0.569930,3.2711,NKK,0.438184,1,0.4049,0.4049,0.539959,3.0735,NKK,0.843080,1,2.3223,2.3223,0.264169,1.7321,KNK,0.057995,3,1.6219,-2.6056,0.315089,1.9255,NKK,0.498439,1,0.2879,0.2879,0.482424,2.7269
kk_grpo_v3_final_holdout_001764,KKK,KKK,0.704849,1,0.8750,0.8750,0.296183,1.8513,KKK,0.939798,1,2.7500,2.7500,0.109869,1.2567,KKK,0.914833,1,2.3750,2.3750,0.140351,1.3389,KKK,0.985897,1,4.2500,4.2500,0.035781,1.0772,KKK,0.979655,1,3.8750,3.8750,0.047845,1.1046
kk_grpo_v3_final_holdout_001765,KNN,KNK,0.268276,2,1.0000,-1.0000,0.287619,1.8186,KNK,0.348473,2,0.6250,-0.6250,0.312822,1.9165,KNN,0.705601,1,0.8750,0.8750,0.292454,1.8370,KNK,0.499986,2,0.0000,-0.0000,0.333462,2.0005,KNN,0.835359,1,1.6250,1.6250,0.215672,1.5659
kk_grpo_v3_final_holdout_001766,KNN,KNK,0.285152,3,0.0805,-0.2500,0.551829,3.1503,KNK,0.278170,2,0.7500,-0.7500,0.451516,2.5572,KNK,0.189728,2,1.3750,-1.3750,0.337635,2.0180,KNN,0.506025,1,0.1250,0.1250,0.408597,2.3388,KNK,0.221791,2,1.2500,-1.2500,0.266830,1.7417
kk_grpo_v3_final_holdout_001767,NKN,NNK,0.104505,3,0.7162,-1.7499,0.435068,2.4712,NNK,0.256421,3,0.2763,-0.4999,0.519055,2.9428,NNK,0.115302,3,1.7325,-1.8748,0.352385,2.0808,NNK,0.052031,2,2.8746,-2.8746,0.156114,1.3835,NNK,0.049805,3,2.5716,-2.8748,0.212757,1.5565
kk_grpo_v3_final_holdout_001768,KNK,NKK,0.437682,2,0.0691,-0.0691,0.471133,2.6636,NKK,0.407171,2,0.3053,-0.3053,0.403797,2.3156,NKK,0.047417,2,2.9961,-2.9961,0.104746,1.2434,KNK,0.867010,1,2.1212,2.1212,0.226016,1.6000,NKK,0.182359,3,1.1274,-1.2183,0.451995,2.5597
kk_grpo_v3_final_holdout_001769,NKK,NKK,0.907853,1,2.9440,2.9440,0.189335,1.4825,NKK,0.972753,1,3.9370,3.9370,0.069903,1.1565,NKK,0.899298,1,2.2500,2.2500,0.169169,1.4216,NKK,0.999282,1,7.8750,7.8750,0.003166,1.0066,NKK,0.978898,1,4.0000,4.0000,0.053971,1.1188
kk_grpo_v3_final_holdout_001770,KKK,KKK,0.999258,1,7.3125,7.3125,0.003047,1.0064,KKK,0.999744,1,8.3125,8.3125,0.001161,1.0024,KKK,0.998825,1,6.7500,6.7500,0.004396,1.0092,KKK,0.999534,1,7.6875,7.6875,0.001961,1.0041,KKK,0.999977,1,11.1250,11.1250,0.000135,1.0003
kk_grpo_v3_final_holdout_001771,KNN,KNN,0.875278,1,2.4272,2.4272,0.231711,1.6190,KNN,0.913389,1,2.6597,2.6597,0.169650,1.4230,KNN,0.921065,1,3.1345,3.1345,0.181351,1.4581,KNN,0.996865,1,6.2629,6.2629,0.011625,1.0245,KNN,0.973685,1,4.0000,4.0000,0.071061,1.1592
kk_grpo_v3_final_holdout_001772,NNN,NNK,0.220527,2,1.2501,-1.2501,0.279668,1.7888,NNK,0.405663,2,0.3750,-0.3750,0.336574,2.0135,NNK,0.033071,2,3.3750,-3.3750,0.071677,1.1607,NNK,0.005910,2,5.1251,-5.1251,0.017928,1.0380,NNK,0.022969,2,3.7501,-3.7501,0.053896,1.1186
kk_grpo_v3_final_holdout_001773,KKN,KKN,0.952215,1,3.0001,3.0001,0.093467,1.2145,KKN,0.997164,1,5.8750,5.8750,0.009465,1.0199,KKN,0.999277,1,7.2500,7.2500,0.002895,1.0060,KKN,0.999657,1,8.0002,8.0002,0.001500,1.0031,KKN,0.999701,1,8.1250,8.1250,0.001323,1.0028
kk_grpo_v3_final_holdout_001774,NKK,NKN,0.388014,2,0.3750,-0.3750,0.406983,2.3310,NKK,0.519007,1,0.1250,0.1250,0.379889,2.2033,NKN,0.182214,2,1.5000,-1.5000,0.232918,1.6231,NKK,0.816730,1,1.5000,1.5000,0.232145,1.6205,NKN,0.022938,2,3.7500,-3.7500,0.058553,1.1295
kk_grpo_v3_final_holdout_001775,KKK,KKK,0.999845,1,9.1250,9.1250,0.000791,1.0016,KKK,0.999809,1,8.6250,8.6250,0.000900,1.0019,KKK,0.999934,1,9.6877,9.6877,0.000348,1.0007,KKK,0.999987,1,11.5627,11.5627,0.000080,1.0002,KKK,0.999982,1,11.0002,11.0002,0.000106,1.0002
kk_grpo_v3_final_holdout_001776,KKN,KKN,0.816967,1,2.3763,2.3763,0.337186,2.0161,KKN,0.920970,1,3.2454,3.2454,0.176284,1.4428,KKN,0.824233,1,1.6250,1.6250,0.248906,1.6780,KKN,0.979615,1,4.8126,4.8126,0.060982,1.1352,KKN,0.979121,1,4.4490,4.4490,0.056925,1.1257
kk_grpo_v3_final_holdout_001777,NKN,NKN,0.802975,1,1.6440,1.6440,0.301305,1.8711,NKN,0.775719,1,1.5971,1.5971,0.325773,1.9688,NKN,0.834286,1,1.7842,1.7842,0.252722,1.6913,NKN,0.498900,1,0.0608,0.0608,0.393611,2.2671,NKN,0.524766,1,0.4264,0.4264,0.481223,2.7201
kk_grpo_v3_final_holdout_001778,KKK,KKK,0.972047,1,4.3656,4.3656,0.077227,1.1742,KKK,0.991813,1,5.4018,5.4018,0.026475,1.0566,KKK,0.999652,1,8.1319,8.1319,0.001576,1.0033,KKK,0.999898,1,9.2643,9.2643,0.000518,1.0011,KKK,0.998464,1,6.5077,6.5077,0.005638,1.0118
kk_grpo_v3_final_holdout_001779,NNN,NNN,0.952493,1,3.0027,3.0027,0.092631,1.2124,NNN,0.932407,1,2.6252,2.6252,0.119213,1.2813,NNN,0.880793,1,2.0004,2.0004,0.175920,1.4417,NNN,0.731095,1,1.0011,1.0011,0.280955,1.7936,NNN,0.914917,1,2.3756,2.3756,0.140083,1.3382
kk_grpo_v3_final_holdout_001780,NNK,NNK,0.621225,1,0.4976,0.4976,0.322613,1.9559,NNK,0.730189,1,0.9988,0.9988,0.283177,1.8019,NNK,0.976422,1,3.7375,3.7375,0.054525,1.1201,NNK,0.520253,1,0.0842,0.0842,0.337822,2.0188,NNK,0.946274,1,2.8746,2.8746,0.101610,1.2353
kk_grpo_v3_final_holdout_001781,KNN,KNN,0.730967,1,1.0000,1.0000,0.280584,1.7922,KNK,0.468737,2,0.1250,-0.1250,0.332902,1.9982,KNN,0.835441,1,1.6250,1.6250,0.215255,1.5646,KNN,0.970680,1,3.5000,3.5000,0.063691,1.1416,KNK,0.245064,2,1.1250,-1.1250,0.268203,1.7467
kk_grpo_v3_final_holdout_001782,KNK,KNK,0.830462,1,1.7776,1.7776,0.264132,1.7320,KNK,0.675336,1,0.8577,0.8577,0.365898,2.1401,KNK,0.622210,1,0.5096,0.5096,0.330071,1.9865,KNK,0.946554,1,2.8843,2.8843,0.101847,1.2359,KNK,0.622219,1,0.5009,0.5009,0.321529,1.9515
kk_grpo_v3_final_holdout_001783,KKK,KKK,0.961795,1,3.3357,3.3357,0.086395,1.1968,KKK,0.995903,1,5.6702,5.6702,0.013809,1.0291,KKK,0.987562,1,4.4855,4.4855,0.034424,1.0742,KKK,0.999894,1,9.5150,9.5150,0.000563,1.0012,KKK,0.999768,1,9.0223,9.0223,0.001131,1.0024
kk_grpo_v3_final_holdout_001784,KKN,KKN,0.880745,1,2.0872,2.0872,0.194829,1.4995,KKN,0.966409,1,3.4174,3.4174,0.074793,1.1683,KKN,0.992092,1,5.4348,5.4348,0.025612,1.0547,KKN,0.994024,1,5.1250,5.1250,0.017765,1.0376,KKN,0.984866,1,4.5000,4.5000,0.042813,1.0931
kk_grpo_v3_final_holdout_001785,NNN,NNN,0.979611,1,3.8753,3.8753,0.048092,1.1052,NNN,0.939910,1,2.7517,2.7517,0.109682,1.2562,NNN,0.904606,1,2.2504,2.2504,0.151765,1.3711,NNN,0.679208,1,0.7508,0.7508,0.302700,1.8766,NNN,0.979620,1,3.8751,3.8751,0.048040,1.1051
kk_grpo_v3_final_holdout_001786,NNN,KNK,0.002145,6,0.5000,-5.4391,0.529506,3.0074,KNK,0.001389,6,0.3750,-5.8736,0.503808,2.8509,KNK,0.000080,6,0.6250,-8.9482,0.401221,2.3032,KNN,0.000004,5,0.0000,-11.6816,0.371469,2.1651,KNK,0.001354,4,0.1250,-5.8824,0.448723,2.5424
kk_grpo_v3_final_holdout_001787,KKN,NKK,0.048324,2,2.9561,-2.9561,0.151970,1.3716,NKK,0.145434,2,1.7641,-1.7641,0.217875,1.5731,NKK,0.060001,2,2.7504,-2.7504,0.113173,1.2653,NKK,0.000489,3,6.9969,-7.6221,0.005596,1.0117,NKK,0.001321,3,5.6249,-6.6242,0.016460,1.0348
kk_grpo_v3_final_holdout_001788,NKN,KNK,0.174170,4,0.5000,-0.8426,0.640404,3.7874,NKN,0.315198,1,0.2476,0.2476,0.667003,4.0028,NNK,0.106572,4,0.5375,-1.3803,0.626983,3.6832,NNK,0.076269,4,0.2200,-1.6362,0.610715,3.5607,KNK,0.047954,4,0.1424,-2.1548,0.586467,3.3856
kk_grpo_v3_final_holdout_001789,NNN,KKK,0.204735,2,1.2159,-1.2159,0.435031,2.4710,KKK,0.053531,2,2.8280,-2.8280,0.197859,1.5090,KKK,0.037596,2,3.2338,-3.2338,0.103929,1.2412,KKK,0.034807,3,1.8751,-3.1772,0.262777,1.7271,KKK,0.059247,2,2.7260,-2.7260,0.184070,1.4663
kk_grpo_v3_final_holdout_001790,KNK,KNK,0.991847,1,4.8750,4.8750,0.023823,1.0508,KNK,0.999765,1,8.3751,8.3751,0.001071,1.0022,KNK,0.999818,1,8.6252,8.6252,0.000847,1.0018,KNK,0.999366,1,7.3750,7.3750,0.002572,1.0054,KNK,0.999196,1,7.1251,7.1251,0.003143,1.0066
kk_grpo_v3_final_holdout_001791,NKK,KNN,0.102263,4,0.5107,-1.3857,0.669555,4.0241,KKN,0.364411,2,0.3580,-0.3580,0.478513,2.7048,KKK,0.485306,2,0.0231,-0.0231,0.375304,2.1824,KKK,0.200304,2,1.3086,-1.3086,0.358097,2.1057,KKK,0.221707,2,1.2090,-1.2090,0.335365,2.0085
kk_grpo_v3_final_holdout_001792,NNK,NNK,0.985551,1,4.8443,4.8443,0.042376,1.0921,NNK,0.987184,1,4.3979,4.3979,0.034483,1.0743,NNK,0.981466,1,4.0035,4.0035,0.045805,1.0999,NNK,0.998990,1,7.3750,7.3750,0.004169,1.0087,NNK,0.996863,1,5.8778,5.8778,0.010748,1.0226
kk_grpo_v3_final_holdout_001793,KNN,KNN,0.562140,1,0.2500,0.2500,0.330046,1.9864,KNN,0.531243,1,0.1252,0.1252,0.332555,1.9968,KNN,0.798156,1,1.3751,1.3751,0.242122,1.6545,KNN,0.731089,1,1.0002,1.0002,0.280007,1.7901,KNN,0.893294,1,2.1250,2.1250,0.163407,1.4047
kk_grpo_v3_final_holdout_001794,KNN,NKN,0.219970,2,0.9490,-0.9490,0.480094,2.7137,NKN,0.200917,2,1.0982,-1.0982,0.458611,2.5952,NKN,0.029290,3,1.8749,-3.3580,0.247216,1.6721,KNN,0.500034,1,0.5761,0.5761,0.498160,2.8176,NNK,0.067456,3,0.6249,-2.1976,0.409417,2.3428
kk_grpo_v3_final_holdout_001795,KNN,KNN,0.705669,1,1.2233,1.2233,0.377760,2.1936,KNN,0.932165,1,3.3180,3.3180,0.142765,1.3456,KNN,0.996898,1,6.2806,6.2806,0.011730,1.0247,KNN,0.999629,1,8.3750,8.3750,0.001721,1.0036,KNN,0.998202,1,6.8743,6.8743,0.007102,1.0149
kk_grpo_v3_final_holdout_001796,NNK,NNK,0.797995,1,1.3751,1.3751,0.243005,1.6575,NNK,0.880758,1,2.0067,2.0067,0.178227,1.4486,NNK,0.952561,1,3.0007,3.0007,0.092009,1.2109,NNK,0.996808,1,5.7499,5.7499,0.010415,1.0219,NNK,0.988983,1,4.5052,4.5052,0.029438,1.0631
kk_grpo_v3_final_holdout_001797,NNN,NNN,0.982780,1,4.1251,4.1251,0.044171,1.0962,NNN,0.939385,1,2.7500,2.7500,0.111527,1.2610,NNN,0.946529,1,2.8752,2.8752,0.100651,1.2328,NNN,0.993275,1,4.9999,4.9999,0.019505,1.0414,NNN,0.962489,1,3.2505,3.2505,0.077635,1.1752
kk_grpo_v3_final_holdout_001798,NNK,KNN,0.223733,3,0.0790,-0.5788,0.533764,3.0342,KNN,0.206617,3,0.0413,-0.6663,0.522572,2.9644,NNK,0.495185,1,0.3750,0.3750,0.490529,2.7733,KNN,0.385593,2,0.4295,-0.4295,0.366778,2.1440,NNK,0.713054,1,1.2670,1.2670,0.375187,2.1819
kk_grpo_v3_final_holdout_001799,KKN,KNN,0.208852,2,1.1137,-1.1137,0.515418,2.9206,KNN,0.212504,2,1.1228,-1.1228,0.477835,2.7010,KNK,0.319525,2,0.1481,-0.1481,0.640523,3.7883,KNN,0.004600,3,2.6250,-5.3030,0.144913,1.3517,KNN,0.005855,4,2.8750,-5.0699,0.142331,1.3444
kk_grpo_v3_final_holdout_001800,NNK,NKN,0.060337,3,2.1500,-2.6198,0.298740,1.8612,NKK,0.045202,3,0.0000,-2.3062,0.495024,2.7993,NKN,0.028899,3,1.6250,-3.3203,0.308483,1.8993,NKN,0.002089,5,3.5893,-6.1181,0.124988,1.2968,NKK,0.024874,4,2.0000,-3.4977,0.314088,1.9215
kk_grpo_v3_final_holdout_001801,NNN,NNN,0.984350,1,4.7520,4.7520,0.046861,1.1023,NNN,0.984626,1,4.7732,4.7732,0.045122,1.0984,NNN,0.987199,1,4.5360,4.5360,0.036349,1.0785,NNN,0.998797,1,7.0015,7.0015,0.004853,1.0101,NNN,0.998325,1,6.7824,6.7824,0.006675,1.0140
kk_grpo_v3_final_holdout_001802,KNN,NKN,0.266239,2,0.9204,-0.9204,0.405635,2.3245,NKN,0.156202,2,1.5051,-1.5051,0.397010,2.2832,NKN,0.018949,3,2.6267,-3.8763,0.164766,1.4086,NKN,0.180355,3,0.1365,-0.8862,0.500857,2.8335,NKN,0.007951,3,0.6454,-4.4026,0.336509,2.0133
kk_grpo_v3_final_holdout_001803,NKN,NNN,0.467801,2,0.1246,-0.1246,0.340411,2.0297,NKN,0.816797,1,1.5177,1.5177,0.239884,1.6468,NKN,0.573649,1,0.3108,0.3108,0.344220,2.0458,NNN,0.087004,2,2.3440,-2.3440,0.160180,1.3953,NNN,0.133038,2,1.8537,-1.8537,0.230412,1.6147
kk_grpo_v3_final_holdout_001804,NNN,NNN,0.976640,1,4.1739,4.1739,0.062044,1.1377,NNN,0.993753,1,5.2595,5.2595,0.019744,1.0419,NNN,0.997920,1,6.7569,6.7569,0.007892,1.0165,NNN,0.994582,1,5.2500,5.2500,0.016635,1.0352,NNN,0.995650,1,5.5000,5.5000,0.013978,1.0295
kk_grpo_v3_final_holdout_001805,NKK,NKK,0.997571,1,6.1258,6.1258,0.008620,1.0181,NKK,0.999918,1,9.6249,9.6249,0.000433,1.0009,NKK,0.999808,1,8.8749,8.8749,0.000956,1.0020,NKK,0.999939,1,10.1264,10.1264,0.000336,1.0007,NKK,0.999529,1,7.8751,7.8751,0.002090,1.0044
kk_grpo_v3_final_holdout_001806,NKK,NKK,0.485061,1,0.0900,0.0900,0.467236,2.6421,NKK,0.604148,1,0.5039,0.5039,0.388811,2.2446,NKK,0.880186,1,2.5213,2.5213,0.234859,1.6297,KNK,0.224686,2,1.1566,-1.1566,0.383012,2.2177,NKK,0.508935,1,0.4414,0.4414,0.536917,3.0541
kk_grpo_v3_final_holdout_001807,NKK,NKK,0.815780,1,1.4979,1.4979,0.234681,1.6291,NKK,0.879629,1,1.9987,1.9987,0.179984,1.4539,NKK,0.980673,1,4.6152,4.6152,0.052340,1.1150,NKK,0.990726,1,4.8732,4.8732,0.027459,1.0588,NKK,0.524602,1,0.1250,0.1250,0.360479,2.1161
kk_grpo_v3_final_holdout_001808,KKN,KKN,0.874710,1,2.7804,2.7804,0.267164,1.7429,KKN,0.971629,1,3.7007,3.7007,0.070732,1.1585,KKN,0.996702,1,5.7622,5.7622,0.011036,1.0232,KKN,0.998949,1,7.5764,7.5764,0.004482,1.0094,KKN,0.997174,1,6.0582,6.0582,0.010109,1.0212
kk_grpo_v3_final_holdout_001809,KNN,KNN,0.684609,1,1.1234,1.1234,0.392122,2.2601,KKN,0.385635,2,0.2880,-0.2880,0.485219,2.7428,KKK,0.074024,3,1.7500,-2.2829,0.422797,2.4089,KKN,0.435276,2,0.1858,-0.1858,0.404102,2.3171,KKN,0.125625,3,1.6250,-1.6693,0.477796,2.7008
kk_grpo_v3_final_holdout_001810,NNN,NNN,0.817554,1,1.5002,1.5002,0.228776,1.6092,NNN,0.679167,1,0.7500,0.7500,0.301918,1.8735,NNN,0.932446,1,2.6250,2.6250,0.118938,1.2806,NNN,0.880825,1,2.0004,2.0004,0.175725,1.4411,NNN,0.974038,1,3.6250,3.6250,0.057928,1.1280
kk_grpo_v3_final_holdout_001811,KKK,KKK,0.998964,1,6.9878,6.9878,0.004121,1.0086,KKK,0.999903,1,9.3627,9.3627,0.000495,1.0010,KKK,0.999959,1,10.1390,10.1390,0.000221,1.0005,KKK,0.999996,1,13.2007,13.2007,0.000026,1.0001,KKK,0.999995,1,12.2880,12.2880,0.000034,1.0001
kk_grpo_v3_final_holdout_001812,KNK,KNK,0.532132,1,0.2500,0.2500,0.420860,2.3992,KKK,0.094857,2,2.2499,-2.2499,0.166432,1.4135,KKK,0.000031,3,7.2506,-10.3748,0.002989,1.0062,KNK,0.816534,1,1.5003,1.5003,0.233044,1.6235,KKK,0.007572,2,4.8749,-4.8749,0.024552,1.0524
kk_grpo_v3_final_holdout_001813,KNK,NNK,0.263827,2,0.7672,-0.7672,0.480044,2.7135,KNK,0.460356,1,0.2437,0.2437,0.513057,2.9063,NNK,0.037196,3,1.3750,-3.0281,0.309896,1.9049,NNK,0.084892,3,1.6250,-2.1977,0.337378,2.0169,NNK,0.095238,2,2.1892,-2.1892,0.250623,1.6840
kk_grpo_v3_final_holdout_001814,NNK,NNK,0.997443,1,6.0001,6.0001,0.008748,1.0184,NNK,0.999708,1,8.2500,8.2500,0.001333,1.0028,NNK,0.999894,1,9.5625,9.5625,0.000549,1.0011,NNK,0.999979,1,11.0000,11.0000,0.000124,1.0003,NNK,0.999840,1,8.8128,8.8128,0.000771,1.0016
kk_grpo_v3_final_holdout_001815,NKN,NKN,0.826792,1,1.6792,1.6792,0.261491,1.7225,NKN,0.877942,1,2.0567,2.0567,0.200983,1.5188,NKN,0.995299,1,6.6250,6.6250,0.017799,1.0377,NKN,0.912444,1,2.5000,2.5000,0.163922,1.4062,NKK,0.345298,2,0.6250,-0.6250,0.336696,2.0140
kk_grpo_v3_final_holdout_001816,KNK,KNK,0.957153,1,3.7500,3.7500,0.099404,1.2296,KNK,0.989739,1,4.8757,4.8757,0.031222,1.0671,KNK,0.997841,1,6.3927,6.3927,0.008133,1.0171,KNK,0.985677,1,4.2500,4.2500,0.036719,1.0793,KNK,0.994697,1,5.4516,5.4516,0.017307,1.0366
kk_grpo_v3_final_holdout_001817,NKK,NKK,0.848165,1,1.7519,1.7519,0.216725,1.5694,NKK,0.904209,1,2.2501,2.2501,0.153432,1.3758,NKK,0.985606,1,4.2506,4.2506,0.037034,1.0801,NKK,0.705719,1,0.8750,0.8750,0.291775,1.8344,NKK,0.851787,1,1.7585,1.7585,0.205943,1.5346
kk_grpo_v3_final_holdout_001818,NNK,NNK,0.645763,1,0.6168,0.6168,0.327011,1.9739,NNK,0.705362,1,0.8748,0.8748,0.293556,1.8412,NNK,0.932412,1,2.6270,2.6270,0.119601,1.2824,KNN,0.095339,2,2.2501,-2.2501,0.151613,1.3706,NNK,0.705773,1,0.8752,0.8752,0.291769,1.8344
kk_grpo_v3_final_holdout_001819,KNN,NNK,0.332173,2,0.1502,-0.1502,0.560440,3.2072,NKK,0.315411,2,0.0925,-0.0925,0.580355,3.3428,NNK,0.025426,3,1.2506,-3.3938,0.307784,1.8965,NNK,0.317049,2,0.4139,-0.4139,0.509971,2.8877,NNK,0.063833,3,2.2502,-2.5814,0.267186,1.7430
kk_grpo_v3_final_holdout_001820,NKK,KNK,0.220976,2,1.0092,-1.0092,0.540509,3.0770,KNK,0.315659,2,0.6940,-0.6940,0.414905,2.3697,KNK,0.267374,2,0.9624,-0.9624,0.355695,2.0952,KNK,0.008924,2,4.6996,-4.6996,0.056830,1.1254,KNK,0.128215,3,1.4776,-1.6891,0.436115,2.4766
kk_grpo_v3_final_holdout_001821,KNK,KNK,0.591882,1,0.3845,0.3845,0.339539,2.0260,KNK,0.705733,1,0.8752,0.8752,0.291917,1.8350,NNK,0.182418,2,1.4998,-1.4998,0.229519,1.6117,KNK,0.679038,1,0.7498,0.7498,0.302420,1.8755,NNK,0.377528,2,0.4999,-0.4999,0.319238,1.9422
kk_grpo_v3_final_holdout_001822,KNK,KNK,0.612520,1,0.5219,0.5219,0.372297,2.1688,KNK,0.728389,1,1.0074,1.0074,0.296469,1.8524,NKN,0.406415,2,0.3770,-0.3770,0.329090,1.9824,KNK,0.969667,1,3.4997,3.4997,0.067634,1.1510,KNK,0.816530,1,1.5266,1.5266,0.245129,1.6648
kk_grpo_v3_final_holdout_001823,KNK,KNK,0.649877,1,0.6250,0.6250,0.318186,1.9380,KNK,0.831121,1,1.6250,1.6250,0.229591,1.6119,KNK,0.866703,1,1.8750,1.8750,0.190082,1.4848,KNK,0.952497,1,3.0000,3.0000,0.092197,1.2113,KNK,0.913689,1,2.3750,2.3750,0.144641,1.3509
kk_grpo_v3_final_holdout_001824,KNN,KNN,0.719160,1,1.3067,1.3067,0.400532,2.2999,KNN,0.869931,1,2.2370,2.2370,0.240167,1.6478,KNN,0.649971,1,0.8826,0.8826,0.422408,2.4070,KNN,0.992173,1,5.1250,5.1250,0.024190,1.0516,KNN,0.985419,1,4.5003,4.5003,0.041728,1.0906
kk_grpo_v3_final_holdout_001825,KNK,KNK,0.583883,1,0.3734,0.3734,0.362314,2.1242,KNK,0.530985,1,0.1246,0.1246,0.333410,2.0003,NKK,0.132480,2,1.8786,-1.8786,0.190114,1.4849,KNK,0.555918,1,0.2387,0.2387,0.346260,2.0545,NKK,0.286575,2,0.9008,-0.9008,0.309829,1.9046
kk_grpo_v3_final_holdout_001826,KKK,KKK,0.999994,1,12.5107,12.5107,0.000037,1.0001,KKK,0.999998,1,13.6283,13.6283,0.000014,1.0000,KKK,0.999999,1,14.2832,14.2832,0.000008,1.0000,KKK,0.999998,1,13.3774,13.3774,0.000015,1.0000,KKK,1.000000,1,15.0645,15.0645,0.000004,1.0000
kk_grpo_v3_final_holdout_001827,NKN,NKN,0.987509,1,4.3750,4.3750,0.032502,1.0699,NKN,0.988982,1,4.5000,4.5000,0.029271,1.0628,NKN,0.994747,1,5.2500,5.2500,0.015886,1.0336,NKN,0.939890,1,2.7500,2.7500,0.109397,1.2554,NKN,0.999851,1,9.0000,9.0000,0.000744,1.0015
kk_grpo_v3_final_holdout_001828,KKN,KNK,0.053402,3,0.2500,-2.2991,0.412257,2.3567,KNK,0.060087,3,0.7500,-2.3631,0.392891,2.2637,KNK,0.148049,2,1.6231,-1.6231,0.351326,2.0762,KNN,0.095267,2,2.1508,-2.1508,0.288210,1.8209,KNN,0.201704,2,1.3376,-1.3376,0.302951,1.8776
kk_grpo_v3_final_holdout_001829,NKK,NKK,0.564797,1,0.6250,0.6250,0.501271,2.8359,NKK,0.855038,1,2.1250,2.1250,0.259223,1.7144,NKK,0.938272,1,2.8750,2.8750,0.126878,1.3019,NKK,0.961171,1,3.8572,3.8572,0.093769,1.2153,NKK,0.824137,1,2.0497,2.0497,0.285720,1.8115
kk_grpo_v3_final_holdout_001830,NNN,NNN,0.992408,1,4.8759,4.8759,0.021536,1.0458,NNN,0.984086,1,4.1255,4.1255,0.039342,1.0852,NNN,0.946584,1,2.8750,2.8750,0.100315,1.2320,NNN,0.995925,1,5.5002,5.5002,0.012763,1.0269,NNN,0.995918,1,5.5000,5.5000,0.012800,1.0270
kk_grpo_v3_final_holdout_001831,KNK,KNK,0.994589,1,5.3750,5.3750,0.017302,1.0366,KNK,0.999672,1,8.2500,8.2500,0.001509,1.0031,KNK,0.998820,1,6.7501,6.7501,0.004421,1.0092,KNK,0.999277,1,7.2500,7.2500,0.002896,1.0060,KNK,0.999837,1,8.7504,8.7504,0.000770,1.0016
kk_grpo_v3_final_holdout_001832,NKK,KKN,0.116768,3,0.5002,-1.5465,0.462681,2.6172,KKN,0.020327,3,1.5000,-3.6738,0.271704,1.7594,KKN,0.000296,3,5.4998,-8.1209,0.014764,1.0312,KKN,0.000040,4,5.2493,-10.1191,0.017926,1.0380,KKN,0.000051,4,3.1250,-9.8297,0.090087,1.2060
kk_grpo_v3_final_holdout_001833,KNK,NKN,0.432989,2,0.2375,-0.2375,0.372812,2.1711,NKN,0.495696,2,0.0044,-0.0044,0.351944,2.0789,NKK,0.075799,3,0.5000,-2.0267,0.423979,2.4149,KNK,0.729482,1,1.2499,1.2499,0.354134,2.0884,KNK,0.678956,1,0.7560,0.7560,0.309280,1.9024
kk_grpo_v3_final_holdout_001834,NKN,KNK,0.140420,3,1.2753,-1.5257,0.479257,2.7090,KNK,0.200404,2,1.1042,-1.1042,0.564415,3.2338,KNK,0.046390,4,0.2500,-2.3141,0.570457,3.2747,KNK,0.271084,2,0.3899,-0.3899,0.625937,3.6752,KNN,0.137944,3,1.3406,-1.4656,0.543126,3.0938
kk_grpo_v3_final_holdout_001835,KKK,KKK,0.994956,1,5.8750,5.8750,0.017578,1.0372,KKK,0.999752,1,8.5548,8.5548,0.001190,1.0025,KKK,0.999775,1,8.9099,8.9099,0.001114,1.0023,KKK,0.999904,1,9.3125,9.3125,0.000482,1.0010,KKK,0.999996,1,12.5962,12.5962,0.000026,1.0001
kk_grpo_v3_final_holdout_001836,NKK,NKK,0.530359,1,0.8063,0.8063,0.592649,3.4294,NKK,0.609712,1,1.1119,1.1119,0.477657,2.7000,NKK,0.935666,1,3.6487,3.6487,0.159907,1.3945,NKK,0.648013,1,0.6684,0.6684,0.353748,2.0867,NKK,0.769961,1,1.9757,1.9757,0.376055,2.1858
kk_grpo_v3_final_holdout_001837,NNK,KNN,0.435190,2,0.2560,-0.2560,0.338092,2.0199,KNN,0.244948,2,1.1256,-1.1256,0.268309,1.7471,NNK,0.562080,1,0.2500,0.2500,0.330395,1.9878,NNK,0.531042,1,0.1244,0.1244,0.332528,1.9967,KNN,0.468656,2,0.1255,-0.1255,0.332503,1.9966
kk_grpo_v3_final_holdout_001838,NKN,NNN,0.320501,2,0.7496,-0.7496,0.306447,1.8913,NKN,0.530909,1,0.1258,0.1258,0.336026,2.0112,NNN,0.468789,2,0.1242,-0.1242,0.334369,2.0043,NNN,0.164545,2,1.6240,-1.6240,0.217927,1.5733,NNN,0.201808,2,1.3734,-1.3734,0.246916,1.6710
kk_grpo_v3_final_holdout_001839,KKK,KKK,0.999616,1,7.8750,7.8750,0.001651,1.0034,KKK,0.999968,1,10.3750,10.3750,0.000174,1.0004,KKK,0.999983,1,11.0000,11.0000,0.000100,1.0002,KKK,0.999975,1,10.6250,10.6250,0.000139,1.0003,KKK,1.000000,1,15.3125,15.3125,0.000002,1.0000
kk_grpo_v3_final_holdout_001840,NKN,NKN,0.994746,1,5.2567,5.2567,0.015992,1.0338,NKN,0.990279,1,4.6252,4.6252,0.026372,1.0564,NKN,0.999578,1,7.8066,7.8066,0.001813,1.0038,NKN,0.999919,1,9.5608,9.5608,0.000423,1.0009,NKN,0.999831,1,8.7480,8.7480,0.000812,1.0017
kk_grpo_v3_final_holdout_001841,KKN,NNK,0.372828,2,0.4577,-0.4577,0.394395,2.2708,KKN,0.529052,1,0.1998,0.1998,0.399712,2.2960,NNK,0.042047,2,3.1219,-3.1219,0.096186,1.2214,NNK,0.294253,2,0.6493,-0.6493,0.462354,2.6155,NNK,0.047422,3,2.8757,-2.9452,0.187467,1.4767
kk_grpo_v3_final_holdout_001842,NNK,NNK,0.932338,1,2.7855,2.7855,0.133159,1.3190,NNK,0.988989,1,4.5304,4.5304,0.029945,1.0642,NNK,0.999695,1,8.1334,8.1334,0.001359,1.0028,NNK,0.999856,1,8.9463,8.9463,0.000709,1.0015,NNK,0.999809,1,8.6435,8.6435,0.000910,1.0019
kk_grpo_v3_final_holdout_001843,NKK,NKK,0.552137,1,0.3932,0.3932,0.454634,2.5738,NKK,0.585315,1,0.4414,0.4414,0.396703,2.2817,NKK,0.918689,1,3.0174,3.0174,0.169887,1.4237,NKK,0.798170,1,1.4880,1.4880,0.275050,1.7717,NKK,0.835051,1,2.0116,2.0116,0.266506,1.7405
kk_grpo_v3_final_holdout_001844,NKN,NKN,0.682891,1,1.0248,1.0248,0.382360,2.2147,NKN,0.783156,1,1.5000,1.5000,0.302824,1.8771,NKN,0.790812,1,1.6250,1.6250,0.304072,1.8819,NKN,0.907966,1,2.3750,2.3750,0.160360,1.3958,NKK,0.259137,2,0.8750,-0.8750,0.432691,2.4590
kk_grpo_v3_final_holdout_001845,KNN,KKK,0.434367,2,0.2445,-0.2445,0.362258,2.1240,KKK,0.010964,2,4.5010,-4.5010,0.033627,1.0724,KKK,0.030846,2,3.4449,-3.4449,0.074836,1.1684,KKK,0.042169,2,3.1221,-3.1221,0.087447,1.1994,KKK,0.000308,2,8.0847,-8.0847,0.001646,1.0034
kk_grpo_v3_final_holdout_001846,NNK,NNK,0.956458,1,3.1616,3.1616,0.092452,1.2120,NNK,0.914704,1,2.3981,2.3981,0.145381,1.3530,NNK,0.966543,1,3.3806,3.3806,0.072051,1.1616,NNK,0.995747,1,5.5002,5.5002,0.013584,1.0286,NNK,0.993182,1,5.0034,5.0034,0.020002,1.0425
kk_grpo_v3_final_holdout_001847,NKN,NNK,0.207651,3,0.5651,-0.8750,0.520197,2.9497,NNK,0.352855,2,0.0001,-0.0001,0.577617,3.3238,NKN,0.473047,1,0.3750,0.3750,0.576885,3.3188,NKN,0.542116,1,0.7500,0.7500,0.531533,3.0201,NKN,0.746199,1,1.6248,1.6248,0.358720,2.1084
kk_grpo_v3_final_holdout_001848,NNK,NNK,0.535549,1,0.2411,0.2411,0.417384,2.3820,KNK,0.379847,2,0.4216,-0.4216,0.404701,2.3200,NNK,0.615808,1,1.0660,1.0660,0.461233,2.6094,NNK,0.854851,1,1.8697,1.8697,0.222591,1.5886,NNK,0.560060,1,0.8789,0.8789,0.482221,2.7258
kk_grpo_v3_final_holdout_001849,NKN,NKN,0.854972,1,1.9309,1.9309,0.237072,1.6372,NKN,0.965164,1,3.3745,3.3745,0.076393,1.1722,NKN,0.997348,1,6.5050,6.5050,0.010132,1.0213,NKN,0.983533,1,4.1482,4.1482,0.042450,1.0923,NKN,0.989992,1,5.5095,5.5095,0.032170,1.0692
kk_grpo_v3_final_holdout_001850,NKK,NKK,0.502347,1,0.8880,0.8880,0.650692,3.8693,NKK,0.668325,1,0.9895,0.9895,0.413405,2.3623,NKK,0.672262,1,0.8749,0.8749,0.385687,2.2300,KKN,0.325132,2,0.4694,-0.4694,0.513422,2.9085,NKK,0.691994,1,1.0000,1.0000,0.371637,2.1658
kk_grpo_v3_final_holdout_001851,KNK,KNK,0.880552,1,2.0888,2.0888,0.193679,1.4959,KNK,0.981969,1,4.0620,4.0620,0.045534,1.0993,KNK,0.997766,1,6.1360,6.1360,0.007813,1.0164,KNK,0.999975,1,11.0036,11.0036,0.000149,1.0003,KNK,0.999829,1,9.2513,9.2513,0.000851,1.0018
kk_grpo_v3_final_holdout_001852,KNN,NKN,0.348703,2,0.1959,-0.1959,0.513916,2.9115,KNN,0.531225,1,0.1951,0.1951,0.388342,2.2424,NNK,0.047451,3,0.3746,-2.4761,0.401666,2.3054,KNN,0.531274,1,0.7011,0.7011,0.486911,2.7525,KNN,0.500071,1,0.1430,0.1430,0.427730,2.4338
kk_grpo_v3_final_holdout_001853,KNN,KNK,0.330269,2,0.2500,-0.2500,0.637683,3.7660,KNK,0.226300,2,0.7500,-0.7500,0.665896,3.9936,KNK,0.162606,2,1.5000,-1.5000,0.438857,2.4907,NKN,0.071451,6,0.3212,-1.5712,0.786307,5.1299,NNN,0.064688,4,0.8158,-2.1908,0.552702,3.1560
kk_grpo_v3_final_holdout_001854,KNN,KNN,0.987014,1,4.3805,4.3805,0.034718,1.0749,KNN,0.999330,1,7.7654,7.7654,0.002965,1.0062,KNN,0.998381,1,6.6864,6.6864,0.006320,1.0132,KNN,0.999797,1,8.7546,8.7546,0.000990,1.0021,KNN,0.999820,1,9.0902,9.0902,0.000906,1.0019
kk_grpo_v3_final_holdout_001855,KNK,NNN,0.060065,2,2.6954,-2.6954,0.203708,1.5274,NNN,0.201744,2,1.2864,-1.2864,0.353977,2.0877,NNN,0.015906,3,3.7500,-4.1017,0.091286,1.2090,NNN,0.132966,2,1.8130,-1.8130,0.283407,1.8028,NNN,0.025952,2,3.6166,-3.6166,0.081136,1.1838
kk_grpo_v3_final_holdout_001856,NNN,NNN,0.985586,1,4.3625,4.3625,0.039407,1.0854,NNN,0.976867,1,3.8926,3.8926,0.057689,1.1275,NNN,0.999357,1,7.4753,7.4753,0.002718,1.0057,NNN,0.999992,1,12.1008,12.1008,0.000053,1.0001,NNN,0.999954,1,10.3874,10.3874,0.000258,1.0005
kk_grpo_v3_final_holdout_001857,KKK,KKK,0.999649,1,8.2610,8.2610,0.001624,1.0034,KKK,0.999971,1,10.5018,10.5018,0.000161,1.0003,KKK,0.999994,1,12.2501,12.2501,0.000040,1.0001,KKK,0.999989,1,11.5027,11.5027,0.000066,1.0001,KKK,0.999996,1,12.3750,12.3750,0.000028,1.0001
kk_grpo_v3_final_holdout_001858,NNK,NNK,0.787222,1,1.7894,1.7894,0.331462,1.9922,NNK,0.808216,1,1.8427,1.8427,0.302911,1.8774,NNK,0.975334,1,4.0000,4.0000,0.063354,1.1408,NNK,0.949496,1,3.3751,3.3751,0.112344,1.2632,NNK,0.785441,1,1.3750,1.3750,0.282818,1.8006
kk_grpo_v3_final_holdout_001859,NKK,NKK,0.831855,1,1.6209,1.6209,0.227420,1.6047,NKK,0.798178,1,1.3751,1.3751,0.242007,1.6541,NKK,0.981905,1,4.0001,4.0001,0.043872,1.0955,NKK,0.622485,1,0.5001,0.5001,0.318807,1.9405,NKK,0.904440,1,2.2519,2.2519,0.153015,1.3746
kk_grpo_v3_final_holdout_001860,KNN,NNK,0.131678,2,1.8780,-1.8780,0.208833,1.5438,NNK,0.221783,2,1.2524,-1.2524,0.262598,1.7264,NNK,0.001419,2,6.5563,-6.5563,0.007021,1.0147,NNK,0.000158,2,8.7510,-8.7510,0.000804,1.0017,NNK,0.000430,2,7.7504,-7.7504,0.002177,1.0045
kk_grpo_v3_final_holdout_001861,KKN,KKN,0.999983,1,11.2584,11.2584,0.000106,1.0002,KKN,0.999992,1,12.0003,12.0003,0.000054,1.0001,KKN,0.999946,1,9.8750,9.8750,0.000286,1.0006,KKN,0.999992,1,12.1875,12.1875,0.000056,1.0001,KKN,0.999903,1,9.2500,9.2500,0.000478,1.0010
kk_grpo_v3_final_holdout_001862,NNN,NKK,0.190079,3,0.4165,-0.7496,0.632341,3.7244,KKN,0.092498,3,0.7688,-1.8940,0.440132,2.4973,NNN,0.541161,1,0.2506,0.2506,0.398585,2.2906,KKN,0.049438,3,1.6405,-2.7659,0.330491,1.9882,KKN,0.473282,2,0.0515,-0.0515,0.389406,2.2473
kk_grpo_v3_final_holdout_001863,NNN,NNN,0.997348,1,6.9627,6.9627,0.010538,1.0222,NNN,0.999480,1,8.5886,8.5886,0.002472,1.0052,NNN,0.999745,1,9.0636,9.0636,0.001287,1.0027,NNN,0.999966,1,11.1390,11.1390,0.000207,1.0004,NNN,0.999933,1,10.3774,10.3774,0.000381,1.0008
kk_grpo_v3_final_holdout_001864,KKN,KKN,0.697627,1,1.0469,1.0469,0.366509,2.1428,KKN,0.879306,1,1.9990,1.9990,0.181299,1.4579,KKN,0.952262,1,3.0002,3.0002,0.093236,1.2139,KKN,0.986260,1,4.6210,4.6210,0.038897,1.0842,KKN,0.993121,1,5.0004,5.0004,0.020211,1.0429
kk_grpo_v3_final_holdout_001865,KNK,KNK,0.499127,1,0.6608,0.6608,0.519972,2.9484,KNK,0.500021,1,0.3870,0.3870,0.484313,2.7377,KNK,0.754805,1,1.6482,1.6482,0.348133,2.0625,KNK,0.962617,1,3.8826,3.8826,0.089362,1.2042,KNK,0.998911,1,7.2609,7.2609,0.004457,1.0093
kk_grpo_v3_final_holdout_001866,NNN,NNN,0.499764,1,0.3482,0.3482,0.480392,2.7154,KNK,0.377447,2,0.3575,-0.3575,0.436663,2.4794,KNK,0.294195,2,0.8609,-0.8609,0.316730,1.9321,KNK,0.014062,3,2.1259,-4.1373,0.196947,1.5061,KNK,0.017986,3,2.8749,-3.9449,0.142621,1.3452
kk_grpo_v3_final_holdout_001867,KKK,KKK,0.999812,1,8.6250,8.6250,0.000885,1.0018,KKK,0.999986,1,11.2500,11.2500,0.000083,1.0002,KKK,0.999998,1,13.6250,13.6250,0.000015,1.0000,KKK,0.999999,1,14.8201,14.8201,0.000008,1.0000,KKK,1.000000,1,15.8479,15.8479,0.000003,1.0000
kk_grpo_v3_final_holdout_001868,NKK,NKK,0.824996,1,1.6244,1.6244,0.250383,1.6831,NKK,0.956396,1,3.1317,3.1317,0.090545,1.2072,NNN,0.244932,2,1.1235,-1.1235,0.274312,1.7690,NNN,0.294252,2,0.8723,-0.8723,0.297382,1.8559,NNN,0.003593,3,3.2499,-5.5871,0.088191,1.2013
kk_grpo_v3_final_holdout_001869,NKK,NKN,0.057463,3,1.6817,-2.6250,0.309289,1.9025,NKK,0.702726,1,1.3750,1.3750,0.390443,2.2522,NKN,0.194711,2,1.3750,-1.3750,0.311154,1.9099,NKK,0.835718,1,2.2500,2.2500,0.270528,1.7551,NKN,0.305604,2,0.7500,-0.7500,0.379306,2.2006
kk_grpo_v3_final_holdout_001870,NKK,NKK,0.870065,1,2.1249,2.1249,0.221453,1.5849,NKK,0.976544,1,3.7496,3.7496,0.054616,1.1203,NKK,0.996903,1,5.8747,5.8747,0.010561,1.0222,NKK,0.974535,1,4.1191,4.1191,0.065347,1.1456,NKK,0.956229,1,3.2500,3.2500,0.095451,1.2196
kk_grpo_v3_final_holdout_001871,NNK,NNK,0.960443,1,3.3750,3.3750,0.089812,1.2053,NNK,0.997341,1,6.0000,6.0000,0.009264,1.0195,NNK,0.991263,1,4.8750,4.8750,0.026349,1.0563,NNK,0.999150,1,7.2500,7.2500,0.003558,1.0074,NNK,0.995921,1,5.7500,5.7500,0.014213,1.0300
kk_grpo_v3_final_holdout_001872,NNK,NKK,0.253602,3,0.0456,-0.3727,0.569715,3.2697,KNN,0.265638,2,0.5184,-0.5184,0.554082,3.1651,NKK,0.285911,2,0.8782,-0.8782,0.345041,2.0493,NNK,0.573418,1,0.7323,0.7323,0.475245,2.6865,NNK,0.748338,1,1.2503,1.2503,0.325919,1.9694
kk_grpo_v3_final_holdout_001873,KNN,KNN,0.999928,1,9.9999,9.9999,0.000399,1.0008,KNN,0.999980,1,11.0000,11.0000,0.000118,1.0002,KNN,0.999232,1,7.3747,7.3747,0.003201,1.0067,KNN,0.999947,1,10.0000,10.0000,0.000288,1.0006,KNN,0.990288,1,4.6250,4.6250,0.026310,1.0562
kk_grpo_v3_final_holdout_001874,KNN,KNN,0.880527,1,2.0382,2.0382,0.186221,1.4729,KNN,0.797961,1,1.3810,1.3810,0.246673,1.6702,KNN,0.987412,1,4.3982,4.3982,0.033651,1.0725,KNN,0.754986,1,1.1810,1.1810,0.292986,1.8390,KNN,0.992349,1,4.8797,4.8797,0.021934,1.0467
kk_grpo_v3_final_holdout_001875,NKK,NKK,0.876792,1,2.1064,2.1064,0.208291,1.5421,NKK,0.969528,1,3.4988,3.4988,0.068017,1.1519,NKK,0.921997,1,2.8483,2.8483,0.155118,1.3807,NKK,0.994697,1,5.6249,5.6249,0.017552,1.0372,NKK,0.924946,1,2.7339,2.7339,0.146245,1.3554
kk_grpo_v3_final_holdout_001876,KNN,KNN,0.530405,1,0.1615,0.1615,0.371501,2.1652,KNN,0.730531,1,1.0102,1.0102,0.289974,1.8276,NNK,0.267995,2,0.9991,-0.9991,0.292889,1.8387,KNN,0.866907,1,1.8751,1.8751,0.189270,1.4823,NNK,0.468331,2,0.1261,-0.1261,0.334031,2.0029
kk_grpo_v3_final_holdout_001877,NKK,NKK,0.559877,1,0.2724,0.2724,0.363312,2.1286,NKK,0.651234,1,0.6679,0.6679,0.340884,2.0317,NKK,0.952318,1,3.2253,3.2253,0.104534,1.2428,KNK,0.245107,2,0.8995,-0.8995,0.450460,2.5516,NKK,0.754839,1,1.3505,1.3505,0.327656,1.9765
kk_grpo_v3_final_holdout_001878,KNK,NNN,0.468704,2,0.0122,-0.0122,0.420014,2.3950,KNK,0.731065,1,1.1005,1.1005,0.320972,1.9492,KNK,0.705784,1,1.0548,1.0548,0.354701,2.0909,KNK,0.984094,1,4.1871,4.1871,0.041010,1.0890,KNK,0.835462,1,2.2577,2.2577,0.269885,1.7528
kk_grpo_v3_final_holdout_001879,KKK,KKK,0.999028,1,7.2501,7.2501,0.003998,1.0083,KKK,0.999974,1,10.8766,10.8766,0.000150,1.0003,KKK,0.999987,1,11.5004,11.5004,0.000082,1.0002,KKK,0.999994,1,12.6254,12.6254,0.000037,1.0001,KKK,0.999995,1,12.5002,12.5002,0.000036,1.0001
kk_grpo_v3_final_holdout_001880,KKN,NNK,0.437839,2,0.2490,-0.2490,0.331740,1.9934,KKN,0.705817,1,0.8754,0.8754,0.291712,1.8342,NNK,0.348633,2,0.6250,-0.6250,0.311272,1.9103,KKN,0.957910,1,3.1251,3.1251,0.083967,1.1908,KKN,0.777292,1,1.2501,1.2501,0.255189,1.7000
kk_grpo_v3_final_holdout_001881,KKK,KKK,0.992591,1,5.3339,5.3339,0.024739,1.0528,KKK,0.998487,1,7.3750,7.3750,0.006299,1.0132,KKK,0.999715,1,9.2500,9.2500,0.001447,1.0030,KKK,0.999882,1,9.3750,9.3750,0.000620,1.0013,KKK,0.999931,1,10.2914,10.2914,0.000388,1.0008
kk_grpo_v3_final_holdout_001882,KNK,KNK,0.797208,1,1.3749,1.3749,0.246557,1.6698,KNK,0.866985,1,1.8754,1.8754,0.189065,1.4816,KNK,0.867016,1,1.8760,1.8760,0.189119,1.4818,KNK,0.998339,1,6.5002,6.5002,0.006169,1.0129,KNK,0.904666,1,2.2685,2.2685,0.155556,1.3819
kk_grpo_v3_final_holdout_001883,KNK,KNK,0.551652,1,0.8282,0.8282,0.491549,2.7792,KKN,0.228700,2,0.8748,-0.8748,0.482744,2.7287,NKK,0.004335,4,0.6555,-5.0119,0.338687,2.0224,KKN,0.028960,3,3.2500,-3.4615,0.168548,1.4198,KKN,0.033379,4,2.0061,-3.1486,0.367260,2.1462
kk_grpo_v3_final_holdout_001884,KNN,NKN,0.320779,2,0.7500,-0.7500,0.302337,1.8752,NKN,0.348585,2,0.6250,-0.6250,0.311841,1.9126,NKN,0.348412,2,0.6240,-0.6240,0.315692,1.9280,KNN,0.777261,1,1.2500,1.2500,0.255296,1.7004,KNN,0.679134,1,0.7503,0.7503,0.302482,1.8757
kk_grpo_v3_final_holdout_001885,KKN,KKN,0.679962,1,1.3786,1.3786,0.413762,2.3641,KKN,0.820701,1,1.8216,1.8216,0.276516,1.7771,KKN,0.956054,1,3.1389,3.1389,0.092063,1.2110,KKN,0.987771,1,4.4988,4.4988,0.033833,1.0729,KKN,0.963277,1,3.6234,3.6234,0.087242,1.1989
kk_grpo_v3_final_holdout_001886,KNK,KNK,0.811649,1,2.2037,2.2037,0.335644,2.0096,KNK,0.813542,1,2.0084,2.0084,0.332585,1.9969,KNK,0.810863,1,2.1041,2.1041,0.340272,2.0291,KNK,0.917643,1,2.9777,2.9777,0.182040,1.4602,KNK,0.589502,1,0.6351,0.6351,0.468952,2.6516
kk_grpo_v3_final_holdout_001887,KKN,KKN,0.893561,1,2.8154,2.8154,0.216114,1.5674,KKN,0.933617,1,2.8436,2.8436,0.136586,1.3285,KKN,0.980525,1,4.4947,4.4947,0.052713,1.1158,KKN,0.945829,1,2.8749,2.8749,0.103305,1.2396,KKN,0.996384,1,5.9079,5.9079,0.012671,1.0267
kk_grpo_v3_final_holdout_001888,KNK,KNK,0.773346,1,1.7852,1.7852,0.393423,2.2662,KNK,0.595448,1,0.5077,0.5077,0.420035,2.3951,KNK,0.728043,1,1.1525,1.1525,0.366072,2.1409,KNK,0.989547,1,4.9988,4.9988,0.032891,1.0708,KNK,0.964587,1,3.7511,3.7511,0.092742,1.2127
kk_grpo_v3_final_holdout_001889,NNK,NNK,0.716433,1,1.2550,1.2550,0.392136,2.2601,NNK,0.872582,1,2.3847,2.3847,0.233591,1.6254,NNK,0.913504,1,3.2098,3.2098,0.193052,1.4940,NNK,0.949489,1,3.2596,3.2596,0.112468,1.2635,NNK,0.922918,1,2.6715,2.6715,0.154347,1.3784
kk_grpo_v3_final_holdout_001890,KNN,KNN,0.974610,1,3.7487,3.7487,0.060871,1.1349,KNN,0.997687,1,6.5002,6.5002,0.008617,1.0181,KNN,0.999035,1,7.1251,7.1251,0.003904,1.0082,KNN,0.998806,1,6.7502,6.7502,0.004499,1.0094,KNN,0.999299,1,7.3749,7.3749,0.002916,1.0061
kk_grpo_v3_final_holdout_001891,KKN,KKN,0.856504,1,2.6271,2.6271,0.273339,1.7654,KKN,0.942980,1,2.8755,2.8755,0.113545,1.2663,KKN,0.983760,1,4.3282,4.3282,0.044135,1.0961,KKN,0.998001,1,6.5294,6.5294,0.007694,1.0161,KKN,0.999740,1,8.4053,8.4053,0.001232,1.0026
kk_grpo_v3_final_holdout_001892,KKN,KKN,0.927893,1,2.7472,2.7472,0.142449,1.3448,KKN,0.966120,1,3.3753,3.3753,0.073154,1.1643,KKN,0.994035,1,5.1360,5.1360,0.017881,1.0379,KKN,0.998210,1,6.6250,6.6250,0.006869,1.0144,KKN,0.992647,1,5.3832,5.3832,0.023820,1.0508
kk_grpo_v3_final_holdout_001893,KNN,KNN,0.773612,1,1.5463,1.5463,0.339221,2.0246,KNN,0.878002,1,2.2052,2.2052,0.216378,1.5682,KNN,0.928248,1,3.2456,3.2456,0.156171,1.3837,KNN,0.993693,1,5.5000,5.5000,0.021051,1.0447,KNN,0.961595,1,3.6346,3.6346,0.093602,1.2149
kk_grpo_v3_final_holdout_001894,NKN,NKN,0.749831,1,1.1522,1.1522,0.295895,1.8502,NKN,0.860041,1,1.9557,1.9557,0.220838,1.5828,NKN,0.900665,1,2.6143,2.6143,0.192427,1.4920,NKN,0.884265,1,2.0894,2.0894,0.184374,1.4673,NKN,0.925853,1,2.8600,2.8600,0.154582,1.3791
kk_grpo_v3_final_holdout_001895,NKN,NKN,0.999714,1,8.7499,8.7499,0.001387,1.0029,NKN,0.999907,1,9.6251,9.6251,0.000494,1.0010,NKN,0.999953,1,10.4374,10.4374,0.000265,1.0006,NKN,0.999984,1,11.3125,11.3125,0.000095,1.0002,NKN,0.999832,1,8.8748,8.8748,0.000830,1.0017
kk_grpo_v3_final_holdout_001896,KNK,KNK,0.344216,1,0.0649,0.0649,0.642625,3.8049,KNK,0.503989,1,0.4089,0.4089,0.516655,2.9281,KNK,0.316768,1,0.0886,0.0886,0.704838,4.3304,KNK,0.693274,1,1.2301,1.2301,0.423920,2.4146,KKN,0.082252,2,2.3662,-2.3662,0.235557,1.6320
kk_grpo_v3_final_holdout_001897,NKN,NKN,0.751280,1,1.3198,1.3198,0.329303,1.9833,NKN,0.511858,1,0.3170,0.3170,0.461880,2.6129,NKN,0.928979,1,2.8517,2.8517,0.142936,1.3461,NKN,0.884972,1,2.3453,2.3453,0.203702,1.5274,NKN,0.892838,1,2.6210,2.6210,0.198326,1.5104
kk_grpo_v3_final_holdout_001898,KKK,KKK,0.999985,1,11.6250,11.6250,0.000095,1.0002,KKK,0.999997,1,12.8124,12.8124,0.000020,1.0000,KKK,0.999997,1,13.0624,13.0624,0.000018,1.0000,KKK,0.999996,1,13.1250,13.1250,0.000029,1.0001,KKK,0.999997,1,12.8749,12.8749,0.000018,1.0000
kk_grpo_v3_final_holdout_001899,KNN,KNN,0.999932,1,9.6306,9.6306,0.000354,1.0007,KNN,0.999996,1,12.7517,12.7517,0.000027,1.0001,KNN,0.999997,1,12.8755,12.8755,0.000022,1.0000,KNN,0.999996,1,12.6259,12.6259,0.000024,1.0000,KNN,0.999998,1,14.0625,14.0625,0.000012,1.0000
kk_grpo_v3_final_holdout_001900,NNN,NNK,0.247632,2,0.8751,-0.8751,0.484036,2.7361,NNK,0.197623,2,1.2500,-1.2500,0.433124,2.4612,NNK,0.017788,2,4.0000,-4.0000,0.072504,1.1627,NNK,0.020332,2,3.8740,-3.8740,0.051691,1.1135,NNK,0.006686,2,4.9993,-4.9993,0.025385,1.0542
kk_grpo_v3_final_holdout_001901,NNN,NNK,0.058155,2,2.7500,-2.7500,0.186431,1.4735,NNK,0.002384,4,3.3744,-6.0000,0.087607,1.1998,NNK,0.004595,2,5.3750,-5.3750,0.024872,1.0531,NNK,0.012431,2,4.3750,-4.3750,0.032533,1.0700,NNK,0.002472,2,6.0000,-6.0000,0.008820,1.0185
kk_grpo_v3_final_holdout_001902,KNK,KNK,0.994773,1,5.2501,5.2501,0.015743,1.0333,KNK,0.999447,1,7.5001,7.5001,0.002265,1.0047,KNK,0.999289,1,7.2501,7.2501,0.002825,1.0059,KNK,0.999931,1,9.6251,9.6251,0.000361,1.0008,KNK,0.999089,1,7.0001,7.0001,0.003508,1.0073
kk_grpo_v3_final_holdout_001903,KNK,KNN,0.159524,3,0.7226,-1.2414,0.508663,2.8798,KNN,0.211045,2,1.1385,-1.1385,0.431582,2.4533,KNK,0.798631,1,1.4759,1.4759,0.273422,1.7657,KNK,0.648092,1,0.7121,0.7121,0.367599,2.1477,KNK,0.690166,1,0.8692,0.8692,0.340796,2.0313
kk_grpo_v3_final_holdout_001904,KKN,NKN,0.423684,2,0.1431,-0.1431,0.481901,2.7240,KKN,0.530521,1,0.2366,0.2366,0.413340,2.3620,NKN,0.052858,2,2.8715,-2.8715,0.137926,1.3322,KKN,0.520069,1,0.1173,0.1173,0.375693,2.1842,NKN,0.185371,2,1.4715,-1.4715,0.252098,1.6891
kk_grpo_v3_final_holdout_001905,KNK,KNK,0.731385,1,1.5267,1.5267,0.371242,2.1640,KNK,0.866033,1,2.0067,2.0067,0.214568,1.5623,KNK,0.987543,1,4.5023,4.5023,0.034489,1.0744,KNK,0.998823,1,6.7502,6.7502,0.004410,1.0092,KNK,0.991434,1,4.7527,4.7527,0.023758,1.0506
kk_grpo_v3_final_holdout_001906,NKK,NKK,0.851464,1,1.7728,1.7728,0.211600,1.5527,NKK,0.924125,1,2.5011,2.5011,0.129577,1.3092,NKK,0.998980,1,7.0055,7.0055,0.004052,1.0085,NKK,0.996400,1,5.6261,5.6261,0.011507,1.0242,NKK,0.995335,1,5.4458,5.4458,0.014984,1.0316
kk_grpo_v3_final_holdout_001907,KKK,KKK,0.993981,1,5.1261,5.1261,0.017969,1.0381,KKK,0.999278,1,7.2505,7.2505,0.002890,1.0060,KKK,0.999613,1,7.8743,7.8743,0.001667,1.0035,KKK,0.999584,1,7.8752,7.8752,0.001818,1.0038,KKK,0.999952,1,9.9998,9.9998,0.000258,1.0005
kk_grpo_v3_final_holdout_001908,NNN,NNN,0.962693,1,3.2806,3.2806,0.079033,1.1786,NNN,0.982015,1,4.0046,4.0046,0.043591,1.0949,NNN,0.996403,1,5.6643,5.6643,0.011765,1.0248,NNN,0.994086,1,5.7589,5.7589,0.019426,1.0412,NNN,0.979573,1,3.9004,3.9004,0.049279,1.1079
kk_grpo_v3_final_holdout_001909,NNN,NNK,0.047352,3,2.5300,-2.8750,0.321597,1.9518,NNK,0.273762,2,0.8750,-0.8750,0.430010,2.4453,NNK,0.007559,2,4.8750,-4.8750,0.030810,1.0662,NNK,0.002168,3,5.7912,-6.1250,0.031398,1.0675,NNN,0.954878,1,3.2500,3.2500,0.102478,1.2375
kk_grpo_v3_final_holdout_001910,NKN,NKN,0.693257,1,1.5234,1.5234,0.475201,2.6863,NKN,0.792381,1,1.4601,1.4601,0.285695,1.8114,NKN,0.988747,1,4.5000,4.5000,0.030335,1.0651,NKN,0.809471,1,1.4621,1.4621,0.241631,1.6528,NKN,0.914000,1,2.3637,2.3637,0.141101,1.3410
kk_grpo_v3_final_holdout_001911,NKK,NKK,0.731385,1,1.3863,1.3863,0.366188,2.1414,NKK,0.955862,1,3.1247,3.1247,0.091186,1.2088,NKK,0.985456,1,4.2500,4.2500,0.037578,1.0813,NKK,0.993697,1,5.3752,5.3752,0.020164,1.0428,NKK,0.979512,1,3.8749,3.8749,0.048546,1.1062
kk_grpo_v3_final_holdout_001912,KNK,KNK,0.703522,1,1.3165,1.3165,0.390068,2.2504,KNK,0.728234,1,1.1586,1.1586,0.348366,2.0635,KNK,0.631543,1,0.7429,0.7429,0.403690,2.3151,KNK,0.993908,1,6.1119,6.1119,0.021066,1.0448,KNK,0.537815,1,0.2201,0.2201,0.390954,2.2546
kk_grpo_v3_final_holdout_001913,KNN,KNN,0.665285,1,0.9478,0.9478,0.431620,2.4535,KNN,0.548191,1,0.4287,0.4287,0.460927,2.6077,KNN,0.713190,1,1.1386,1.1386,0.375139,2.1816,KNN,0.952904,1,3.0152,3.0152,0.092397,1.2118,KNN,0.747426,1,1.2758,1.2758,0.340974,2.0320
kk_grpo_v3_final_holdout_001914,NNN,NNN,0.996380,1,5.6250,5.6250,0.011599,1.0244,NNN,0.994061,1,5.1250,5.1250,0.017573,1.0372,NNN,0.999269,1,7.2500,7.2500,0.002938,1.0061,NNN,0.996401,1,5.6250,5.6250,0.011489,1.0242,NNN,0.999557,1,7.7500,7.7500,0.001887,1.0039
kk_grpo_v3_final_holdout_001915,NKN,NNK,0.245830,2,0.8748,-0.8748,0.459477,2.5999,NNK,0.243332,2,0.9998,-0.9998,0.404895,2.3209,NNK,0.318088,2,0.7499,-0.7499,0.323040,1.9576,NNK,0.117068,2,1.9999,-1.9999,0.215885,1.5666,NNK,0.036882,2,3.2504,-3.2504,0.109672,1.2562
kk_grpo_v3_final_holdout_001916,KNN,KNN,0.698735,1,0.9858,0.9858,0.355011,2.0922,KNN,0.827764,1,1.6481,1.6481,0.246450,1.6694,KNN,0.880796,1,2.0475,2.0475,0.187323,1.4763,KNN,0.784854,1,1.3013,1.3013,0.255136,1.6999,KNN,0.881024,1,2.2521,2.2521,0.206181,1.5353
kk_grpo_v3_final_holdout_001917,NNN,KNK,0.069581,2,2.5800,-2.5800,0.157897,1.3887,KNK,0.056787,2,2.8009,-2.8009,0.132605,1.3175,KNK,0.012189,2,4.3894,-4.3894,0.050041,1.1097,KNK,0.003058,2,5.7848,-5.7848,0.018533,1.0393,KNK,0.005229,3,3.6216,-5.2178,0.086000,1.1958
kk_grpo_v3_final_holdout_001918,NNK,NNK,0.541141,1,0.3537,0.3537,0.434263,2.4671,NNK,0.660785,1,0.6673,0.6673,0.308808,1.9006,NNK,0.864997,1,1.8575,1.8575,0.190406,1.4858,NNK,0.925830,1,2.5247,2.5247,0.127230,1.3029,NNK,0.946212,1,2.8679,2.8679,0.100878,1.2334
kk_grpo_v3_final_holdout_001919,NNN,NNN,0.792813,1,1.5856,1.5856,0.303310,1.8790,NNN,0.704273,1,1.1784,1.1784,0.379470,2.2014,NNN,0.988457,1,4.7860,4.7860,0.033987,1.0732,NNN,0.897224,1,2.2966,2.2966,0.181308,1.4579,NNN,0.959569,1,3.4517,3.4517,0.096615,1.2225
kk_grpo_v3_final_holdout_001920,KKK,KKK,0.998820,1,6.7492,6.7492,0.004422,1.0092,KKK,0.999289,1,7.2498,7.2498,0.002826,1.0059,KKK,0.999908,1,9.3016,9.3016,0.000460,1.0010,KKK,0.999971,1,10.7487,10.7487,0.000168,1.0003,KKK,0.999982,1,10.9997,10.9997,0.000103,1.0002
kk_grpo_v3_final_holdout_001921,NNK,NNK,0.964915,1,3.4017,3.4017,0.079100,1.1788,NNK,0.969886,1,3.5032,3.5032,0.067080,1.1497,NNK,0.962075,1,3.2501,3.2501,0.079220,1.1791,NNK,0.990154,1,4.6251,4.6251,0.026967,1.0577,NNK,0.991521,1,4.8755,4.8755,0.025101,1.0536
kk_grpo_v3_final_holdout_001922,KKN,KNK,0.468776,2,0.1204,-0.1204,0.340041,2.0281,KKN,0.651347,1,0.6253,0.6253,0.311528,1.9113,KNK,0.437812,2,0.2496,-0.2496,0.330639,1.9888,KKN,0.798180,1,1.3750,1.3750,0.241895,1.6537,KKN,0.731034,1,1.0005,1.0005,0.280678,1.7926
kk_grpo_v3_final_holdout_001923,KNN,KNN,0.614144,1,0.7380,0.7380,0.436154,2.4768,KNN,0.815295,1,1.5346,1.5346,0.250093,1.6821,KNN,0.499997,1,0.4291,0.4291,0.489370,2.7666,KNN,0.773898,1,1.7689,1.7689,0.338365,2.0210,NNN,0.289528,2,0.8122,-0.8122,0.394059,2.2692
kk_grpo_v3_final_holdout_001924,NNN,NNN,0.993667,1,5.1483,5.1483,0.019676,1.0418,NNN,0.990212,1,4.6513,4.6513,0.027264,1.0583,NNN,0.952256,1,3.0014,3.0014,0.093442,1.2145,NNN,0.998635,1,6.6274,6.6274,0.005084,1.0106,NNN,0.997696,1,6.1298,6.1298,0.008098,1.0170
kk_grpo_v3_final_holdout_001925,KNK,KNK,0.632253,1,0.5960,0.5960,0.353519,2.0857,KNK,0.815286,1,1.4975,1.4975,0.236270,1.6345,KNK,0.985038,1,4.2491,4.2491,0.039015,1.0845,KNK,0.998910,1,7.0006,7.0006,0.004338,1.0091,KNK,0.997482,1,6.1248,6.1248,0.008932,1.0187
kk_grpo_v3_final_holdout_001926,NKK,NKK,0.702570,1,0.8706,0.8706,0.302554,1.8760,NKK,0.817388,1,1.4997,1.4997,0.229313,1.6110,NKK,0.914932,1,2.3842,2.3842,0.141990,1.3435,NKK,0.946936,1,2.8865,2.8865,0.100574,1.2326,NKK,0.914013,1,2.3638,2.3638,0.141019,1.3408
kk_grpo_v3_final_holdout_001927,NKN,KKN,0.468658,2,0.1252,-0.1252,0.333095,1.9990,KKN,0.201654,2,1.3758,-1.3758,0.242493,1.6557,KKN,0.348566,2,0.6252,-0.6252,0.311367,1.9107,NKN,0.754886,1,1.1250,1.1250,0.267995,1.7459,KKN,0.218134,2,1.2766,-1.2766,0.252335,1.6900
kk_grpo_v3_final_holdout_001928,NKK,KKN,0.347397,2,0.1476,-0.1476,0.606151,3.5270,NKK,0.547327,1,0.4246,0.4246,0.463762,2.6231,KKN,0.072196,3,2.2514,-2.4493,0.276531,1.7772,KKN,0.000139,4,4.1432,-8.8650,0.040615,1.0881,KKN,0.000455,4,3.0112,-7.6472,0.095197,1.2189
kk_grpo_v3_final_holdout_001929,KKK,KKK,0.999997,1,13.3007,13.3007,0.000023,1.0000,KKK,0.999999,1,15.2813,15.2813,0.000005,1.0000,KKK,0.999999,1,14.8053,14.8053,0.000005,1.0000,KKK,0.999999,1,15.1030,15.1030,0.000004,1.0000,KKK,1.000000,1,15.9269,15.9269,0.000002,1.0000
kk_grpo_v3_final_holdout_001930,NNK,NNK,0.988938,1,4.4980,4.4980,0.029431,1.0631,NNK,0.990259,1,4.6238,4.6238,0.026432,1.0565,NNK,0.995390,1,5.3762,5.3762,0.014162,1.0299,NNK,0.999501,1,7.6253,7.6253,0.002092,1.0044,NNK,0.998066,1,6.2485,6.2485,0.006756,1.0141
kk_grpo_v3_final_holdout_001931,KNN,KNN,0.991412,1,4.7500,4.7500,0.023801,1.0507,KNN,0.946588,1,2.8750,2.8750,0.100278,1.2319,KNN,0.952570,1,3.0000,3.0000,0.091808,1.2104,KNN,0.990290,1,4.6250,4.6250,0.026295,1.0562,KNK,0.119199,2,2.0000,-2.0000,0.175709,1.4411
kk_grpo_v3_final_holdout_001932,NKK,NKK,0.998593,1,6.7502,6.7502,0.005444,1.0114,NKK,0.999929,1,9.6251,9.6251,0.000370,1.0008,NKK,0.999947,1,9.8750,9.8750,0.000277,1.0006,NKK,0.999993,1,12.7499,12.7499,0.000047,1.0001,NKK,0.999941,1,10.0000,10.0000,0.000318,1.0007
kk_grpo_v3_final_holdout_001933,KNN,KNN,0.984049,1,4.1252,4.1252,0.039535,1.0857,KNN,0.987551,1,4.3750,4.3750,0.032277,1.0694,KNN,0.983266,1,4.1736,4.1736,0.043546,1.0948,KNN,0.999086,1,7.0001,7.0001,0.003525,1.0074,KNN,0.706055,1,0.8779,0.8779,0.292992,1.8391
kk_grpo_v3_final_holdout_001934,NKK,NKK,0.590594,1,1.0503,1.0503,0.539138,3.0682,NKK,0.812413,1,1.9981,1.9981,0.297608,1.8568,NKK,0.838298,1,1.8750,1.8750,0.252468,1.6904,NKK,0.928625,1,2.6231,2.6231,0.132382,1.3169,NKK,0.665803,1,0.7085,0.7085,0.322228,1.9543
kk_grpo_v3_final_holdout_001935,KNK,KNK,0.879296,1,1.9996,1.9996,0.181929,1.4598,KNK,0.835336,1,1.6250,1.6250,0.215857,1.5665,KKN,0.014081,2,4.2486,-4.2486,0.036517,1.0789,KKN,0.025982,2,3.6239,-3.6239,0.058726,1.1299,KKN,0.007793,3,4.4306,-4.8349,0.052476,1.1153
kk_grpo_v3_final_holdout_001936,NKK,NKK,0.552859,1,0.5120,0.5120,0.501074,2.8348,NKK,0.748914,1,1.1365,1.1365,0.296852,1.8539,NKK,0.943999,1,3.1526,3.1526,0.124694,1.2960,NKK,0.690802,1,1.0237,1.0237,0.385145,2.2275,NKK,0.822710,1,2.0922,2.0922,0.291320,1.8327
kk_grpo_v3_final_holdout_001937,NNN,NNN,0.999746,1,8.3749,8.3749,0.001183,1.0025,NNN,0.999856,1,9.0000,9.0000,0.000718,1.0015,NNN,0.999989,1,12.1875,12.1875,0.000069,1.0001,NNN,0.999994,1,12.7574,12.7574,0.000043,1.0001,NNN,0.999993,1,12.5638,12.5638,0.000046,1.0001
kk_grpo_v3_final_holdout_001938,KNK,KNK,0.795313,1,1.3892,1.3892,0.261000,1.7207,KNK,0.951442,1,3.1662,3.1662,0.107210,1.2497,KNK,0.776727,1,1.2720,1.2720,0.269673,1.7520,KNK,0.996069,1,5.6452,5.6452,0.013125,1.0277,KNK,0.973535,1,3.6267,3.6267,0.060316,1.1336
kk_grpo_v3_final_holdout_001939,KNK,KKN,0.118828,2,2.0000,-2.0000,0.186054,1.4724,KKN,0.053400,2,2.8750,-2.8750,0.100704,1.2329,KKN,0.047432,2,2.9998,-2.9998,0.091905,1.2106,KNK,0.987565,1,4.3751,4.3751,0.032202,1.0693,KKN,0.033094,2,3.3747,-3.3747,0.070123,1.1570
kk_grpo_v3_final_holdout_001940,KNN,KNN,0.746348,1,1.7934,1.7934,0.395550,2.2762,KNN,0.882664,1,2.8222,2.8222,0.229594,1.6119,KNN,0.954242,1,3.6250,3.6250,0.111240,1.2603,KNN,0.985319,1,4.2500,4.2500,0.038224,1.0827,KNN,0.968569,1,3.5000,3.5000,0.071544,1.1604
kk_grpo_v3_final_holdout_001941,KNK,KNK,0.994202,1,5.3898,5.3898,0.018792,1.0398,KNK,0.998934,1,7.1255,7.1255,0.004374,1.0091,KNK,0.998597,1,7.0000,7.0000,0.005558,1.0116,KNK,0.999922,1,9.7522,9.7522,0.000419,1.0009,KNK,0.999646,1,8.0010,8.0010,0.001562,1.0033
kk_grpo_v3_final_holdout_001942,NNN,NNN,0.591172,1,0.3791,0.3791,0.338183,2.0203,KNK,0.268913,2,0.9991,-0.9991,0.282944,1.8010,NNN,0.621861,1,0.4992,0.4992,0.321459,1.9512,KNK,0.268876,2,1.0001,-1.0001,0.280580,1.7922,NNN,0.562121,1,0.2499,0.2499,0.329808,1.9854
kk_grpo_v3_final_holdout_001943,NNK,NKK,0.041517,4,1.6238,-2.8748,0.402311,2.3085,NKK,0.033775,3,2.5985,-3.2498,0.249510,1.6801,NKK,0.005151,3,4.2991,-5.2490,0.053143,1.1168,NKK,0.004123,4,2.1982,-5.3735,0.189829,1.4840,NKK,0.013654,3,3.5288,-4.2498,0.100629,1.2328
kk_grpo_v3_final_holdout_001944,KNN,KNN,0.882399,1,2.7488,2.7488,0.224186,1.5939,KNN,0.934098,1,3.2461,3.2461,0.141591,1.3424,KNN,0.981863,1,4.5039,4.5039,0.052142,1.1145,KNN,0.997319,1,6.7486,6.7486,0.010310,1.0217,KNN,0.995466,1,6.1226,6.1226,0.015991,1.0338
kk_grpo_v3_final_holdout_001945,KKN,KKN,0.994259,1,5.9277,5.9277,0.021023,1.0447,KKN,0.995579,1,5.4995,5.4995,0.014383,1.0304,KKN,0.945814,1,2.8999,2.8999,0.106597,1.2481,KKN,0.999677,1,8.7265,8.7265,0.001564,1.0033,KKN,0.981861,1,4.0135,4.0135,0.044701,1.0974
kk_grpo_v3_final_holdout_001946,KKN,KNN,0.016983,5,0.0000,-3.1821,0.561160,3.2120,KNK,0.067745,4,0.1250,-1.8677,0.571158,3.2795,KNK,0.214192,2,0.9700,-0.9700,0.525719,2.9838,KNN,0.292867,3,0.0000,-0.1826,0.538255,3.0626,KNK,0.333772,2,0.2774,-0.2774,0.576546,3.3164
kk_grpo_v3_final_holdout_001947,KNN,NKN,0.150386,3,1.2822,-1.4072,0.511912,2.8994,NKN,0.165287,3,0.6622,-1.1622,0.530744,3.0152,NKN,0.082194,3,0.5772,-1.9523,0.454728,2.5743,NKN,0.107187,2,1.9528,-1.9528,0.389116,2.2460,NKN,0.064795,4,1.3750,-2.3510,0.456426,2.5834
kk_grpo_v3_final_holdout_001948,NNK,KNN,0.002766,4,1.2568,-5.6262,0.292975,1.8390,KNN,0.002283,3,0.2584,-5.5049,0.345694,2.0521,KNN,0.000034,7,1.0969,-9.8972,0.428970,2.4400,KNN,0.000131,5,0.9997,-8.6252,0.282557,1.7996,KNN,0.000207,6,2.3346,-8.3354,0.242674,1.6564
kk_grpo_v3_final_holdout_001949,NKN,KNN,0.425897,2,0.1248,-0.1248,0.472773,2.6727,NKN,0.556295,1,0.2894,0.2894,0.388329,2.2423,NKN,0.377508,1,0.0217,0.0217,0.526591,2.9892,KNN,0.000261,4,0.0014,-7.5572,0.335736,2.0100,KKK,0.006953,4,0.0467,-4.2468,0.422473,2.4073
kk_grpo_v3_final_holdout_001950,KNK,KNK,0.942884,1,2.9268,2.9268,0.118858,1.2804,KNK,0.994118,1,5.3749,5.3749,0.019031,1.0404,KNK,0.997090,1,5.8751,5.8751,0.009841,1.0207,KNK,0.999498,1,7.6251,7.6251,0.002114,1.0044,KNK,0.995918,1,5.5010,5.5010,0.012815,1.0270
kk_grpo_v3_final_holdout_001951,KKK,KKK,0.999962,1,10.4754,10.4754,0.000215,1.0004,KKK,0.999990,1,12.3181,12.3181,0.000064,1.0001,KKK,0.999997,1,13.6350,13.6350,0.000021,1.0000,KKK,0.999999,1,14.8816,14.8816,0.000006,1.0000,KKK,0.999999,1,15.3879,15.3879,0.000005,1.0000
kk_grpo_v3_final_holdout_001952,KNN,KNN,0.911954,1,2.3728,2.3728,0.149933,1.3659,KNN,0.975708,1,3.7532,3.7532,0.057781,1.1277,KNN,0.985866,1,4.3834,4.3834,0.038587,1.0835,KNN,0.999867,1,9.1250,9.1250,0.000669,1.0014,KNN,0.997145,1,5.8750,5.8750,0.009567,1.0201
kk_grpo_v3_final_holdout_001953,KKN,KKN,0.880417,1,2.0000,2.0000,0.177527,1.4465,KKN,0.851880,1,1.7500,1.7500,0.202075,1.5223,KKK,0.182420,2,1.5000,-1.5000,0.228627,1.6087,KKN,0.851937,1,1.7500,1.7500,0.201742,1.5212,KKK,0.499998,2,0.0000,-0.0000,0.333342,2.0000
kk_grpo_v3_final_holdout_001954,KKN,KKN,0.895336,1,2.7019,2.7019,0.195668,1.5021,KKN,0.984259,1,4.2483,4.2483,0.041504,1.0901,KKN,0.999215,1,7.3748,7.3748,0.003265,1.0068,KKN,0.999664,1,8.2500,8.2500,0.001540,1.0032,KKN,0.999806,1,9.1250,9.1250,0.000954,1.0020
kk_grpo_v3_final_holdout_001955,KNN,KNN,0.866770,1,2.0000,2.0000,0.212831,1.5567,KNN,0.832478,1,1.6250,1.6250,0.225799,1.5993,KNN,0.880589,1,2.0000,2.0000,0.176727,1.4441,KNN,0.914770,1,2.3750,2.3750,0.140625,1.3397,KNN,0.993531,1,5.1250,5.1250,0.019723,1.0419
kk_grpo_v3_final_holdout_001956,NNN,NNN,0.974003,1,4.1480,4.1480,0.066544,1.1484,NNN,0.966897,1,3.8980,3.8980,0.080732,1.1828,NNN,0.966906,1,3.4086,3.4086,0.072243,1.1621,NNN,0.994083,1,5.3765,5.3765,0.018954,1.0402,NNN,0.998493,1,6.5141,6.5141,0.005506,1.0115
kk_grpo_v3_final_holdout_001957,NNK,NNK,0.779337,1,1.4714,1.4714,0.324753,1.9646,NNK,0.847154,1,1.7512,1.7512,0.219912,1.5798,NNK,0.433274,1,0.0000,0.0000,0.481272,2.7204,NNN,0.093837,2,2.2499,-2.2499,0.188630,1.4803,NNN,0.000035,5,5.8860,-10.2499,0.011121,1.0234
kk_grpo_v3_final_holdout_001958,KKN,KKN,0.924111,1,2.5380,2.5380,0.135116,1.3244,KKN,0.997193,1,5.9640,5.9640,0.009693,1.0204,KKN,0.999484,1,8.3180,8.3180,0.002343,1.0049,KKN,0.999976,1,11.5077,11.5077,0.000147,1.0003,KKN,0.999969,1,10.8750,10.8750,0.000181,1.0004
kk_grpo_v3_final_holdout_001959,NNK,NNK,0.999771,1,9.1250,9.1250,0.001165,1.0024,NNK,0.999918,1,10.2500,10.2500,0.000468,1.0010,NNK,0.999927,1,9.7500,9.7500,0.000396,1.0008,NNK,0.999956,1,10.1250,10.1250,0.000245,1.0005,NNK,0.999873,1,9.0000,9.0000,0.000620,1.0013
kk_grpo_v3_final_holdout_001960,NNK,NNK,0.867221,1,2.3888,2.3888,0.249361,1.6796,NNK,0.836370,1,2.2714,2.2714,0.292501,1.8372,NNK,0.995361,1,6.0249,6.0249,0.016676,1.0353,NNK,0.962587,1,3.2569,3.2569,0.077824,1.1757,NNK,0.975045,1,4.2989,4.2989,0.065542,1.1460
kk_grpo_v3_final_holdout_001961,KNK,KNK,0.744301,1,1.8860,1.8860,0.438215,2.4874,KNK,0.813809,1,1.9188,1.9188,0.325548,1.9679,KNK,0.437073,1,0.6936,0.6936,0.621911,3.6445,KNK,0.993898,1,5.9496,5.9496,0.021405,1.0455,KNK,0.918006,1,3.0654,3.0654,0.181945,1.4599
kk_grpo_v3_final_holdout_001962,NNN,NNN,0.923701,1,3.0009,3.0009,0.162994,1.4035,NNN,0.873766,1,2.4989,2.4989,0.231778,1.6193,NNN,0.976011,1,4.0001,4.0001,0.062356,1.1384,NNN,0.996068,1,5.9994,5.9994,0.014428,1.0305,NNN,0.994390,1,5.5006,5.5006,0.018674,1.0396
kk_grpo_v3_final_holdout_001963,NKK,KKN,0.114765,3,1.6317,-1.7568,0.483327,2.7320,KKN,0.255081,2,0.9914,-0.9914,0.388216,2.2418,NKK,0.621257,1,0.6628,0.6628,0.399765,2.2963,KKN,0.131684,2,1.8833,-1.8833,0.196717,1.5054,KKN,0.180896,2,1.5038,-1.5038,0.245040,1.6645
kk_grpo_v3_final_holdout_001964,KKN,NNK,0.218603,2,1.1523,-1.1523,0.421363,2.4018,NNK,0.221796,2,1.2050,-1.2050,0.340777,2.0312,NNK,0.017809,2,3.9980,-3.9980,0.076781,1.1731,NNK,0.084903,2,2.3611,-2.3611,0.179319,1.4519,NNK,0.033015,2,3.3652,-3.3652,0.104813,1.2435
kk_grpo_v3_final_holdout_001965,NKN,NNN,0.305427,2,0.5463,-0.5463,0.507249,2.8714,NKN,0.549246,1,0.2354,0.2354,0.369861,2.1578,NKN,0.942096,1,3.0228,3.0228,0.122922,1.2912,NKN,0.497226,1,0.5180,0.5180,0.504573,2.8554,NNN,0.219989,2,1.1019,-1.1019,0.419051,2.3902
kk_grpo_v3_final_holdout_001966,NNN,NNN,0.969543,1,4.0992,4.0992,0.081146,1.1838,NNN,0.980863,1,4.4742,4.4742,0.053675,1.1181,NNN,0.997810,1,6.4879,6.4879,0.008531,1.0179,NNN,0.999079,1,7.0621,7.0621,0.003672,1.0077,NNN,0.998599,1,6.6253,6.6253,0.005275,1.0110
kk_grpo_v3_final_holdout_001967,NKN,NKN,0.882174,1,2.1307,2.1307,0.197236,1.5070,NKN,0.953316,1,3.3615,3.3615,0.104353,1.2423,NKN,0.978897,1,4.0000,4.0000,0.053502,1.1177,NKN,0.990993,1,4.7501,4.7501,0.025567,1.0546,NKN,0.992508,1,4.9994,4.9994,0.022453,1.0478
kk_grpo_v3_final_holdout_001968,KKK,KKK,0.999997,1,13.3968,13.3968,0.000024,1.0001,KKK,0.999999,1,15.2642,15.2642,0.000005,1.0000,KKK,0.999999,1,15.6329,15.6329,0.000005,1.0000,KKK,0.999999,1,15.2370,15.2370,0.000006,1.0000,KKK,1.000000,1,16.4153,16.4153,0.000001,1.0000
kk_grpo_v3_final_holdout_001969,KNK,KNK,0.850093,1,2.3059,2.3059,0.260785,1.7199,KNK,0.910984,1,2.6062,2.6062,0.169191,1.4217,KNK,0.531105,1,0.1954,0.1954,0.389682,2.2486,KNK,0.981756,1,4.3722,4.3722,0.049377,1.1081,KNK,0.932226,1,2.6323,2.6323,0.121394,1.2872
kk_grpo_v3_final_holdout_001970,NNN,NNN,0.997166,1,5.8749,5.8749,0.009446,1.0198,NNN,0.999173,1,7.1250,7.1250,0.003271,1.0068,NNN,0.999629,1,8.1250,8.1250,0.001684,1.0035,NNN,0.999695,1,8.1250,8.1250,0.001356,1.0028,NNN,0.999852,1,9.4425,9.4425,0.000752,1.0016
kk_grpo_v3_final_holdout_001971,KKK,KKK,0.999989,1,11.8956,11.8956,0.000072,1.0002,KKK,0.999997,1,13.0962,13.0962,0.000021,1.0000,KKK,0.999998,1,14.1999,14.1999,0.000012,1.0000,KKK,0.999998,1,13.5658,13.5658,0.000016,1.0000,KKK,0.999999,1,14.5642,14.5642,0.000007,1.0000
kk_grpo_v3_final_holdout_001972,KKN,KKN,0.705636,1,0.8747,0.8747,0.291987,1.8352,KKN,0.893241,1,2.1253,2.1253,0.163805,1.4058,NNN,0.376613,2,0.5032,-0.5032,0.320461,1.9472,KKN,0.976847,1,3.7475,3.7475,0.053332,1.1173,KKN,0.816793,1,1.4974,1.4974,0.230734,1.6157
kk_grpo_v3_final_holdout_001973,NNK,NNK,0.760663,1,1.7500,1.7500,0.354271,2.0890,NNK,0.703833,1,1.1438,1.1438,0.392277,2.2608,NNK,0.961872,1,3.6362,3.6362,0.091229,1.2089,NNK,0.969565,1,3.7547,3.7547,0.074558,1.1677,NNK,0.962612,1,3.3750,3.3750,0.084348,1.1917
kk_grpo_v3_final_holdout_001974,KKK,KKK,0.999792,1,8.5000,8.5000,0.000957,1.0020,KKK,0.999876,1,9.0000,9.0000,0.000601,1.0012,KKK,0.999999,1,14.6250,14.6250,0.000007,1.0000,KKK,0.999769,1,8.3750,8.3750,0.001041,1.0022,KKK,0.999999,1,14.1250,14.1250,0.000006,1.0000
kk_grpo_v3_final_holdout_001975,KKN,KKN,0.999964,1,10.8203,10.8203,0.000211,1.0004,KKN,0.999991,1,12.3780,12.3780,0.000060,1.0001,KKN,0.999987,1,11.3807,11.3807,0.000082,1.0002,KKN,0.999994,1,12.7563,12.7563,0.000040,1.0001,KKN,0.999981,1,10.8786,10.8786,0.000111,1.0002
kk_grpo_v3_final_holdout_001976,KNK,KNK,0.759441,1,1.6555,1.6555,0.365275,2.1374,KNK,0.792130,1,1.4373,1.4373,0.282982,1.8012,KNK,0.892110,1,2.2662,2.2662,0.187785,1.4777,KNK,0.939727,1,2.7836,2.7836,0.114335,1.2684,KNK,0.902412,1,2.8236,2.8236,0.190375,1.4857
kk_grpo_v3_final_holdout_001977,KNK,KNK,0.865485,1,2.0001,2.0001,0.217483,1.5718,KNK,0.998945,1,7.2500,7.2500,0.004399,1.0092,KNK,0.998030,1,6.2504,6.2504,0.006964,1.0146,KNK,0.999786,1,8.7499,8.7499,0.001043,1.0022,KNK,0.996401,1,5.6264,5.6264,0.011505,1.0242
kk_grpo_v3_final_holdout_001978,KNK,KNK,0.961614,1,3.2520,3.2520,0.081303,1.1842,KNK,0.988491,1,4.5014,4.5014,0.031377,1.0674,KNK,0.997961,1,6.4998,6.4998,0.007779,1.0163,KNK,0.999437,1,7.7501,7.7501,0.002460,1.0051,KNK,0.998258,1,7.0008,7.0008,0.006799,1.0142
kk_grpo_v3_final_holdout_001979,NNN,NNN,0.998030,1,6.2596,6.2596,0.007013,1.0147,NNN,0.999353,1,7.3761,7.3761,0.002651,1.0055,NNN,0.999657,1,8.0005,8.0005,0.001499,1.0031,NNN,0.999981,1,11.3754,11.3754,0.000117,1.0002,NNN,0.999857,1,8.8760,8.8760,0.000688,1.0014
kk_grpo_v3_final_holdout_001980,NKN,NNN,0.437424,2,0.2508,-0.2508,0.331414,1.9920,NKN,0.704850,1,0.8738,0.8738,0.294926,1.8465,NKN,0.914728,1,2.3750,2.3750,0.140867,1.3403,NKN,0.866922,1,1.8751,1.8751,0.189170,1.4820,NKN,0.499987,1,0.0001,0.0001,0.333769,2.0018
kk_grpo_v3_final_holdout_001981,NKN,NKN,0.591237,1,0.3744,0.3744,0.332139,1.9950,NKN,0.957832,1,3.1243,3.1243,0.084268,1.1915,NKN,0.980573,1,4.1250,4.1250,0.050971,1.1118,NKN,0.984043,1,4.1249,4.1249,0.039545,1.0857,NKN,0.835254,1,1.6249,1.6249,0.216187,1.5676
kk_grpo_v3_final_holdout_001982,KNN,NNK,0.146941,3,0.7516,-1.3706,0.463903,2.6239,NNK,0.084701,3,0.2519,-1.8037,0.445665,2.5262,NNK,0.004601,3,1.2500,-5.1249,0.268161,1.7465,NNK,0.007578,3,2.3749,-4.7860,0.160363,1.3958,NNK,0.017892,3,2.3751,-3.9162,0.181651,1.4590
kk_grpo_v3_final_holdout_001983,NNN,NNN,0.950710,1,3.4390,3.4390,0.116158,1.2732,NNN,0.933629,1,2.8436,2.8436,0.136517,1.3283,NNN,0.989738,1,4.7971,4.7971,0.030501,1.0655,NNN,0.998993,1,7.2140,7.2140,0.004184,1.0087,NNN,0.998472,1,6.7141,6.7141,0.005972,1.0125
kk_grpo_v3_final_holdout_001984,KKK,KKK,0.650365,1,0.9986,0.9986,0.446659,2.5315,KNN,0.434671,2,0.2469,-0.2469,0.354476,2.0899,KKK,0.557302,1,0.2545,0.2545,0.359751,2.1129,KKK,0.866758,1,1.8753,1.8753,0.190131,1.4849,KKK,0.592553,1,0.3892,0.3892,0.340426,2.0297
kk_grpo_v3_final_holdout_001985,KNK,KNK,0.796117,1,1.3830,1.3830,0.255184,1.7000,KNK,0.592124,1,0.3746,0.3746,0.328122,1.9784,KNK,0.926948,1,2.6242,2.6242,0.136209,1.3274,KNK,0.946109,1,2.8790,2.8790,0.103040,1.2390,KNK,0.827949,1,1.9777,1.9777,0.282009,1.7975
kk_grpo_v3_final_holdout_001986,KKK,KKN,0.268941,2,1.0000,-1.0000,0.279997,1.7900,KKK,0.531210,1,0.1250,0.1250,0.332402,1.9961,KKK,0.880797,1,2.0000,2.0000,0.175692,1.4410,KKN,0.320821,2,0.7500,-0.7500,0.301762,1.8729,KKN,0.468792,2,0.1250,-0.1250,0.332398,1.9961
kk_grpo_v3_final_holdout_001987,NKN,NKN,0.496161,1,0.0811,0.0811,0.414051,2.3655,NKN,0.499063,1,0.1996,0.1996,0.450916,2.5540,NKN,0.754680,1,1.4380,1.4380,0.337499,2.0174,KNN,0.245099,2,0.9452,-0.9452,0.430273,2.4467,NKN,0.641157,1,0.9579,0.9579,0.437986,2.4862
kk_grpo_v3_final_holdout_001988,KNN,NNN,0.332613,2,0.1523,-0.1523,0.583659,3.3659,KNN,0.522079,1,0.4495,0.4495,0.522153,2.9618,NKN,0.017198,4,0.6289,-3.5466,0.444922,2.5223,KKN,0.229088,2,1.0002,-1.0002,0.440507,2.4993,NKN,0.002617,4,1.5142,-5.6393,0.368201,2.1504
kk_grpo_v3_final_holdout_001989,NNK,NNK,0.811023,1,1.6079,1.6079,0.273769,1.7670,NNK,0.871521,1,2.3342,2.3342,0.226121,1.6003,NNK,0.994232,1,5.6259,5.6259,0.018942,1.0402,NNK,0.976720,1,4.3754,4.3754,0.061379,1.1361,NNK,0.981395,1,4.2522,4.2522,0.051249,1.1125
kk_grpo_v3_final_holdout_001990,KNN,KNN,0.561346,1,0.3278,0.3278,0.389660,2.2485,KNN,0.705328,1,0.8791,0.8791,0.297503,1.8564,NKN,0.106691,2,2.0952,-2.0952,0.220393,1.5814,KNN,0.881275,1,2.0261,2.0261,0.181344,1.4580,NKN,0.163301,3,0.2498,-1.0564,0.493932,2.7930
kk_grpo_v3_final_holdout_001991,KKK,KKK,0.562176,1,0.2500,0.2500,0.329628,1.9846,KKK,0.999891,1,9.1250,9.1250,0.000534,1.0011,KKK,0.999891,1,9.1250,9.1250,0.000533,1.0011,KKK,0.999860,1,8.8750,8.8750,0.000669,1.0014,KKK,0.999999,1,14.0625,14.0625,0.000006,1.0000
kk_grpo_v3_final_holdout_001992,KNK,KNK,0.887251,1,2.1440,2.1440,0.189523,1.4831,KNK,0.929567,1,2.6239,2.6239,0.129270,1.3084,KNK,0.961843,1,3.3734,3.3734,0.085620,1.1949,KNK,0.997996,1,6.5006,6.5006,0.007572,1.0159,KNK,0.949556,1,3.0001,3.0001,0.101885,1.2360
kk_grpo_v3_final_holdout_001993,KNK,KNK,0.656902,1,0.7277,0.7277,0.362815,2.1264,KNK,0.843679,1,1.7410,1.7410,0.224471,1.5948,KNK,0.638121,1,0.6104,0.6104,0.348137,2.0625,KNK,0.904492,1,2.2659,2.2659,0.155912,1.3829,KNK,0.739576,1,1.1382,1.1382,0.320979,1.9493
kk_grpo_v3_final_holdout_001994,KKK,KKK,0.995837,1,5.4999,5.4999,0.013202,1.0278,KKK,0.999816,1,8.6249,8.6249,0.000861,1.0018,KKK,0.999920,1,9.4999,9.4999,0.000409,1.0009,KKK,0.999858,1,8.8749,8.8749,0.000678,1.0014,KKK,0.999769,1,8.3750,8.3750,0.001043,1.0022
kk_grpo_v3_final_holdout_001995,KKN,NKK,0.077993,3,2.0831,-2.2816,0.417576,2.3829,NKK,0.052316,2,2.8714,-2.8714,0.156397,1.3843,NKK,0.000662,5,4.6250,-7.2978,0.064597,1.1438,NKK,0.008440,2,4.7618,-4.7618,0.039405,1.0854,NKK,0.003543,4,4.5000,-5.6236,0.054588,1.1202
kk_grpo_v3_final_holdout_001996,KKN,KNK,0.075854,2,2.4999,-2.4999,0.129760,1.3097,KNK,0.060085,2,2.7499,-2.7499,0.109707,1.2562,KNK,0.015905,2,4.1250,-4.1250,0.039847,1.0864,KNK,0.006692,2,5.0001,-5.0001,0.019346,1.0410,KNK,0.268884,2,1.0002,-1.0002,0.280218,1.7909
kk_grpo_v3_final_holdout_001997,KKK,KKK,0.998057,1,6.8750,6.8750,0.007420,1.0155,KKK,0.999121,1,7.1255,7.1255,0.003525,1.0074,KKK,0.999472,1,7.6250,7.6250,0.002240,1.0047,KKK,0.990288,1,4.6250,4.6250,0.026310,1.0562,KKK,0.999983,1,11.1875,11.1875,0.000105,1.0002
kk_grpo_v3_final_holdout_001998,NKK,NNK,0.388656,2,0.0000,-0.0000,0.545336,3.1080,NNK,0.353233,2,0.3747,-0.3747,0.495400,2.8015,NKK,0.661561,1,0.7500,0.7500,0.359653,2.1125,NNK,0.266149,2,0.8751,-0.8751,0.427255,2.4314,NNK,0.285598,2,0.8750,-0.8750,0.354691,2.0908
kk_grpo_v3_final_holdout_001999,NNN,NNN,0.987849,1,4.6244,4.6244,0.035049,1.0756,NNN,0.989998,1,5.2499,5.2499,0.030746,1.0660,NNN,0.998791,1,7.3750,7.3750,0.004962,1.0104,NNN,0.994428,1,5.2500,5.2500,0.017292,1.0366,NNN,0.997908,1,6.5000,6.5000,0.007934,1.0166
